<?xml version="1.0" encoding="UTF-8"?>
<kml xmlns="http://www.opengis.net/kml/2.2"><Document><name>Mensuras del Archivo Histórico de Geodesia (1825-1923)</name>
<Style id="s"><LineStyle><color>ff794e1f</color><width>1.5</width></LineStyle><PolyStyle><color>33794e1f</color></PolyStyle></Style>
<Placemark><name>BURGOS, BERNABELA (TESTAMENTARIA)</name><styleUrl>#s</styleUrl><ExtendedData><Data name="carpeta"><value>57</value></Data><Data name="titular"><value>BURGOS, BERNABELA (TESTAMENTARIA)</value></Data><Data name="edificado"><value>SI</value></Data><Data name="anio"><value>1870</value></Data><Data name="pc"><value>255</value></Data><Data name="ha"><value>2033.2</value></Data></ExtendedData><Polygon><outerBoundaryIs><LinearRing><coordinates>-59.412378,-34.393270 -59.369922,-34.424666 -59.375096,-34.429473 -59.358061,-34.442798 -59.379566,-34.454010 -59.434565,-34.412956 -59.433654,-34.410176 -59.431997,-34.407548 -59.429779,-34.405533 -59.428304,-34.403522 -59.428125,-34.402596 -59.426085,-34.401661 -59.423302,-34.400569 -59.420701,-34.400094 -59.419218,-34.399316 -59.417548,-34.398845 -59.414779,-34.395748 -59.412378,-34.393270</coordinates></LinearRing></outerBoundaryIs></Polygon></Placemark>
<Placemark><name>CASCO DE SARAVI, ANGELA (HEREDEROS)</name><styleUrl>#s</styleUrl><ExtendedData><Data name="carpeta"><value>58</value></Data><Data name="titular"><value>CASCO DE SARAVI, ANGELA (HEREDEROS)</value></Data><Data name="edificado"><value>SI</value></Data><Data name="anio"><value>1870</value></Data><Data name="pc"><value>376</value></Data><Data name="ha"><value>2121.5</value></Data></ExtendedData><Polygon><outerBoundaryIs><LinearRing><coordinates>-59.515309,-34.396548 -59.454016,-34.440078 -59.454754,-34.441109 -59.454495,-34.442753 -59.455480,-34.443990 -59.455969,-34.445020 -59.455957,-34.446871 -59.457677,-34.449551 -59.457917,-34.450785 -59.458407,-34.451815 -59.458398,-34.453254 -59.460365,-34.456141 -59.461822,-34.461081 -59.465529,-34.463565 -59.534806,-34.413687 -59.515309,-34.396548</coordinates></LinearRing></outerBoundaryIs></Polygon></Placemark>
<Placemark><name>DIAZ, JOSE</name><styleUrl>#s</styleUrl><ExtendedData><Data name="carpeta"><value>59</value></Data><Data name="titular"><value>DIAZ, JOSE</value></Data><Data name="edificado"><value>SI</value></Data><Data name="anio"><value>1870</value></Data><Data name="agrimensor"><value>SAUBIDET</value></Data><Data name="pc"><value>178</value></Data><Data name="ha"><value>1183.4</value></Data></ExtendedData><Polygon><outerBoundaryIs><LinearRing><coordinates>-59.393966,-34.461792 -59.378391,-34.453542 -59.349246,-34.491627 -59.374291,-34.504093 -59.384825,-34.489961 -59.380743,-34.487937 -59.398604,-34.463973 -59.393966,-34.461792</coordinates></LinearRing></outerBoundaryIs></Polygon></Placemark>
<Placemark><name>MUNICIPALIDAD "EL SANTO"</name><styleUrl>#s</styleUrl><ExtendedData><Data name="carpeta"><value>60</value></Data><Data name="titular"><value>MUNICIPALIDAD "EL SANTO"</value></Data><Data name="edificado"><value>SI</value></Data><Data name="anio"><value>1871</value></Data><Data name="agrimensor"><value>SCHUSTER</value></Data><Data name="pc"><value>3207</value></Data><Data name="ha"><value>349.5</value></Data></ExtendedData><Polygon><outerBoundaryIs><LinearRing><coordinates>-59.414059,-34.473453 -59.454616,-34.442072 -59.454623,-34.441031 -59.454071,-34.440104 -59.452961,-34.438942 -59.451851,-34.438012 -59.450881,-34.436967 -59.407518,-34.470300 -59.414059,-34.473453</coordinates></LinearRing></outerBoundaryIs></Polygon></Placemark>
<Placemark><name>JUAN A. MARTINEZ</name><styleUrl>#s</styleUrl><ExtendedData><Data name="carpeta"><value>61</value></Data><Data name="titular"><value>JUAN A. MARTINEZ</value></Data><Data name="edificado"><value>SI</value></Data><Data name="anio"><value>1871</value></Data><Data name="agrimensor"><value>VIDELA</value></Data><Data name="pc"><value>16</value></Data><Data name="ha"><value>982.8</value></Data></ExtendedData><Polygon><outerBoundaryIs><LinearRing><coordinates>-59.692507,-34.569170 -59.701150,-34.561516 -59.644051,-34.509558 -59.633418,-34.518024 -59.692507,-34.569170</coordinates></LinearRing></outerBoundaryIs></Polygon></Placemark>
<Placemark><name>DE FIGUEROA, LIVIA P.</name><styleUrl>#s</styleUrl><ExtendedData><Data name="carpeta"><value>62</value></Data><Data name="titular"><value>DE FIGUEROA, LIVIA P.</value></Data><Data name="edificado"><value>SI</value></Data><Data name="anio"><value>1872</value></Data><Data name="agrimensor"><value>SERNA</value></Data><Data name="pc"><value>10</value></Data><Data name="ha"><value>1040.8</value></Data></ExtendedData><Polygon><outerBoundaryIs><LinearRing><coordinates>-59.466941,-34.314367 -59.439038,-34.300262 -59.432045,-34.308659 -59.423405,-34.304096 -59.427410,-34.297947 -59.416301,-34.292550 -59.404308,-34.307088 -59.452462,-34.331160 -59.466941,-34.314367</coordinates></LinearRing></outerBoundaryIs></Polygon></Placemark>
<Placemark><name>GUTIERREZ, ADVINCULA (HEREDEROS)</name><styleUrl>#s</styleUrl><ExtendedData><Data name="carpeta"><value>63</value></Data><Data name="titular"><value>GUTIERREZ, ADVINCULA (HEREDEROS)</value></Data><Data name="edificado"><value>SI</value></Data><Data name="anio"><value>1872</value></Data><Data name="agrimensor"><value>SCHUSTER</value></Data><Data name="pc"><value>26</value></Data><Data name="ha"><value>2136.4</value></Data></ExtendedData><Polygon><outerBoundaryIs><LinearRing><coordinates>-59.767767,-34.509536 -59.739287,-34.484192 -59.695222,-34.517600 -59.724431,-34.543670 -59.767767,-34.509536</coordinates></LinearRing></outerBoundaryIs></Polygon></Placemark>
<Placemark><name>BASARTE, PEDRO ROMULO</name><styleUrl>#s</styleUrl><ExtendedData><Data name="carpeta"><value>64</value></Data><Data name="titular"><value>BASARTE, PEDRO ROMULO</value></Data><Data name="edificado"><value>NO</value></Data><Data name="anio"><value>1873</value></Data><Data name="agrimensor"><value>SCHUSTER</value></Data><Data name="pc"><value>52</value></Data><Data name="ha"><value>710.9</value></Data></ExtendedData><Polygon><outerBoundaryIs><LinearRing><coordinates>-59.427151,-34.552270 -59.436841,-34.556335 -59.476919,-34.504982 -59.466798,-34.499822 -59.427151,-34.552270</coordinates></LinearRing></outerBoundaryIs></Polygon></Placemark>
<Placemark><name>DE ACUÑA, CARMEN MONSALVO</name><styleUrl>#s</styleUrl><ExtendedData><Data name="carpeta"><value>65</value></Data><Data name="titular"><value>DE ACUÑA, CARMEN MONSALVO</value></Data><Data name="edificado"><value>SI</value></Data><Data name="anio"><value>1873</value></Data><Data name="agrimensor"><value>SCHUSTER</value></Data><Data name="pc"><value>26</value></Data><Data name="ha"><value>1600.1</value></Data></ExtendedData><Polygon><outerBoundaryIs><LinearRing><coordinates>-59.508151,-34.524116 -59.485699,-34.513060 -59.446525,-34.561496 -59.469862,-34.573660 -59.508151,-34.524116</coordinates></LinearRing></outerBoundaryIs></Polygon></Placemark>
<Placemark><name>MONSALVO, FERNANDO</name><styleUrl>#s</styleUrl><ExtendedData><Data name="carpeta"><value>66</value></Data><Data name="titular"><value>MONSALVO, FERNANDO</value></Data><Data name="edificado"><value>SI</value></Data><Data name="anio"><value>1874</value></Data><Data name="agrimensor"><value>SCHUSTER</value></Data><Data name="pc"><value>114</value></Data><Data name="ha"><value>3626.8</value></Data></ExtendedData><Polygon><outerBoundaryIs><LinearRing><coordinates>-59.552701,-34.450544 -59.498640,-34.490171 -59.475267,-34.486783 -59.490176,-34.502927 -59.518777,-34.519124 -59.563844,-34.513446 -59.563432,-34.507962 -59.575305,-34.517141 -59.597911,-34.498944 -59.585605,-34.487938 -59.563005,-34.505037 -59.552701,-34.450544</coordinates></LinearRing></outerBoundaryIs></Polygon></Placemark>
<Placemark><name>TORRES, NATAL Y TORRES, MACARIO (HEREDEROS)</name><styleUrl>#s</styleUrl><ExtendedData><Data name="carpeta"><value>67</value></Data><Data name="titular"><value>TORRES, NATAL Y TORRES, MACARIO (HEREDEROS)</value></Data><Data name="edificado"><value>NO</value></Data><Data name="anio"><value>1874</value></Data><Data name="agrimensor"><value>CASCALLARES</value></Data><Data name="pc"><value>127</value></Data><Data name="ha"><value>5688.8</value></Data></ExtendedData><Polygon><outerBoundaryIs><LinearRing><coordinates>-59.418811,-34.399083 -59.426096,-34.400629 -59.428514,-34.402656 -59.431534,-34.405694 -59.434544,-34.410244 -59.435135,-34.412767 -59.439361,-34.417322 -59.439946,-34.420852 -59.442960,-34.424898 -59.579703,-34.323638 -59.542125,-34.307880 -59.418811,-34.399083</coordinates></LinearRing></outerBoundaryIs></Polygon></Placemark>
<Placemark><name>WALLECE, ANA NUGENT DE (COHEREDEREOS)</name><styleUrl>#s</styleUrl><ExtendedData><Data name="carpeta"><value>68</value></Data><Data name="titular"><value>WALLECE, ANA NUGENT DE (COHEREDEREOS)</value></Data><Data name="edificado"><value>SI</value></Data><Data name="anio"><value>1875</value></Data><Data name="agrimensor"><value>SCHUSTER</value></Data><Data name="pc"><value>103</value></Data><Data name="ha"><value>1531.1</value></Data></ExtendedData><Polygon><outerBoundaryIs><LinearRing><coordinates>-59.458066,-34.490232 -59.444751,-34.484502 -59.441309,-34.487321 -59.433462,-34.483316 -59.418269,-34.501955 -59.427481,-34.506818 -59.402249,-34.539581 -59.420680,-34.549309 -59.445226,-34.516255 -59.443543,-34.511711 -59.443553,-34.510294 -59.458066,-34.490232</coordinates></LinearRing></outerBoundaryIs></Polygon></Placemark>
<Placemark><name>SCULLY, SANTIAGO</name><styleUrl>#s</styleUrl><ExtendedData><Data name="carpeta"><value>69</value></Data><Data name="titular"><value>SCULLY, SANTIAGO</value></Data><Data name="edificado"><value>SI</value></Data><Data name="anio"><value>1875</value></Data><Data name="agrimensor"><value>PICO</value></Data><Data name="pc"><value>313</value></Data><Data name="ha"><value>2554.4</value></Data></ExtendedData><Polygon><outerBoundaryIs><LinearRing><coordinates>-59.331795,-34.309874 -59.323322,-34.301322 -59.324693,-34.300763 -59.312145,-34.289637 -59.279875,-34.308729 -59.309038,-34.335262 -59.286323,-34.354126 -59.292773,-34.359549 -59.341256,-34.323249 -59.343637,-34.324680 -59.349139,-34.320173 -59.372233,-34.293078 -59.362367,-34.287924 -59.331795,-34.309874</coordinates></LinearRing></outerBoundaryIs></Polygon></Placemark>
<Placemark><name>GOROSTIAGA, DOMINGO</name><styleUrl>#s</styleUrl><ExtendedData><Data name="carpeta"><value>70</value></Data><Data name="titular"><value>GOROSTIAGA, DOMINGO</value></Data><Data name="edificado"><value>NO</value></Data><Data name="anio"><value>1876</value></Data><Data name="agrimensor"><value>SCHUSTER</value></Data><Data name="pc"><value>1</value></Data><Data name="ha"><value>47.3</value></Data></ExtendedData><Polygon><outerBoundaryIs><LinearRing><coordinates>-59.640726,-34.547532 -59.634965,-34.542891 -59.629934,-34.547340 -59.635312,-34.551503 -59.640726,-34.547532</coordinates></LinearRing></outerBoundaryIs></Polygon></Placemark>
<Placemark><name>SCULLY, SANTIAGO</name><styleUrl>#s</styleUrl><ExtendedData><Data name="carpeta"><value>71</value></Data><Data name="titular"><value>SCULLY, SANTIAGO</value></Data><Data name="edificado"><value>SI</value></Data><Data name="anio"><value>1876</value></Data><Data name="agrimensor"><value>PICO</value></Data><Data name="pc"><value>10</value></Data><Data name="ha"><value>735.2</value></Data></ExtendedData><Polygon><outerBoundaryIs><LinearRing><coordinates>-59.389548,-34.295859 -59.389838,-34.291182 -59.391142,-34.288000 -59.392963,-34.284181 -59.393504,-34.280144 -59.371892,-34.293005 -59.349140,-34.320102 -59.363698,-34.326557 -59.389548,-34.295859</coordinates></LinearRing></outerBoundaryIs></Polygon></Placemark>
<Placemark><name>ZACARELO, ESTANISLAO</name><styleUrl>#s</styleUrl><ExtendedData><Data name="carpeta"><value>72</value></Data><Data name="titular"><value>ZACARELO, ESTANISLAO</value></Data><Data name="edificado"><value>NO</value></Data><Data name="anio"><value>1876</value></Data><Data name="agrimensor"><value>PICO</value></Data><Data name="pc"><value>6</value></Data><Data name="ha"><value>327.6</value></Data></ExtendedData><Polygon><outerBoundaryIs><LinearRing><coordinates>-59.371892,-34.293005 -59.393504,-34.280144 -59.393774,-34.278232 -59.393538,-34.275467 -59.392053,-34.268230 -59.362201,-34.287215 -59.371892,-34.293005</coordinates></LinearRing></outerBoundaryIs></Polygon></Placemark>
<Placemark><name>QUEVEDO, PEDRO PABLO</name><styleUrl>#s</styleUrl><ExtendedData><Data name="carpeta"><value>73</value></Data><Data name="titular"><value>QUEVEDO, PEDRO PABLO</value></Data><Data name="edificado"><value>SI</value></Data><Data name="anio"><value>1865</value></Data><Data name="agrimensor"><value>MUÑIZ</value></Data><Data name="pc"><value>12</value></Data><Data name="ha"><value>215.9</value></Data></ExtendedData><Polygon><outerBoundaryIs><LinearRing><coordinates>-59.272468,-34.474030 -59.274769,-34.475107 -59.314496,-34.420481 -59.310916,-34.418973 -59.272468,-34.474030</coordinates></LinearRing></outerBoundaryIs></Polygon></Placemark>
<Placemark><name>COLMENERO, RAMON</name><styleUrl>#s</styleUrl><ExtendedData><Data name="carpeta"><value>74</value></Data><Data name="titular"><value>COLMENERO, RAMON</value></Data><Data name="edificado"><value>SI</value></Data><Data name="anio"><value>1840</value></Data><Data name="agrimensor"><value>PRAT</value></Data><Data name="pc"><value>311</value></Data><Data name="ha"><value>14347.1</value></Data></ExtendedData><Polygon><outerBoundaryIs><LinearRing><coordinates>-59.524820,-34.597691 -59.570098,-34.563085 -59.574347,-34.566123 -59.649535,-34.505885 -59.607689,-34.471487 -59.562482,-34.505100 -59.554249,-34.450640 -59.498037,-34.490741 -59.476150,-34.486617 -59.491256,-34.504824 -59.446436,-34.562082 -59.473764,-34.575811 -59.479904,-34.568277 -59.507241,-34.581494 -59.524820,-34.597691</coordinates></LinearRing></outerBoundaryIs></Polygon></Placemark>
<Placemark><name>GARSETE DE MARTINEZ, DOMINGA</name><styleUrl>#s</styleUrl><ExtendedData><Data name="carpeta"><value>75</value></Data><Data name="titular"><value>GARSETE DE MARTINEZ, DOMINGA</value></Data><Data name="edificado"><value>SI</value></Data><Data name="anio"><value>1862</value></Data><Data name="agrimensor"><value>SAUVIDET</value></Data><Data name="pc"><value>126</value></Data><Data name="ha"><value>5863.4</value></Data></ExtendedData><Polygon><outerBoundaryIs><LinearRing><coordinates>-59.524725,-34.597442 -59.570054,-34.563084 -59.574478,-34.565667 -59.605100,-34.540685 -59.563640,-34.508128 -59.563305,-34.513714 -59.518184,-34.519047 -59.479197,-34.568441 -59.507197,-34.581494 -59.524725,-34.597442</coordinates></LinearRing></outerBoundaryIs></Polygon></Placemark>
<Placemark><name>RODRIGUEZ, JOSE MARIA</name><styleUrl>#s</styleUrl><ExtendedData><Data name="carpeta"><value>76</value></Data><Data name="titular"><value>RODRIGUEZ, JOSE MARIA</value></Data><Data name="edificado"><value>SI</value></Data><Data name="anio"><value>1861</value></Data><Data name="agrimensor"><value>EGUÍA</value></Data><Data name="pc"><value>48</value></Data><Data name="ha"><value>3136.7</value></Data></ExtendedData><Polygon><outerBoundaryIs><LinearRing><coordinates>-59.664476,-34.545026 -59.633418,-34.518024 -59.574303,-34.566123 -59.606155,-34.592731 -59.664476,-34.545026</coordinates></LinearRing></outerBoundaryIs></Polygon></Placemark>
<Placemark><name>ACEYTUNO, SILVERIO</name><styleUrl>#s</styleUrl><ExtendedData><Data name="carpeta"><value>77</value></Data><Data name="titular"><value>ACEYTUNO, SILVERIO</value></Data><Data name="edificado"><value>NO</value></Data><Data name="anio"><value>1861</value></Data><Data name="agrimensor"><value>SAUBIDET</value></Data><Data name="pc"><value>6</value></Data><Data name="ha"><value>179.2</value></Data></ExtendedData><Polygon><outerBoundaryIs><LinearRing><coordinates>-59.612530,-34.573793 -59.605282,-34.567609 -59.590842,-34.579652 -59.598038,-34.585799 -59.612530,-34.573793</coordinates></LinearRing></outerBoundaryIs></Polygon></Placemark>
<Placemark><name>MARTINEZ, NARCISO (HEREDEROS)</name><styleUrl>#s</styleUrl><ExtendedData><Data name="carpeta"><value>78</value></Data><Data name="titular"><value>MARTINEZ, NARCISO (HEREDEROS)</value></Data><Data name="edificado"><value>NO</value></Data><Data name="anio"><value>1873</value></Data><Data name="agrimensor"><value>SCHUSTER</value></Data><Data name="pc"><value>11</value></Data><Data name="ha"><value>588.3</value></Data></ExtendedData><Polygon><outerBoundaryIs><LinearRing><coordinates>-59.518994,-34.564474 -59.492825,-34.549915 -59.478256,-34.567953 -59.498265,-34.577818 -59.518994,-34.564474</coordinates></LinearRing></outerBoundaryIs></Polygon></Placemark>
<Placemark><name>TORMY, GERONIMO</name><styleUrl>#s</styleUrl><ExtendedData><Data name="carpeta"><value>79</value></Data><Data name="titular"><value>TORMY, GERONIMO</value></Data><Data name="edificado"><value>SI</value></Data><Data name="anio"><value>1855</value></Data><Data name="agrimensor"><value>AISPURNA</value></Data><Data name="pc"><value>32</value></Data><Data name="ha"><value>2400.7</value></Data></ExtendedData><Polygon><outerBoundaryIs><LinearRing><coordinates>-59.278190,-34.342660 -59.256610,-34.324254 -59.193661,-34.371086 -59.196292,-34.373284 -59.199016,-34.374436 -59.200357,-34.377280 -59.201358,-34.379838 -59.203386,-34.382402 -59.205424,-34.383833 -59.206770,-34.386110 -59.207438,-34.387815 -59.208450,-34.389239 -59.210497,-34.389819 -59.212206,-34.389830 -59.212193,-34.391248 -59.213887,-34.392959 -59.214720,-34.394035 -59.278190,-34.342660</coordinates></LinearRing></outerBoundaryIs></Polygon></Placemark>
<Placemark><name>TORMEY, GERONIMO</name><styleUrl>#s</styleUrl><ExtendedData><Data name="carpeta"><value>80</value></Data><Data name="titular"><value>TORMEY, GERONIMO</value></Data><Data name="edificado"><value>NO</value></Data><Data name="anio"><value>1860</value></Data><Data name="agrimensor"><value>PICO</value></Data><Data name="pc"><value>0</value></Data><Data name="ha"><value>253.9</value></Data></ExtendedData><Polygon><outerBoundaryIs><LinearRing><coordinates>-59.253971,-34.322255 -59.191514,-34.368713 -59.193661,-34.371086 -59.256610,-34.324254 -59.253971,-34.322255</coordinates></LinearRing></outerBoundaryIs></Polygon></Placemark>
<Placemark><name>TORMEY, GERONIMO (TESTAMENTARIA)</name><styleUrl>#s</styleUrl><ExtendedData><Data name="carpeta"><value>81</value></Data><Data name="titular"><value>TORMEY, GERONIMO (TESTAMENTARIA)</value></Data><Data name="edificado"><value>SI</value></Data><Data name="anio"><value>1876</value></Data><Data name="agrimensor"><value>IPARRAGUIRRE</value></Data><Data name="pc"><value>22</value></Data><Data name="ha"><value>984.0</value></Data></ExtendedData><Polygon><outerBoundaryIs><LinearRing><coordinates>-59.266135,-34.332117 -59.256610,-34.324254 -59.193661,-34.371086 -59.195618,-34.372913 -59.198268,-34.374403 -59.200890,-34.378838 -59.201762,-34.380562 -59.266135,-34.332117</coordinates></LinearRing></outerBoundaryIs></Polygon></Placemark>
<Placemark><name>FRIAS, PASTOR (HEREDEROS)</name><styleUrl>#s</styleUrl><ExtendedData><Data name="carpeta"><value>82</value></Data><Data name="titular"><value>FRIAS, PASTOR (HEREDEROS)</value></Data><Data name="edificado"><value>NO</value></Data><Data name="anio"><value>1877</value></Data><Data name="agrimensor"><value>SCHUSTER</value></Data><Data name="pc"><value>7</value></Data><Data name="ha"><value>132.7</value></Data></ExtendedData><Polygon><outerBoundaryIs><LinearRing><coordinates>-59.472925,-34.497314 -59.469775,-34.501328 -59.486950,-34.510572 -59.491972,-34.503742 -59.472925,-34.497314</coordinates></LinearRing></outerBoundaryIs></Polygon></Placemark>
<Placemark><name>SILVA, ANTONIO</name><styleUrl>#s</styleUrl><ExtendedData><Data name="carpeta"><value>83</value></Data><Data name="titular"><value>SILVA, ANTONIO</value></Data><Data name="edificado"><value>SI</value></Data><Data name="anio"><value>1877</value></Data><Data name="agrimensor"><value>MUÑIZ</value></Data><Data name="pc"><value>19</value></Data><Data name="ha"><value>308.8</value></Data></ExtendedData><Polygon><outerBoundaryIs><LinearRing><coordinates>-59.404700,-34.383280 -59.362246,-34.415442 -59.365814,-34.418789 -59.386513,-34.402831 -59.388398,-34.404472 -59.408528,-34.388849 -59.408082,-34.387868 -59.406310,-34.387123 -59.404700,-34.383280</coordinates></LinearRing></outerBoundaryIs></Polygon></Placemark>
<Placemark><name>COSTA, ZOILO</name><styleUrl>#s</styleUrl><ExtendedData><Data name="carpeta"><value>85</value></Data><Data name="titular"><value>COSTA, ZOILO</value></Data><Data name="edificado"><value>SI</value></Data><Data name="anio"><value>1878</value></Data><Data name="agrimensor"><value>SCHUSTER</value></Data><Data name="pc"><value>0</value></Data><Data name="ha"><value>1513.1</value></Data></ExtendedData><Polygon><outerBoundaryIs><LinearRing><coordinates>-59.615516,-34.600260 -59.627797,-34.611206 -59.684982,-34.562887 -59.664476,-34.545026 -59.645090,-34.560893 -59.653649,-34.568024 -59.615516,-34.600260</coordinates></LinearRing></outerBoundaryIs></Polygon></Placemark>
<Placemark><name>MEZQUITA, MARCELINO Y RODRIGUEZ, CRUZ</name><styleUrl>#s</styleUrl><ExtendedData><Data name="carpeta"><value>86</value></Data><Data name="titular"><value>MEZQUITA, MARCELINO Y RODRIGUEZ, CRUZ</value></Data><Data name="edificado"><value>SI</value></Data><Data name="anio"><value>0</value></Data><Data name="agrimensor"><value>MUÑIZ</value></Data><Data name="pc"><value>30</value></Data><Data name="ha"><value>838.9</value></Data></ExtendedData><Polygon><outerBoundaryIs><LinearRing><coordinates>-59.491393,-34.503598 -59.481498,-34.492621 -59.474333,-34.486921 -59.469376,-34.476385 -59.465529,-34.463565 -59.461822,-34.461081 -59.433354,-34.483275 -59.441584,-34.487472 -59.444821,-34.484466 -59.469914,-34.495038 -59.466798,-34.499822 -59.469775,-34.501328 -59.472925,-34.497314 -59.491393,-34.503598</coordinates></LinearRing></outerBoundaryIs></Polygon></Placemark>
<Placemark><name>QUEVEDO, JUAN E Y QUEVEDO DE QUEVEDO, MANUELA (T)</name><styleUrl>#s</styleUrl><ExtendedData><Data name="carpeta"><value>87</value></Data><Data name="titular"><value>QUEVEDO, JUAN E Y QUEVEDO DE QUEVEDO, MANUELA (T)</value></Data><Data name="edificado"><value>SI</value></Data><Data name="anio"><value>1878</value></Data><Data name="agrimensor"><value>SCHUSTER</value></Data><Data name="pc"><value>0</value></Data><Data name="ha"><value>448.1</value></Data></ExtendedData><Polygon><outerBoundaryIs><LinearRing><coordinates>-59.309222,-34.416851 -59.302192,-34.427414 -59.298476,-34.425756 -59.274153,-34.459890 -59.270819,-34.458233 -59.263206,-34.469052 -59.272580,-34.473817 -59.311072,-34.418668 -59.309222,-34.416851</coordinates></LinearRing></outerBoundaryIs></Polygon></Placemark>
<Placemark><name>CUNNINGHAN, JUAN</name><styleUrl>#s</styleUrl><ExtendedData><Data name="carpeta"><value>88</value></Data><Data name="titular"><value>CUNNINGHAN, JUAN</value></Data><Data name="edificado"><value>SI</value></Data><Data name="anio"><value>1878</value></Data><Data name="agrimensor"><value>DIAZ</value></Data><Data name="pc"><value>0</value></Data><Data name="ha"><value>1423.4</value></Data></ExtendedData><Polygon><outerBoundaryIs><LinearRing><coordinates>-59.395030,-34.350482 -59.392229,-34.346749 -59.392249,-34.344049 -59.391086,-34.341097 -59.389422,-34.339239 -59.297162,-34.410249 -59.302604,-34.412303 -59.304379,-34.412558 -59.305844,-34.414530 -59.307909,-34.415524 -59.309357,-34.416795 -59.395030,-34.350482</coordinates></LinearRing></outerBoundaryIs></Polygon></Placemark>
<Placemark><name>SALA, ANTONIO H</name><styleUrl>#s</styleUrl><ExtendedData><Data name="carpeta"><value>89</value></Data><Data name="titular"><value>SALA, ANTONIO H</value></Data><Data name="edificado"><value>SI</value></Data><Data name="anio"><value>1879</value></Data><Data name="agrimensor"><value>SCHUSTER</value></Data><Data name="pc"><value>0</value></Data><Data name="ha"><value>900.7</value></Data></ExtendedData><Polygon><outerBoundaryIs><LinearRing><coordinates>-59.646661,-34.418898 -59.630693,-34.405072 -59.629914,-34.406612 -59.627829,-34.409306 -59.625751,-34.410281 -59.625441,-34.413472 -59.625427,-34.416663 -59.623934,-34.419358 -59.623033,-34.422056 -59.623613,-34.424758 -59.607562,-34.436490 -59.607709,-34.436680 -59.614490,-34.442776 -59.616922,-34.441079 -59.624440,-34.448674 -59.652887,-34.427899 -59.644607,-34.420445 -59.646661,-34.418898</coordinates></LinearRing></outerBoundaryIs></Polygon></Placemark>
<Placemark><name>O´BRIEN, JUAN</name><styleUrl>#s</styleUrl><ExtendedData><Data name="carpeta"><value>90</value></Data><Data name="titular"><value>O´BRIEN, JUAN</value></Data><Data name="edificado"><value>SI</value></Data><Data name="anio"><value>1879</value></Data><Data name="agrimensor"><value>GIRONDO</value></Data><Data name="pc"><value>0</value></Data><Data name="ha"><value>1195.1</value></Data></ExtendedData><Polygon><outerBoundaryIs><LinearRing><coordinates>-59.275407,-34.305856 -59.253868,-34.322175 -59.263788,-34.329698 -59.288597,-34.351955 -59.309462,-34.336387 -59.275407,-34.305856</coordinates></LinearRing></outerBoundaryIs></Polygon></Placemark>
<Placemark><name>PIQUETTO, JOSE</name><styleUrl>#s</styleUrl><ExtendedData><Data name="carpeta"><value>91</value></Data><Data name="titular"><value>PIQUETTO, JOSE</value></Data><Data name="edificado"><value>SI</value></Data><Data name="anio"><value>1879</value></Data><Data name="agrimensor"><value>MUÑIZ</value></Data><Data name="pc"><value>0</value></Data><Data name="ha"><value>1600.1</value></Data></ExtendedData><Polygon><outerBoundaryIs><LinearRing><coordinates>-59.448481,-34.433912 -59.447605,-34.431945 -59.446731,-34.429731 -59.444382,-34.426530 -59.443503,-34.425053 -59.440561,-34.422094 -59.439991,-34.418654 -59.439114,-34.416932 -59.435288,-34.413232 -59.379576,-34.454107 -59.405759,-34.467481 -59.417447,-34.458292 -59.417146,-34.457677 -59.448481,-34.433912</coordinates></LinearRing></outerBoundaryIs></Polygon></Placemark>
<Placemark><name>PIQUETTO, JOSE</name><styleUrl>#s</styleUrl><ExtendedData><Data name="carpeta"><value>91</value></Data><Data name="titular"><value>PIQUETTO, JOSE</value></Data><Data name="edificado"><value>SI</value></Data><Data name="anio"><value>1879</value></Data><Data name="agrimensor"><value>MUÑIZ</value></Data><Data name="pc"><value>0</value></Data><Data name="ha"><value>323.8</value></Data></ExtendedData><Polygon><outerBoundaryIs><LinearRing><coordinates>-59.456974,-34.449169 -59.456689,-34.447450 -59.456700,-34.445732 -59.455233,-34.443516 -59.453774,-34.442762 -59.414947,-34.473692 -59.420792,-34.476869 -59.456974,-34.449169</coordinates></LinearRing></outerBoundaryIs></Polygon></Placemark>
<Placemark><name>CUELLO DE MIRO, EUSTAQUIA</name><styleUrl>#s</styleUrl><ExtendedData><Data name="carpeta"><value>92</value></Data><Data name="titular"><value>CUELLO DE MIRO, EUSTAQUIA</value></Data><Data name="edificado"><value>SI</value></Data><Data name="anio"><value>1878</value></Data><Data name="agrimensor"><value>MUÑIZ</value></Data><Data name="pc"><value>29</value></Data><Data name="ha"><value>705.5</value></Data></ExtendedData><Polygon><outerBoundaryIs><LinearRing><coordinates>-59.709165,-34.555660 -59.650152,-34.504129 -59.644051,-34.509558 -59.701150,-34.561516 -59.709165,-34.555660</coordinates></LinearRing></outerBoundaryIs></Polygon></Placemark>
<Placemark><name>VELOZ Y LOPEZ, ANICETA</name><styleUrl>#s</styleUrl><ExtendedData><Data name="carpeta"><value>93</value></Data><Data name="titular"><value>VELOZ Y LOPEZ, ANICETA</value></Data><Data name="edificado"><value>SI</value></Data><Data name="anio"><value>0</value></Data><Data name="agrimensor"><value>MUÑIZ</value></Data><Data name="pc"><value>0</value></Data><Data name="ha"><value>141.4</value></Data></ExtendedData><Polygon><outerBoundaryIs><LinearRing><coordinates>-59.415398,-34.417730 -59.418905,-34.420287 -59.419848,-34.423977 -59.434770,-34.412805 -59.433507,-34.409696 -59.432518,-34.408172 -59.431192,-34.407199 -59.430739,-34.406649 -59.415398,-34.417730</coordinates></LinearRing></outerBoundaryIs></Polygon></Placemark>
<Placemark><name>OJUEZ, CEFERINO</name><styleUrl>#s</styleUrl><ExtendedData><Data name="carpeta"><value>94</value></Data><Data name="titular"><value>OJUEZ, CEFERINO</value></Data><Data name="edificado"><value>NO</value></Data><Data name="anio"><value>1878</value></Data><Data name="agrimensor"><value>SCHUSTER</value></Data><Data name="pc"><value>0</value></Data><Data name="ha"><value>103.3</value></Data></ExtendedData><Polygon><outerBoundaryIs><LinearRing><coordinates>-59.446759,-34.520025 -59.444074,-34.518563 -59.423912,-34.545379 -59.426404,-34.547048 -59.446759,-34.520025</coordinates></LinearRing></outerBoundaryIs></Polygon></Placemark>
<Placemark><name>LEZCANO, SOLANO Y OTROS</name><styleUrl>#s</styleUrl><ExtendedData><Data name="carpeta"><value>95</value></Data><Data name="titular"><value>LEZCANO, SOLANO Y OTROS</value></Data><Data name="edificado"><value>SI</value></Data><Data name="anio"><value>1878</value></Data><Data name="agrimensor"><value>SCHUSTER</value></Data><Data name="pc"><value>0</value></Data><Data name="ha"><value>495.3</value></Data></ExtendedData><Polygon><outerBoundaryIs><LinearRing><coordinates>-59.469914,-34.495038 -59.458852,-34.490286 -59.443553,-34.510294 -59.443543,-34.511711 -59.444628,-34.513501 -59.444552,-34.514551 -59.445226,-34.516255 -59.444074,-34.518563 -59.446759,-34.520025 -59.426274,-34.547126 -59.429517,-34.548864 -59.469914,-34.495038</coordinates></LinearRing></outerBoundaryIs></Polygon></Placemark>
<Placemark><name>BOTANA, RUPERTO</name><styleUrl>#s</styleUrl><ExtendedData><Data name="carpeta"><value>96</value></Data><Data name="titular"><value>BOTANA, RUPERTO</value></Data><Data name="edificado"><value>SI</value></Data><Data name="anio"><value>1879</value></Data><Data name="agrimensor"><value>SCHUSTER</value></Data><Data name="pc"><value>0</value></Data><Data name="ha"><value>342.6</value></Data></ExtendedData><Polygon><outerBoundaryIs><LinearRing><coordinates>-59.500863,-34.406150 -59.490561,-34.413902 -59.510162,-34.431781 -59.520541,-34.424288 -59.500863,-34.406150</coordinates></LinearRing></outerBoundaryIs></Polygon></Placemark>
<Placemark><name>TORMY, GERONIMO</name><styleUrl>#s</styleUrl><ExtendedData><Data name="carpeta"><value>97</value></Data><Data name="titular"><value>TORMY, GERONIMO</value></Data><Data name="edificado"><value>SI</value></Data><Data name="anio"><value>1879</value></Data><Data name="agrimensor"><value>IPARRAGUIRRE</value></Data><Data name="pc"><value>0</value></Data><Data name="ha"><value>804.6</value></Data></ExtendedData><Polygon><outerBoundaryIs><LinearRing><coordinates>-59.267863,-34.398811 -59.253635,-34.391082 -59.243402,-34.386252 -59.228533,-34.404936 -59.232831,-34.409358 -59.235489,-34.410994 -59.236642,-34.409304 -59.241019,-34.411594 -59.239236,-34.413831 -59.241640,-34.418385 -59.243885,-34.421792 -59.247778,-34.427410 -59.267863,-34.398811</coordinates></LinearRing></outerBoundaryIs></Polygon></Placemark>
<Placemark><name>CASTRO, SALVADOR</name><styleUrl>#s</styleUrl><ExtendedData><Data name="carpeta"><value>98</value></Data><Data name="titular"><value>CASTRO, SALVADOR</value></Data><Data name="edificado"><value>SI</value></Data><Data name="anio"><value>1879</value></Data><Data name="agrimensor"><value>IPARRAGUIRRE</value></Data><Data name="pc"><value>10</value></Data><Data name="ha"><value>281.0</value></Data></ExtendedData><Polygon><outerBoundaryIs><LinearRing><coordinates>-59.271950,-34.400807 -59.267863,-34.398811 -59.231563,-34.451734 -59.235238,-34.453594 -59.271950,-34.400807</coordinates></LinearRing></outerBoundaryIs></Polygon></Placemark>
<Placemark><name>BUSTOS, MATILDE Y SUSANA Y JUANA</name><styleUrl>#s</styleUrl><ExtendedData><Data name="carpeta"><value>99</value></Data><Data name="titular"><value>BUSTOS, MATILDE Y SUSANA Y JUANA</value></Data><Data name="edificado"><value>NO</value></Data><Data name="anio"><value>1879</value></Data><Data name="agrimensor"><value>SCHUSTER</value></Data><Data name="pc"><value>0</value></Data><Data name="ha"><value>518.6</value></Data></ExtendedData><Polygon><outerBoundaryIs><LinearRing><coordinates>-59.557020,-34.447904 -59.553232,-34.450859 -59.554391,-34.456893 -59.574736,-34.473768 -59.597672,-34.455507 -59.588697,-34.447645 -59.571548,-34.460541 -59.557020,-34.447904</coordinates></LinearRing></outerBoundaryIs></Polygon></Placemark>
<Placemark><name>COSTA, ZOILO Y LIMA, J MARIA (HEREDEROS)</name><styleUrl>#s</styleUrl><ExtendedData><Data name="carpeta"><value>107</value></Data><Data name="titular"><value>COSTA, ZOILO Y LIMA, J MARIA (HEREDEROS)</value></Data><Data name="edificado"><value>SI</value></Data><Data name="anio"><value>1880</value></Data><Data name="agrimensor"><value>SCHUSTER</value></Data><Data name="pc"><value>0</value></Data><Data name="ha"><value>1519.4</value></Data></ExtendedData><Polygon><outerBoundaryIs><LinearRing><coordinates>-59.684982,-34.562887 -59.664476,-34.545026 -59.645090,-34.560893 -59.653649,-34.568024 -59.615144,-34.600406 -59.627797,-34.611206 -59.684982,-34.562887</coordinates></LinearRing></outerBoundaryIs></Polygon></Placemark>
<Placemark><name>UNZUE, SATURNINO E</name><styleUrl>#s</styleUrl><ExtendedData><Data name="carpeta"><value>124</value></Data><Data name="titular"><value>UNZUE, SATURNINO E</value></Data><Data name="edificado"><value>SI</value></Data><Data name="anio"><value>1882</value></Data><Data name="agrimensor"><value>SCHUSTER</value></Data><Data name="pc"><value>0</value></Data><Data name="ha"><value>424.8</value></Data></ExtendedData><Polygon><outerBoundaryIs><LinearRing><coordinates>-59.692112,-34.568985 -59.684982,-34.562887 -59.646778,-34.595177 -59.652748,-34.599922 -59.692112,-34.568985</coordinates></LinearRing></outerBoundaryIs></Polygon></Placemark>
<Placemark><name>PUEBLO Y EJIDO SAN ANDRES DE GILES</name><styleUrl>#s</styleUrl><ExtendedData><Data name="carpeta"><value>127</value></Data><Data name="titular"><value>PUEBLO Y EJIDO SAN ANDRES DE GILES</value></Data><Data name="edificado"><value>SI</value></Data><Data name="anio"><value>1884</value></Data><Data name="agrimensor"><value>ORLANDINI</value></Data><Data name="pc"><value>4879</value></Data><Data name="ha"><value>611.0</value></Data></ExtendedData><Polygon><outerBoundaryIs><LinearRing><coordinates>-59.448864,-34.433893 -59.416874,-34.457716 -59.417352,-34.458317 -59.404497,-34.468643 -59.413870,-34.473482 -59.437870,-34.455417 -59.446566,-34.453260 -59.446596,-34.448665 -59.455780,-34.445510 -59.454595,-34.442309 -59.454608,-34.440311 -59.450296,-34.436097 -59.448864,-34.433893</coordinates></LinearRing></outerBoundaryIs></Polygon></Placemark>
<Placemark><name>PROYECTO DIVISIÓN QUINTAS CHACRAS EJIDO</name><styleUrl>#s</styleUrl><ExtendedData><Data name="carpeta"><value>127</value></Data><Data name="titular"><value>PROYECTO DIVISIÓN QUINTAS CHACRAS EJIDO</value></Data><Data name="edificado"><value>SI</value></Data><Data name="anio"><value>1884</value></Data><Data name="agrimensor"><value>ORLANDINI</value></Data><Data name="pc"><value>0</value></Data><Data name="ha"><value>10490.6</value></Data></ExtendedData><Polygon><outerBoundaryIs><LinearRing><coordinates>-59.517337,-34.471675 -59.486045,-34.385109 -59.377523,-34.408784 -59.410443,-34.498286 -59.517337,-34.471675</coordinates></LinearRing></outerBoundaryIs></Polygon></Placemark>
<Placemark><name>CASADO, JOSE MARIA</name><styleUrl>#s</styleUrl><ExtendedData><Data name="carpeta"><value>137</value></Data><Data name="titular"><value>CASADO, JOSE MARIA</value></Data><Data name="edificado"><value>SI</value></Data><Data name="anio"><value>1883</value></Data><Data name="agrimensor"><value>SCHUSTER</value></Data><Data name="pc"><value>84</value></Data><Data name="ha"><value>749.4</value></Data></ExtendedData><MultiGeometry><Polygon><outerBoundaryIs><LinearRing><coordinates>-59.716334,-34.549760 -59.716495,-34.549904 -59.716635,-34.549513 -59.716334,-34.549760</coordinates></LinearRing></outerBoundaryIs></Polygon><Polygon><outerBoundaryIs><LinearRing><coordinates>-59.657977,-34.497698 -59.650457,-34.503911 -59.709165,-34.555660 -59.716334,-34.549760 -59.657977,-34.497698</coordinates></LinearRing></outerBoundaryIs></Polygon></MultiGeometry></Placemark>
<Placemark><name>R DE LASCANO, MARIA DE LA CRUZ</name><styleUrl>#s</styleUrl><ExtendedData><Data name="carpeta"><value>145</value></Data><Data name="titular"><value>R DE LASCANO, MARIA DE LA CRUZ</value></Data><Data name="edificado"><value>SI</value></Data><Data name="anio"><value>1886</value></Data><Data name="agrimensor"><value>ORLANDINI</value></Data><Data name="pc"><value>0</value></Data><Data name="ha"><value>349.0</value></Data></ExtendedData><Polygon><outerBoundaryIs><LinearRing><coordinates>-59.491393,-34.503598 -59.481498,-34.492621 -59.474654,-34.486651 -59.469376,-34.476385 -59.453951,-34.488180 -59.469914,-34.495038 -59.466798,-34.499822 -59.469775,-34.501328 -59.472925,-34.497314 -59.491393,-34.503598</coordinates></LinearRing></outerBoundaryIs></Polygon></Placemark>
<Placemark><name>MORGAN, JORGE Y MORGAN, EDUARDO (HEREDEROS)</name><styleUrl>#s</styleUrl><ExtendedData><Data name="carpeta"><value>168</value></Data><Data name="titular"><value>MORGAN, JORGE Y MORGAN, EDUARDO (HEREDEROS)</value></Data><Data name="edificado"><value>NO</value></Data><Data name="anio"><value>1894</value></Data><Data name="agrimensor"><value>DODDS</value></Data><Data name="pc"><value>0</value></Data><Data name="ha"><value>6073.8</value></Data></ExtendedData><Polygon><outerBoundaryIs><LinearRing><coordinates>-59.543650,-34.426647 -59.589137,-34.391764 -59.543384,-34.351347 -59.510537,-34.331710 -59.448447,-34.377005 -59.456584,-34.384586 -59.441740,-34.395573 -59.451034,-34.404095 -59.465538,-34.392914 -59.468542,-34.395697 -59.477884,-34.388782 -59.484013,-34.394841 -59.507071,-34.379001 -59.540639,-34.409947 -59.531864,-34.416111 -59.543650,-34.426647</coordinates></LinearRing></outerBoundaryIs></Polygon></Placemark>
<Placemark><name>FIGUEROA, JUAN Y MORALES DE FIGUEROA, F</name><styleUrl>#s</styleUrl><ExtendedData><Data name="carpeta"><value>175</value></Data><Data name="titular"><value>FIGUEROA, JUAN Y MORALES DE FIGUEROA, F</value></Data><Data name="edificado"><value>NO</value></Data><Data name="anio"><value>1897</value></Data><Data name="agrimensor"><value>WEIGEL</value></Data><Data name="pc"><value>0</value></Data><Data name="ha"><value>844.7</value></Data></ExtendedData><Polygon><outerBoundaryIs><LinearRing><coordinates>-59.419368,-34.314626 -59.391741,-34.341535 -59.391704,-34.343353 -59.392012,-34.345219 -59.394269,-34.348694 -59.395354,-34.350989 -59.396850,-34.356387 -59.440132,-34.325069 -59.419368,-34.314626</coordinates></LinearRing></outerBoundaryIs></Polygon></Placemark>
<Placemark><name>ROCA, JULIO A</name><styleUrl>#s</styleUrl><ExtendedData><Data name="carpeta"><value>182</value></Data><Data name="titular"><value>ROCA, JULIO A</value></Data><Data name="edificado"><value>SI</value></Data><Data name="anio"><value>1899</value></Data><Data name="agrimensor"><value>GONZALEZ</value></Data><Data name="pc"><value>0</value></Data><Data name="ha"><value>3479.5</value></Data></ExtendedData><Polygon><outerBoundaryIs><LinearRing><coordinates>-59.375344,-34.239859 -59.300917,-34.264903 -59.308432,-34.285573 -59.324693,-34.300763 -59.355255,-34.280841 -59.361003,-34.286307 -59.372292,-34.292989 -59.393504,-34.280144 -59.393802,-34.274912 -59.392864,-34.271445 -59.391934,-34.266912 -59.392268,-34.265050 -59.393888,-34.262927 -59.393924,-34.257866 -59.392335,-34.255728 -59.390753,-34.252790 -59.387885,-34.250112 -59.383099,-34.246626 -59.381189,-34.244751 -59.377981,-34.244735 -59.375344,-34.239859</coordinates></LinearRing></outerBoundaryIs></Polygon></Placemark>
<Placemark><name>DOONER DE WHEELER, MARIA</name><styleUrl>#s</styleUrl><ExtendedData><Data name="carpeta"><value>186</value></Data><Data name="titular"><value>DOONER DE WHEELER, MARIA</value></Data><Data name="edificado"><value>SI</value></Data><Data name="anio"><value>1903</value></Data><Data name="agrimensor"><value>DOYLE</value></Data><Data name="pc"><value>0</value></Data><Data name="ha"><value>1612.6</value></Data></ExtendedData><Polygon><outerBoundaryIs><LinearRing><coordinates>-59.460271,-34.364524 -59.440144,-34.347551 -59.443785,-34.344916 -59.434602,-34.337176 -59.422141,-34.346132 -59.425815,-34.350840 -59.397821,-34.373369 -59.399182,-34.375352 -59.399800,-34.378818 -59.400752,-34.380420 -59.404271,-34.382568 -59.405851,-34.386305 -59.408406,-34.388448 -59.410950,-34.392189 -59.413460,-34.394186 -59.444144,-34.371178 -59.447929,-34.373727 -59.460271,-34.364524</coordinates></LinearRing></outerBoundaryIs></Polygon></Placemark>
<Placemark><name>UNZUE, SATURNINO E HIJOS</name><styleUrl>#s</styleUrl><ExtendedData><Data name="carpeta"><value>191</value></Data><Data name="titular"><value>UNZUE, SATURNINO E HIJOS</value></Data><Data name="edificado"><value>NO</value></Data><Data name="anio"><value>1862</value></Data><Data name="agrimensor"><value>SAUBIDET</value></Data><Data name="pc"><value>0</value></Data><Data name="ha"><value>386.7</value></Data></ExtendedData><Polygon><outerBoundaryIs><LinearRing><coordinates>-59.524725,-34.597442 -59.601749,-34.538383 -59.599248,-34.535976 -59.521320,-34.594527 -59.524725,-34.597442</coordinates></LinearRing></outerBoundaryIs></Polygon></Placemark>
<Placemark><name>GUTIERREZ DE ALEGRE, ANGELA</name><styleUrl>#s</styleUrl><ExtendedData><Data name="carpeta"><value>84</value></Data><Data name="titular"><value>GUTIERREZ DE ALEGRE, ANGELA</value></Data><Data name="edificado"><value>SI</value></Data><Data name="anio"><value>1878</value></Data><Data name="agrimensor"><value>SCHUSTER</value></Data><Data name="pc"><value>0</value></Data><Data name="ha"><value>1996.5</value></Data></ExtendedData><Polygon><outerBoundaryIs><LinearRing><coordinates>-59.670224,-34.487913 -59.616251,-34.441651 -59.593884,-34.458835 -59.648717,-34.505339 -59.670224,-34.487913</coordinates></LinearRing></outerBoundaryIs></Polygon></Placemark>
<Placemark><name>DE DIOS, ROSENDO</name><styleUrl>#s</styleUrl><ExtendedData><Data name="carpeta"><value>56</value></Data><Data name="titular"><value>DE DIOS, ROSENDO</value></Data><Data name="edificado"><value>SI</value></Data><Data name="anio"><value>1870</value></Data><Data name="agrimensor"><value>IPARRAGUIRRE</value></Data><Data name="pc"><value>31</value></Data><Data name="ha"><value>1301.6</value></Data></ExtendedData><Polygon><outerBoundaryIs><LinearRing><coordinates>-59.450228,-34.330223 -59.427048,-34.318388 -59.394269,-34.348694 -59.396108,-34.356160 -59.398321,-34.360965 -59.397970,-34.365225 -59.397913,-34.373215 -59.439241,-34.341450 -59.436982,-34.339183 -59.450228,-34.330223</coordinates></LinearRing></outerBoundaryIs></Polygon></Placemark>
<Placemark><name>LIMA, MARIANO</name><styleUrl>#s</styleUrl><ExtendedData><Data name="carpeta"><value>55</value></Data><Data name="titular"><value>LIMA, MARIANO</value></Data><Data name="edificado"><value>SI</value></Data><Data name="anio"><value>1840</value></Data><Data name="agrimensor"><value>PRAT</value></Data><Data name="pc"><value>130</value></Data><Data name="ha"><value>5870.7</value></Data></ExtendedData><Polygon><outerBoundaryIs><LinearRing><coordinates>-59.692507,-34.569170 -59.633252,-34.517811 -59.574478,-34.565667 -59.632848,-34.615517 -59.692507,-34.569170</coordinates></LinearRing></outerBoundaryIs></Polygon></Placemark>
<Placemark><name>AVILA DE LA TORRE, MODESTA Y VALLADARES Y UNZUE</name><styleUrl>#s</styleUrl><ExtendedData><Data name="carpeta"><value>54</value></Data><Data name="titular"><value>AVILA DE LA TORRE, MODESTA Y VALLADARES Y UNZUE</value></Data><Data name="edificado"><value>SI</value></Data><Data name="anio"><value>1869</value></Data><Data name="agrimensor"><value>DILLON</value></Data><Data name="pc"><value>49</value></Data><Data name="ha"><value>2504.3</value></Data></ExtendedData><Polygon><outerBoundaryIs><LinearRing><coordinates>-59.599187,-34.535712 -59.579431,-34.520024 -59.506595,-34.573193 -59.498518,-34.577688 -59.506602,-34.581917 -59.521320,-34.594527 -59.599187,-34.535712</coordinates></LinearRing></outerBoundaryIs></Polygon></Placemark>
<Placemark><name>GUTIERREZ DE MOLINA, PETRONA</name><styleUrl>#s</styleUrl><ExtendedData><Data name="carpeta"><value>53</value></Data><Data name="titular"><value>GUTIERREZ DE MOLINA, PETRONA</value></Data><Data name="edificado"><value>SI</value></Data><Data name="anio"><value>1869</value></Data><Data name="agrimensor"><value>SCHUSTER</value></Data><Data name="pc"><value>24</value></Data><Data name="ha"><value>2243.0</value></Data></ExtendedData><Polygon><outerBoundaryIs><LinearRing><coordinates>-59.768441,-34.453626 -59.730509,-34.433262 -59.691480,-34.462616 -59.727197,-34.493362 -59.739356,-34.484092 -59.734133,-34.479417 -59.768441,-34.453626</coordinates></LinearRing></outerBoundaryIs></Polygon></Placemark>
<Placemark><name>CAPRILE Y PICASSO</name><styleUrl>#s</styleUrl><ExtendedData><Data name="carpeta"><value>52</value></Data><Data name="titular"><value>CAPRILE Y PICASSO</value></Data><Data name="edificado"><value>SI</value></Data><Data name="anio"><value>1869</value></Data><Data name="agrimensor"><value>SCHUSTER</value></Data><Data name="pc"><value>12</value></Data><Data name="ha"><value>1640.7</value></Data></ExtendedData><Polygon><outerBoundaryIs><LinearRing><coordinates>-59.687337,-34.459262 -59.652887,-34.427899 -59.624440,-34.448674 -59.661628,-34.480550 -59.687337,-34.459262</coordinates></LinearRing></outerBoundaryIs></Polygon></Placemark>
<Placemark><name>QUEVEDO DE RODRIGUEZ, FAUSTINA Y QUEVEDO, M Y F</name><styleUrl>#s</styleUrl><ExtendedData><Data name="carpeta"><value>51</value></Data><Data name="titular"><value>QUEVEDO DE RODRIGUEZ, FAUSTINA Y QUEVEDO, M Y F</value></Data><Data name="edificado"><value>SI</value></Data><Data name="anio"><value>1865</value></Data><Data name="agrimensor"><value>MUÑIZ</value></Data><Data name="pc"><value>67</value></Data><Data name="ha"><value>860.2</value></Data></ExtendedData><Polygon><outerBoundaryIs><LinearRing><coordinates>-59.311456,-34.418304 -59.308901,-34.416425 -59.304754,-34.412673 -59.302509,-34.412127 -59.300902,-34.412118 -59.261522,-34.468351 -59.273054,-34.473481 -59.311456,-34.418304</coordinates></LinearRing></outerBoundaryIs></Polygon></Placemark>
<Placemark><name>SILVA, ANTONIO B</name><styleUrl>#s</styleUrl><ExtendedData><Data name="carpeta"><value>50</value></Data><Data name="titular"><value>SILVA, ANTONIO B</value></Data><Data name="edificado"><value>SI</value></Data><Data name="anio"><value>1885</value></Data><Data name="agrimensor"><value>MUÑIZ</value></Data><Data name="pc"><value>16</value></Data><Data name="ha"><value>525.9</value></Data></ExtendedData><Polygon><outerBoundaryIs><LinearRing><coordinates>-59.279137,-34.476713 -59.318819,-34.422793 -59.310916,-34.418973 -59.273054,-34.473481 -59.279137,-34.476713</coordinates></LinearRing></outerBoundaryIs></Polygon></Placemark>
<Placemark><name>QUEVEDO, PEDRO ANTONIO</name><styleUrl>#s</styleUrl><ExtendedData><Data name="carpeta"><value>49</value></Data><Data name="titular"><value>QUEVEDO, PEDRO ANTONIO</value></Data><Data name="edificado"><value>SI</value></Data><Data name="anio"><value>1865</value></Data><Data name="agrimensor"><value>MUÑIZ</value></Data><Data name="pc"><value>20</value></Data><Data name="ha"><value>555.0</value></Data></ExtendedData><Polygon><outerBoundaryIs><LinearRing><coordinates>-59.326204,-34.426744 -59.318819,-34.422793 -59.279474,-34.477134 -59.286378,-34.481073 -59.326204,-34.426744</coordinates></LinearRing></outerBoundaryIs></Polygon></Placemark>
<Placemark><name>LESCANO, FRANCISCO</name><styleUrl>#s</styleUrl><ExtendedData><Data name="carpeta"><value>45</value></Data><Data name="titular"><value>LESCANO, FRANCISCO</value></Data><Data name="edificado"><value>NO</value></Data><Data name="anio"><value>1866</value></Data><Data name="agrimensor"><value>SAUBIDET</value></Data><Data name="pc"><value>202</value></Data><Data name="ha"><value>2934.6</value></Data></ExtendedData><Polygon><outerBoundaryIs><LinearRing><coordinates>-59.401448,-34.467533 -59.362402,-34.519659 -59.402420,-34.539559 -59.441947,-34.487218 -59.401448,-34.467533</coordinates></LinearRing></outerBoundaryIs></Polygon></Placemark>
<Placemark><name>GALEANO, MARTIN</name><styleUrl>#s</styleUrl><ExtendedData><Data name="carpeta"><value>48</value></Data><Data name="titular"><value>GALEANO, MARTIN</value></Data><Data name="edificado"><value>SI</value></Data><Data name="anio"><value>1865</value></Data><Data name="agrimensor"><value>MUÑIZ</value></Data><Data name="pc"><value>194</value></Data><Data name="ha"><value>3203.4</value></Data></ExtendedData><Polygon><outerBoundaryIs><LinearRing><coordinates>-59.524529,-34.421409 -59.465576,-34.463943 -59.476106,-34.486617 -59.498640,-34.490171 -59.555768,-34.448881 -59.524529,-34.421409</coordinates></LinearRing></outerBoundaryIs></Polygon></Placemark>
<Placemark><name>RODRIGUEZ, TADEO (HEREDEROS)</name><styleUrl>#s</styleUrl><ExtendedData><Data name="carpeta"><value>47</value></Data><Data name="titular"><value>RODRIGUEZ, TADEO (HEREDEROS)</value></Data><Data name="edificado"><value>SI</value></Data><Data name="anio"><value>1868</value></Data><Data name="agrimensor"><value>DIFFERT</value></Data><Data name="pc"><value>374</value></Data><Data name="ha"><value>5014.7</value></Data></ExtendedData><Polygon><outerBoundaryIs><LinearRing><coordinates>-59.378265,-34.453259 -59.310916,-34.418973 -59.272294,-34.473328 -59.338459,-34.506604 -59.378265,-34.453259</coordinates></LinearRing></outerBoundaryIs></Polygon></Placemark>
<Placemark><name>CASCO, FRANCISCO ANTONIO</name><styleUrl>#s</styleUrl><ExtendedData><Data name="carpeta"><value>46</value></Data><Data name="titular"><value>CASCO, FRANCISCO ANTONIO</value></Data><Data name="edificado"><value>SI</value></Data><Data name="anio"><value>1868</value></Data><Data name="agrimensor"><value>DIFFERT</value></Data><Data name="pc"><value>307</value></Data><Data name="ha"><value>1000.7</value></Data></ExtendedData><Polygon><outerBoundaryIs><LinearRing><coordinates>-59.497634,-34.408775 -59.483089,-34.395622 -59.442630,-34.425308 -59.446058,-34.427526 -59.446294,-34.429374 -59.447272,-34.431225 -59.448252,-34.432871 -59.449478,-34.434723 -59.450457,-34.436574 -59.452428,-34.438019 -59.454398,-34.439875 -59.497634,-34.408775</coordinates></LinearRing></outerBoundaryIs></Polygon></Placemark>
<Placemark><name>TORRES, LORENZO</name><styleUrl>#s</styleUrl><ExtendedData><Data name="carpeta"><value>44</value></Data><Data name="titular"><value>TORRES, LORENZO</value></Data><Data name="edificado"><value>SI</value></Data><Data name="anio"><value>1867</value></Data><Data name="agrimensor"><value>MEYRELLES</value></Data><Data name="pc"><value>31</value></Data><Data name="ha"><value>1195.8</value></Data></ExtendedData><Polygon><outerBoundaryIs><LinearRing><coordinates>-59.398141,-34.373584 -59.398241,-34.361844 -59.397513,-34.359788 -59.396055,-34.356088 -59.395583,-34.353007 -59.395350,-34.350954 -59.363249,-34.375620 -59.372353,-34.382643 -59.321531,-34.423821 -59.328356,-34.427896 -59.398141,-34.373584</coordinates></LinearRing></outerBoundaryIs></Polygon></Placemark>
<Placemark><name>FIGUEROA DE ALVAREZ, BENEDICTA Y CUFRE, VALENTIN</name><styleUrl>#s</styleUrl><ExtendedData><Data name="carpeta"><value>43</value></Data><Data name="titular"><value>FIGUEROA DE ALVAREZ, BENEDICTA Y CUFRE, VALENTIN</value></Data><Data name="edificado"><value>SI</value></Data><Data name="anio"><value>1867</value></Data><Data name="agrimensor"><value>MEYRELLES</value></Data><Data name="pc"><value>30</value></Data><Data name="ha"><value>999.4</value></Data></ExtendedData><Polygon><outerBoundaryIs><LinearRing><coordinates>-59.385206,-34.321451 -59.320542,-34.370490 -59.329975,-34.378956 -59.388884,-34.335134 -59.387066,-34.333472 -59.386604,-34.328955 -59.385631,-34.326693 -59.385652,-34.323820 -59.385206,-34.321451</coordinates></LinearRing></outerBoundaryIs></Polygon></Placemark>
<Placemark><name>AFFRE, PABLO</name><styleUrl>#s</styleUrl><ExtendedData><Data name="carpeta"><value>42</value></Data><Data name="titular"><value>AFFRE, PABLO</value></Data><Data name="edificado"><value>NO</value></Data><Data name="anio"><value>1866</value></Data><Data name="agrimensor"><value>GONNET</value></Data><Data name="pc"><value>26</value></Data><Data name="ha"><value>207.5</value></Data></ExtendedData><Polygon><outerBoundaryIs><LinearRing><coordinates>-59.289955,-34.410629 -59.287324,-34.409125 -59.250343,-34.461237 -59.253338,-34.462819 -59.289955,-34.410629</coordinates></LinearRing></outerBoundaryIs></Polygon></Placemark>
<Placemark><name>BUSTOS DE MARTINEZ, CARMEN Y DUGGAN, MIGUEL</name><styleUrl>#s</styleUrl><ExtendedData><Data name="carpeta"><value>41</value></Data><Data name="titular"><value>BUSTOS DE MARTINEZ, CARMEN Y DUGGAN, MIGUEL</value></Data><Data name="edificado"><value>SI</value></Data><Data name="anio"><value>1867</value></Data><Data name="agrimensor"><value>GONNET</value></Data><Data name="pc"><value>25</value></Data><Data name="ha"><value>1615.8</value></Data></ExtendedData><Polygon><outerBoundaryIs><LinearRing><coordinates>-59.507022,-34.377309 -59.579308,-34.323613 -59.559565,-34.315335 -59.492491,-34.365759 -59.507022,-34.377309</coordinates></LinearRing></outerBoundaryIs></Polygon></Placemark>
<Placemark><name>DUGGAN, MIGUEL (PROPIEDAD PUBLICA DENUNCIADA POR)</name><styleUrl>#s</styleUrl><ExtendedData><Data name="carpeta"><value>40</value></Data><Data name="titular"><value>DUGGAN, MIGUEL (PROPIEDAD PUBLICA DENUNCIADA POR)</value></Data><Data name="edificado"><value>SI</value></Data><Data name="anio"><value>1866</value></Data><Data name="agrimensor"><value>GONNET</value></Data><Data name="pc"><value>87</value></Data><Data name="ha"><value>3789.4</value></Data></ExtendedData><Polygon><outerBoundaryIs><LinearRing><coordinates>-59.543384,-34.351347 -59.510537,-34.331710 -59.418780,-34.398990 -59.422230,-34.399715 -59.427168,-34.401585 -59.428636,-34.404054 -59.430846,-34.406732 -59.432318,-34.408790 -59.434278,-34.411877 -59.435251,-34.414344 -59.438210,-34.416205 -59.438693,-34.418054 -59.477994,-34.389090 -59.483898,-34.395066 -59.543384,-34.351347</coordinates></LinearRing></outerBoundaryIs></Polygon></Placemark>
<Placemark><name>NORIEGA, MANUEL</name><styleUrl>#s</styleUrl><ExtendedData><Data name="carpeta"><value>39</value></Data><Data name="titular"><value>NORIEGA, MANUEL</value></Data><Data name="edificado"><value>NO</value></Data><Data name="anio"><value>1866</value></Data><Data name="agrimensor"><value>SAUBIDET</value></Data><Data name="pc"><value>58</value></Data><Data name="ha"><value>853.0</value></Data></ExtendedData><Polygon><outerBoundaryIs><LinearRing><coordinates>-59.469899,-34.495139 -59.458530,-34.490370 -59.416499,-34.547424 -59.427627,-34.551991 -59.469899,-34.495139</coordinates></LinearRing></outerBoundaryIs></Polygon></Placemark>
<Placemark><name>MORGAN, EDUARDO</name><styleUrl>#s</styleUrl><ExtendedData><Data name="carpeta"><value>38</value></Data><Data name="titular"><value>MORGAN, EDUARDO</value></Data><Data name="edificado"><value>SI</value></Data><Data name="anio"><value>1866</value></Data><Data name="agrimensor"><value>COQUET</value></Data><Data name="pc"><value>41</value></Data><Data name="ha"><value>3000.1</value></Data></ExtendedData><Polygon><outerBoundaryIs><LinearRing><coordinates>-59.589137,-34.391764 -59.543384,-34.351347 -59.507111,-34.378255 -59.540114,-34.409467 -59.531864,-34.416111 -59.543650,-34.426647 -59.589137,-34.391764</coordinates></LinearRing></outerBoundaryIs></Polygon></Placemark>
<Placemark><name>MONSALVO DE ACUÑA, CARMEN</name><styleUrl>#s</styleUrl><ExtendedData><Data name="carpeta"><value>37</value></Data><Data name="titular"><value>MONSALVO DE ACUÑA, CARMEN</value></Data><Data name="edificado"><value>SI</value></Data><Data name="anio"><value>1866</value></Data><Data name="agrimensor"><value>FREMIOT</value></Data><Data name="pc"><value>121</value></Data><Data name="ha"><value>5015.8</value></Data></ExtendedData><Polygon><outerBoundaryIs><LinearRing><coordinates>-59.553232,-34.450859 -59.497993,-34.490741 -59.474654,-34.486651 -59.491972,-34.503742 -59.446392,-34.562082 -59.469728,-34.574273 -59.514591,-34.517404 -59.518184,-34.519047 -59.563305,-34.513714 -59.553232,-34.450859</coordinates></LinearRing></outerBoundaryIs></Polygon></Placemark>
<Placemark><name>ORMACHEA, JUAN</name><styleUrl>#s</styleUrl><ExtendedData><Data name="carpeta"><value>36</value></Data><Data name="titular"><value>ORMACHEA, JUAN</value></Data><Data name="edificado"><value>SI</value></Data><Data name="anio"><value>1866</value></Data><Data name="agrimensor"><value>GONNET</value></Data><Data name="pc"><value>40</value></Data><Data name="ha"><value>618.8</value></Data></ExtendedData><Polygon><outerBoundaryIs><LinearRing><coordinates>-59.253752,-34.462617 -59.261680,-34.467888 -59.301080,-34.411736 -59.296800,-34.410344 -59.294141,-34.412517 -59.290854,-34.410856 -59.253752,-34.462617</coordinates></LinearRing></outerBoundaryIs></Polygon></Placemark>
<Placemark><name>ROIS, JOSE (HEREDEROS)</name><styleUrl>#s</styleUrl><ExtendedData><Data name="carpeta"><value>35</value></Data><Data name="titular"><value>ROIS, JOSE (HEREDEROS)</value></Data><Data name="edificado"><value>SI</value></Data><Data name="anio"><value>1865</value></Data><Data name="agrimensor"><value>FREMIOT</value></Data><Data name="pc"><value>70</value></Data><Data name="ha"><value>1427.6</value></Data></ExtendedData><Polygon><outerBoundaryIs><LinearRing><coordinates>-59.358061,-34.442798 -59.417548,-34.398845 -59.416056,-34.397565 -59.414749,-34.395644 -59.413767,-34.394545 -59.410489,-34.391246 -59.407216,-34.387400 -59.405255,-34.384654 -59.340596,-34.434163 -59.358061,-34.442798</coordinates></LinearRing></outerBoundaryIs></Polygon></Placemark>
<Placemark><name>GALEANO, SOTERO</name><styleUrl>#s</styleUrl><ExtendedData><Data name="carpeta"><value>34</value></Data><Data name="titular"><value>GALEANO, SOTERO</value></Data><Data name="edificado"><value>SI</value></Data><Data name="anio"><value>1865</value></Data><Data name="agrimensor"><value>MUÑIZ</value></Data><Data name="pc"><value>199</value></Data><Data name="ha"><value>3568.9</value></Data></ExtendedData><Polygon><outerBoundaryIs><LinearRing><coordinates>-59.531864,-34.416111 -59.465576,-34.463943 -59.476106,-34.486617 -59.497993,-34.490741 -59.562585,-34.443563 -59.531864,-34.416111</coordinates></LinearRing></outerBoundaryIs></Polygon></Placemark>
<Placemark><name>CUCULLU, ISIDRO</name><styleUrl>#s</styleUrl><ExtendedData><Data name="carpeta"><value>33</value></Data><Data name="titular"><value>CUCULLU, ISIDRO</value></Data><Data name="edificado"><value>SI</value></Data><Data name="anio"><value>1865</value></Data><Data name="agrimensor"><value>FREMIOT</value></Data><Data name="pc"><value>368</value></Data><Data name="ha"><value>1548.0</value></Data></ExtendedData><Polygon><outerBoundaryIs><LinearRing><coordinates>-59.506929,-34.379087 -59.443503,-34.425053 -59.446225,-34.427253 -59.446866,-34.430265 -59.448167,-34.433281 -59.449147,-34.434927 -59.451442,-34.437399 -59.454297,-34.440101 -59.521384,-34.392200 -59.506929,-34.379087</coordinates></LinearRing></outerBoundaryIs></Polygon></Placemark>
<Placemark><name>DUARTE, JOSE GABRIEL</name><styleUrl>#s</styleUrl><ExtendedData><Data name="carpeta"><value>32</value></Data><Data name="titular"><value>DUARTE, JOSE GABRIEL</value></Data><Data name="edificado"><value>SI</value></Data><Data name="anio"><value>1862</value></Data><Data name="agrimensor"><value>GONNET</value></Data><Data name="pc"><value>41</value></Data><Data name="ha"><value>818.8</value></Data></ExtendedData><Polygon><outerBoundaryIs><LinearRing><coordinates>-59.404700,-34.383280 -59.402307,-34.381631 -59.400007,-34.380251 -59.400021,-34.378336 -59.399207,-34.375971 -59.330651,-34.429137 -59.340596,-34.434163 -59.404700,-34.383280</coordinates></LinearRing></outerBoundaryIs></Polygon></Placemark>
<Placemark><name>DEL SAR, PEDRO</name><styleUrl>#s</styleUrl><ExtendedData><Data name="carpeta"><value>31</value></Data><Data name="titular"><value>DEL SAR, PEDRO</value></Data><Data name="edificado"><value>NO</value></Data><Data name="anio"><value>1863</value></Data><Data name="agrimensor"><value>PICO</value></Data><Data name="pc"><value>38</value></Data><Data name="ha"><value>2074.5</value></Data></ExtendedData><Polygon><outerBoundaryIs><LinearRing><coordinates>-59.267863,-34.398811 -59.253635,-34.391082 -59.294930,-34.357804 -59.284688,-34.348249 -59.220653,-34.398939 -59.222955,-34.399774 -59.224933,-34.400060 -59.227218,-34.402811 -59.228846,-34.405283 -59.231131,-34.408033 -59.234737,-34.410792 -59.238996,-34.414375 -59.218282,-34.445010 -59.225038,-34.448431 -59.243885,-34.421792 -59.248330,-34.427958 -59.267863,-34.398811</coordinates></LinearRing></outerBoundaryIs></Polygon></Placemark>
<Placemark><name>MONSALVO,ANTONIO</name><styleUrl>#s</styleUrl><ExtendedData><Data name="carpeta"><value>30</value></Data><Data name="titular"><value>MONSALVO,ANTONIO</value></Data><Data name="edificado"><value>SI</value></Data><Data name="anio"><value>1861</value></Data><Data name="agrimensor"><value>PICO</value></Data><Data name="pc"><value>87</value></Data><Data name="ha"><value>3110.5</value></Data></ExtendedData><Polygon><outerBoundaryIs><LinearRing><coordinates>-59.375018,-34.329319 -59.370835,-34.326663 -59.368676,-34.328047 -59.364242,-34.325894 -59.363254,-34.326802 -59.346365,-34.318966 -59.253635,-34.391082 -59.279434,-34.403510 -59.375018,-34.329319</coordinates></LinearRing></outerBoundaryIs></Polygon></Placemark>
<Placemark><name>GUERRICO, PLACIDO (HEREDEROS)</name><styleUrl>#s</styleUrl><ExtendedData><Data name="carpeta"><value>29</value></Data><Data name="titular"><value>GUERRICO, PLACIDO (HEREDEROS)</value></Data><Data name="edificado"><value>SI</value></Data><Data name="anio"><value>1861</value></Data><Data name="agrimensor"><value>EGUÍA</value></Data><Data name="pc"><value>122</value></Data><Data name="ha"><value>4440.4</value></Data></ExtendedData><Polygon><outerBoundaryIs><LinearRing><coordinates>-59.543384,-34.351347 -59.506849,-34.378840 -59.540385,-34.409267 -59.531864,-34.416111 -59.562585,-34.443563 -59.607700,-34.408146 -59.543384,-34.351347</coordinates></LinearRing></outerBoundaryIs></Polygon></Placemark>
<Placemark><name>NORIEGA,MANUEL</name><styleUrl>#s</styleUrl><ExtendedData><Data name="carpeta"><value>28</value></Data><Data name="titular"><value>NORIEGA,MANUEL</value></Data><Data name="edificado"><value>NO</value></Data><Data name="anio"><value>1865</value></Data><Data name="agrimensor"><value>SAUBIDET</value></Data><Data name="pc"><value>59</value></Data><Data name="ha"><value>817.4</value></Data></ExtendedData><Polygon><outerBoundaryIs><LinearRing><coordinates>-59.469899,-34.495139 -59.458066,-34.490232 -59.419584,-34.543540 -59.430211,-34.548925 -59.469899,-34.495139</coordinates></LinearRing></outerBoundaryIs></Polygon></Placemark>
<Placemark><name>O´BRIEN,JUAN</name><styleUrl>#s</styleUrl><ExtendedData><Data name="carpeta"><value>27</value></Data><Data name="titular"><value>O´BRIEN,JUAN</value></Data><Data name="edificado"><value>SI</value></Data><Data name="anio"><value>1860</value></Data><Data name="agrimensor"><value>PICO</value></Data><Data name="pc"><value>86</value></Data><Data name="ha"><value>1210.2</value></Data></ExtendedData><Polygon><outerBoundaryIs><LinearRing><coordinates>-59.275407,-34.305856 -59.253868,-34.322175 -59.288597,-34.351955 -59.309038,-34.335262 -59.275407,-34.305856</coordinates></LinearRing></outerBoundaryIs></Polygon></Placemark>
<Placemark><name>MARTINES, JUSTINA</name><styleUrl>#s</styleUrl><ExtendedData><Data name="carpeta"><value>26</value></Data><Data name="titular"><value>MARTINES, JUSTINA</value></Data><Data name="edificado"><value>NO</value></Data><Data name="anio"><value>1860</value></Data><Data name="agrimensor"><value>PICO</value></Data><Data name="pc"><value>8</value></Data><Data name="ha"><value>652.2</value></Data></ExtendedData><Polygon><outerBoundaryIs><LinearRing><coordinates>-59.278231,-34.343138 -59.214720,-34.394035 -59.215888,-34.396720 -59.217860,-34.397553 -59.219583,-34.398590 -59.220653,-34.398939 -59.284688,-34.348249 -59.278231,-34.343138</coordinates></LinearRing></outerBoundaryIs></Polygon></Placemark>
<Placemark><name>MOONNEY, GUILLERMO</name><styleUrl>#s</styleUrl><ExtendedData><Data name="carpeta"><value>25</value></Data><Data name="titular"><value>MOONNEY, GUILLERMO</value></Data><Data name="edificado"><value>SI</value></Data><Data name="anio"><value>1858</value></Data><Data name="agrimensor"><value>EGUÍA</value></Data><Data name="pc"><value>32</value></Data><Data name="ha"><value>2057.5</value></Data></ExtendedData><Polygon><outerBoundaryIs><LinearRing><coordinates>-59.510537,-34.331710 -59.491049,-34.322266 -59.492804,-34.320137 -59.481692,-34.314105 -59.478908,-34.316077 -59.468977,-34.311442 -59.452462,-34.331160 -59.450228,-34.330223 -59.436982,-34.339183 -59.444026,-34.344121 -59.440144,-34.347551 -59.462694,-34.366566 -59.510537,-34.331710</coordinates></LinearRing></outerBoundaryIs></Polygon></Placemark>
<Placemark><name>GUTIERREZ, BERNARDO</name><styleUrl>#s</styleUrl><ExtendedData><Data name="carpeta"><value>24</value></Data><Data name="titular"><value>GUTIERREZ, BERNARDO</value></Data><Data name="edificado"><value>SI</value></Data><Data name="anio"><value>1859</value></Data><Data name="agrimensor"><value>SCHUSTER</value></Data><Data name="pc"><value>199</value></Data><Data name="ha"><value>13509.0</value></Data></ExtendedData><Polygon><outerBoundaryIs><LinearRing><coordinates>-59.768245,-34.453339 -59.677957,-34.405030 -59.677096,-34.400906 -59.673300,-34.399260 -59.646209,-34.418701 -59.630693,-34.405072 -59.629091,-34.407433 -59.625777,-34.410432 -59.625431,-34.413988 -59.624755,-34.417542 -59.623747,-34.421369 -59.623613,-34.424758 -59.607709,-34.436680 -59.614490,-34.442776 -59.593884,-34.458835 -59.648717,-34.505339 -59.665177,-34.491779 -59.724431,-34.543670 -59.767520,-34.509330 -59.734133,-34.479417 -59.768245,-34.453339</coordinates></LinearRing></outerBoundaryIs></Polygon></Placemark>
<Placemark><name>TORRES, LORENZO</name><styleUrl>#s</styleUrl><ExtendedData><Data name="carpeta"><value>23</value></Data><Data name="titular"><value>TORRES, LORENZO</value></Data><Data name="edificado"><value>SI</value></Data><Data name="anio"><value>1858</value></Data><Data name="agrimensor"><value>DIFFERT</value></Data><Data name="pc"><value>20</value></Data><Data name="ha"><value>780.6</value></Data></ExtendedData><Polygon><outerBoundaryIs><LinearRing><coordinates>-59.398012,-34.373476 -59.398461,-34.361731 -59.321531,-34.423821 -59.328356,-34.427896 -59.398012,-34.373476</coordinates></LinearRing></outerBoundaryIs></Polygon></Placemark>
<Placemark><name>WHEELER, PATRICIO</name><styleUrl>#s</styleUrl><ExtendedData><Data name="carpeta"><value>22</value></Data><Data name="titular"><value>WHEELER, PATRICIO</value></Data><Data name="edificado"><value>SI</value></Data><Data name="anio"><value>1858</value></Data><Data name="agrimensor"><value>DIFFERT</value></Data><Data name="pc"><value>61</value></Data><Data name="ha"><value>2090.2</value></Data></ExtendedData><Polygon><outerBoundaryIs><LinearRing><coordinates>-59.461955,-34.366904 -59.440144,-34.347551 -59.443785,-34.344916 -59.434602,-34.337176 -59.398985,-34.365480 -59.398915,-34.375329 -59.400535,-34.379441 -59.404473,-34.382469 -59.409369,-34.390154 -59.413965,-34.393733 -59.416575,-34.398122 -59.418780,-34.398990 -59.461955,-34.366904</coordinates></LinearRing></outerBoundaryIs></Polygon></Placemark>
<Placemark><name>ALENDE SOSA, DIONISIA</name><styleUrl>#s</styleUrl><ExtendedData><Data name="carpeta"><value>21</value></Data><Data name="titular"><value>ALENDE SOSA, DIONISIA</value></Data><Data name="edificado"><value>SI</value></Data><Data name="anio"><value>1858</value></Data><Data name="agrimensor"><value>DIFFERT</value></Data><Data name="pc"><value>49</value></Data><Data name="ha"><value>2189.3</value></Data></ExtendedData><Polygon><outerBoundaryIs><LinearRing><coordinates>-59.392332,-34.255868 -59.323185,-34.301975 -59.331790,-34.309782 -59.362201,-34.287215 -59.372292,-34.292989 -59.349140,-34.320102 -59.363698,-34.326557 -59.412500,-34.268180 -59.407911,-34.268945 -59.404949,-34.268384 -59.403315,-34.266461 -59.402342,-34.264267 -59.400049,-34.262341 -59.397746,-34.261782 -59.396770,-34.260136 -59.394483,-34.257389 -59.392332,-34.255868</coordinates></LinearRing></outerBoundaryIs></Polygon></Placemark>
<Placemark><name>MORGAN, EDUARDO</name><styleUrl>#s</styleUrl><ExtendedData><Data name="carpeta"><value>20</value></Data><Data name="titular"><value>MORGAN, EDUARDO</value></Data><Data name="edificado"><value>SI</value></Data><Data name="anio"><value>1856</value></Data><Data name="agrimensor"><value>KUHR</value></Data><Data name="pc"><value>33</value></Data><Data name="ha"><value>1709.9</value></Data></ExtendedData><Polygon><outerBoundaryIs><LinearRing><coordinates>-59.484013,-34.394841 -59.543384,-34.351347 -59.539236,-34.348868 -59.574729,-34.321621 -59.559565,-34.315335 -59.492962,-34.365415 -59.499901,-34.372500 -59.477994,-34.389090 -59.484013,-34.394841</coordinates></LinearRing></outerBoundaryIs></Polygon></Placemark>
<Placemark><name>ROCHA, ANTONIO</name><styleUrl>#s</styleUrl><ExtendedData><Data name="carpeta"><value>19</value></Data><Data name="titular"><value>ROCHA, ANTONIO</value></Data><Data name="edificado"><value>SI</value></Data><Data name="anio"><value>1839</value></Data><Data name="agrimensor"><value>EGUÍA</value></Data><Data name="pc"><value>213</value></Data><Data name="ha"><value>13008.4</value></Data></ExtendedData><Polygon><outerBoundaryIs><LinearRing><coordinates>-59.767823,-34.509561 -59.734133,-34.479417 -59.768441,-34.453626 -59.677957,-34.405030 -59.677096,-34.400906 -59.673300,-34.399260 -59.646209,-34.418701 -59.593884,-34.458835 -59.648717,-34.505339 -59.665177,-34.491779 -59.724431,-34.543670 -59.767823,-34.509561</coordinates></LinearRing></outerBoundaryIs></Polygon></Placemark>
<Placemark><name>SOSA, JOSE MARIA</name><styleUrl>#s</styleUrl><ExtendedData><Data name="carpeta"><value>18</value></Data><Data name="titular"><value>SOSA, JOSE MARIA</value></Data><Data name="edificado"><value>NO</value></Data><Data name="anio"><value>1838</value></Data><Data name="agrimensor"><value>HIDALGO</value></Data><Data name="pc"><value>24</value></Data><Data name="ha"><value>536.3</value></Data></ExtendedData><Polygon><outerBoundaryIs><LinearRing><coordinates>-59.346855,-34.318580 -59.405537,-34.268199 -59.404104,-34.266783 -59.403395,-34.265243 -59.401913,-34.263721 -59.400509,-34.262750 -59.342814,-34.313942 -59.346855,-34.318580</coordinates></LinearRing></outerBoundaryIs></Polygon></Placemark>
<Placemark><name>PIVIDAL, RAFAEL</name><styleUrl>#s</styleUrl><ExtendedData><Data name="carpeta"><value>17</value></Data><Data name="titular"><value>PIVIDAL, RAFAEL</value></Data><Data name="edificado"><value>SI</value></Data><Data name="anio"><value>1854</value></Data><Data name="agrimensor"><value>EGUÍA</value></Data><Data name="pc"><value>356</value></Data><Data name="ha"><value>1621.0</value></Data></ExtendedData><Polygon><outerBoundaryIs><LinearRing><coordinates>-59.449031,-34.433770 -59.447318,-34.431341 -59.446467,-34.429360 -59.445152,-34.427609 -59.443035,-34.425662 -59.441280,-34.423608 -59.440265,-34.421626 -59.439454,-34.419713 -59.438727,-34.417733 -59.436449,-34.414962 -59.434770,-34.412805 -59.379576,-34.454107 -59.405759,-34.467481 -59.417825,-34.458327 -59.417146,-34.457677 -59.449031,-34.433770</coordinates></LinearRing></outerBoundaryIs></Polygon></Placemark>
<Placemark><name>PIVIDAL, RAFAEL</name><styleUrl>#s</styleUrl><ExtendedData><Data name="carpeta"><value>17</value></Data><Data name="titular"><value>PIVIDAL, RAFAEL</value></Data><Data name="edificado"><value>SI</value></Data><Data name="anio"><value>1854</value></Data><Data name="agrimensor"><value>EGUÍA</value></Data><Data name="pc"><value>1428</value></Data><Data name="ha"><value>325.3</value></Data></ExtendedData><Polygon><outerBoundaryIs><LinearRing><coordinates>-59.454363,-34.442658 -59.414100,-34.473455 -59.420792,-34.476869 -59.457333,-34.448365 -59.456274,-34.446179 -59.456183,-34.445209 -59.455895,-34.444480 -59.454826,-34.443829 -59.454363,-34.442658</coordinates></LinearRing></outerBoundaryIs></Polygon></Placemark>
<Placemark><name>ECHEVERRIA, JOSE MARIA</name><styleUrl>#s</styleUrl><ExtendedData><Data name="carpeta"><value>15</value></Data><Data name="titular"><value>ECHEVERRIA, JOSE MARIA</value></Data><Data name="edificado"><value>SI</value></Data><Data name="anio"><value>1839</value></Data><Data name="agrimensor"><value>EGUÍA</value></Data><Data name="pc"><value>61</value></Data><Data name="ha"><value>3094.1</value></Data></ExtendedData><Polygon><outerBoundaryIs><LinearRing><coordinates>-59.648717,-34.505339 -59.606987,-34.469954 -59.562804,-34.506634 -59.605100,-34.540685 -59.648717,-34.505339</coordinates></LinearRing></outerBoundaryIs></Polygon></Placemark>
<Placemark><name>QUIROGA, HIPOLITO</name><styleUrl>#s</styleUrl><ExtendedData><Data name="carpeta"><value>13</value></Data><Data name="titular"><value>QUIROGA, HIPOLITO</value></Data><Data name="edificado"><value>NO</value></Data><Data name="anio"><value>1827</value></Data><Data name="agrimensor"><value>LEMOINE</value></Data><Data name="pc"><value>203</value></Data><Data name="ha"><value>13961.1</value></Data></ExtendedData><Polygon><outerBoundaryIs><LinearRing><coordinates>-59.767823,-34.509561 -59.734133,-34.479417 -59.768441,-34.453626 -59.677957,-34.405030 -59.677354,-34.391278 -59.593884,-34.458835 -59.648717,-34.505339 -59.657977,-34.497698 -59.716495,-34.549904 -59.767823,-34.509561</coordinates></LinearRing></outerBoundaryIs></Polygon></Placemark>
<Placemark><name>FERNANDEZ, CELEDONIO</name><styleUrl>#s</styleUrl><ExtendedData><Data name="carpeta"><value>12</value></Data><Data name="titular"><value>FERNANDEZ, CELEDONIO</value></Data><Data name="edificado"><value>SI</value></Data><Data name="anio"><value>1826</value></Data><Data name="agrimensor"><value>YSACH</value></Data><Data name="pc"><value>258</value></Data><Data name="ha"><value>4071.7</value></Data></ExtendedData><Polygon><outerBoundaryIs><LinearRing><coordinates>-59.646661,-34.418898 -59.622023,-34.397561 -59.553232,-34.450859 -59.562804,-34.506634 -59.606987,-34.469954 -59.593884,-34.458835 -59.646661,-34.418898</coordinates></LinearRing></outerBoundaryIs></Polygon></Placemark>
<Placemark><name>AGUIRRE, GUILLERMO</name><styleUrl>#s</styleUrl><ExtendedData><Data name="carpeta"><value>11</value></Data><Data name="titular"><value>AGUIRRE, GUILLERMO</value></Data><Data name="edificado"><value>SI</value></Data><Data name="anio"><value>1826</value></Data><Data name="agrimensor"><value>YSACH</value></Data><Data name="pc"><value>108</value></Data><Data name="ha"><value>3125.3</value></Data></ExtendedData><Polygon><outerBoundaryIs><LinearRing><coordinates>-59.553232,-34.450859 -59.497764,-34.490608 -59.474654,-34.486651 -59.491955,-34.504233 -59.518184,-34.519047 -59.564327,-34.513861 -59.553232,-34.450859</coordinates></LinearRing></outerBoundaryIs></Polygon></Placemark>
<Placemark><name>CARRASCO DE FIGUEROA, ISABEL</name><styleUrl>#s</styleUrl><ExtendedData><Data name="carpeta"><value>10</value></Data><Data name="titular"><value>CARRASCO DE FIGUEROA, ISABEL</value></Data><Data name="edificado"><value>SI</value></Data><Data name="anio"><value>1840</value></Data><Data name="agrimensor"><value>EGUÍA</value></Data><Data name="pc"><value>33</value></Data><Data name="ha"><value>1336.7</value></Data></ExtendedData><Polygon><outerBoundaryIs><LinearRing><coordinates>-59.404196,-34.307193 -59.386441,-34.329257 -59.386927,-34.333337 -59.388884,-34.335134 -59.390100,-34.338772 -59.391741,-34.341535 -59.392055,-34.345108 -59.393391,-34.347876 -59.395566,-34.351348 -59.396337,-34.356865 -59.440132,-34.325069 -59.404196,-34.307193</coordinates></LinearRing></outerBoundaryIs></Polygon></Placemark>
<Placemark><name>MALDONADO, FRANCISCO</name><styleUrl>#s</styleUrl><ExtendedData><Data name="carpeta"><value>9</value></Data><Data name="titular"><value>MALDONADO, FRANCISCO</value></Data><Data name="edificado"><value>SI</value></Data><Data name="anio"><value>1856</value></Data><Data name="agrimensor"><value>SCHUSTER</value></Data><Data name="pc"><value>24</value></Data><Data name="ha"><value>869.8</value></Data></ExtendedData><Polygon><outerBoundaryIs><LinearRing><coordinates>-59.320542,-34.370490 -59.278609,-34.404142 -59.294724,-34.412165 -59.333288,-34.381928 -59.320542,-34.370490</coordinates></LinearRing></outerBoundaryIs></Polygon></Placemark>
<Placemark><name>PIVIDAL, R Y GALEANO</name><styleUrl>#s</styleUrl><ExtendedData><Data name="carpeta"><value>8</value></Data><Data name="titular"><value>PIVIDAL, R Y GALEANO</value></Data><Data name="edificado"><value>NO</value></Data><Data name="anio"><value>1838</value></Data><Data name="agrimensor"><value>HIDALGO</value></Data><Data name="pc"><value>29</value></Data><Data name="ha"><value>1162.1</value></Data></ExtendedData><Polygon><outerBoundaryIs><LinearRing><coordinates>-59.343738,-34.390507 -59.359303,-34.403824 -59.398012,-34.373476 -59.397498,-34.367602 -59.398436,-34.361828 -59.396337,-34.356865 -59.395354,-34.350989 -59.343738,-34.390507</coordinates></LinearRing></outerBoundaryIs></Polygon></Placemark>
<Placemark><name>LAMADRID DE CASTRO, LORENZA</name><styleUrl>#s</styleUrl><ExtendedData><Data name="carpeta"><value>7</value></Data><Data name="titular"><value>LAMADRID DE CASTRO, LORENZA</value></Data><Data name="edificado"><value>SI</value></Data><Data name="anio"><value>1863</value></Data><Data name="agrimensor"><value>PICO</value></Data><Data name="pc"><value>1053</value></Data><Data name="ha"><value>1108.4</value></Data></ExtendedData><Polygon><outerBoundaryIs><LinearRing><coordinates>-59.272110,-34.400918 -59.235238,-34.453594 -59.250343,-34.461237 -59.287324,-34.409125 -59.272110,-34.400918</coordinates></LinearRing></outerBoundaryIs></Polygon></Placemark>
<Placemark><name>RIESTRA, ALVARO DE LA</name><styleUrl>#s</styleUrl><ExtendedData><Data name="carpeta"><value>6</value></Data><Data name="titular"><value>RIESTRA, ALVARO DE LA</value></Data><Data name="edificado"><value>SI</value></Data><Data name="anio"><value>1854</value></Data><Data name="agrimensor"><value>EGUÍA</value></Data><Data name="pc"><value>192</value></Data><Data name="ha"><value>1461.4</value></Data></ExtendedData><Polygon><outerBoundaryIs><LinearRing><coordinates>-59.309357,-34.416795 -59.395354,-34.350989 -59.394124,-34.348707 -59.392660,-34.346680 -59.392055,-34.345108 -59.391745,-34.342481 -59.391741,-34.341535 -59.390100,-34.338772 -59.297162,-34.410249 -59.300914,-34.412330 -59.303174,-34.412731 -59.309357,-34.416795</coordinates></LinearRing></outerBoundaryIs></Polygon></Placemark>
<Placemark><name>CASCO DE SARAVI, ANGELA</name><styleUrl>#s</styleUrl><ExtendedData><Data name="carpeta"><value>5</value></Data><Data name="titular"><value>CASCO DE SARAVI, ANGELA</value></Data><Data name="edificado"><value>SI</value></Data><Data name="anio"><value>1856</value></Data><Data name="agrimensor"><value>EGUÍA</value></Data><Data name="pc"><value>382</value></Data><Data name="ha"><value>2329.8</value></Data></ExtendedData><Polygon><outerBoundaryIs><LinearRing><coordinates>-59.454297,-34.440101 -59.454363,-34.442658 -59.455895,-34.444480 -59.456274,-34.446179 -59.457333,-34.448365 -59.458198,-34.450390 -59.458376,-34.453057 -59.460113,-34.455974 -59.462422,-34.460995 -59.465576,-34.463943 -59.540639,-34.409947 -59.521384,-34.392200 -59.454297,-34.440101</coordinates></LinearRing></outerBoundaryIs></Polygon></Placemark>
<Placemark><name>RODRIGUEZ, JOAQUIN</name><styleUrl>#s</styleUrl><ExtendedData><Data name="carpeta"><value>4</value></Data><Data name="titular"><value>RODRIGUEZ, JOAQUIN</value></Data><Data name="edificado"><value>SI</value></Data><Data name="anio"><value>1855</value></Data><Data name="agrimensor"><value>EGUÍA</value></Data><Data name="pc"><value>15</value></Data><Data name="ha"><value>317.7</value></Data></ExtendedData><Polygon><outerBoundaryIs><LinearRing><coordinates>-59.491393,-34.503598 -59.481741,-34.492883 -59.474654,-34.486651 -59.469376,-34.476385 -59.453951,-34.488180 -59.469914,-34.495038 -59.491393,-34.503598</coordinates></LinearRing></outerBoundaryIs></Polygon></Placemark>
<Placemark><name>ROMERO DE MONSALVO, PASCUALA</name><styleUrl>#s</styleUrl><ExtendedData><Data name="carpeta"><value>3</value></Data><Data name="titular"><value>ROMERO DE MONSALVO, PASCUALA</value></Data><Data name="edificado"><value>SI</value></Data><Data name="anio"><value>1838</value></Data><Data name="agrimensor"><value>EGUÍA</value></Data><Data name="pc"><value>97</value></Data><Data name="ha"><value>3116.6</value></Data></ExtendedData><Polygon><outerBoundaryIs><LinearRing><coordinates>-59.553232,-34.450859 -59.497764,-34.490608 -59.474654,-34.486651 -59.481498,-34.492621 -59.491955,-34.504233 -59.518184,-34.519047 -59.564327,-34.513861 -59.553232,-34.450859</coordinates></LinearRing></outerBoundaryIs></Polygon></Placemark>
<Placemark><name>MACONE, JORGE</name><styleUrl>#s</styleUrl><ExtendedData><Data name="carpeta"><value>2</value></Data><Data name="titular"><value>MACONE, JORGE</value></Data><Data name="edificado"><value>SI</value></Data><Data name="anio"><value>1846</value></Data><Data name="agrimensor"><value>PRAT</value></Data><Data name="pc"><value>6</value></Data><Data name="ha"><value>679.3</value></Data></ExtendedData><Polygon><outerBoundaryIs><LinearRing><coordinates>-59.462694,-34.366566 -59.510537,-34.331710 -59.498922,-34.326082 -59.453446,-34.358769 -59.462694,-34.366566</coordinates></LinearRing></outerBoundaryIs></Polygon></Placemark>
<Placemark><name>D. MARTINEZ Y J. MAIDANA</name><styleUrl>#s</styleUrl><ExtendedData><Data name="carpeta"><value>190</value></Data><Data name="titular"><value>D. MARTINEZ Y J. MAIDANA</value></Data><Data name="edificado"><value>SI</value></Data><Data name="anio"><value>1829</value></Data><Data name="agrimensor"><value>PRAT</value></Data><Data name="pc"><value>0</value></Data><Data name="ha"><value>5719.3</value></Data></ExtendedData><Polygon><outerBoundaryIs><LinearRing><coordinates>-59.524725,-34.597442 -59.570098,-34.563085 -59.601749,-34.538383 -59.562804,-34.506634 -59.563305,-34.513714 -59.518184,-34.519047 -59.479197,-34.568441 -59.506602,-34.581917 -59.524725,-34.597442</coordinates></LinearRing></outerBoundaryIs></Polygon></Placemark>
<Placemark><name>J. J. FIGUEROA Y ELINA FIGUEROA</name><styleUrl>#s</styleUrl><ExtendedData><Data name="carpeta"><value>189</value></Data><Data name="titular"><value>J. J. FIGUEROA Y ELINA FIGUEROA</value></Data><Data name="edificado"><value>SI</value></Data><Data name="anio"><value>1923</value></Data><Data name="agrimensor"><value>CAGNONI</value></Data><Data name="pc"><value>0</value></Data><Data name="ha"><value>1586.7</value></Data></ExtendedData><Polygon><outerBoundaryIs><LinearRing><coordinates>-59.437567,-34.326777 -59.445077,-34.333708 -59.450228,-34.330223 -59.452709,-34.331680 -59.466941,-34.314367 -59.439038,-34.300262 -59.432045,-34.308659 -59.423405,-34.304096 -59.427410,-34.297947 -59.416301,-34.292550 -59.404196,-34.307193 -59.386441,-34.329257 -59.386927,-34.333337 -59.388884,-34.335134 -59.389969,-34.338380 -59.391741,-34.341535 -59.419368,-34.314626 -59.427048,-34.318388 -59.440132,-34.325069 -59.437567,-34.326777</coordinates></LinearRing></outerBoundaryIs></Polygon></Placemark>
<Placemark><name>HEREDEROS T. GAYNOR, M LEAVY DE GAYNOR Y OTRO</name><styleUrl>#s</styleUrl><ExtendedData><Data name="carpeta"><value>188</value></Data><Data name="titular"><value>HEREDEROS T. GAYNOR, M LEAVY DE GAYNOR Y OTRO</value></Data><Data name="edificado"><value>SI</value></Data><Data name="anio"><value>1903</value></Data><Data name="agrimensor"><value>DOYLE</value></Data><Data name="pc"><value>0</value></Data><Data name="ha"><value>841.0</value></Data></ExtendedData><Polygon><outerBoundaryIs><LinearRing><coordinates>-59.469196,-34.532907 -59.452077,-34.523968 -59.448737,-34.528043 -59.446899,-34.524715 -59.425896,-34.551281 -59.446392,-34.562082 -59.467896,-34.534680 -59.469196,-34.532907</coordinates></LinearRing></outerBoundaryIs></Polygon></Placemark>
<Placemark><name>M GAYNOR Y HERED. CRISTOBAL GAYNOR</name><styleUrl>#s</styleUrl><ExtendedData><Data name="carpeta"><value>187</value></Data><Data name="titular"><value>M GAYNOR Y HERED. CRISTOBAL GAYNOR</value></Data><Data name="edificado"><value>SI</value></Data><Data name="anio"><value>1903</value></Data><Data name="agrimensor"><value>DOYLE</value></Data><Data name="pc"><value>0</value></Data><Data name="ha"><value>210.8</value></Data></ExtendedData><Polygon><outerBoundaryIs><LinearRing><coordinates>-59.469914,-34.495038 -59.464247,-34.492604 -59.444074,-34.518563 -59.449983,-34.521605 -59.469914,-34.495038</coordinates></LinearRing></outerBoundaryIs></Polygon></Placemark>
<Placemark><name>SUCESIÓN JOSÉ MONSALVO</name><styleUrl>#s</styleUrl><ExtendedData><Data name="carpeta"><value>185</value></Data><Data name="titular"><value>SUCESIÓN JOSÉ MONSALVO</value></Data><Data name="edificado"><value>NO</value></Data><Data name="anio"><value>1902</value></Data><Data name="agrimensor"><value>SABATHER</value></Data><Data name="pc"><value>0</value></Data><Data name="ha"><value>846.1</value></Data></ExtendedData><Polygon><outerBoundaryIs><LinearRing><coordinates>-59.535668,-34.516983 -59.554538,-34.514962 -59.547368,-34.471587 -59.528691,-34.473312 -59.535668,-34.516983</coordinates></LinearRing></outerBoundaryIs></Polygon></Placemark>
<Placemark><name>CATALINA W. DE CARRY</name><styleUrl>#s</styleUrl><ExtendedData><Data name="carpeta"><value>184</value></Data><Data name="titular"><value>CATALINA W. DE CARRY</value></Data><Data name="edificado"><value>NO</value></Data><Data name="anio"><value>1900</value></Data><Data name="agrimensor"><value>CASTELLANOS</value></Data><Data name="pc"><value>0</value></Data><Data name="ha"><value>497.5</value></Data></ExtendedData><Polygon><outerBoundaryIs><LinearRing><coordinates>-59.606987,-34.469954 -59.585054,-34.488168 -59.598432,-34.499421 -59.620219,-34.481179 -59.606987,-34.469954</coordinates></LinearRing></outerBoundaryIs></Polygon></Placemark>
<Placemark><name>TESTAMNTARIA N. O´DONNELL Y E. MURTHAG</name><styleUrl>#s</styleUrl><ExtendedData><Data name="carpeta"><value>183</value></Data><Data name="titular"><value>TESTAMNTARIA N. O´DONNELL Y E. MURTHAG</value></Data><Data name="edificado"><value>SI</value></Data><Data name="anio"><value>1899</value></Data><Data name="agrimensor"><value>WEIGEL</value></Data><Data name="pc"><value>45</value></Data><Data name="ha"><value>1588.6</value></Data></ExtendedData><Polygon><outerBoundaryIs><LinearRing><coordinates>-59.366493,-34.326987 -59.370479,-34.329220 -59.371893,-34.327739 -59.374951,-34.328972 -59.385206,-34.321451 -59.386441,-34.329257 -59.416301,-34.292550 -59.424255,-34.296414 -59.423169,-34.293605 -59.424114,-34.288918 -59.423827,-34.286391 -59.423025,-34.282814 -59.422575,-34.278698 -59.419948,-34.275114 -59.418747,-34.272834 -59.417365,-34.271529 -59.416983,-34.270156 -59.414863,-34.268702 -59.412218,-34.268227 -59.406734,-34.268722 -59.404373,-34.267706 -59.403616,-34.265723 -59.401457,-34.263523 -59.397239,-34.260926 -59.396610,-34.259945 -59.393922,-34.258172 -59.394480,-34.262288 -59.392034,-34.266356 -59.391702,-34.268454 -59.392109,-34.271767 -59.392125,-34.275556 -59.392236,-34.278227 -59.392528,-34.280735 -59.393243,-34.282092 -59.393399,-34.285739 -59.392158,-34.289016 -59.390865,-34.293593 -59.390542,-34.296117 -59.366493,-34.326987</coordinates></LinearRing></outerBoundaryIs></Polygon></Placemark>
<Placemark><name>HEREDEROS M. GUTIERREZ DE ALFONSIN</name><styleUrl>#s</styleUrl><ExtendedData><Data name="carpeta"><value>181</value></Data><Data name="titular"><value>HEREDEROS M. GUTIERREZ DE ALFONSIN</value></Data><Data name="edificado"><value>SI</value></Data><Data name="anio"><value>1899</value></Data><Data name="agrimensor"><value>MEINEKE</value></Data><Data name="pc"><value>0</value></Data><Data name="ha"><value>1962.4</value></Data></ExtendedData><Polygon><outerBoundaryIs><LinearRing><coordinates>-59.726459,-34.493922 -59.687337,-34.459262 -59.661628,-34.480550 -59.670224,-34.487913 -59.665177,-34.491779 -59.695222,-34.517600 -59.726459,-34.493922</coordinates></LinearRing></outerBoundaryIs></Polygon></Placemark>
<Placemark><name>SUSANA CASCO DE SOSA</name><styleUrl>#s</styleUrl><ExtendedData><Data name="carpeta"><value>180</value></Data><Data name="titular"><value>SUSANA CASCO DE SOSA</value></Data><Data name="edificado"><value>NO</value></Data><Data name="anio"><value>1899</value></Data><Data name="agrimensor"><value>GUEVARA</value></Data><Data name="pc"><value>0</value></Data><Data name="ha"><value>424.4</value></Data></ExtendedData><Polygon><outerBoundaryIs><LinearRing><coordinates>-59.484013,-34.394852 -59.477884,-34.388793 -59.438923,-34.418267 -59.440136,-34.421323 -59.440076,-34.422308 -59.439743,-34.423044 -59.440349,-34.423552 -59.440721,-34.424039 -59.440787,-34.424661 -59.441651,-34.425131 -59.441904,-34.425850 -59.484013,-34.394852</coordinates></LinearRing></outerBoundaryIs></Polygon></Placemark>
<Placemark><name>MARIA MURRAY DE MOONEY</name><styleUrl>#s</styleUrl><ExtendedData><Data name="carpeta"><value>179</value></Data><Data name="titular"><value>MARIA MURRAY DE MOONEY</value></Data><Data name="edificado"><value>SI</value></Data><Data name="anio"><value>1898</value></Data><Data name="agrimensor"><value>KLAPPENBACH</value></Data><Data name="pc"><value>0</value></Data><Data name="ha"><value>2050.9</value></Data></ExtendedData><Polygon><outerBoundaryIs><LinearRing><coordinates>-59.510537,-34.331710 -59.491049,-34.322266 -59.492804,-34.320137 -59.481243,-34.314434 -59.478908,-34.316077 -59.468977,-34.311442 -59.452714,-34.331492 -59.450228,-34.330223 -59.436982,-34.339183 -59.443785,-34.344916 -59.440144,-34.347551 -59.462694,-34.366566 -59.510537,-34.331710</coordinates></LinearRing></outerBoundaryIs></Polygon></Placemark>
<Placemark><name>GUILLERMO ACUÑA</name><styleUrl>#s</styleUrl><ExtendedData><Data name="carpeta"><value>174</value></Data><Data name="titular"><value>GUILLERMO ACUÑA</value></Data><Data name="edificado"><value>SI</value></Data><Data name="anio"><value>1897</value></Data><Data name="agrimensor"><value>MEINEKE</value></Data><Data name="pc"><value>0</value></Data><Data name="ha"><value>431.7</value></Data></ExtendedData><Polygon><outerBoundaryIs><LinearRing><coordinates>-59.480022,-34.560284 -59.456460,-34.549159 -59.447502,-34.562584 -59.470389,-34.574254 -59.480022,-34.560284</coordinates></LinearRing></outerBoundaryIs></Polygon></Placemark>
<Placemark><name>PETRONA DIAZ DE GONZALEZ</name><styleUrl>#s</styleUrl><ExtendedData><Data name="carpeta"><value>173</value></Data><Data name="titular"><value>PETRONA DIAZ DE GONZALEZ</value></Data><Data name="edificado"><value>SI</value></Data><Data name="anio"><value>1896</value></Data><Data name="agrimensor"><value>MEINEKE</value></Data><Data name="pc"><value>0</value></Data><Data name="ha"><value>163.7</value></Data></ExtendedData><Polygon><outerBoundaryIs><LinearRing><coordinates>-59.362403,-34.445323 -59.360294,-34.444244 -59.319795,-34.497799 -59.322017,-34.498927 -59.362403,-34.445323</coordinates></LinearRing></outerBoundaryIs></Polygon></Placemark>
<Placemark><name>JOSÉ MANUEL DOBARRO</name><styleUrl>#s</styleUrl><ExtendedData><Data name="carpeta"><value>172</value></Data><Data name="titular"><value>JOSÉ MANUEL DOBARRO</value></Data><Data name="edificado"><value>NO</value></Data><Data name="anio"><value>1896</value></Data><Data name="agrimensor"><value>BOURDET</value></Data><Data name="pc"><value>0</value></Data><Data name="ha"><value>215.1</value></Data></ExtendedData><Polygon><outerBoundaryIs><LinearRing><coordinates>-59.247778,-34.427410 -59.243885,-34.421792 -59.225038,-34.448431 -59.231563,-34.451734 -59.247778,-34.427410</coordinates></LinearRing></outerBoundaryIs></Polygon></Placemark>
<Placemark><name>JOSÉ MANUEL DOBARRO</name><styleUrl>#s</styleUrl><ExtendedData><Data name="carpeta"><value>172</value></Data><Data name="titular"><value>JOSÉ MANUEL DOBARRO</value></Data><Data name="edificado"><value>NO</value></Data><Data name="anio"><value>1896</value></Data><Data name="agrimensor"><value>BOURDET</value></Data><Data name="pc"><value>0</value></Data><Data name="ha"><value>66.9</value></Data></ExtendedData><Polygon><outerBoundaryIs><LinearRing><coordinates>-59.252271,-34.433482 -59.250978,-34.431116 -59.235238,-34.453594 -59.237498,-34.454738 -59.252271,-34.433482</coordinates></LinearRing></outerBoundaryIs></Polygon></Placemark>
<Placemark><name>PABLO BUSTOS</name><styleUrl>#s</styleUrl><ExtendedData><Data name="carpeta"><value>171</value></Data><Data name="titular"><value>PABLO BUSTOS</value></Data><Data name="edificado"><value>SI</value></Data><Data name="anio"><value>1896</value></Data><Data name="agrimensor"><value>SPOTTI</value></Data><Data name="pc"><value>0</value></Data><Data name="ha"><value>1187.4</value></Data></ExtendedData><Polygon><outerBoundaryIs><LinearRing><coordinates>-59.590484,-34.421666 -59.557020,-34.447904 -59.572520,-34.461353 -59.566111,-34.466616 -59.574736,-34.473768 -59.597672,-34.455507 -59.588697,-34.447645 -59.605377,-34.434764 -59.590484,-34.421666</coordinates></LinearRing></outerBoundaryIs></Polygon></Placemark>
<Placemark><name>MARÍA C. DE CAREY</name><styleUrl>#s</styleUrl><ExtendedData><Data name="carpeta"><value>170</value></Data><Data name="titular"><value>MARÍA C. DE CAREY</value></Data><Data name="edificado"><value>NO</value></Data><Data name="anio"><value>1895</value></Data><Data name="agrimensor"><value>ARANGUREN</value></Data><Data name="pc"><value>0</value></Data><Data name="ha"><value>1168.6</value></Data></ExtendedData><Polygon><outerBoundaryIs><LinearRing><coordinates>-59.593884,-34.458835 -59.574736,-34.473768 -59.554391,-34.456893 -59.562804,-34.506634 -59.606987,-34.469954 -59.593884,-34.458835</coordinates></LinearRing></outerBoundaryIs></Polygon></Placemark>
<Placemark><name>BAUTISTA YRIBERRY Y MARIANA CAMADRO</name><styleUrl>#s</styleUrl><ExtendedData><Data name="carpeta"><value>166</value></Data><Data name="titular"><value>BAUTISTA YRIBERRY Y MARIANA CAMADRO</value></Data><Data name="edificado"><value>SI</value></Data><Data name="anio"><value>1894</value></Data><Data name="agrimensor"><value>ORLANDINI</value></Data><Data name="pc"><value>0</value></Data><Data name="ha"><value>729.9</value></Data></ExtendedData><Polygon><outerBoundaryIs><LinearRing><coordinates>-59.757675,-34.447850 -59.733811,-34.435042 -59.712978,-34.450245 -59.730883,-34.467235 -59.757675,-34.447850</coordinates></LinearRing></outerBoundaryIs></Polygon></Placemark>
<Placemark><name>HERACLIO HILLNER Y AGUSTIN SINTAS</name><styleUrl>#s</styleUrl><ExtendedData><Data name="carpeta"><value>165</value></Data><Data name="titular"><value>HERACLIO HILLNER Y AGUSTIN SINTAS</value></Data><Data name="edificado"><value>SI</value></Data><Data name="anio"><value>1893</value></Data><Data name="agrimensor"><value>CHAPEAUROUGE</value></Data><Data name="pc"><value>0</value></Data><Data name="ha"><value>883.3</value></Data></ExtendedData><Polygon><outerBoundaryIs><LinearRing><coordinates>-59.293847,-34.412854 -59.333288,-34.381928 -59.320542,-34.370490 -59.298798,-34.387708 -59.278609,-34.404142 -59.293847,-34.412854</coordinates></LinearRing></outerBoundaryIs></Polygon></Placemark>
<Placemark><name>FERNANDO DIAZ</name><styleUrl>#s</styleUrl><ExtendedData><Data name="carpeta"><value>164</value></Data><Data name="titular"><value>FERNANDO DIAZ</value></Data><Data name="edificado"><value>SI</value></Data><Data name="anio"><value>1892</value></Data><Data name="agrimensor"><value>ARANGUREN</value></Data><Data name="pc"><value>0</value></Data><Data name="ha"><value>773.0</value></Data></ExtendedData><Polygon><outerBoundaryIs><LinearRing><coordinates>-59.388274,-34.469991 -59.372084,-34.461833 -59.349336,-34.491673 -59.369946,-34.502063 -59.380625,-34.487956 -59.376650,-34.485938 -59.388274,-34.469991</coordinates></LinearRing></outerBoundaryIs></Polygon></Placemark>
<Placemark><name>HIPOLITO MOREYRA Y FELICIANA ORMAECHEA</name><styleUrl>#s</styleUrl><ExtendedData><Data name="carpeta"><value>163</value></Data><Data name="titular"><value>HIPOLITO MOREYRA Y FELICIANA ORMAECHEA</value></Data><Data name="edificado"><value>NO</value></Data><Data name="anio"><value>1892</value></Data><Data name="agrimensor"><value>KLAPPENBACH</value></Data><Data name="pc"><value>0</value></Data><Data name="ha"><value>41.2</value></Data></ExtendedData><Polygon><outerBoundaryIs><LinearRing><coordinates>-59.293847,-34.412854 -59.289955,-34.410629 -59.286242,-34.415904 -59.295622,-34.419849 -59.296963,-34.417944 -59.291890,-34.415858 -59.293847,-34.412854</coordinates></LinearRing></outerBoundaryIs></Polygon></Placemark>
<Placemark><name>DIONISIA ALEM DE SOSA</name><styleUrl>#s</styleUrl><ExtendedData><Data name="carpeta"><value>162</value></Data><Data name="titular"><value>DIONISIA ALEM DE SOSA</value></Data><Data name="edificado"><value>SI</value></Data><Data name="anio"><value>1891</value></Data><Data name="agrimensor"><value>SAUBERAN</value></Data><Data name="pc"><value>0</value></Data><Data name="ha"><value>874.2</value></Data></ExtendedData><Polygon><outerBoundaryIs><LinearRing><coordinates>-59.392332,-34.255868 -59.325497,-34.300247 -59.336984,-34.305943 -59.392573,-34.270038 -59.391955,-34.266248 -59.393069,-34.264345 -59.394735,-34.262426 -59.394439,-34.259876 -59.394353,-34.258501 -59.392332,-34.255868</coordinates></LinearRing></outerBoundaryIs></Polygon></Placemark>
<Placemark><name>FELIPE FIGUEROA</name><styleUrl>#s</styleUrl><ExtendedData><Data name="carpeta"><value>161</value></Data><Data name="titular"><value>FELIPE FIGUEROA</value></Data><Data name="edificado"><value>SI</value></Data><Data name="anio"><value>1857</value></Data><Data name="agrimensor"><value>KUHR</value></Data><Data name="pc"><value>0</value></Data><Data name="ha"><value>1061.3</value></Data></ExtendedData><Polygon><outerBoundaryIs><LinearRing><coordinates>-59.466904,-34.314389 -59.438903,-34.299962 -59.432058,-34.308624 -59.423088,-34.304051 -59.427704,-34.297829 -59.415805,-34.292607 -59.404196,-34.307193 -59.452714,-34.331492 -59.466904,-34.314389</coordinates></LinearRing></outerBoundaryIs></Polygon></Placemark>
<Placemark><name>SUCESIÓN JUAN ORMAECHEA Y VICTORIA REYES</name><styleUrl>#s</styleUrl><ExtendedData><Data name="carpeta"><value>160</value></Data><Data name="titular"><value>SUCESIÓN JUAN ORMAECHEA Y VICTORIA REYES</value></Data><Data name="edificado"><value>NO</value></Data><Data name="anio"><value>1891</value></Data><Data name="agrimensor"><value>KLAPPENBACH</value></Data><Data name="pc"><value>0</value></Data><Data name="ha"><value>677.5</value></Data></ExtendedData><Polygon><outerBoundaryIs><LinearRing><coordinates>-59.300914,-34.412330 -59.297162,-34.410249 -59.293847,-34.412854 -59.289955,-34.410629 -59.253006,-34.462584 -59.261657,-34.468070 -59.300914,-34.412330</coordinates></LinearRing></outerBoundaryIs></Polygon></Placemark>
<Placemark><name>TESTAMENTARIA MERCEDES DE LA TORRE DE BUTTERFILL</name><styleUrl>#s</styleUrl><ExtendedData><Data name="carpeta"><value>159</value></Data><Data name="titular"><value>TESTAMENTARIA MERCEDES DE LA TORRE DE BUTTERFILL</value></Data><Data name="edificado"><value>SI</value></Data><Data name="anio"><value>1891</value></Data><Data name="agrimensor"><value>ORLANDINI</value></Data><Data name="pc"><value>0</value></Data><Data name="ha"><value>1733.9</value></Data></ExtendedData><Polygon><outerBoundaryIs><LinearRing><coordinates>-59.553232,-34.450859 -59.547069,-34.455666 -59.535446,-34.445152 -59.508542,-34.463904 -59.504917,-34.460980 -59.473230,-34.483658 -59.474654,-34.486651 -59.481498,-34.492621 -59.485578,-34.497023 -59.497764,-34.490608 -59.519544,-34.474892 -59.525109,-34.480603 -59.529767,-34.480272 -59.528675,-34.473409 -59.556738,-34.470775 -59.553232,-34.450859</coordinates></LinearRing></outerBoundaryIs></Polygon></Placemark>
<Placemark><name>LUIS VERNET</name><styleUrl>#s</styleUrl><ExtendedData><Data name="carpeta"><value>158</value></Data><Data name="titular"><value>LUIS VERNET</value></Data><Data name="edificado"><value>SI</value></Data><Data name="anio"><value>1891</value></Data><Data name="agrimensor"><value>MONTEVERDE</value></Data><Data name="pc"><value>0</value></Data><Data name="ha"><value>137.5</value></Data></ExtendedData><Polygon><outerBoundaryIs><LinearRing><coordinates>-59.429722,-34.548614 -59.407098,-34.537263 -59.403664,-34.541618 -59.410656,-34.545661 -59.427158,-34.552213 -59.429722,-34.548614</coordinates></LinearRing></outerBoundaryIs></Polygon></Placemark>
<Placemark><name>DIONISIO ACUÑA</name><styleUrl>#s</styleUrl><ExtendedData><Data name="carpeta"><value>157</value></Data><Data name="titular"><value>DIONISIO ACUÑA</value></Data><Data name="edificado"><value>SI</value></Data><Data name="anio"><value>1890</value></Data><Data name="agrimensor"><value>ARANGUREN</value></Data><Data name="pc"><value>0</value></Data><Data name="ha"><value>221.7</value></Data></ExtendedData><Polygon><outerBoundaryIs><LinearRing><coordinates>-59.382906,-34.492426 -59.362505,-34.519465 -59.368480,-34.522494 -59.388558,-34.495336 -59.382906,-34.492426</coordinates></LinearRing></outerBoundaryIs></Polygon></Placemark>
<Placemark><name>OOSTENDORP Y CIA.</name><styleUrl>#s</styleUrl><ExtendedData><Data name="carpeta"><value>156</value></Data><Data name="titular"><value>OOSTENDORP Y CIA.</value></Data><Data name="edificado"><value>NO</value></Data><Data name="anio"><value>1890</value></Data><Data name="agrimensor"><value>MUÑIZ</value></Data><Data name="pc"><value>0</value></Data><Data name="ha"><value>428.1</value></Data></ExtendedData><Polygon><outerBoundaryIs><LinearRing><coordinates>-59.658551,-34.477914 -59.636921,-34.495341 -59.648717,-34.505339 -59.670224,-34.487913 -59.658551,-34.477914</coordinates></LinearRing></outerBoundaryIs></Polygon></Placemark>
<Placemark><name>SILVIO SOSA</name><styleUrl>#s</styleUrl><ExtendedData><Data name="carpeta"><value>155</value></Data><Data name="titular"><value>SILVIO SOSA</value></Data><Data name="edificado"><value>NO</value></Data><Data name="anio"><value>1890</value></Data><Data name="agrimensor"><value>VARANGOT</value></Data><Data name="pc"><value>0</value></Data><Data name="ha"><value>329.5</value></Data></ExtendedData><Polygon><outerBoundaryIs><LinearRing><coordinates>-59.392100,-34.268805 -59.361244,-34.286966 -59.372292,-34.292989 -59.393966,-34.279479 -59.393513,-34.277013 -59.393305,-34.275124 -59.392573,-34.270038 -59.392100,-34.268805</coordinates></LinearRing></outerBoundaryIs></Polygon></Placemark>
<Placemark><name>TESTAMENTARIA MAURICIO DUARTE DE RODRIGUEZ</name><styleUrl>#s</styleUrl><ExtendedData><Data name="carpeta"><value>154</value></Data><Data name="titular"><value>TESTAMENTARIA MAURICIO DUARTE DE RODRIGUEZ</value></Data><Data name="edificado"><value>NO</value></Data><Data name="anio"><value>1890</value></Data><Data name="agrimensor"><value>ORLANDINI</value></Data><Data name="pc"><value>0</value></Data><Data name="ha"><value>438.4</value></Data></ExtendedData><Polygon><outerBoundaryIs><LinearRing><coordinates>-59.372746,-34.407542 -59.366241,-34.401886 -59.339740,-34.422700 -59.337352,-34.420901 -59.328356,-34.427896 -59.340596,-34.434163 -59.363217,-34.416491 -59.362246,-34.415442 -59.372746,-34.407542</coordinates></LinearRing></outerBoundaryIs></Polygon></Placemark>
<Placemark><name>HEREDEROS PATRICIO KELLY</name><styleUrl>#s</styleUrl><ExtendedData><Data name="carpeta"><value>153</value></Data><Data name="titular"><value>HEREDEROS PATRICIO KELLY</value></Data><Data name="edificado"><value>SI</value></Data><Data name="anio"><value>1889</value></Data><Data name="agrimensor"><value>ARANGUREN</value></Data><Data name="pc"><value>0</value></Data><Data name="ha"><value>533.6</value></Data></ExtendedData><Polygon><outerBoundaryIs><LinearRing><coordinates>-59.562804,-34.506634 -59.564327,-34.513861 -59.531601,-34.517483 -59.561568,-34.533532 -59.579431,-34.520024 -59.562804,-34.506634</coordinates></LinearRing></outerBoundaryIs></Polygon></Placemark>
<Placemark><name>PETRONA GUTIERREZ DE MOLINA</name><styleUrl>#s</styleUrl><ExtendedData><Data name="carpeta"><value>152</value></Data><Data name="titular"><value>PETRONA GUTIERREZ DE MOLINA</value></Data><Data name="edificado"><value>NO</value></Data><Data name="anio"><value>1889</value></Data><Data name="agrimensor"><value>MUÑIZ</value></Data><Data name="pc"><value>0</value></Data><Data name="ha"><value>934.6</value></Data></ExtendedData><Polygon><outerBoundaryIs><LinearRing><coordinates>-59.733811,-34.435042 -59.719252,-34.427223 -59.704117,-34.438410 -59.713220,-34.446989 -59.691480,-34.462616 -59.710111,-34.479362 -59.722857,-34.469807 -59.724909,-34.471556 -59.730883,-34.467235 -59.712978,-34.450245 -59.733811,-34.435042</coordinates></LinearRing></outerBoundaryIs></Polygon></Placemark>
<Placemark><name>EDUARDO Y MARÍA TORMEY</name><styleUrl>#s</styleUrl><ExtendedData><Data name="carpeta"><value>151</value></Data><Data name="titular"><value>EDUARDO Y MARÍA TORMEY</value></Data><Data name="edificado"><value>SI</value></Data><Data name="anio"><value>1885</value></Data><Data name="agrimensor"><value>GLADE</value></Data><Data name="pc"><value>0</value></Data><Data name="ha"><value>4820.2</value></Data></ExtendedData><Polygon><outerBoundaryIs><LinearRing><coordinates>-59.256610,-34.324254 -59.193661,-34.371086 -59.197801,-34.374229 -59.201370,-34.379423 -59.205892,-34.384671 -59.207632,-34.387929 -59.208945,-34.389659 -59.211933,-34.389954 -59.214720,-34.394035 -59.218026,-34.397648 -59.220570,-34.399451 -59.225412,-34.400599 -59.230938,-34.407271 -59.235489,-34.410994 -59.236642,-34.409304 -59.241019,-34.411594 -59.239635,-34.413722 -59.241640,-34.418385 -59.247778,-34.427410 -59.267863,-34.398811 -59.263886,-34.396838 -59.253635,-34.391082 -59.293137,-34.359609 -59.286200,-34.353880 -59.288597,-34.351955 -59.263788,-34.329698 -59.256610,-34.324254</coordinates></LinearRing></outerBoundaryIs></Polygon></Placemark>
<Placemark><name>GERONIMA SOSA DE LACARRA</name><styleUrl>#s</styleUrl><ExtendedData><Data name="carpeta"><value>150</value></Data><Data name="titular"><value>GERONIMA SOSA DE LACARRA</value></Data><Data name="edificado"><value>SI</value></Data><Data name="anio"><value>1888</value></Data><Data name="agrimensor"><value>MEINEKE</value></Data><Data name="pc"><value>471</value></Data><Data name="ha"><value>2753.2</value></Data></ExtendedData><Polygon><outerBoundaryIs><LinearRing><coordinates>-59.375868,-34.239243 -59.300917,-34.264903 -59.308432,-34.285573 -59.323786,-34.301307 -59.392378,-34.255839 -59.390356,-34.252594 -59.386337,-34.249216 -59.383843,-34.247299 -59.380776,-34.244728 -59.377835,-34.244651 -59.375571,-34.240830 -59.375868,-34.239243</coordinates></LinearRing></outerBoundaryIs></Polygon></Placemark>
<Placemark><name>MARCELINA MONSALVO</name><styleUrl>#s</styleUrl><ExtendedData><Data name="carpeta"><value>149</value></Data><Data name="titular"><value>MARCELINA MONSALVO</value></Data><Data name="edificado"><value>NO</value></Data><Data name="anio"><value>1887</value></Data><Data name="agrimensor"><value>DILLON</value></Data><Data name="pc"><value>0</value></Data><Data name="ha"><value>219.4</value></Data></ExtendedData><Polygon><outerBoundaryIs><LinearRing><coordinates>-59.301594,-34.385432 -59.290266,-34.375642 -59.278754,-34.384894 -59.290479,-34.394481 -59.301594,-34.385432</coordinates></LinearRing></outerBoundaryIs></Polygon></Placemark>
<Placemark><name>FORTUNATA PORCEL DE PONCE Y HIJOS GAYETANO Y GUAD.</name><styleUrl>#s</styleUrl><ExtendedData><Data name="carpeta"><value>148</value></Data><Data name="titular"><value>FORTUNATA PORCEL DE PONCE Y HIJOS GAYETANO Y GUAD.</value></Data><Data name="edificado"><value>SI</value></Data><Data name="anio"><value>1886</value></Data><Data name="agrimensor"><value>PALACIOS</value></Data><Data name="pc"><value>0</value></Data><Data name="ha"><value>255.6</value></Data></ExtendedData><Polygon><outerBoundaryIs><LinearRing><coordinates>-59.462694,-34.366566 -59.460271,-34.364524 -59.447592,-34.373924 -59.444144,-34.371178 -59.428636,-34.383037 -59.431401,-34.385589 -59.415968,-34.397463 -59.416483,-34.398161 -59.417383,-34.398847 -59.418843,-34.399042 -59.448447,-34.377016 -59.462694,-34.366566</coordinates></LinearRing></outerBoundaryIs></Polygon></Placemark>
<Placemark><name>MELITON Y TORIBIO RODRIGUEZ</name><styleUrl>#s</styleUrl><ExtendedData><Data name="carpeta"><value>147</value></Data><Data name="titular"><value>MELITON Y TORIBIO RODRIGUEZ</value></Data><Data name="edificado"><value>SI</value></Data><Data name="anio"><value>1886</value></Data><Data name="agrimensor"><value>ORLANDINI</value></Data><Data name="pc"><value>0</value></Data><Data name="ha"><value>233.1</value></Data></ExtendedData><Polygon><outerBoundaryIs><LinearRing><coordinates>-59.398012,-34.373476 -59.337352,-34.420901 -59.339740,-34.422700 -59.399134,-34.376554 -59.398012,-34.373476</coordinates></LinearRing></outerBoundaryIs></Polygon></Placemark>
<Placemark><name>BERNARDINO RODRIGUEZ</name><styleUrl>#s</styleUrl><ExtendedData><Data name="carpeta"><value>146</value></Data><Data name="titular"><value>BERNARDINO RODRIGUEZ</value></Data><Data name="edificado"><value>SI</value></Data><Data name="anio"><value>1886</value></Data><Data name="agrimensor"><value>ORLANDINI</value></Data><Data name="pc"><value>0</value></Data><Data name="ha"><value>473.1</value></Data></ExtendedData><Polygon><outerBoundaryIs><LinearRing><coordinates>-59.339740,-34.422700 -59.330482,-34.428985 -59.340596,-34.434163 -59.363217,-34.416491 -59.362246,-34.415442 -59.378633,-34.403112 -59.371911,-34.397430 -59.339740,-34.422700</coordinates></LinearRing></outerBoundaryIs></Polygon></Placemark>
<Placemark><name>FERNANDO PELÁEZ</name><styleUrl>#s</styleUrl><ExtendedData><Data name="carpeta"><value>144</value></Data><Data name="titular"><value>FERNANDO PELÁEZ</value></Data><Data name="edificado"><value>SI</value></Data><Data name="anio"><value>1886</value></Data><Data name="agrimensor"><value>ORLANDINI</value></Data><Data name="pc"><value>0</value></Data><Data name="ha"><value>555.1</value></Data></ExtendedData><Polygon><outerBoundaryIs><LinearRing><coordinates>-59.375870,-34.420185 -59.383997,-34.426776 -59.408587,-34.408277 -59.417634,-34.416078 -59.430739,-34.406649 -59.429174,-34.404931 -59.428008,-34.402954 -59.426002,-34.401479 -59.423336,-34.400478 -59.420788,-34.400159 -59.419189,-34.399333 -59.417383,-34.398847 -59.407563,-34.406009 -59.401960,-34.400830 -59.375870,-34.420185</coordinates></LinearRing></outerBoundaryIs></Polygon></Placemark>
<Placemark><name>MARCELINO J. ORTIZ</name><styleUrl>#s</styleUrl><ExtendedData><Data name="carpeta"><value>143</value></Data><Data name="titular"><value>MARCELINO J. ORTIZ</value></Data><Data name="edificado"><value>NO</value></Data><Data name="anio"><value>1886</value></Data><Data name="agrimensor"><value>ALMEIRA</value></Data><Data name="pc"><value>0</value></Data><Data name="ha"><value>141.7</value></Data></ExtendedData><MultiGeometry><Polygon><outerBoundaryIs><LinearRing><coordinates>-59.276763,-34.386494 -59.288511,-34.396083 -59.290479,-34.394481 -59.278768,-34.384882 -59.276763,-34.386494</coordinates></LinearRing></outerBoundaryIs></Polygon><Polygon><outerBoundaryIs><LinearRing><coordinates>-59.270110,-34.377960 -59.278768,-34.384882 -59.285847,-34.379194 -59.277639,-34.371961 -59.270110,-34.377960</coordinates></LinearRing></outerBoundaryIs></Polygon></MultiGeometry></Placemark>
<Placemark><name>BENJAMIN A SILVA</name><styleUrl>#s</styleUrl><ExtendedData><Data name="carpeta"><value>142</value></Data><Data name="titular"><value>BENJAMIN A SILVA</value></Data><Data name="edificado"><value>SI</value></Data><Data name="anio"><value>1885</value></Data><Data name="agrimensor"><value>PALACIOS</value></Data><Data name="pc"><value>0</value></Data><Data name="ha"><value>286.9</value></Data></ExtendedData><Polygon><outerBoundaryIs><LinearRing><coordinates>-59.299088,-34.449681 -59.278887,-34.477022 -59.286556,-34.480919 -59.306288,-34.453640 -59.299088,-34.449681</coordinates></LinearRing></outerBoundaryIs></Polygon></Placemark>
<Placemark><name>TOMÁS GAYNOR</name><styleUrl>#s</styleUrl><ExtendedData><Data name="carpeta"><value>141</value></Data><Data name="titular"><value>TOMÁS GAYNOR</value></Data><Data name="edificado"><value>SI</value></Data><Data name="anio"><value>1885</value></Data><Data name="agrimensor"><value>CASTRO</value></Data><Data name="pc"><value>30</value></Data><Data name="ha"><value>848.3</value></Data></ExtendedData><Polygon><outerBoundaryIs><LinearRing><coordinates>-59.469285,-34.532934 -59.452102,-34.523839 -59.448710,-34.528159 -59.446898,-34.524566 -59.426428,-34.551843 -59.447146,-34.562403 -59.469285,-34.532934</coordinates></LinearRing></outerBoundaryIs></Polygon></Placemark>
<Placemark><name>TOMÁS GAYNOR</name><styleUrl>#s</styleUrl><ExtendedData><Data name="carpeta"><value>140</value></Data><Data name="titular"><value>TOMÁS GAYNOR</value></Data><Data name="edificado"><value>SI</value></Data><Data name="anio"><value>1885</value></Data><Data name="agrimensor"><value>CASTRO</value></Data><Data name="pc"><value>0</value></Data><Data name="ha"><value>333.0</value></Data></ExtendedData><Polygon><outerBoundaryIs><LinearRing><coordinates>-59.701445,-34.561721 -59.681227,-34.543412 -59.671454,-34.551105 -59.692083,-34.569069 -59.701445,-34.561721</coordinates></LinearRing></outerBoundaryIs></Polygon></Placemark>
<Placemark><name>DENUNCIADO SOBRANTE POR JUAN ABADIE</name><styleUrl>#s</styleUrl><ExtendedData><Data name="carpeta"><value>139</value></Data><Data name="titular"><value>DENUNCIADO SOBRANTE POR JUAN ABADIE</value></Data><Data name="edificado"><value>SI</value></Data><Data name="anio"><value>1885</value></Data><Data name="agrimensor"><value>CASTRO</value></Data><Data name="pc"><value>0</value></Data><Data name="ha"><value>100.8</value></Data></ExtendedData><Polygon><outerBoundaryIs><LinearRing><coordinates>-59.429538,-34.548522 -59.410920,-34.539178 -59.407450,-34.543619 -59.427492,-34.551815 -59.429538,-34.548522</coordinates></LinearRing></outerBoundaryIs></Polygon></Placemark>
<Placemark><name>PEDRO B NINET</name><styleUrl>#s</styleUrl><ExtendedData><Data name="carpeta"><value>138</value></Data><Data name="titular"><value>PEDRO B NINET</value></Data><Data name="edificado"><value>NO</value></Data><Data name="anio"><value>1884</value></Data><Data name="agrimensor"><value>ORLANDINI</value></Data><Data name="pc"><value>0</value></Data><Data name="ha"><value>312.0</value></Data></ExtendedData><Polygon><outerBoundaryIs><LinearRing><coordinates>-59.407641,-34.470159 -59.401944,-34.467252 -59.390024,-34.483016 -59.385881,-34.481009 -59.369946,-34.502063 -59.374048,-34.504131 -59.384012,-34.490963 -59.389689,-34.493844 -59.407641,-34.470159</coordinates></LinearRing></outerBoundaryIs></Polygon></Placemark>
<Placemark><name>PEDRO B NINET</name><styleUrl>#s</styleUrl><ExtendedData><Data name="carpeta"><value>138</value></Data><Data name="titular"><value>PEDRO B NINET</value></Data><Data name="edificado"><value>NO</value></Data><Data name="anio"><value>1884</value></Data><Data name="agrimensor"><value>ORLANDINI</value></Data><Data name="pc"><value>0</value></Data><Data name="ha"><value>113.1</value></Data></ExtendedData><Polygon><outerBoundaryIs><LinearRing><coordinates>-59.346821,-34.494970 -59.340086,-34.491493 -59.331454,-34.503716 -59.338081,-34.507079 -59.346821,-34.494970</coordinates></LinearRing></outerBoundaryIs></Polygon></Placemark>
<Placemark><name>PEDRO B NINET</name><styleUrl>#s</styleUrl><ExtendedData><Data name="carpeta"><value>138</value></Data><Data name="titular"><value>PEDRO B NINET</value></Data><Data name="edificado"><value>NO</value></Data><Data name="anio"><value>1884</value></Data><Data name="agrimensor"><value>ORLANDINI</value></Data><Data name="pc"><value>0</value></Data><Data name="ha"><value>186.4</value></Data></ExtendedData><Polygon><outerBoundaryIs><LinearRing><coordinates>-59.378421,-34.453516 -59.370828,-34.449633 -59.357706,-34.467507 -59.364850,-34.471326 -59.378421,-34.453516</coordinates></LinearRing></outerBoundaryIs></Polygon></Placemark>
<Placemark><name>MANUEL BELGRANO</name><styleUrl>#s</styleUrl><ExtendedData><Data name="carpeta"><value>136</value></Data><Data name="titular"><value>MANUEL BELGRANO</value></Data><Data name="edificado"><value>NO</value></Data><Data name="anio"><value>1884</value></Data><Data name="agrimensor"><value>VIDELA</value></Data><Data name="pc"><value>0</value></Data><Data name="ha"><value>155.7</value></Data></ExtendedData><Polygon><outerBoundaryIs><LinearRing><coordinates>-59.652748,-34.599922 -59.646778,-34.595177 -59.628373,-34.610720 -59.628309,-34.611084 -59.633508,-34.610944 -59.633473,-34.611643 -59.637979,-34.611496 -59.652748,-34.599922</coordinates></LinearRing></outerBoundaryIs></Polygon></Placemark>
<Placemark><name>EUGENIA R. Y JUAN O´BRIEN</name><styleUrl>#s</styleUrl><ExtendedData><Data name="carpeta"><value>135</value></Data><Data name="titular"><value>EUGENIA R. Y JUAN O´BRIEN</value></Data><Data name="edificado"><value>SI</value></Data><Data name="anio"><value>1884</value></Data><Data name="agrimensor"><value>IPARRAGUIRRE</value></Data><Data name="pc"><value>0</value></Data><Data name="ha"><value>893.1</value></Data></ExtendedData><Polygon><outerBoundaryIs><LinearRing><coordinates>-59.288597,-34.351955 -59.309535,-34.335647 -59.284045,-34.313142 -59.263788,-34.329698 -59.288597,-34.351955</coordinates></LinearRing></outerBoundaryIs></Polygon></Placemark>
<Placemark><name>JOSE MARIA ECHEVERRIA</name><styleUrl>#s</styleUrl><ExtendedData><Data name="carpeta"><value>134</value></Data><Data name="titular"><value>JOSE MARIA ECHEVERRIA</value></Data><Data name="edificado"><value>SI</value></Data><Data name="anio"><value>1862</value></Data><Data name="agrimensor"><value>SAUBIDET</value></Data><Data name="pc"><value>0</value></Data><Data name="ha"><value>2094.2</value></Data></ExtendedData><Polygon><outerBoundaryIs><LinearRing><coordinates>-59.620387,-34.481322 -59.576317,-34.517517 -59.605100,-34.540685 -59.648717,-34.505339 -59.620387,-34.481322</coordinates></LinearRing></outerBoundaryIs></Polygon></Placemark>
<Placemark><name>BRIGIDA KEARNEY DE SCULLY</name><styleUrl>#s</styleUrl><ExtendedData><Data name="carpeta"><value>133</value></Data><Data name="titular"><value>BRIGIDA KEARNEY DE SCULLY</value></Data><Data name="edificado"><value>SI</value></Data><Data name="anio"><value>1883</value></Data><Data name="agrimensor"><value>IPARRAGUIRRE</value></Data><Data name="pc"><value>0</value></Data><Data name="ha"><value>3343.5</value></Data></ExtendedData><Polygon><outerBoundaryIs><LinearRing><coordinates>-59.393966,-34.279479 -59.372292,-34.292989 -59.362423,-34.287609 -59.331790,-34.309782 -59.323786,-34.301307 -59.324577,-34.300817 -59.312617,-34.289649 -59.279024,-34.309065 -59.295032,-34.323358 -59.309535,-34.335647 -59.286200,-34.353880 -59.293137,-34.359609 -59.328767,-34.332862 -59.340828,-34.323202 -59.345118,-34.326668 -59.351717,-34.321400 -59.363254,-34.326802 -59.389763,-34.295474 -59.390466,-34.289967 -59.393261,-34.283318 -59.393966,-34.279479</coordinates></LinearRing></outerBoundaryIs></Polygon></Placemark>
<Placemark><name>ANTONIO TORTORELLA</name><styleUrl>#s</styleUrl><ExtendedData><Data name="carpeta"><value>132</value></Data><Data name="titular"><value>ANTONIO TORTORELLA</value></Data><Data name="edificado"><value>NO</value></Data><Data name="anio"><value>1883</value></Data><Data name="agrimensor"><value>ALMEIRA</value></Data><Data name="pc"><value>0</value></Data><Data name="ha"><value>170.5</value></Data></ExtendedData><Polygon><outerBoundaryIs><LinearRing><coordinates>-59.365199,-34.336744 -59.355309,-34.328601 -59.344923,-34.336323 -59.354208,-34.345054 -59.365199,-34.336744</coordinates></LinearRing></outerBoundaryIs></Polygon></Placemark>
<Placemark><name>JOSÉ V APAOLAZA</name><styleUrl>#s</styleUrl><ExtendedData><Data name="carpeta"><value>131</value></Data><Data name="titular"><value>JOSÉ V APAOLAZA</value></Data><Data name="edificado"><value>NO</value></Data><Data name="anio"><value>1883</value></Data><Data name="agrimensor"><value>ALMEIRA</value></Data><Data name="pc"><value>0</value></Data><Data name="ha"><value>77.4</value></Data></ExtendedData><Polygon><outerBoundaryIs><LinearRing><coordinates>-59.412500,-34.268180 -59.408352,-34.267541 -59.405358,-34.267527 -59.398241,-34.278262 -59.402084,-34.280338 -59.412500,-34.268180</coordinates></LinearRing></outerBoundaryIs></Polygon></Placemark>
<Placemark><name>MANUEL LIMA</name><styleUrl>#s</styleUrl><ExtendedData><Data name="carpeta"><value>130</value></Data><Data name="titular"><value>MANUEL LIMA</value></Data><Data name="edificado"><value>SI</value></Data><Data name="anio"><value>1883</value></Data><Data name="agrimensor"><value>CASTELLANOS</value></Data><Data name="pc"><value>0</value></Data><Data name="ha"><value>304.0</value></Data></ExtendedData><Polygon><outerBoundaryIs><LinearRing><coordinates>-59.639204,-34.539299 -59.633044,-34.534029 -59.604459,-34.557932 -59.610340,-34.563390 -59.639204,-34.539299</coordinates></LinearRing></outerBoundaryIs></Polygon></Placemark>
<Placemark><name>CELEDONIO LIMA</name><styleUrl>#s</styleUrl><ExtendedData><Data name="carpeta"><value>129</value></Data><Data name="titular"><value>CELEDONIO LIMA</value></Data><Data name="edificado"><value>SI</value></Data><Data name="anio"><value>1883</value></Data><Data name="agrimensor"><value>CASTELLANOS</value></Data><Data name="pc"><value>0</value></Data><Data name="ha"><value>189.9</value></Data></ExtendedData><Polygon><outerBoundaryIs><LinearRing><coordinates>-59.648752,-34.531324 -59.629664,-34.547263 -59.635378,-34.552026 -59.654656,-34.536470 -59.648752,-34.531324</coordinates></LinearRing></outerBoundaryIs></Polygon></Placemark>
<Placemark><name>PETRONA, FELIPA, REMIGIO, CIPRIANO Y PEDRO CASADO</name><styleUrl>#s</styleUrl><ExtendedData><Data name="carpeta"><value>128</value></Data><Data name="titular"><value>PETRONA, FELIPA, REMIGIO, CIPRIANO Y PEDRO CASADO</value></Data><Data name="edificado"><value>SI</value></Data><Data name="anio"><value>1883</value></Data><Data name="agrimensor"><value>SCHUSTER</value></Data><Data name="pc"><value>0</value></Data><Data name="ha"><value>359.1</value></Data></ExtendedData><Polygon><outerBoundaryIs><LinearRing><coordinates>-59.693475,-34.516573 -59.665177,-34.491779 -59.657977,-34.497698 -59.686006,-34.522715 -59.693475,-34.516573</coordinates></LinearRing></outerBoundaryIs></Polygon></Placemark>
<Placemark><name>JOSEFA COTS DE LA SOTA</name><styleUrl>#s</styleUrl><ExtendedData><Data name="carpeta"><value>126</value></Data><Data name="titular"><value>JOSEFA COTS DE LA SOTA</value></Data><Data name="edificado"><value>SI</value></Data><Data name="anio"><value>1882</value></Data><Data name="agrimensor"><value>IPARRAGUIRRE</value></Data><Data name="pc"><value>0</value></Data><Data name="ha"><value>301.6</value></Data></ExtendedData><Polygon><outerBoundaryIs><LinearRing><coordinates>-59.412500,-34.268180 -59.406888,-34.268678 -59.404255,-34.267111 -59.403599,-34.265686 -59.401913,-34.263721 -59.399611,-34.262352 -59.398112,-34.261567 -59.397051,-34.260347 -59.396113,-34.259463 -59.394141,-34.258619 -59.394735,-34.262426 -59.391955,-34.266248 -59.392146,-34.268777 -59.393028,-34.273416 -59.394091,-34.280378 -59.392944,-34.284070 -59.390466,-34.289967 -59.389946,-34.294036 -59.412500,-34.268180</coordinates></LinearRing></outerBoundaryIs></Polygon></Placemark>
<Placemark><name></name><styleUrl>#s</styleUrl><ExtendedData><Data name="carpeta"><value>0</value></Data><Data name="anio"><value>0</value></Data><Data name="pc"><value>0</value></Data><Data name="ha"><value>751.3</value></Data></ExtendedData><Polygon><outerBoundaryIs><LinearRing><coordinates>-59.648752,-34.531324 -59.633252,-34.517811 -59.593490,-34.550159 -59.597991,-34.553945 -59.598751,-34.553316 -59.604459,-34.557932 -59.633044,-34.534029 -59.639204,-34.539299 -59.648752,-34.531324</coordinates></LinearRing></outerBoundaryIs></Polygon></Placemark>
<Placemark><name>VICTORINA GUTIERREZ</name><styleUrl>#s</styleUrl><ExtendedData><Data name="carpeta"><value>123</value></Data><Data name="titular"><value>VICTORINA GUTIERREZ</value></Data><Data name="edificado"><value>SI</value></Data><Data name="anio"><value>1899</value></Data><Data name="agrimensor"><value>SCHUSTER</value></Data><Data name="pc"><value>0</value></Data><Data name="ha"><value>2759.0</value></Data></ExtendedData><Polygon><outerBoundaryIs><LinearRing><coordinates>-59.733811,-34.435042 -59.677957,-34.405030 -59.677096,-34.400906 -59.673300,-34.399260 -59.644607,-34.420445 -59.694429,-34.465267 -59.733811,-34.435042</coordinates></LinearRing></outerBoundaryIs></Polygon></Placemark>
<Placemark><name></name><styleUrl>#s</styleUrl><ExtendedData><Data name="carpeta"><value>0</value></Data><Data name="anio"><value>0</value></Data><Data name="pc"><value>0</value></Data><Data name="ha"><value>814.5</value></Data></ExtendedData><Polygon><outerBoundaryIs><LinearRing><coordinates>-59.363721,-34.375214 -59.309357,-34.416795 -59.320785,-34.423845 -59.372243,-34.382762 -59.363721,-34.375214</coordinates></LinearRing></outerBoundaryIs></Polygon></Placemark>
<Placemark><name>MELITON RODRIGUEZ</name><styleUrl>#s</styleUrl><ExtendedData><Data name="carpeta"><value>121</value></Data><Data name="titular"><value>MELITON RODRIGUEZ</value></Data><Data name="edificado"><value>SI</value></Data><Data name="anio"><value>1882</value></Data><Data name="agrimensor"><value>FEDERICO MEYRELLES</value></Data><Data name="pc"><value>0</value></Data><Data name="ha"><value>194.2</value></Data></ExtendedData><Polygon><outerBoundaryIs><LinearRing><coordinates>-59.287324,-34.409125 -59.250343,-34.461237 -59.253006,-34.462584 -59.289955,-34.410629 -59.287324,-34.409125</coordinates></LinearRing></outerBoundaryIs></Polygon></Placemark>
<Placemark><name>TORIBIO GONZALEZ</name><styleUrl>#s</styleUrl><ExtendedData><Data name="carpeta"><value>120</value></Data><Data name="titular"><value>TORIBIO GONZALEZ</value></Data><Data name="edificado"><value>NO</value></Data><Data name="anio"><value>1882</value></Data><Data name="agrimensor"><value>FELIX DABADIE</value></Data><Data name="pc"><value>0</value></Data><Data name="ha"><value>102.6</value></Data></ExtendedData><Polygon><outerBoundaryIs><LinearRing><coordinates>-59.414100,-34.473455 -59.409077,-34.470892 -59.398187,-34.484855 -59.403555,-34.487501 -59.414100,-34.473455</coordinates></LinearRing></outerBoundaryIs></Polygon></Placemark>
<Placemark><name>ANTONIO MONSALVO Y ANTONIO  ZARATE</name><styleUrl>#s</styleUrl><ExtendedData><Data name="carpeta"><value>119</value></Data><Data name="titular"><value>ANTONIO MONSALVO Y ANTONIO  ZARATE</value></Data><Data name="edificado"><value>SI</value></Data><Data name="anio"><value>1882</value></Data><Data name="agrimensor"><value>MANUEL ALMEIRA</value></Data><Data name="pc"><value>0</value></Data><Data name="ha"><value>3085.2</value></Data></ExtendedData><Polygon><outerBoundaryIs><LinearRing><coordinates>-59.375018,-34.329319 -59.370835,-34.326663 -59.368676,-34.328047 -59.364242,-34.325894 -59.363254,-34.326802 -59.347810,-34.319677 -59.346707,-34.318410 -59.253635,-34.391082 -59.278609,-34.404142 -59.323887,-34.367963 -59.375018,-34.329319</coordinates></LinearRing></outerBoundaryIs></Polygon></Placemark>
<Placemark><name>JOSE BIANCHI</name><styleUrl>#s</styleUrl><ExtendedData><Data name="carpeta"><value>118</value></Data><Data name="titular"><value>JOSE BIANCHI</value></Data><Data name="edificado"><value>SI</value></Data><Data name="anio"><value>0</value></Data><Data name="agrimensor"><value>VENTURA COLL</value></Data><Data name="pc"><value>0</value></Data><Data name="ha"><value>595.5</value></Data></ExtendedData><Polygon><outerBoundaryIs><LinearRing><coordinates>-59.561568,-34.533532 -59.531601,-34.517483 -59.518184,-34.519047 -59.513617,-34.524608 -59.548290,-34.543568 -59.561568,-34.533532</coordinates></LinearRing></outerBoundaryIs></Polygon></Placemark>
<Placemark><name>JOSÉ MARÍA RODRIGUEZ</name><styleUrl>#s</styleUrl><ExtendedData><Data name="carpeta"><value>117</value></Data><Data name="titular"><value>JOSÉ MARÍA RODRIGUEZ</value></Data><Data name="edificado"><value>SI</value></Data><Data name="anio"><value>1881</value></Data><Data name="agrimensor"><value>SCHUSTER</value></Data><Data name="pc"><value>0</value></Data><Data name="ha"><value>1181.8</value></Data></ExtendedData><Polygon><outerBoundaryIs><LinearRing><coordinates>-59.664476,-34.545026 -59.654656,-34.536470 -59.635378,-34.552026 -59.629664,-34.547263 -59.605282,-34.567609 -59.612530,-34.573793 -59.598038,-34.585799 -59.606155,-34.592731 -59.664476,-34.545026</coordinates></LinearRing></outerBoundaryIs></Polygon></Placemark>
<Placemark><name>EMILIA LOPEZ DE CUCULLU</name><styleUrl>#s</styleUrl><ExtendedData><Data name="carpeta"><value>116</value></Data><Data name="titular"><value>EMILIA LOPEZ DE CUCULLU</value></Data><Data name="edificado"><value>SI</value></Data><Data name="anio"><value>1881</value></Data><Data name="agrimensor"><value>SCHUSTER</value></Data><Data name="pc"><value>469</value></Data><Data name="ha"><value>536.6</value></Data></ExtendedData><Polygon><outerBoundaryIs><LinearRing><coordinates>-59.457333,-34.448365 -59.420792,-34.476869 -59.433009,-34.483100 -59.462422,-34.460995 -59.460113,-34.455974 -59.458376,-34.453057 -59.458198,-34.450390 -59.457333,-34.448365</coordinates></LinearRing></outerBoundaryIs></Polygon></Placemark>
<Placemark><name>ROMUALDA GALEANO DE CASAS</name><styleUrl>#s</styleUrl><ExtendedData><Data name="carpeta"><value>115</value></Data><Data name="titular"><value>ROMUALDA GALEANO DE CASAS</value></Data><Data name="edificado"><value>NO</value></Data><Data name="anio"><value>1881</value></Data><Data name="agrimensor"><value>AGUSTIN RODRIGUEZ</value></Data><Data name="pc"><value>0</value></Data><Data name="ha"><value>923.5</value></Data></ExtendedData><Polygon><outerBoundaryIs><LinearRing><coordinates>-59.433009,-34.483100 -59.420792,-34.476869 -59.380672,-34.528673 -59.393574,-34.535210 -59.433009,-34.483100</coordinates></LinearRing></outerBoundaryIs></Polygon></Placemark>
<Placemark><name>JULIO SARAVI</name><styleUrl>#s</styleUrl><ExtendedData><Data name="carpeta"><value>114</value></Data><Data name="titular"><value>JULIO SARAVI</value></Data><Data name="edificado"><value>NO</value></Data><Data name="anio"><value>1881</value></Data><Data name="agrimensor"><value>AGUSTIN RODRIGUEZ</value></Data><Data name="pc"><value>0</value></Data><Data name="ha"><value>950.3</value></Data></ExtendedData><Polygon><outerBoundaryIs><LinearRing><coordinates>-59.433354,-34.483275 -59.420539,-34.476740 -59.381160,-34.528920 -59.394193,-34.535523 -59.433354,-34.483275</coordinates></LinearRing></outerBoundaryIs></Polygon></Placemark>
<Placemark><name>JUSTO RIVAS Y DIONISIO ACUÑA</name><styleUrl>#s</styleUrl><ExtendedData><Data name="carpeta"><value>113</value></Data><Data name="titular"><value>JUSTO RIVAS Y DIONISIO ACUÑA</value></Data><Data name="edificado"><value>NO</value></Data><Data name="anio"><value>1881</value></Data><Data name="agrimensor"><value>SCHUSTER</value></Data><Data name="pc"><value>0</value></Data><Data name="ha"><value>167.6</value></Data></ExtendedData><Polygon><outerBoundaryIs><LinearRing><coordinates>-59.417474,-34.512261 -59.412894,-34.510228 -59.394037,-34.535444 -59.399035,-34.537975 -59.417474,-34.512261</coordinates></LinearRing></outerBoundaryIs></Polygon></Placemark>
<Placemark><name>JORGE Y EDUARDO MORGAN</name><styleUrl>#s</styleUrl><ExtendedData><Data name="carpeta"><value>112</value></Data><Data name="titular"><value>JORGE Y EDUARDO MORGAN</value></Data><Data name="edificado"><value>SI</value></Data><Data name="anio"><value>1881</value></Data><Data name="agrimensor"><value>GERMAN KURH</value></Data><Data name="pc"><value>0</value></Data><Data name="ha"><value>535.9</value></Data></ExtendedData><Polygon><outerBoundaryIs><LinearRing><coordinates>-59.532826,-34.345037 -59.510537,-34.331710 -59.491909,-34.345306 -59.500445,-34.352664 -59.506136,-34.348534 -59.516624,-34.357866 -59.532826,-34.345037</coordinates></LinearRing></outerBoundaryIs></Polygon></Placemark>
<Placemark><name>PETRONA BUSTOS DE RODRIGUEZ</name><styleUrl>#s</styleUrl><ExtendedData><Data name="carpeta"><value>111</value></Data><Data name="titular"><value>PETRONA BUSTOS DE RODRIGUEZ</value></Data><Data name="edificado"><value>SI</value></Data><Data name="anio"><value>1881</value></Data><Data name="agrimensor"><value>SALAS</value></Data><Data name="pc"><value>0</value></Data><Data name="ha"><value>775.6</value></Data></ExtendedData><Polygon><outerBoundaryIs><LinearRing><coordinates>-59.630693,-34.405072 -59.622023,-34.397561 -59.590484,-34.421666 -59.607725,-34.436829 -59.623861,-34.425072 -59.622959,-34.423129 -59.624520,-34.418305 -59.625589,-34.414150 -59.625745,-34.410854 -59.629008,-34.407954 -59.630693,-34.405072</coordinates></LinearRing></outerBoundaryIs></Polygon></Placemark>
<Placemark><name>BENITO DAMASO VAZQUEZ</name><styleUrl>#s</styleUrl><ExtendedData><Data name="carpeta"><value>110</value></Data><Data name="titular"><value>BENITO DAMASO VAZQUEZ</value></Data><Data name="edificado"><value>SI</value></Data><Data name="anio"><value>1877</value></Data><Data name="agrimensor"><value>CASCALLARES</value></Data><Data name="pc"><value>0</value></Data><Data name="ha"><value>1099.2</value></Data></ExtendedData><Polygon><outerBoundaryIs><LinearRing><coordinates>-59.477884,-34.388782 -59.475293,-34.386066 -59.465538,-34.392914 -59.456686,-34.384500 -59.460820,-34.381522 -59.454441,-34.372634 -59.418780,-34.398990 -59.422144,-34.400302 -59.426002,-34.401479 -59.430739,-34.406649 -59.433717,-34.410243 -59.434770,-34.412805 -59.438923,-34.418267 -59.477884,-34.388782</coordinates></LinearRing></outerBoundaryIs></Polygon></Placemark>
<Placemark><name>PASCULA LESCANO</name><styleUrl>#s</styleUrl><ExtendedData><Data name="carpeta"><value>109</value></Data><Data name="titular"><value>PASCULA LESCANO</value></Data><Data name="edificado"><value>SI</value></Data><Data name="anio"><value>1880</value></Data><Data name="agrimensor"><value>SCHUSTER</value></Data><Data name="pc"><value>0</value></Data><Data name="ha"><value>501.1</value></Data></ExtendedData><Polygon><outerBoundaryIs><LinearRing><coordinates>-59.420539,-34.476740 -59.414100,-34.473455 -59.374816,-34.525705 -59.382000,-34.529346 -59.420539,-34.476740</coordinates></LinearRing></outerBoundaryIs></Polygon></Placemark>
<Placemark><name>MARTIN DOWLING</name><styleUrl>#s</styleUrl><ExtendedData><Data name="carpeta"><value>108</value></Data><Data name="titular"><value>MARTIN DOWLING</value></Data><Data name="edificado"><value>SI</value></Data><Data name="anio"><value>1880</value></Data><Data name="agrimensor"><value>TOMAS DODDS</value></Data><Data name="pc"><value>0</value></Data><Data name="ha"><value>398.9</value></Data></ExtendedData><Polygon><outerBoundaryIs><LinearRing><coordinates>-59.487068,-34.530690 -59.475584,-34.524961 -59.456460,-34.549159 -59.468487,-34.554839 -59.487068,-34.530690</coordinates></LinearRing></outerBoundaryIs></Polygon></Placemark>
<Placemark><name>LAUREANO CASTRO</name><styleUrl>#s</styleUrl><ExtendedData><Data name="carpeta"><value>106</value></Data><Data name="titular"><value>LAUREANO CASTRO</value></Data><Data name="edificado"><value>SI</value></Data><Data name="anio"><value>1880</value></Data><Data name="agrimensor"><value>ALMEIRA</value></Data><Data name="pc"><value>0</value></Data><Data name="ha"><value>640.9</value></Data></ExtendedData><Polygon><outerBoundaryIs><LinearRing><coordinates>-59.334620,-34.431104 -59.326204,-34.426744 -59.285981,-34.480627 -59.294449,-34.484929 -59.334620,-34.431104</coordinates></LinearRing></outerBoundaryIs></Polygon></Placemark>
<Placemark><name>JUAN FRANCISCO SILVA</name><styleUrl>#s</styleUrl><ExtendedData><Data name="carpeta"><value>105</value></Data><Data name="titular"><value>JUAN FRANCISCO SILVA</value></Data><Data name="edificado"><value>SI</value></Data><Data name="anio"><value>0</value></Data><Data name="agrimensor"><value>SCHUSTER</value></Data><Data name="pc"><value>0</value></Data><Data name="ha"><value>194.7</value></Data></ExtendedData><Polygon><outerBoundaryIs><LinearRing><coordinates>-59.419848,-34.423977 -59.418905,-34.420287 -59.375777,-34.452164 -59.379576,-34.454107 -59.419848,-34.423977</coordinates></LinearRing></outerBoundaryIs></Polygon></Placemark>
<Placemark><name>NICOLAS ORMAECHEA</name><styleUrl>#s</styleUrl><ExtendedData><Data name="carpeta"><value>104</value></Data><Data name="titular"><value>NICOLAS ORMAECHEA</value></Data><Data name="edificado"><value>SI</value></Data><Data name="anio"><value>1880</value></Data><Data name="agrimensor"><value>MUÑIZ</value></Data><Data name="pc"><value>0</value></Data><Data name="ha"><value>276.5</value></Data></ExtendedData><Polygon><outerBoundaryIs><LinearRing><coordinates>-59.243847,-34.421630 -59.241640,-34.418385 -59.239635,-34.413722 -59.218282,-34.445010 -59.225038,-34.448431 -59.243847,-34.421630</coordinates></LinearRing></outerBoundaryIs></Polygon></Placemark>
<Placemark><name>JOSE MANUEL DOBARRO</name><styleUrl>#s</styleUrl><ExtendedData><Data name="carpeta"><value>103</value></Data><Data name="titular"><value>JOSE MANUEL DOBARRO</value></Data><Data name="edificado"><value>SI</value></Data><Data name="anio"><value>1880</value></Data><Data name="agrimensor"><value>MUÑIZ</value></Data><Data name="pc"><value>0</value></Data><Data name="ha"><value>391.8</value></Data></ExtendedData><Polygon><outerBoundaryIs><LinearRing><coordinates>-59.242961,-34.422894 -59.225038,-34.448431 -59.237498,-34.454738 -59.251462,-34.434647 -59.250084,-34.432394 -59.247072,-34.428469 -59.242961,-34.422894</coordinates></LinearRing></outerBoundaryIs></Polygon></Placemark>
<Placemark><name>AVELINA BUSTOS</name><styleUrl>#s</styleUrl><ExtendedData><Data name="carpeta"><value>102</value></Data><Data name="titular"><value>AVELINA BUSTOS</value></Data><Data name="edificado"><value>NO</value></Data><Data name="anio"><value>1880</value></Data><Data name="agrimensor"><value>SCHUSTER</value></Data><Data name="pc"><value>0</value></Data><Data name="ha"><value>636.4</value></Data></ExtendedData><Polygon><outerBoundaryIs><LinearRing><coordinates>-59.562804,-34.506634 -59.579247,-34.493095 -59.574736,-34.473768 -59.554391,-34.456893 -59.562804,-34.506634</coordinates></LinearRing></outerBoundaryIs></Polygon></Placemark>
<Placemark><name>FRANCISCO MALDONADO</name><styleUrl>#s</styleUrl><ExtendedData><Data name="carpeta"><value>101</value></Data><Data name="titular"><value>FRANCISCO MALDONADO</value></Data><Data name="edificado"><value>SI</value></Data><Data name="anio"><value>1880</value></Data><Data name="agrimensor"><value>CHAPEAUROUGE</value></Data><Data name="pc"><value>0</value></Data><Data name="ha"><value>879.1</value></Data></ExtendedData><Polygon><outerBoundaryIs><LinearRing><coordinates>-59.333288,-34.381928 -59.320542,-34.370490 -59.278609,-34.404142 -59.293847,-34.412854 -59.333288,-34.381928</coordinates></LinearRing></outerBoundaryIs></Polygon></Placemark>
<Placemark><name>PABLO BUSTOS</name><styleUrl>#s</styleUrl><ExtendedData><Data name="carpeta"><value>100</value></Data><Data name="titular"><value>PABLO BUSTOS</value></Data><Data name="edificado"><value>SI</value></Data><Data name="anio"><value>1879</value></Data><Data name="agrimensor"><value>SCHUSTER</value></Data><Data name="pc"><value>0</value></Data><Data name="ha"><value>831.5</value></Data></ExtendedData><Polygon><outerBoundaryIs><LinearRing><coordinates>-59.605377,-34.434764 -59.590484,-34.421666 -59.557020,-34.447904 -59.571548,-34.460541 -59.605377,-34.434764</coordinates></LinearRing></outerBoundaryIs></Polygon></Placemark>
<Placemark><name>PABLO BUSTOS</name><styleUrl>#s</styleUrl><ExtendedData><Data name="carpeta"><value>100</value></Data><Data name="titular"><value>PABLO BUSTOS</value></Data><Data name="edificado"><value>SI</value></Data><Data name="anio"><value>1879</value></Data><Data name="agrimensor"><value>SCHUSTER</value></Data><Data name="pc"><value>0</value></Data><Data name="ha"><value>430.4</value></Data></ExtendedData><Polygon><outerBoundaryIs><LinearRing><coordinates>-59.556738,-34.470775 -59.547271,-34.471665 -59.554590,-34.514995 -59.564327,-34.513861 -59.556738,-34.470775</coordinates></LinearRing></outerBoundaryIs></Polygon></Placemark>
</Document></kml>
