<?xml version="1.0" encoding="UTF-8"?>
<kml xmlns="http://www.opengis.net/kml/2.2"><Document><name>Pueblo de San Andrés de Giles, 1884</name>
<Style id="s"><LineStyle><color>ff794e1f</color><width>1.5</width></LineStyle><PolyStyle><color>33794e1f</color></PolyStyle></Style>
<Placemark><name>CUCULLU S.</name><styleUrl>#s</styleUrl><ExtendedData><Data name="propietar"><value>CUCULLU S.</value></Data><Data name="ocupacion"><value>BALDIO</value></Data><Data name="m2"><value>23988</value></Data></ExtendedData><Polygon><outerBoundaryIs><LinearRing><coordinates>-59.446735,-34.437939 -59.447151,-34.437815 -59.447261,-34.438117 -59.449857,-34.437327 -59.449129,-34.436472 -59.446629,-34.437647 -59.446735,-34.437939</coordinates></LinearRing></outerBoundaryIs></Polygon></Placemark>
<Placemark><name>MARIN D.</name><styleUrl>#s</styleUrl><ExtendedData><Data name="propietar"><value>MARIN D.</value></Data><Data name="ocupacion"><value>BALDIO</value></Data><Data name="m2"><value>4527</value></Data></ExtendedData><Polygon><outerBoundaryIs><LinearRing><coordinates>-59.445754,-34.438367 -59.446630,-34.438077 -59.446432,-34.437546 -59.445996,-34.437678 -59.446061,-34.437875 -59.445606,-34.437987 -59.445754,-34.438367</coordinates></LinearRing></outerBoundaryIs></Polygon></Placemark>
<Placemark><name>SANTEYA, P.</name><styleUrl>#s</styleUrl><ExtendedData><Data name="propietar"><value>SANTEYA, P.</value></Data><Data name="ocupacion"><value>CERCO</value></Data><Data name="m2"><value>5449</value></Data></ExtendedData><Polygon><outerBoundaryIs><LinearRing><coordinates>-59.445004,-34.438856 -59.445244,-34.439538 -59.445971,-34.439347 -59.445722,-34.438675 -59.445004,-34.438856</coordinates></LinearRing></outerBoundaryIs></Polygon></Placemark>
<Placemark><name>PELAEZ, F.</name><styleUrl>#s</styleUrl><ExtendedData><Data name="propietar"><value>PELAEZ, F.</value></Data><Data name="ocupacion"><value>ALAMBRADO</value></Data><Data name="m2"><value>8432</value></Data></ExtendedData><Polygon><outerBoundaryIs><LinearRing><coordinates>-59.444402,-34.440457 -59.444817,-34.440335 -59.444682,-34.439964 -59.445135,-34.439764 -59.444892,-34.439052 -59.444068,-34.439455 -59.444402,-34.440457</coordinates></LinearRing></outerBoundaryIs></Polygon></Placemark>
<Placemark><name>GOMEZ, I.</name><styleUrl>#s</styleUrl><ExtendedData><Data name="propietar"><value>GOMEZ, I.</value></Data><Data name="ocupacion"><value>ALAMBRADO</value></Data><Data name="m2"><value>6861</value></Data></ExtendedData><Polygon><outerBoundaryIs><LinearRing><coordinates>-59.443441,-34.440784 -59.444274,-34.440528 -59.444030,-34.439798 -59.443183,-34.440070 -59.443441,-34.440784</coordinates></LinearRing></outerBoundaryIs></Polygon></Placemark>
<Placemark><name>LARROSA V.</name><styleUrl>#s</styleUrl><ExtendedData><Data name="propietar"><value>LARROSA V.</value></Data><Data name="ocupacion"><value>BALDIO</value></Data><Data name="m2"><value>12380</value></Data></ExtendedData><Polygon><outerBoundaryIs><LinearRing><coordinates>-59.449085,-34.438494 -59.449378,-34.439291 -59.450817,-34.438841 -59.450336,-34.438082 -59.449085,-34.438494</coordinates></LinearRing></outerBoundaryIs></Polygon></Placemark>
<Placemark><name>FLORES, F.</name><styleUrl>#s</styleUrl><ExtendedData><Data name="propietar"><value>FLORES, F.</value></Data><Data name="ocupacion"><value>BALDIO</value></Data><Data name="m2"><value>918</value></Data></ExtendedData><Polygon><outerBoundaryIs><LinearRing><coordinates>-59.447761,-34.439559 -59.447825,-34.439756 -59.448255,-34.439617 -59.448189,-34.439434 -59.447761,-34.439559</coordinates></LinearRing></outerBoundaryIs></Polygon></Placemark>
<Placemark><name>RESTA, A.</name><styleUrl>#s</styleUrl><ExtendedData><Data name="propietar"><value>RESTA, A.</value></Data><Data name="ocupacion"><value>MURO</value></Data><Data name="m2"><value>1837</value></Data></ExtendedData><Polygon><outerBoundaryIs><LinearRing><coordinates>-59.446869,-34.440071 -59.446722,-34.439693 -59.446302,-34.439825 -59.446446,-34.440208 -59.446869,-34.440071</coordinates></LinearRing></outerBoundaryIs></Polygon></Placemark>
<Placemark><name>FIGUEROA, R.</name><styleUrl>#s</styleUrl><ExtendedData><Data name="propietar"><value>FIGUEROA, R.</value></Data><Data name="ocupacion"><value>ALAMBRADO</value></Data><Data name="m2"><value>1819</value></Data></ExtendedData><Polygon><outerBoundaryIs><LinearRing><coordinates>-59.443031,-34.441388 -59.442897,-34.441011 -59.442479,-34.441148 -59.442616,-34.441535 -59.443031,-34.441388</coordinates></LinearRing></outerBoundaryIs></Polygon></Placemark>
<Placemark><name>BARCO, P. TESTAMENTARIA</name><styleUrl>#s</styleUrl><ExtendedData><Data name="propietar"><value>BARCO, P. TESTAMENTARIA</value></Data><Data name="ocupacion"><value>MURO</value></Data><Data name="m2"><value>1775</value></Data></ExtendedData><Polygon><outerBoundaryIs><LinearRing><coordinates>-59.447022,-34.440544 -59.447452,-34.440407 -59.447318,-34.440046 -59.446885,-34.440184 -59.447022,-34.440544</coordinates></LinearRing></outerBoundaryIs></Polygon></Placemark>
<Placemark><name>QUINTEROS, A. V. DE</name><styleUrl>#s</styleUrl><ExtendedData><Data name="propietar"><value>QUINTEROS, A. V. DE</value></Data><Data name="ocupacion"><value>ALAMBRADO</value></Data><Data name="m2"><value>2541</value></Data></ExtendedData><Polygon><outerBoundaryIs><LinearRing><coordinates>-59.444755,-34.441463 -59.445212,-34.441323 -59.445028,-34.440819 -59.444585,-34.440972 -59.444755,-34.441463</coordinates></LinearRing></outerBoundaryIs></Polygon></Placemark>
<Placemark><name>FRIAS, E.</name><styleUrl>#s</styleUrl><ExtendedData><Data name="propietar"><value>FRIAS, E.</value></Data><Data name="ocupacion"><value>CERCO</value></Data><Data name="m2"><value>3395</value></Data></ExtendedData><Polygon><outerBoundaryIs><LinearRing><coordinates>-59.444304,-34.441862 -59.444041,-34.441163 -59.443617,-34.441306 -59.443882,-34.442003 -59.444304,-34.441862</coordinates></LinearRing></outerBoundaryIs></Polygon></Placemark>
<Placemark><name>GOMEZ, T.</name><styleUrl>#s</styleUrl><ExtendedData><Data name="propietar"><value>GOMEZ, T.</value></Data><Data name="ocupacion"><value>ALAMBRADO</value></Data><Data name="m2"><value>4396</value></Data></ExtendedData><Polygon><outerBoundaryIs><LinearRing><coordinates>-59.441138,-34.442178 -59.441418,-34.442874 -59.441956,-34.442693 -59.441685,-34.441988 -59.441138,-34.442178</coordinates></LinearRing></outerBoundaryIs></Polygon></Placemark>
<Placemark><name>VERAZ TESTAMENTARIA</name><styleUrl>#s</styleUrl><ExtendedData><Data name="propietar"><value>VERAZ TESTAMENTARIA</value></Data><Data name="ocupacion"><value>ALAMBRADO</value></Data><Data name="m2"><value>47787</value></Data></ExtendedData><Polygon><outerBoundaryIs><LinearRing><coordinates>-59.438252,-34.444685 -59.441092,-34.443808 -59.440557,-34.442262 -59.437755,-34.443250 -59.438252,-34.444685</coordinates></LinearRing></outerBoundaryIs></Polygon></Placemark>
<Placemark><name>RODRIGUEZ, M.</name><styleUrl>#s</styleUrl><ExtendedData><Data name="propietar"><value>RODRIGUEZ, M.</value></Data><Data name="ocupacion"><value>CERCO</value></Data><Data name="m2"><value>3548</value></Data></ExtendedData><Polygon><outerBoundaryIs><LinearRing><coordinates>-59.445322,-34.443040 -59.446175,-34.442779 -59.446049,-34.442412 -59.445184,-34.442678 -59.445322,-34.443040</coordinates></LinearRing></outerBoundaryIs></Polygon></Placemark>
<Placemark><name>LAVALLEN, R. TESTAMENTARIA</name><styleUrl>#s</styleUrl><ExtendedData><Data name="propietar"><value>LAVALLEN, R. TESTAMENTARIA</value></Data><Data name="ocupacion"><value>CERCO</value></Data><Data name="m2"><value>6251</value></Data></ExtendedData><Polygon><outerBoundaryIs><LinearRing><coordinates>-59.443052,-34.443325 -59.442298,-34.443557 -59.442551,-34.444290 -59.443310,-34.444055 -59.443052,-34.443325</coordinates></LinearRing></outerBoundaryIs></Polygon></Placemark>
<Placemark><name>GAMBOA, C.</name><styleUrl>#s</styleUrl><ExtendedData><Data name="propietar"><value>GAMBOA, C.</value></Data><Data name="ocupacion"><value>BALDIO</value></Data><Data name="m2"><value>1954</value></Data></ExtendedData><Polygon><outerBoundaryIs><LinearRing><coordinates>-59.441392,-34.444223 -59.441525,-34.444605 -59.441989,-34.444463 -59.441843,-34.444090 -59.441392,-34.444223</coordinates></LinearRing></outerBoundaryIs></Polygon></Placemark>
<Placemark><name>GALEANO, B.</name><styleUrl>#s</styleUrl><ExtendedData><Data name="propietar"><value>GALEANO, B.</value></Data><Data name="ocupacion"><value>MURO</value></Data><Data name="m2"><value>1785</value></Data></ExtendedData><Polygon><outerBoundaryIs><LinearRing><coordinates>-59.448922,-34.442814 -59.449049,-34.443189 -59.449479,-34.443053 -59.449353,-34.442692 -59.448922,-34.442814</coordinates></LinearRing></outerBoundaryIs></Polygon></Placemark>
<Placemark><name>RODRIGUEZ, J. M.</name><styleUrl>#s</styleUrl><ExtendedData><Data name="propietar"><value>RODRIGUEZ, J. M.</value></Data><Data name="ocupacion"><value>MURO</value></Data><Data name="m2"><value>1797</value></Data></ExtendedData><Polygon><outerBoundaryIs><LinearRing><coordinates>-59.447542,-34.443233 -59.447667,-34.443601 -59.448101,-34.443468 -59.447977,-34.443100 -59.447542,-34.443233</coordinates></LinearRing></outerBoundaryIs></Polygon></Placemark>
<Placemark><name>AREVALO, F. TESTAMENTARIA</name><styleUrl>#s</styleUrl><ExtendedData><Data name="propietar"><value>AREVALO, F. TESTAMENTARIA</value></Data><Data name="ocupacion"><value>MURO</value></Data><Data name="m2"><value>3487</value></Data></ExtendedData><Polygon><outerBoundaryIs><LinearRing><coordinates>-59.447124,-34.443768 -59.446900,-34.443056 -59.446459,-34.443188 -59.446689,-34.443901 -59.447124,-34.443768</coordinates></LinearRing></outerBoundaryIs></Polygon></Placemark>
<Placemark><name>ALVAREZ, C.</name><styleUrl>#s</styleUrl><ExtendedData><Data name="propietar"><value>ALVAREZ, C.</value></Data><Data name="ocupacion"><value>MURO</value></Data><Data name="m2"><value>3405</value></Data></ExtendedData><Polygon><outerBoundaryIs><LinearRing><coordinates>-59.444632,-34.444155 -59.444754,-34.444520 -59.445604,-34.444255 -59.445480,-34.443908 -59.444632,-34.444155</coordinates></LinearRing></outerBoundaryIs></Polygon></Placemark>
<Placemark><name>CORDOBA, M.</name><styleUrl>#s</styleUrl><ExtendedData><Data name="propietar"><value>CORDOBA, M.</value></Data><Data name="ocupacion"><value>BALDIO</value></Data><Data name="m2"><value>6602</value></Data></ExtendedData><Polygon><outerBoundaryIs><LinearRing><coordinates>-59.444375,-34.443844 -59.443568,-34.444095 -59.443823,-34.444821 -59.444625,-34.444571 -59.444375,-34.443844</coordinates></LinearRing></outerBoundaryIs></Polygon></Placemark>
<Placemark><name>CASADO</name><styleUrl>#s</styleUrl><ExtendedData><Data name="propietar"><value>CASADO</value></Data><Data name="ocupacion"><value>BALDIO</value></Data><Data name="m2"><value>1777</value></Data></ExtendedData><Polygon><outerBoundaryIs><LinearRing><coordinates>-59.451634,-34.442678 -59.452506,-34.442429 -59.452439,-34.442236 -59.451575,-34.442506 -59.451634,-34.442678</coordinates></LinearRing></outerBoundaryIs></Polygon></Placemark>
<Placemark><name>AREVALO, JUAN</name><styleUrl>#s</styleUrl><ExtendedData><Data name="propietar"><value>AREVALO, JUAN</value></Data><Data name="ocupacion"><value>CERCO</value></Data><Data name="m2"><value>4986</value></Data></ExtendedData><Polygon><outerBoundaryIs><LinearRing><coordinates>-59.451270,-34.443419 -59.451141,-34.443035 -59.451552,-34.442910 -59.451430,-34.442568 -59.450603,-34.442827 -59.450854,-34.443546 -59.451270,-34.443419</coordinates></LinearRing></outerBoundaryIs></Polygon></Placemark>
<Placemark><name>CAFARO, P.</name><styleUrl>#s</styleUrl><ExtendedData><Data name="propietar"><value>CAFARO, P.</value></Data><Data name="ocupacion"><value>CERCO</value></Data><Data name="m2"><value>1752</value></Data></ExtendedData><Polygon><outerBoundaryIs><LinearRing><coordinates>-59.450186,-34.443355 -59.450609,-34.443229 -59.450483,-34.442857 -59.450061,-34.442990 -59.450186,-34.443355</coordinates></LinearRing></outerBoundaryIs></Polygon></Placemark>
<Placemark><name>RUIZ, L.</name><styleUrl>#s</styleUrl><ExtendedData><Data name="propietar"><value>RUIZ, L.</value></Data><Data name="ocupacion"><value>MURO</value></Data><Data name="m2"><value>1877</value></Data></ExtendedData><Polygon><outerBoundaryIs><LinearRing><coordinates>-59.447812,-34.444029 -59.447945,-34.444422 -59.448377,-34.444291 -59.448241,-34.443909 -59.447812,-34.444029</coordinates></LinearRing></outerBoundaryIs></Polygon></Placemark>
<Placemark><name>ACUÑA, G.</name><styleUrl>#s</styleUrl><ExtendedData><Data name="propietar"><value>ACUÑA, G.</value></Data><Data name="ocupacion"><value>MURO</value></Data><Data name="m2"><value>2071</value></Data></ExtendedData><Polygon><outerBoundaryIs><LinearRing><coordinates>-59.446845,-34.444384 -59.447345,-34.444217 -59.447209,-34.443855 -59.446723,-34.444006 -59.446845,-34.444384</coordinates></LinearRing></outerBoundaryIs></Polygon></Placemark>
<Placemark><name>PONCE, M.</name><styleUrl>#s</styleUrl><ExtendedData><Data name="propietar"><value>PONCE, M.</value></Data><Data name="ocupacion"><value>MURO</value></Data><Data name="m2"><value>3587</value></Data></ExtendedData><Polygon><outerBoundaryIs><LinearRing><coordinates>-59.446458,-34.444896 -59.446225,-34.444177 -59.445774,-34.444315 -59.446008,-34.445012 -59.446030,-34.445020 -59.446458,-34.444896</coordinates></LinearRing></outerBoundaryIs></Polygon></Placemark>
<Placemark><name>GONZALEZ, A.</name><styleUrl>#s</styleUrl><ExtendedData><Data name="propietar"><value>GONZALEZ, A.</value></Data><Data name="ocupacion"><value>MURO</value></Data><Data name="m2"><value>1622</value></Data></ExtendedData><Polygon><outerBoundaryIs><LinearRing><coordinates>-59.444914,-34.444999 -59.445030,-34.445345 -59.445457,-34.445206 -59.445336,-34.444876 -59.444914,-34.444999</coordinates></LinearRing></outerBoundaryIs></Polygon></Placemark>
<Placemark><name>RODRIGUEZ, M.</name><styleUrl>#s</styleUrl><ExtendedData><Data name="propietar"><value>RODRIGUEZ, M.</value></Data><Data name="ocupacion"><value>BALDIO</value></Data><Data name="m2"><value>3849</value></Data></ExtendedData><Polygon><outerBoundaryIs><LinearRing><coordinates>-59.443955,-34.445225 -59.444090,-34.445650 -59.444904,-34.445386 -59.444761,-34.444968 -59.443955,-34.445225</coordinates></LinearRing></outerBoundaryIs></Polygon></Placemark>
<Placemark><name>SILVA, M. TESTAMENTARIA</name><styleUrl>#s</styleUrl><ExtendedData><Data name="propietar"><value>SILVA, M. TESTAMENTARIA</value></Data><Data name="ocupacion"><value>MURO</value></Data><Data name="m2"><value>6433</value></Data></ExtendedData><Polygon><outerBoundaryIs><LinearRing><coordinates>-59.450765,-34.443694 -59.449946,-34.443947 -59.450196,-34.444650 -59.451000,-34.444394 -59.450765,-34.443694</coordinates></LinearRing></outerBoundaryIs></Polygon></Placemark>
<Placemark><name>CUELLO, A.</name><styleUrl>#s</styleUrl><ExtendedData><Data name="propietar"><value>CUELLO, A.</value></Data><Data name="ocupacion"><value>MURO</value></Data><Data name="m2"><value>3647</value></Data></ExtendedData><Polygon><outerBoundaryIs><LinearRing><coordinates>-59.449072,-34.444563 -59.449206,-34.444946 -59.450047,-34.444689 -59.449912,-34.444304 -59.449072,-34.444563</coordinates></LinearRing></outerBoundaryIs></Polygon></Placemark>
<Placemark><name>RODRIGUEZ, M. D. DE</name><styleUrl>#s</styleUrl><ExtendedData><Data name="propietar"><value>RODRIGUEZ, M. D. DE</value></Data><Data name="ocupacion"><value>MURO</value></Data><Data name="m2"><value>1553</value></Data></ExtendedData><Polygon><outerBoundaryIs><LinearRing><coordinates>-59.448081,-34.444823 -59.448231,-34.445267 -59.448439,-34.445200 -59.448342,-34.444920 -59.448609,-34.444848 -59.448548,-34.444667 -59.448081,-34.444823</coordinates></LinearRing></outerBoundaryIs></Polygon></Placemark>
<Placemark><name>BRAVO, C. TESTAMENTARIA</name><styleUrl>#s</styleUrl><ExtendedData><Data name="propietar"><value>BRAVO, C. TESTAMENTARIA</value></Data><Data name="ocupacion"><value>MURO</value></Data><Data name="m2"><value>1645</value></Data></ExtendedData><Polygon><outerBoundaryIs><LinearRing><coordinates>-59.447654,-34.445437 -59.447550,-34.445081 -59.447128,-34.445214 -59.447250,-34.445568 -59.447654,-34.445437</coordinates></LinearRing></outerBoundaryIs></Polygon></Placemark>
<Placemark><name>PERALTA, S.</name><styleUrl>#s</styleUrl><ExtendedData><Data name="propietar"><value>PERALTA, S.</value></Data><Data name="ocupacion"><value>BALDIO</value></Data><Data name="m2"><value>1220</value></Data></ExtendedData><Polygon><outerBoundaryIs><LinearRing><coordinates>-59.446546,-34.445795 -59.446398,-34.445357 -59.446153,-34.445429 -59.446300,-34.445874 -59.446546,-34.445795</coordinates></LinearRing></outerBoundaryIs></Polygon></Placemark>
<Placemark><name>MOLINA, L. TESTAMENTARIA</name><styleUrl>#s</styleUrl><ExtendedData><Data name="propietar"><value>MOLINA, L. TESTAMENTARIA</value></Data><Data name="ocupacion"><value>MURO</value></Data><Data name="m2"><value>4965</value></Data></ExtendedData><Polygon><outerBoundaryIs><LinearRing><coordinates>-59.445938,-34.445977 -59.445694,-34.445261 -59.445083,-34.445459 -59.445317,-34.446171 -59.445938,-34.445977</coordinates></LinearRing></outerBoundaryIs></Polygon></Placemark>
<Placemark><name>LARROSA, P. M. DE</name><styleUrl>#s</styleUrl><ExtendedData><Data name="propietar"><value>LARROSA, P. M. DE</value></Data><Data name="ocupacion"><value>BALDIO</value></Data><Data name="m2"><value>3388</value></Data></ExtendedData><Polygon><outerBoundaryIs><LinearRing><coordinates>-59.444273,-34.446099 -59.444405,-34.446475 -59.445203,-34.446222 -59.445077,-34.445850 -59.444273,-34.446099</coordinates></LinearRing></outerBoundaryIs></Polygon></Placemark>
<Placemark><name>CUCULLU, I.</name><styleUrl>#s</styleUrl><ExtendedData><Data name="propietar"><value>CUCULLU, I.</value></Data><Data name="ocupacion"><value>MURO</value></Data><Data name="m2"><value>5019</value></Data></ExtendedData><Polygon><outerBoundaryIs><LinearRing><coordinates>-59.448705,-34.445247 -59.448823,-34.445585 -59.448371,-34.445710 -59.448507,-34.446098 -59.449340,-34.445838 -59.449090,-34.445130 -59.448705,-34.445247</coordinates></LinearRing></outerBoundaryIs></Polygon></Placemark>
<Placemark><name>GARATI, J.</name><styleUrl>#s</styleUrl><ExtendedData><Data name="propietar"><value>GARATI, J.</value></Data><Data name="ocupacion"><value>MURO</value></Data><Data name="m2"><value>625</value></Data></ExtendedData><Polygon><outerBoundaryIs><LinearRing><coordinates>-59.447575,-34.446000 -59.447445,-34.445637 -59.447296,-34.445684 -59.447419,-34.446047 -59.447575,-34.446000</coordinates></LinearRing></outerBoundaryIs></Polygon></Placemark>
<Placemark><name>VERAS, R. TESTAMENTARIA</name><styleUrl>#s</styleUrl><ExtendedData><Data name="propietar"><value>VERAS, R. TESTAMENTARIA</value></Data><Data name="ocupacion"><value>BALDIO</value></Data><Data name="m2"><value>5021</value></Data></ExtendedData><Polygon><outerBoundaryIs><LinearRing><coordinates>-59.446990,-34.446572 -59.446869,-34.446206 -59.447277,-34.446105 -59.447145,-34.445731 -59.446326,-34.445994 -59.446571,-34.446703 -59.446990,-34.446572</coordinates></LinearRing></outerBoundaryIs></Polygon></Placemark>
<Placemark><name>RUIZ, L.</name><styleUrl>#s</styleUrl><ExtendedData><Data name="propietar"><value>RUIZ, L.</value></Data><Data name="ocupacion"><value>BALDIO</value></Data><Data name="m2"><value>6670</value></Data></ExtendedData><Polygon><outerBoundaryIs><LinearRing><coordinates>-59.446183,-34.446040 -59.445359,-34.446305 -59.445607,-34.447020 -59.446431,-34.446751 -59.446183,-34.446040</coordinates></LinearRing></outerBoundaryIs></Polygon></Placemark>
<Placemark><name>CUCULLU, I.</name><styleUrl>#s</styleUrl><ExtendedData><Data name="propietar"><value>CUCULLU, I.</value></Data><Data name="ocupacion"><value>BALDIO</value></Data><Data name="m2"><value>6273</value></Data></ExtendedData><Polygon><outerBoundaryIs><LinearRing><coordinates>-59.445227,-34.446347 -59.444445,-34.446589 -59.444697,-34.447305 -59.445471,-34.447055 -59.445227,-34.446347</coordinates></LinearRing></outerBoundaryIs></Polygon></Placemark>
<Placemark><name>ACUÑA, A.</name><styleUrl>#s</styleUrl><ExtendedData><Data name="propietar"><value>ACUÑA, A.</value></Data><Data name="ocupacion"><value>BALDIO</value></Data><Data name="m2"><value>6926</value></Data></ExtendedData><Polygon><outerBoundaryIs><LinearRing><coordinates>-59.444266,-34.446644 -59.443412,-34.446919 -59.443676,-34.447640 -59.444506,-34.447374 -59.444266,-34.446644</coordinates></LinearRing></outerBoundaryIs></Polygon></Placemark>
<Placemark><name>CASAS, R. G. DE</name><styleUrl>#s</styleUrl><ExtendedData><Data name="propietar"><value>CASAS, R. G. DE</value></Data><Data name="ocupacion"><value>ALAMBRADO</value></Data><Data name="m2"><value>6733</value></Data></ExtendedData><Polygon><outerBoundaryIs><LinearRing><coordinates>-59.443282,-34.446967 -59.442457,-34.447238 -59.442704,-34.447953 -59.443534,-34.447686 -59.443282,-34.446967</coordinates></LinearRing></outerBoundaryIs></Polygon></Placemark>
<Placemark><name>QUINTEROS TESTAMENTARIA</name><styleUrl>#s</styleUrl><ExtendedData><Data name="propietar"><value>QUINTEROS TESTAMENTARIA</value></Data><Data name="ocupacion"><value>CERCO</value></Data><Data name="m2"><value>7031</value></Data></ExtendedData><Polygon><outerBoundaryIs><LinearRing><coordinates>-59.442315,-34.447283 -59.441463,-34.447557 -59.441718,-34.448286 -59.442575,-34.447998 -59.442315,-34.447283</coordinates></LinearRing></outerBoundaryIs></Polygon></Placemark>
<Placemark><name>CAFARO, V.</name><styleUrl>#s</styleUrl><ExtendedData><Data name="propietar"><value>CAFARO, V.</value></Data><Data name="ocupacion"><value>PARTE CEMENTERIO VIEJO</value></Data><Data name="m2"><value>18871</value></Data></ExtendedData><Polygon><outerBoundaryIs><LinearRing><coordinates>-59.454911,-34.445057 -59.454613,-34.444306 -59.452429,-34.444999 -59.452678,-34.445752 -59.454911,-34.445057</coordinates></LinearRing></outerBoundaryIs></Polygon></Placemark>
<Placemark><name>LARRECA, L.</name><styleUrl>#s</styleUrl><ExtendedData><Data name="propietar"><value>LARRECA, L.</value></Data><Data name="ocupacion"><value>ALAMBRADO</value></Data><Data name="m2"><value>3643</value></Data></ExtendedData><Polygon><outerBoundaryIs><LinearRing><coordinates>-59.451581,-34.445620 -59.451725,-34.446027 -59.452519,-34.445782 -59.452374,-34.445378 -59.451581,-34.445620</coordinates></LinearRing></outerBoundaryIs></Polygon></Placemark>
<Placemark><name>GONZALEZ, T.</name><styleUrl>#s</styleUrl><ExtendedData><Data name="propietar"><value>GONZALEZ, T.</value></Data><Data name="ocupacion"><value>MURO</value></Data><Data name="m2"><value>2225</value></Data></ExtendedData><Polygon><outerBoundaryIs><LinearRing><coordinates>-59.449694,-34.446379 -59.449776,-34.446617 -59.450623,-34.446368 -59.450543,-34.446138 -59.449694,-34.446379</coordinates></LinearRing></outerBoundaryIs></Polygon></Placemark>
<Placemark><name>ALVAREZ, R.</name><styleUrl>#s</styleUrl><ExtendedData><Data name="propietar"><value>ALVAREZ, R.</value></Data><Data name="ocupacion"><value>MURO</value></Data><Data name="m2"><value>1789</value></Data></ExtendedData><Polygon><outerBoundaryIs><LinearRing><coordinates>-59.448721,-34.446711 -59.449332,-34.446527 -59.449242,-34.446269 -59.448630,-34.446450 -59.448721,-34.446711</coordinates></LinearRing></outerBoundaryIs></Polygon></Placemark>
<Placemark><name>ACUÑA, G.</name><styleUrl>#s</styleUrl><ExtendedData><Data name="propietar"><value>ACUÑA, G.</value></Data><Data name="ocupacion"><value>BALDIO</value></Data><Data name="m2"><value>6523</value></Data></ExtendedData><Polygon><outerBoundaryIs><LinearRing><coordinates>-59.447815,-34.446436 -59.447880,-34.446626 -59.447640,-34.446697 -59.447826,-34.447246 -59.448682,-34.446967 -59.448421,-34.446244 -59.447815,-34.446436</coordinates></LinearRing></outerBoundaryIs></Polygon></Placemark>
<Placemark><name>DIONOFRIO, V.</name><styleUrl>#s</styleUrl><ExtendedData><Data name="propietar"><value>DIONOFRIO, V.</value></Data><Data name="ocupacion"><value>MURO</value></Data><Data name="m2"><value>1748</value></Data></ExtendedData><Polygon><outerBoundaryIs><LinearRing><coordinates>-59.446813,-34.446754 -59.446874,-34.446954 -59.446680,-34.447019 -59.446759,-34.447248 -59.447211,-34.447106 -59.447060,-34.446675 -59.446813,-34.446754</coordinates></LinearRing></outerBoundaryIs></Polygon></Placemark>
<Placemark><name>GONZALEZ, T.</name><styleUrl>#s</styleUrl><ExtendedData><Data name="propietar"><value>GONZALEZ, T.</value></Data><Data name="ocupacion"><value>ALAMBRADO</value></Data><Data name="m2"><value>5407</value></Data></ExtendedData><Polygon><outerBoundaryIs><LinearRing><coordinates>-59.445108,-34.447297 -59.445231,-34.447631 -59.444790,-34.447770 -59.444927,-34.448176 -59.445773,-34.447896 -59.445525,-34.447166 -59.445108,-34.447297</coordinates></LinearRing></outerBoundaryIs></Polygon></Placemark>
<Placemark><name>RAGGIO, S.</name><styleUrl>#s</styleUrl><ExtendedData><Data name="propietar"><value>RAGGIO, S.</value></Data><Data name="ocupacion"><value>ALAMBRADO</value></Data><Data name="m2"><value>3625</value></Data></ExtendedData><Polygon><outerBoundaryIs><LinearRing><coordinates>-59.443830,-34.448104 -59.443967,-34.448494 -59.444799,-34.448219 -59.444672,-34.447844 -59.443830,-34.448104</coordinates></LinearRing></outerBoundaryIs></Polygon></Placemark>
<Placemark><name>TEJO, J. F.</name><styleUrl>#s</styleUrl><ExtendedData><Data name="propietar"><value>TEJO, J. F.</value></Data><Data name="ocupacion"><value>MURO</value></Data><Data name="m2"><value>6833</value></Data></ExtendedData><Polygon><outerBoundaryIs><LinearRing><coordinates>-59.450660,-34.446473 -59.449806,-34.446738 -59.450053,-34.447439 -59.450909,-34.447190 -59.450660,-34.446473</coordinates></LinearRing></outerBoundaryIs></Polygon></Placemark>
<Placemark><name>LESCANO, F.</name><styleUrl>#s</styleUrl><ExtendedData><Data name="propietar"><value>LESCANO, F.</value></Data><Data name="ocupacion"><value>MURO</value></Data><Data name="m2"><value>1705</value></Data></ExtendedData><Polygon><outerBoundaryIs><LinearRing><coordinates>-59.448977,-34.447388 -59.449399,-34.447267 -59.449275,-34.446903 -59.448851,-34.447035 -59.448977,-34.447388</coordinates></LinearRing></outerBoundaryIs></Polygon></Placemark>
<Placemark><name>REBELLI, P.</name><styleUrl>#s</styleUrl><ExtendedData><Data name="propietar"><value>REBELLI, P.</value></Data><Data name="ocupacion"><value>ALAMBRADO</value></Data><Data name="m2"><value>1680</value></Data></ExtendedData><Polygon><outerBoundaryIs><LinearRing><coordinates>-59.447440,-34.447879 -59.447575,-34.448239 -59.447983,-34.448106 -59.447857,-34.447750 -59.447440,-34.447879</coordinates></LinearRing></outerBoundaryIs></Polygon></Placemark>
<Placemark><name>ORTIZ, A. D. DE</name><styleUrl>#s</styleUrl><ExtendedData><Data name="propietar"><value>ORTIZ, A. D. DE</value></Data><Data name="ocupacion"><value>ALAMBRADO</value></Data><Data name="m2"><value>1770</value></Data></ExtendedData><Polygon><outerBoundaryIs><LinearRing><coordinates>-59.446053,-34.448339 -59.446476,-34.448206 -59.446341,-34.447836 -59.445922,-34.447969 -59.446053,-34.448339</coordinates></LinearRing></outerBoundaryIs></Polygon></Placemark>
<Placemark><name>LESCANO, M.</name><styleUrl>#s</styleUrl><ExtendedData><Data name="propietar"><value>LESCANO, M.</value></Data><Data name="ocupacion"><value>ALAMBRADO</value></Data><Data name="m2"><value>1772</value></Data></ExtendedData><Polygon><outerBoundaryIs><LinearRing><coordinates>-59.444538,-34.448838 -59.444963,-34.448699 -59.444839,-34.448335 -59.444406,-34.448474 -59.444538,-34.448838</coordinates></LinearRing></outerBoundaryIs></Polygon></Placemark>
<Placemark><name>GUIZZETTI,C.</name><styleUrl>#s</styleUrl><ExtendedData><Data name="propietar"><value>GUIZZETTI,C.</value></Data><Data name="ocupacion"><value>ALAMBRADO</value></Data><Data name="m2"><value>6725</value></Data></ExtendedData><Polygon><outerBoundaryIs><LinearRing><coordinates>-59.449954,-34.447611 -59.449135,-34.447862 -59.449383,-34.448594 -59.450199,-34.448340 -59.449954,-34.447611</coordinates></LinearRing></outerBoundaryIs></Polygon></Placemark>
<Placemark><name>CHIMINIO, G.</name><styleUrl>#s</styleUrl><ExtendedData><Data name="propietar"><value>CHIMINIO, G.</value></Data><Data name="ocupacion"><value>MURO</value></Data><Data name="m2"><value>1880</value></Data></ExtendedData><Polygon><outerBoundaryIs><LinearRing><coordinates>-59.447316,-34.448861 -59.447442,-34.449226 -59.447903,-34.449076 -59.447765,-34.448716 -59.447316,-34.448861</coordinates></LinearRing></outerBoundaryIs></Polygon></Placemark>
<Placemark><name>BOTTO, P.</name><styleUrl>#s</styleUrl><ExtendedData><Data name="propietar"><value>BOTTO, P.</value></Data><Data name="ocupacion"><value>ALAMBRADO</value></Data><Data name="m2"><value>55698</value></Data></ExtendedData><Polygon><outerBoundaryIs><LinearRing><coordinates>-59.444283,-34.453132 -59.447339,-34.452132 -59.446793,-34.450516 -59.443904,-34.451458 -59.443960,-34.452373 -59.444283,-34.453132</coordinates></LinearRing></outerBoundaryIs></Polygon></Placemark>
<Placemark><name>MOGLIA, JUAN</name><styleUrl>#s</styleUrl><ExtendedData><Data name="propietar"><value>MOGLIA, JUAN</value></Data><Data name="ocupacion"><value>ALAMBRADO</value></Data><Data name="m2"><value>41183</value></Data></ExtendedData><Polygon><outerBoundaryIs><LinearRing><coordinates>-59.436771,-34.443738 -59.437176,-34.445004 -59.438256,-34.444682 -59.437759,-34.443246 -59.440557,-34.442262 -59.440140,-34.441060 -59.438128,-34.442615 -59.436771,-34.443738</coordinates></LinearRing></outerBoundaryIs></Polygon></Placemark>
<Placemark><name>SCARANO, M.</name><styleUrl>#s</styleUrl><ExtendedData><Data name="propietar"><value>SCARANO, M.</value></Data><Data name="ocupacion"><value>ALAMBRADO</value></Data><Data name="m2"><value>35335</value></Data></ExtendedData><Polygon><outerBoundaryIs><LinearRing><coordinates>-59.436055,-34.444288 -59.434025,-34.445900 -59.434410,-34.446793 -59.436655,-34.446110 -59.436055,-34.444288</coordinates></LinearRing></outerBoundaryIs></Polygon></Placemark>
<Placemark><name>CARBONE, V.</name><styleUrl>#s</styleUrl><ExtendedData><Data name="propietar"><value>CARBONE, V.</value></Data><Data name="ocupacion"><value>CERCO</value></Data><Data name="m2"><value>23783</value></Data></ExtendedData><Polygon><outerBoundaryIs><LinearRing><coordinates>-59.438111,-34.447709 -59.435220,-34.448603 -59.435490,-34.449338 -59.438372,-34.448423 -59.438111,-34.447709</coordinates></LinearRing></outerBoundaryIs></Polygon></Placemark>
<Placemark><name>PUCCE, B.</name><styleUrl>#s</styleUrl><ExtendedData><Data name="propietar"><value>PUCCE, B.</value></Data><Data name="ocupacion"><value>ALAMBRADO</value></Data><Data name="m2"><value>7241</value></Data></ExtendedData><Polygon><outerBoundaryIs><LinearRing><coordinates>-59.441316,-34.447590 -59.440477,-34.447857 -59.440722,-34.448619 -59.441580,-34.448337 -59.441316,-34.447590</coordinates></LinearRing></outerBoundaryIs></Polygon></Placemark>
<Placemark><name>ORMILUGUE, J.</name><styleUrl>#s</styleUrl><ExtendedData><Data name="propietar"><value>ORMILUGUE, J.</value></Data><Data name="ocupacion"><value>ALAMBRADO</value></Data><Data name="m2"><value>7192</value></Data></ExtendedData><Polygon><outerBoundaryIs><LinearRing><coordinates>-59.439505,-34.448163 -59.439768,-34.448939 -59.440586,-34.448663 -59.440334,-34.447895 -59.439505,-34.448163</coordinates></LinearRing></outerBoundaryIs></Polygon></Placemark>
<Placemark><name>CASADO, JOSE</name><styleUrl>#s</styleUrl><ExtendedData><Data name="propietar"><value>CASADO, JOSE</value></Data><Data name="ocupacion"><value>CERCO</value></Data><Data name="m2"><value>36489</value></Data></ExtendedData><Polygon><outerBoundaryIs><LinearRing><coordinates>-59.435907,-34.450202 -59.436238,-34.451032 -59.437014,-34.450781 -59.437342,-34.451595 -59.439431,-34.450934 -59.439118,-34.450126 -59.438048,-34.450476 -59.437720,-34.449636 -59.435907,-34.450202</coordinates></LinearRing></outerBoundaryIs></Polygon></Placemark>
<Placemark><name>BILDOSOLA, B.</name><styleUrl>#s</styleUrl><ExtendedData><Data name="propietar"><value>BILDOSOLA, B.</value></Data><Data name="ocupacion"><value>MURO</value></Data><Data name="m2"><value>10027</value></Data></ExtendedData><Polygon><outerBoundaryIs><LinearRing><coordinates>-59.441899,-34.452047 -59.441947,-34.452323 -59.441132,-34.452605 -59.441331,-34.453101 -59.442796,-34.452628 -59.442689,-34.452253 -59.442556,-34.452294 -59.442397,-34.451894 -59.441899,-34.452047</coordinates></LinearRing></outerBoundaryIs></Polygon></Placemark>
<Placemark><name>ARTOLA, J.</name><styleUrl>#s</styleUrl><ExtendedData><Data name="propietar"><value>ARTOLA, J.</value></Data><Data name="ocupacion"><value>MURO</value></Data><Data name="m2"><value>4653</value></Data></ExtendedData><Polygon><outerBoundaryIs><LinearRing><coordinates>-59.440930,-34.451485 -59.441183,-34.452119 -59.441812,-34.451927 -59.441570,-34.451278 -59.440930,-34.451485</coordinates></LinearRing></outerBoundaryIs></Polygon></Placemark>
<Placemark><name>CUCULLU, S.</name><styleUrl>#s</styleUrl><ExtendedData><Data name="propietar"><value>CUCULLU, S.</value></Data><Data name="ocupacion"><value>MURO</value></Data><Data name="m2"><value>16709</value></Data></ExtendedData><Polygon><outerBoundaryIs><LinearRing><coordinates>-59.439110,-34.453005 -59.440922,-34.452411 -59.440620,-34.451610 -59.438807,-34.452194 -59.439110,-34.453005</coordinates></LinearRing></outerBoundaryIs></Polygon></Placemark>
<Placemark><name>PICHETTO, J.</name><styleUrl>#s</styleUrl><ExtendedData><Data name="propietar"><value>PICHETTO, J.</value></Data><Data name="ocupacion"><value>ALAMBRADO</value></Data><Data name="m2"><value>2896</value></Data></ExtendedData><Polygon><outerBoundaryIs><LinearRing><coordinates>-59.441118,-34.453733 -59.440983,-34.453359 -59.440408,-34.453531 -59.440602,-34.454050 -59.441118,-34.453733</coordinates></LinearRing></outerBoundaryIs></Polygon></Placemark>
<Placemark><name>MOLINARES, T.</name><styleUrl>#s</styleUrl><ExtendedData><Data name="propietar"><value>MOLINARES, T.</value></Data><Data name="ocupacion"><value>ALAMBRADO</value></Data><Data name="m2"><value>6861</value></Data></ExtendedData><Polygon><outerBoundaryIs><LinearRing><coordinates>-59.440458,-34.454126 -59.440255,-34.453577 -59.439429,-34.453824 -59.439775,-34.454745 -59.440458,-34.454126</coordinates></LinearRing></outerBoundaryIs></Polygon></Placemark>
<Placemark><name>QUEVEDO, P.</name><styleUrl>#s</styleUrl><ExtendedData><Data name="propietar"><value>QUEVEDO, P.</value></Data><Data name="ocupacion"><value>ALAMBRADO</value></Data><Data name="m2"><value>8012</value></Data></ExtendedData><Polygon><outerBoundaryIs><LinearRing><coordinates>-59.437487,-34.454424 -59.437782,-34.455248 -59.438642,-34.455030 -59.438293,-34.454155 -59.437487,-34.454424</coordinates></LinearRing></outerBoundaryIs></Polygon></Placemark>
<Placemark><name>PICHETTO, J.</name><styleUrl>#s</styleUrl><ExtendedData><Data name="propietar"><value>PICHETTO, J.</value></Data><Data name="ocupacion"><value>CERCO</value></Data><Data name="m2"><value>35517</value></Data></ExtendedData><Polygon><outerBoundaryIs><LinearRing><coordinates>-59.435120,-34.454255 -59.433186,-34.454860 -59.433786,-34.456433 -59.435760,-34.455866 -59.435120,-34.454255</coordinates></LinearRing></outerBoundaryIs></Polygon></Placemark>
<Placemark><name>MARMOL, AURELIO</name><styleUrl>#s</styleUrl><ExtendedData><Data name="propietar"><value>MARMOL, AURELIO</value></Data><Data name="ocupacion"><value>ALAMBRADO</value></Data><Data name="m2"><value>39833</value></Data></ExtendedData><Polygon><outerBoundaryIs><LinearRing><coordinates>-59.435851,-34.456112 -59.436204,-34.457058 -59.433430,-34.457881 -59.433890,-34.459070 -59.436290,-34.457277 -59.438561,-34.455430 -59.435851,-34.456112</coordinates></LinearRing></outerBoundaryIs></Polygon></Placemark>
<Placemark><name>BARRIONUEVO, J. A.</name><styleUrl>#s</styleUrl><ExtendedData><Data name="propietar"><value>BARRIONUEVO, J. A.</value></Data><Data name="ocupacion"><value>ALAMBRADO</value></Data><Data name="m2"><value>3810</value></Data></ExtendedData><Polygon><outerBoundaryIs><LinearRing><coordinates>-59.442739,-34.440546 -59.442472,-34.439807 -59.442031,-34.439956 -59.442262,-34.440663 -59.442316,-34.440685 -59.442739,-34.440546</coordinates></LinearRing></outerBoundaryIs></Polygon></Placemark>
<Placemark><name>VELOZ, A.</name><styleUrl>#s</styleUrl><ExtendedData><Data name="propietar"><value>VELOZ, A.</value></Data><Data name="ocupacion"><value>ALAMBRADO</value></Data><Data name="m2"><value>7266</value></Data></ExtendedData><Polygon><outerBoundaryIs><LinearRing><coordinates>-59.442447,-34.444422 -59.441606,-34.444708 -59.441589,-34.444736 -59.441803,-34.445421 -59.441844,-34.445434 -59.442701,-34.445161 -59.442447,-34.444422</coordinates></LinearRing></outerBoundaryIs></Polygon></Placemark>
<Placemark><name>BOTTO, P</name><styleUrl>#s</styleUrl><ExtendedData><Data name="propietar"><value>BOTTO, P</value></Data><Data name="ocupacion"><value>ALAMBRADO</value></Data><Data name="m2"><value>6788</value></Data></ExtendedData><Polygon><outerBoundaryIs><LinearRing><coordinates>-59.443675,-34.444991 -59.442890,-34.445237 -59.442870,-34.445273 -59.443117,-34.445933 -59.443157,-34.445950 -59.443959,-34.445691 -59.443716,-34.445005 -59.443675,-34.444991</coordinates></LinearRing></outerBoundaryIs></Polygon></Placemark>
<Placemark><name>SANTOS, M. DE LOS</name><styleUrl>#s</styleUrl><ExtendedData><Data name="propietar"><value>SANTOS, M. DE LOS</value></Data><Data name="ocupacion"><value>CERCO</value></Data><Data name="m2"><value>1871</value></Data></ExtendedData><Polygon><outerBoundaryIs><LinearRing><coordinates>-59.442422,-34.445794 -59.442861,-34.445672 -59.442738,-34.445315 -59.442693,-34.445297 -59.442291,-34.445414 -59.442422,-34.445794</coordinates></LinearRing></outerBoundaryIs></Polygon></Placemark>
<Placemark><name>VALENZUELA TESTAMENTARIA</name><styleUrl>#s</styleUrl><ExtendedData><Data name="propietar"><value>VALENZUELA TESTAMENTARIA</value></Data><Data name="ocupacion"><value>MURO</value></Data><Data name="m2"><value>7249</value></Data></ExtendedData><Polygon><outerBoundaryIs><LinearRing><coordinates>-59.441698,-34.445597 -59.440854,-34.445857 -59.441114,-34.446581 -59.441148,-34.446593 -59.441950,-34.446338 -59.441971,-34.446299 -59.441732,-34.445612 -59.441698,-34.445597</coordinates></LinearRing></outerBoundaryIs></Polygon></Placemark>
<Placemark><name>BOTTO, P.</name><styleUrl>#s</styleUrl><ExtendedData><Data name="propietar"><value>BOTTO, P.</value></Data><Data name="ocupacion"><value>ALAMBRADO</value></Data><Data name="m2"><value>6557</value></Data></ExtendedData><Polygon><outerBoundaryIs><LinearRing><coordinates>-59.442962,-34.446157 -59.442186,-34.446400 -59.442171,-34.446423 -59.442402,-34.447083 -59.442441,-34.447097 -59.443202,-34.446864 -59.443227,-34.446827 -59.443006,-34.446172 -59.442962,-34.446157</coordinates></LinearRing></outerBoundaryIs></Polygon></Placemark>
<Placemark><name>AGUIRRE, E.</name><styleUrl>#s</styleUrl><ExtendedData><Data name="propietar"><value>AGUIRRE, E.</value></Data><Data name="ocupacion"><value>MURO</value></Data><Data name="m2"><value>6918</value></Data></ExtendedData><Polygon><outerBoundaryIs><LinearRing><coordinates>-59.441996,-34.446446 -59.441198,-34.446700 -59.441184,-34.446741 -59.441414,-34.447401 -59.441448,-34.447414 -59.442254,-34.447161 -59.442280,-34.447136 -59.442026,-34.446457 -59.441996,-34.446446</coordinates></LinearRing></outerBoundaryIs></Polygon></Placemark>
<Placemark><name>CASAS, G. R. DE</name><styleUrl>#s</styleUrl><ExtendedData><Data name="propietar"><value>CASAS, G. R. DE</value></Data><Data name="ocupacion"><value>BALDIO</value></Data><Data name="m2"><value>7259</value></Data></ExtendedData><Polygon><outerBoundaryIs><LinearRing><coordinates>-59.442586,-34.448111 -59.441762,-34.448373 -59.441743,-34.448404 -59.442003,-34.449093 -59.442042,-34.449106 -59.442844,-34.448849 -59.442864,-34.448823 -59.442620,-34.448126 -59.442586,-34.448111</coordinates></LinearRing></outerBoundaryIs></Polygon></Placemark>
<Placemark><name>RAGGIO, S.</name><styleUrl>#s</styleUrl><ExtendedData><Data name="propietar"><value>RAGGIO, S.</value></Data><Data name="ocupacion"><value>ALAMBRADO</value></Data><Data name="m2"><value>6715</value></Data></ExtendedData><Polygon><outerBoundaryIs><LinearRing><coordinates>-59.443866,-34.448669 -59.443041,-34.448926 -59.443273,-34.449633 -59.443296,-34.449643 -59.444079,-34.449399 -59.444100,-34.449367 -59.443866,-34.448669</coordinates></LinearRing></outerBoundaryIs></Polygon></Placemark>
<Placemark><name>FRIAS, F.</name><styleUrl>#s</styleUrl><ExtendedData><Data name="propietar"><value>FRIAS, F.</value></Data><Data name="ocupacion"><value>ALAMBRADO</value></Data><Data name="m2"><value>6595</value></Data></ExtendedData><Polygon><outerBoundaryIs><LinearRing><coordinates>-59.446049,-34.448860 -59.445288,-34.449116 -59.445273,-34.449140 -59.445506,-34.449800 -59.445534,-34.449816 -59.446318,-34.449573 -59.446330,-34.449542 -59.446093,-34.448876 -59.446049,-34.448860</coordinates></LinearRing></outerBoundaryIs></Polygon></Placemark>
<Placemark><name>BOTTO, P.</name><styleUrl>#s</styleUrl><ExtendedData><Data name="propietar"><value>BOTTO, P.</value></Data><Data name="ocupacion"><value>MURO</value></Data><Data name="m2"><value>7125</value></Data></ExtendedData><Polygon><outerBoundaryIs><LinearRing><coordinates>-59.444420,-34.450334 -59.443656,-34.450598 -59.443626,-34.450651 -59.443848,-34.451293 -59.443899,-34.451314 -59.444274,-34.451193 -59.444287,-34.451224 -59.444700,-34.451087 -59.444723,-34.451049 -59.444465,-34.450351 -59.444420,-34.450334</coordinates></LinearRing></outerBoundaryIs></Polygon></Placemark>
<Placemark><name>MOLINA, L. TESTAMENTARIA</name><styleUrl>#s</styleUrl><ExtendedData><Data name="propietar"><value>MOLINA, L. TESTAMENTARIA</value></Data><Data name="ocupacion"><value>BALDIO</value></Data><Data name="m2"><value>7135</value></Data></ExtendedData><Polygon><outerBoundaryIs><LinearRing><coordinates>-59.438470,-34.445661 -59.437668,-34.445901 -59.437649,-34.445935 -59.437894,-34.446623 -59.437937,-34.446641 -59.438728,-34.446399 -59.438751,-34.446362 -59.438508,-34.445678 -59.438470,-34.445661</coordinates></LinearRing></outerBoundaryIs></Polygon></Placemark>
<Placemark><name>AGUIRRE, E.</name><styleUrl>#s</styleUrl><ExtendedData><Data name="propietar"><value>AGUIRRE, E.</value></Data><Data name="ocupacion"><value>CERCO</value></Data><Data name="m2"><value>6748</value></Data></ExtendedData><Polygon><outerBoundaryIs><LinearRing><coordinates>-59.436690,-34.446244 -59.436956,-34.446966 -59.437745,-34.446709 -59.437762,-34.446676 -59.437540,-34.446014 -59.437489,-34.445994 -59.436690,-34.446244</coordinates></LinearRing></outerBoundaryIs></Polygon></Placemark>
<Placemark><name>RUBELLI, P.</name><styleUrl>#s</styleUrl><ExtendedData><Data name="propietar"><value>RUBELLI, P.</value></Data><Data name="ocupacion"><value>CERCO</value></Data><Data name="m2"><value>7184</value></Data></ExtendedData><Polygon><outerBoundaryIs><LinearRing><coordinates>-59.440719,-34.445899 -59.439927,-34.446161 -59.439914,-34.446185 -59.440167,-34.446905 -59.440206,-34.446917 -59.440989,-34.446651 -59.441000,-34.446625 -59.440748,-34.445907 -59.440719,-34.445899</coordinates></LinearRing></outerBoundaryIs></Polygon></Placemark>
<Placemark><name>RUBELLI, P.</name><styleUrl>#s</styleUrl><ExtendedData><Data name="propietar"><value>RUBELLI, P.</value></Data><Data name="ocupacion"><value>MURO</value></Data><Data name="m2"><value>6998</value></Data></ExtendedData><Polygon><outerBoundaryIs><LinearRing><coordinates>-59.439733,-34.446218 -59.438949,-34.446471 -59.438936,-34.446494 -59.439198,-34.447210 -59.439230,-34.447219 -59.439997,-34.446971 -59.440012,-34.446945 -59.439760,-34.446227 -59.439733,-34.446218</coordinates></LinearRing></outerBoundaryIs></Polygon></Placemark>
<Placemark><name>ARTOLA, J.</name><styleUrl>#s</styleUrl><ExtendedData><Data name="propietar"><value>ARTOLA, J.</value></Data><Data name="ocupacion"><value>ALAMBRADO</value></Data><Data name="m2"><value>7369</value></Data></ExtendedData><Polygon><outerBoundaryIs><LinearRing><coordinates>-59.438801,-34.446513 -59.437935,-34.446796 -59.438038,-34.447085 -59.438060,-34.447093 -59.438207,-34.447520 -59.438246,-34.447535 -59.439071,-34.447274 -59.438801,-34.446513</coordinates></LinearRing></outerBoundaryIs></Polygon></Placemark>
<Placemark><name>RODRIGUEZ, M. R.</name><styleUrl>#s</styleUrl><ExtendedData><Data name="propietar"><value>RODRIGUEZ, M. R.</value></Data><Data name="ocupacion"><value>CERCO</value></Data><Data name="m2"><value>6700</value></Data></ExtendedData><Polygon><outerBoundaryIs><LinearRing><coordinates>-59.436998,-34.447098 -59.437258,-34.447840 -59.438015,-34.447595 -59.438038,-34.447556 -59.437806,-34.446863 -59.437759,-34.446848 -59.436998,-34.447098</coordinates></LinearRing></outerBoundaryIs></Polygon></Placemark>
<Placemark><name>CUCULLU, I.</name><styleUrl>#s</styleUrl><ExtendedData><Data name="propietar"><value>CUCULLU, I.</value></Data><Data name="ocupacion"><value>CERCO</value></Data><Data name="m2"><value>6659</value></Data></ExtendedData><Polygon><outerBoundaryIs><LinearRing><coordinates>-59.440037,-34.447097 -59.439277,-34.447338 -59.439254,-34.447373 -59.439473,-34.448041 -59.439511,-34.448055 -59.440282,-34.447812 -59.440302,-34.447777 -59.440081,-34.447116 -59.440037,-34.447097</coordinates></LinearRing></outerBoundaryIs></Polygon></Placemark>
<Placemark><name>CARBONE, V.</name><styleUrl>#s</styleUrl><ExtendedData><Data name="propietar"><value>CARBONE, V.</value></Data><Data name="ocupacion"><value>ALAMBRADO</value></Data><Data name="m2"><value>6727</value></Data></ExtendedData><Polygon><outerBoundaryIs><LinearRing><coordinates>-59.439046,-34.447415 -59.438312,-34.447646 -59.438278,-34.447722 -59.438501,-34.448357 -59.438552,-34.448376 -59.439282,-34.448120 -59.439319,-34.448065 -59.439121,-34.447438 -59.439046,-34.447415</coordinates></LinearRing></outerBoundaryIs></Polygon></Placemark>
<Placemark><name>PUCCE, B.</name><styleUrl>#s</styleUrl><ExtendedData><Data name="propietar"><value>PUCCE, B.</value></Data><Data name="ocupacion"><value>ALAMBRADO</value></Data><Data name="m2"><value>6999</value></Data></ExtendedData><Polygon><outerBoundaryIs><LinearRing><coordinates>-59.441603,-34.448477 -59.440797,-34.448731 -59.440781,-34.448762 -59.441025,-34.449436 -59.441053,-34.449449 -59.441865,-34.449203 -59.441880,-34.449175 -59.441641,-34.448493 -59.441603,-34.448477</coordinates></LinearRing></outerBoundaryIs></Polygon></Placemark>
<Placemark><name>ORMILUGUE, J.</name><styleUrl>#s</styleUrl><ExtendedData><Data name="propietar"><value>ORMILUGUE, J.</value></Data><Data name="ocupacion"><value>ALAMBRADO</value></Data><Data name="m2"><value>6525</value></Data></ExtendedData><Polygon><outerBoundaryIs><LinearRing><coordinates>-59.440631,-34.448789 -59.439836,-34.449063 -59.439823,-34.449085 -59.440077,-34.449744 -59.440111,-34.449758 -59.440890,-34.449494 -59.440631,-34.448789</coordinates></LinearRing></outerBoundaryIs></Polygon></Placemark>
<Placemark><name>CUCULLU, S.</name><styleUrl>#s</styleUrl><ExtendedData><Data name="propietar"><value>CUCULLU, S.</value></Data><Data name="ocupacion"><value>ALAMBRADO</value></Data><Data name="m2"><value>6794</value></Data></ExtendedData><Polygon><outerBoundaryIs><LinearRing><coordinates>-59.440878,-34.449623 -59.440126,-34.449866 -59.440107,-34.449899 -59.440361,-34.450593 -59.440395,-34.450603 -59.441152,-34.450357 -59.441171,-34.450323 -59.440916,-34.449637 -59.440878,-34.449623</coordinates></LinearRing></outerBoundaryIs></Polygon></Placemark>
<Placemark><name>CUCULLU, S.</name><styleUrl>#s</styleUrl><ExtendedData><Data name="propietar"><value>CUCULLU, S.</value></Data><Data name="ocupacion"><value>ALAMBRADO</value></Data><Data name="m2"><value>6601</value></Data></ExtendedData><Polygon><outerBoundaryIs><LinearRing><coordinates>-59.441208,-34.450460 -59.440435,-34.450717 -59.440418,-34.450748 -59.440685,-34.451395 -59.440726,-34.451410 -59.441482,-34.451164 -59.441497,-34.451131 -59.441244,-34.450467 -59.441208,-34.450460</coordinates></LinearRing></outerBoundaryIs></Polygon></Placemark>
<Placemark><name>CAFARO, V.</name><styleUrl>#s</styleUrl><ExtendedData><Data name="propietar"><value>CAFARO, V.</value></Data><Data name="ocupacion"><value>ALAMBRADO</value></Data><Data name="m2"><value>11319</value></Data></ExtendedData><Polygon><outerBoundaryIs><LinearRing><coordinates>-59.452982,-34.443863 -59.453273,-34.444607 -59.454630,-34.444175 -59.454292,-34.443453 -59.452982,-34.443863</coordinates></LinearRing></outerBoundaryIs></Polygon></Placemark>
<Placemark><name>MARMOL M.</name><styleUrl>#s</styleUrl><ExtendedData><Data name="propietar"><value>MARMOL M.</value></Data><Data name="ocupacion"><value>BALDIO</value></Data><Data name="m2"><value>3318</value></Data></ExtendedData><Polygon><outerBoundaryIs><LinearRing><coordinates>-59.448798,-34.438106 -59.448672,-34.437762 -59.447993,-34.437988 -59.447995,-34.437994 -59.447835,-34.438042 -59.447827,-34.438073 -59.447953,-34.438384 -59.448798,-34.438106</coordinates></LinearRing></outerBoundaryIs></Polygon></Placemark>
<Placemark><name>MARMOL, J. A. DE</name><styleUrl>#s</styleUrl><ExtendedData><Data name="propietar"><value>MARMOL, J. A. DE</value></Data><Data name="ocupacion"><value>BALDIO</value></Data><Data name="m2"><value>6675</value></Data></ExtendedData><Polygon><outerBoundaryIs><LinearRing><coordinates>-59.447676,-34.438079 -59.446885,-34.438345 -59.446871,-34.438371 -59.447121,-34.439028 -59.447151,-34.439042 -59.447941,-34.438787 -59.447953,-34.438765 -59.447699,-34.438089 -59.447676,-34.438079</coordinates></LinearRing></outerBoundaryIs></Polygon></Placemark>
<Placemark><name>SARLI, M.</name><styleUrl>#s</styleUrl><ExtendedData><Data name="propietar"><value>SARLI, M.</value></Data><Data name="ocupacion"><value>BALDIO</value></Data><Data name="m2"><value>3360</value></Data></ExtendedData><Polygon><outerBoundaryIs><LinearRing><coordinates>-59.445998,-34.438987 -59.446128,-34.439322 -59.446153,-34.439332 -59.446962,-34.439074 -59.446980,-34.439053 -59.446863,-34.438728 -59.445998,-34.438987</coordinates></LinearRing></outerBoundaryIs></Polygon></Placemark>
<Placemark><name>LARROSA, P. M.</name><styleUrl>#s</styleUrl><ExtendedData><Data name="propietar"><value>LARROSA, P. M.</value></Data><Data name="ocupacion"><value>ALAMBRADO</value></Data><Data name="m2"><value>5333</value></Data></ExtendedData><Polygon><outerBoundaryIs><LinearRing><coordinates>-59.443570,-34.438582 -59.442864,-34.439104 -59.442843,-34.439149 -59.442876,-34.439242 -59.442864,-34.439281 -59.442906,-34.439387 -59.442925,-34.439381 -59.442965,-34.439503 -59.443009,-34.439517 -59.443829,-34.439250 -59.443614,-34.438591 -59.443570,-34.438582</coordinates></LinearRing></outerBoundaryIs></Polygon></Placemark>
<Placemark><name>MOGLIA, J.</name><styleUrl>#s</styleUrl><ExtendedData><Data name="propietar"><value>MOGLIA, J.</value></Data><Data name="ocupacion"><value>ALAMBRADO</value></Data><Data name="m2"><value>29357</value></Data></ExtendedData><Polygon><outerBoundaryIs><LinearRing><coordinates>-59.441945,-34.439977 -59.440241,-34.441005 -59.440680,-34.442223 -59.442474,-34.441591 -59.441945,-34.439977</coordinates></LinearRing></outerBoundaryIs></Polygon></Placemark>
<Placemark><name>LUCERO, J.</name><styleUrl>#s</styleUrl><ExtendedData><Data name="propietar"><value>LUCERO, J.</value></Data><Data name="ocupacion"><value>BALDIO</value></Data><Data name="m2"><value>4012</value></Data></ExtendedData><Polygon><outerBoundaryIs><LinearRing><coordinates>-59.448295,-34.439279 -59.449150,-34.439011 -59.448989,-34.438592 -59.448159,-34.438870 -59.448146,-34.438892 -59.448295,-34.439279</coordinates></LinearRing></outerBoundaryIs></Polygon></Placemark>
<Placemark><name>ROLDAN, M.</name><styleUrl>#s</styleUrl><ExtendedData><Data name="propietar"><value>ROLDAN, M.</value></Data><Data name="ocupacion"><value>ALAMBRADO</value></Data><Data name="m2"><value>3382</value></Data></ExtendedData><Polygon><outerBoundaryIs><LinearRing><coordinates>-59.449548,-34.439721 -59.450366,-34.439455 -59.450241,-34.439088 -59.449430,-34.439356 -59.449548,-34.439721</coordinates></LinearRing></outerBoundaryIs></Polygon></Placemark>
<Placemark><name>ECHEVERRIA, S.</name><styleUrl>#s</styleUrl><ExtendedData><Data name="propietar"><value>ECHEVERRIA, S.</value></Data><Data name="ocupacion"><value>BALDIO</value></Data><Data name="m2"><value>799</value></Data></ExtendedData><Polygon><outerBoundaryIs><LinearRing><coordinates>-59.449000,-34.439956 -59.449058,-34.440123 -59.449475,-34.439993 -59.449418,-34.439822 -59.449000,-34.439956</coordinates></LinearRing></outerBoundaryIs></Polygon></Placemark>
<Placemark><name>ACUÑA, M. R. DE</name><styleUrl>#s</styleUrl><ExtendedData><Data name="propietar"><value>ACUÑA, M. R. DE</value></Data><Data name="ocupacion"><value>MURO</value></Data><Data name="m2"><value>3314</value></Data></ExtendedData><Polygon><outerBoundaryIs><LinearRing><coordinates>-59.447597,-34.440360 -59.448430,-34.440094 -59.448314,-34.439759 -59.448283,-34.439747 -59.447500,-34.440003 -59.447484,-34.440032 -59.447597,-34.440360</coordinates></LinearRing></outerBoundaryIs></Polygon></Placemark>
<Placemark><name>CUCULLU, I.</name><styleUrl>#s</styleUrl><ExtendedData><Data name="propietar"><value>CUCULLU, I.</value></Data><Data name="ocupacion"><value>CERCO</value></Data><Data name="m2"><value>1148</value></Data></ExtendedData><Polygon><outerBoundaryIs><LinearRing><coordinates>-59.445732,-34.441091 -59.445808,-34.441318 -59.445849,-34.441338 -59.446211,-34.441218 -59.446127,-34.440957 -59.445732,-34.441091</coordinates></LinearRing></outerBoundaryIs></Polygon></Placemark>
<Placemark><name>CUFRE, V.</name><styleUrl>#s</styleUrl><ExtendedData><Data name="propietar"><value>CUFRE, V.</value></Data><Data name="ocupacion"><value>MURO</value></Data><Data name="m2"><value>6574</value></Data></ExtendedData><Polygon><outerBoundaryIs><LinearRing><coordinates>-59.443461,-34.441370 -59.442685,-34.441643 -59.442666,-34.441679 -59.442899,-34.442331 -59.442928,-34.442344 -59.443698,-34.442079 -59.443721,-34.442045 -59.443590,-34.441733 -59.443610,-34.441725 -59.443487,-34.441381 -59.443461,-34.441370</coordinates></LinearRing></outerBoundaryIs></Polygon></Placemark>
<Placemark><name>MUNICIPAL</name><styleUrl>#s</styleUrl><ExtendedData><Data name="propietar"><value>MUNICIPAL</value></Data><Data name="ocupacion"><value>BALDIO</value></Data><Data name="m2"><value>6650</value></Data></ExtendedData><Polygon><outerBoundaryIs><LinearRing><coordinates>-59.451799,-34.440491 -59.451240,-34.439719 -59.451214,-34.439707 -59.450700,-34.439878 -59.450675,-34.439913 -59.451000,-34.440708 -59.451060,-34.440729 -59.451799,-34.440491</coordinates></LinearRing></outerBoundaryIs></Polygon></Placemark>
<Placemark><name>LARROSA, V.</name><styleUrl>#s</styleUrl><ExtendedData><Data name="propietar"><value>LARROSA, V.</value></Data><Data name="ocupacion"><value>ALAMBRADO</value></Data><Data name="m2"><value>3395</value></Data></ExtendedData><Polygon><outerBoundaryIs><LinearRing><coordinates>-59.449769,-34.440362 -59.449898,-34.440735 -59.450720,-34.440477 -59.450596,-34.440119 -59.449769,-34.440362</coordinates></LinearRing></outerBoundaryIs></Polygon></Placemark>
<Placemark><name>ALVAREZ, C. TESTAMENTARIA</name><styleUrl>#s</styleUrl><ExtendedData><Data name="propietar"><value>ALVAREZ, C. TESTAMENTARIA</value></Data><Data name="ocupacion"><value>ALAMBRADO</value></Data><Data name="m2"><value>5157</value></Data></ExtendedData><Polygon><outerBoundaryIs><LinearRing><coordinates>-59.448916,-34.441031 -59.449781,-34.440774 -59.449593,-34.440260 -59.449547,-34.440242 -59.448753,-34.440509 -59.448736,-34.440542 -59.448916,-34.441031</coordinates></LinearRing></outerBoundaryIs></Polygon></Placemark>
<Placemark><name>CASADO, A.</name><styleUrl>#s</styleUrl><ExtendedData><Data name="propietar"><value>CASADO, A.</value></Data><Data name="ocupacion"><value>MURO</value></Data><Data name="m2"><value>976</value></Data></ExtendedData><Polygon><outerBoundaryIs><LinearRing><coordinates>-59.447992,-34.441508 -59.448415,-34.441387 -59.448344,-34.441178 -59.447923,-34.441305 -59.447992,-34.441508</coordinates></LinearRing></outerBoundaryIs></Polygon></Placemark>
<Placemark><name>RODRIGUEZ, A.</name><styleUrl>#s</styleUrl><ExtendedData><Data name="propietar"><value>RODRIGUEZ, A.</value></Data><Data name="ocupacion"><value>MURO</value></Data><Data name="m2"><value>1578</value></Data></ExtendedData><Polygon><outerBoundaryIs><LinearRing><coordinates>-59.446954,-34.441618 -59.447073,-34.441941 -59.447113,-34.441953 -59.447485,-34.441836 -59.447362,-34.441495 -59.446954,-34.441618</coordinates></LinearRing></outerBoundaryIs></Polygon></Placemark>
<Placemark><name>CASAS, M.</name><styleUrl>#s</styleUrl><ExtendedData><Data name="propietar"><value>CASAS, M.</value></Data><Data name="ocupacion"><value>MURO</value></Data><Data name="m2"><value>1804</value></Data></ExtendedData><Polygon><outerBoundaryIs><LinearRing><coordinates>-59.446570,-34.442116 -59.446431,-34.441755 -59.445997,-34.441882 -59.446119,-34.442245 -59.446570,-34.442116</coordinates></LinearRing></outerBoundaryIs></Polygon></Placemark>
<Placemark><name>LARROSA</name><styleUrl>#s</styleUrl><ExtendedData><Data name="propietar"><value>LARROSA</value></Data><Data name="ocupacion"><value>ALAMBRADO</value></Data><Data name="m2"><value>5319</value></Data></ExtendedData><Polygon><outerBoundaryIs><LinearRing><coordinates>-59.445580,-34.442423 -59.445416,-34.441988 -59.445848,-34.441860 -59.445748,-34.441555 -59.445691,-34.441533 -59.444898,-34.441775 -59.444885,-34.441798 -59.445141,-34.442531 -59.445170,-34.442543 -59.445580,-34.442423</coordinates></LinearRing></outerBoundaryIs></Polygon></Placemark>
<Placemark><name>GALEANO, M.</name><styleUrl>#s</styleUrl><ExtendedData><Data name="propietar"><value>GALEANO, M.</value></Data><Data name="ocupacion"><value>ALAMBRADO</value></Data><Data name="m2"><value>2266</value></Data></ExtendedData><Polygon><outerBoundaryIs><LinearRing><coordinates>-59.444016,-34.442358 -59.444175,-34.442819 -59.444220,-34.442833 -59.444603,-34.442721 -59.444429,-34.442236 -59.444016,-34.442358</coordinates></LinearRing></outerBoundaryIs></Polygon></Placemark>
<Placemark><name>FLORES, J.</name><styleUrl>#s</styleUrl><ExtendedData><Data name="propietar"><value>FLORES, J.</value></Data><Data name="ocupacion"><value>CERCO</value></Data><Data name="m2"><value>3782</value></Data></ExtendedData><Polygon><outerBoundaryIs><LinearRing><coordinates>-59.443037,-34.442769 -59.443174,-34.443134 -59.443230,-34.443148 -59.444009,-34.442906 -59.444026,-34.442875 -59.443894,-34.442508 -59.443037,-34.442769</coordinates></LinearRing></outerBoundaryIs></Polygon></Placemark>
<Placemark><name>SANGUINETTI, J.</name><styleUrl>#s</styleUrl><ExtendedData><Data name="propietar"><value>SANGUINETTI, J.</value></Data><Data name="ocupacion"><value>ALAMBRADO</value></Data><Data name="m2"><value>6313</value></Data></ExtendedData><Polygon><outerBoundaryIs><LinearRing><coordinates>-59.452086,-34.441309 -59.451765,-34.440625 -59.451605,-34.440683 -59.451039,-34.440854 -59.451016,-34.440891 -59.451246,-34.441543 -59.451290,-34.441558 -59.452086,-34.441309</coordinates></LinearRing></outerBoundaryIs></Polygon></Placemark>
<Placemark><name>ORMACHEA, TESTAMENTARIA</name><styleUrl>#s</styleUrl><ExtendedData><Data name="propietar"><value>ORMACHEA, TESTAMENTARIA</value></Data><Data name="ocupacion"><value>BALDIO</value></Data><Data name="m2"><value>6913</value></Data></ExtendedData><Polygon><outerBoundaryIs><LinearRing><coordinates>-59.450826,-34.440921 -59.450032,-34.441173 -59.450010,-34.441207 -59.450265,-34.441878 -59.450299,-34.441889 -59.451088,-34.441629 -59.451105,-34.441599 -59.450876,-34.440940 -59.450826,-34.440921</coordinates></LinearRing></outerBoundaryIs></Polygon></Placemark>
<Placemark><name>GOMEZ, E.</name><styleUrl>#s</styleUrl><ExtendedData><Data name="propietar"><value>GOMEZ, E.</value></Data><Data name="ocupacion"><value>BALDIO</value></Data><Data name="m2"><value>1989</value></Data></ExtendedData><Polygon><outerBoundaryIs><LinearRing><coordinates>-59.449159,-34.441851 -59.449640,-34.441701 -59.449515,-34.441338 -59.449051,-34.441481 -59.449034,-34.441508 -59.449159,-34.441851</coordinates></LinearRing></outerBoundaryIs></Polygon></Placemark>
<Placemark><name>MALLER, M.</name><styleUrl>#s</styleUrl><ExtendedData><Data name="propietar"><value>MALLER, M.</value></Data><Data name="ocupacion"><value>ALAMBRADO</value></Data><Data name="m2"><value>913</value></Data></ExtendedData><Polygon><outerBoundaryIs><LinearRing><coordinates>-59.448697,-34.442200 -59.449128,-34.442065 -59.449061,-34.441883 -59.448632,-34.442006 -59.448697,-34.442200</coordinates></LinearRing></outerBoundaryIs></Polygon></Placemark>
<Placemark><name>PLAZA CONSTITUCION</name><styleUrl>#s</styleUrl><ExtendedData><Data name="propietar"><value>PLAZA CONSTITUCION</value></Data><Data name="ocupacion"><value>PLAZA</value></Data><Data name="m2"><value>6595</value></Data></ExtendedData><Polygon><outerBoundaryIs><LinearRing><coordinates>-59.447919,-34.441825 -59.447144,-34.442076 -59.447132,-34.442097 -59.447361,-34.442770 -59.447394,-34.442783 -59.448172,-34.442537 -59.448190,-34.442512 -59.447944,-34.441833 -59.447919,-34.441825</coordinates></LinearRing></outerBoundaryIs></Polygon></Placemark>
<Placemark><name>RUBELLI, P.</name><styleUrl>#s</styleUrl><ExtendedData><Data name="propietar"><value>RUBELLI, P.</value></Data><Data name="ocupacion"><value>MURO</value></Data><Data name="m2"><value>1207</value></Data></ExtendedData><Polygon><outerBoundaryIs><LinearRing><coordinates>-59.446684,-34.442983 -59.446550,-34.442594 -59.446276,-34.442666 -59.446396,-34.443043 -59.446426,-34.443054 -59.446684,-34.442983</coordinates></LinearRing></outerBoundaryIs></Polygon></Placemark>
<Placemark><name>PELAEZ, FERNANDO</name><styleUrl>#s</styleUrl><ExtendedData><Data name="propietar"><value>PELAEZ, FERNANDO</value></Data><Data name="ocupacion"><value>MURO</value></Data><Data name="m2"><value>4814</value></Data></ExtendedData><Polygon><outerBoundaryIs><LinearRing><coordinates>-59.444314,-34.443277 -59.444745,-34.443165 -59.444885,-34.443557 -59.445274,-34.443444 -59.445289,-34.443421 -59.445057,-34.442741 -59.445026,-34.442728 -59.444243,-34.442960 -59.444217,-34.442994 -59.444314,-34.443277</coordinates></LinearRing></outerBoundaryIs></Polygon></Placemark>
<Placemark><name>LAVALLEN TESTAMENTARIA</name><styleUrl>#s</styleUrl><ExtendedData><Data name="propietar"><value>LAVALLEN TESTAMENTARIA</value></Data><Data name="ocupacion"><value>BALDIO</value></Data><Data name="m2"><value>3456</value></Data></ExtendedData><Polygon><outerBoundaryIs><LinearRing><coordinates>-59.443361,-34.443604 -59.443481,-34.443961 -59.443517,-34.443974 -59.444308,-34.443734 -59.444322,-34.443689 -59.444214,-34.443375 -59.443361,-34.443604</coordinates></LinearRing></outerBoundaryIs></Polygon></Placemark>
<Placemark><name>MUNICIPAL</name><styleUrl>#s</styleUrl><ExtendedData><Data name="propietar"><value>MUNICIPAL</value></Data><Data name="ocupacion"><value>BALDIO</value></Data><Data name="m2"><value>2241</value></Data></ExtendedData><Polygon><outerBoundaryIs><LinearRing><coordinates>-59.452919,-34.441976 -59.452560,-34.441300 -59.452323,-34.441377 -59.452591,-34.442075 -59.452919,-34.441976</coordinates></LinearRing></outerBoundaryIs></Polygon></Placemark>
<Placemark><name>MARTINEZ, M.</name><styleUrl>#s</styleUrl><ExtendedData><Data name="propietar"><value>MARTINEZ, M.</value></Data><Data name="ocupacion"><value>BALDIO</value></Data><Data name="m2"><value>7098</value></Data></ExtendedData><Polygon><outerBoundaryIs><LinearRing><coordinates>-59.452432,-34.442121 -59.452164,-34.441424 -59.451299,-34.441689 -59.451286,-34.441715 -59.451521,-34.442373 -59.451561,-34.442386 -59.452432,-34.442121</coordinates></LinearRing></outerBoundaryIs></Polygon></Placemark>
<Placemark><name>ACUÑA, A</name><styleUrl>#s</styleUrl><ExtendedData><Data name="propietar"><value>ACUÑA, A</value></Data><Data name="ocupacion"><value>ALAMBRADO</value></Data><Data name="m2"><value>1680</value></Data></ExtendedData><Polygon><outerBoundaryIs><LinearRing><coordinates>-59.450453,-34.442344 -59.450579,-34.442685 -59.450612,-34.442696 -59.450999,-34.442570 -59.450866,-34.442216 -59.450453,-34.442344</coordinates></LinearRing></outerBoundaryIs></Polygon></Placemark>
<Placemark><name>FERNANDEZ, D.</name><styleUrl>#s</styleUrl><ExtendedData><Data name="propietar"><value>FERNANDEZ, D.</value></Data><Data name="ocupacion"><value>ALAMBRADO</value></Data><Data name="m2"><value>2005</value></Data></ExtendedData><Polygon><outerBoundaryIs><LinearRing><coordinates>-59.449533,-34.442792 -59.449545,-34.442824 -59.449539,-34.442827 -59.449597,-34.442975 -59.449610,-34.442992 -59.449626,-34.442997 -59.450427,-34.442746 -59.450438,-34.442728 -59.450368,-34.442529 -59.449533,-34.442792</coordinates></LinearRing></outerBoundaryIs></Polygon></Placemark>
<Placemark><name>CANE, L.</name><styleUrl>#s</styleUrl><ExtendedData><Data name="propietar"><value>CANE, L.</value></Data><Data name="ocupacion"><value>MURO</value></Data><Data name="m2"><value>1803</value></Data></ExtendedData><Polygon><outerBoundaryIs><LinearRing><coordinates>-59.446027,-34.443726 -59.446466,-34.443613 -59.446359,-34.443272 -59.446307,-34.443250 -59.445902,-34.443364 -59.446027,-34.443726</coordinates></LinearRing></outerBoundaryIs></Polygon></Placemark>
<Placemark><name>ALMIRON, C.</name><styleUrl>#s</styleUrl><ExtendedData><Data name="propietar"><value>ALMIRON, C.</value></Data><Data name="ocupacion"><value>ALAMBRADO</value></Data><Data name="m2"><value>1733</value></Data></ExtendedData><Polygon><outerBoundaryIs><LinearRing><coordinates>-59.442721,-34.444756 -59.443145,-34.444629 -59.443018,-34.444264 -59.442626,-34.444385 -59.442602,-34.444418 -59.442721,-34.444756</coordinates></LinearRing></outerBoundaryIs></Polygon></Placemark>
<Placemark><name>ORMILUGUE</name><styleUrl>#s</styleUrl><ExtendedData><Data name="propietar"><value>ORMILUGUE</value></Data><Data name="ocupacion"><value>CERCO</value></Data><Data name="m2"><value>7321</value></Data></ExtendedData><Polygon><outerBoundaryIs><LinearRing><coordinates>-59.441408,-34.444759 -59.440570,-34.445013 -59.440814,-34.445757 -59.441679,-34.445496 -59.441694,-34.445475 -59.441448,-34.444773 -59.441408,-34.444759</coordinates></LinearRing></outerBoundaryIs></Polygon></Placemark>
<Placemark><name>ORMILUGUE, J.</name><styleUrl>#s</styleUrl><ExtendedData><Data name="propietar"><value>ORMILUGUE, J.</value></Data><Data name="ocupacion"><value>BALDIO</value></Data><Data name="m2"><value>7121</value></Data></ExtendedData><Polygon><outerBoundaryIs><LinearRing><coordinates>-59.440435,-34.445067 -59.439629,-34.445304 -59.439607,-34.445331 -59.439826,-34.446029 -59.439866,-34.446050 -59.440658,-34.445807 -59.440684,-34.445771 -59.440479,-34.445087 -59.440435,-34.445067</coordinates></LinearRing></outerBoundaryIs></Polygon></Placemark>
<Placemark><name>MOLINA, L. TESTAMENTARIA</name><styleUrl>#s</styleUrl><ExtendedData><Data name="propietar"><value>MOLINA, L. TESTAMENTARIA</value></Data><Data name="ocupacion"><value>BALDIO</value></Data><Data name="m2"><value>6663</value></Data></ExtendedData><Polygon><outerBoundaryIs><LinearRing><coordinates>-59.439443,-34.445372 -59.438661,-34.445601 -59.438639,-34.445638 -59.438873,-34.446304 -59.438910,-34.446317 -59.439674,-34.446090 -59.439692,-34.446059 -59.439479,-34.445386 -59.439443,-34.445372</coordinates></LinearRing></outerBoundaryIs></Polygon></Placemark>
<Placemark><name>CARRO, P.</name><styleUrl>#s</styleUrl><ExtendedData><Data name="propietar"><value>CARRO, P.</value></Data><Data name="ocupacion"><value>MURO</value></Data><Data name="m2"><value>1552</value></Data></ExtendedData><Polygon><outerBoundaryIs><LinearRing><coordinates>-59.448859,-34.443911 -59.448931,-34.444105 -59.448965,-34.444122 -59.449553,-34.443935 -59.449475,-34.443708 -59.448859,-34.443911</coordinates></LinearRing></outerBoundaryIs></Polygon></Placemark>
<Placemark><name>MUNICIPAL</name><styleUrl>#s</styleUrl><ExtendedData><Data name="propietar"><value>MUNICIPAL</value></Data><Data name="ocupacion"><value>BALDIO</value></Data><Data name="m2"><value>7707</value></Data></ExtendedData><Polygon><outerBoundaryIs><LinearRing><coordinates>-59.453584,-34.442816 -59.452851,-34.443042 -59.452831,-34.443084 -59.453064,-34.443717 -59.453110,-34.443738 -59.453859,-34.443502 -59.454275,-34.443393 -59.453584,-34.442816</coordinates></LinearRing></outerBoundaryIs></Polygon></Placemark>
<Placemark><name>RIVAROLA, CAROLINA</name><styleUrl>#s</styleUrl><ExtendedData><Data name="propietar"><value>RIVAROLA, CAROLINA</value></Data><Data name="ocupacion"><value>ALAMBRADO</value></Data><Data name="m2"><value>4800</value></Data></ExtendedData><Polygon><outerBoundaryIs><LinearRing><coordinates>-59.452244,-34.443242 -59.452381,-34.443583 -59.451968,-34.443705 -59.452076,-34.444020 -59.452117,-34.444037 -59.452880,-34.443795 -59.452904,-34.443762 -59.452692,-34.443132 -59.452650,-34.443115 -59.452244,-34.443242</coordinates></LinearRing></outerBoundaryIs></Polygon></Placemark>
<Placemark><name>SILVA</name><styleUrl>#s</styleUrl><ExtendedData><Data name="propietar"><value>SILVA</value></Data><Data name="ocupacion"><value>BALDIO</value></Data><Data name="m2"><value>3803</value></Data></ExtendedData><Polygon><outerBoundaryIs><LinearRing><coordinates>-59.451123,-34.443586 -59.451237,-34.443922 -59.451021,-34.443985 -59.451130,-34.444305 -59.451172,-34.444324 -59.451916,-34.444093 -59.451943,-34.444043 -59.451837,-34.443738 -59.451420,-34.443874 -59.451295,-34.443532 -59.451123,-34.443586</coordinates></LinearRing></outerBoundaryIs></Polygon></Placemark>
<Placemark><name>RODRIGUEZ, T.</name><styleUrl>#s</styleUrl><ExtendedData><Data name="propietar"><value>RODRIGUEZ, T.</value></Data><Data name="ocupacion"><value>BALDIO</value></Data><Data name="m2"><value>6498</value></Data></ExtendedData><Polygon><outerBoundaryIs><LinearRing><coordinates>-59.443918,-34.445838 -59.443196,-34.446064 -59.443175,-34.446101 -59.443404,-34.446774 -59.443446,-34.446790 -59.444180,-34.446563 -59.444202,-34.446523 -59.443964,-34.445854 -59.443918,-34.445838</coordinates></LinearRing></outerBoundaryIs></Polygon></Placemark>
<Placemark><name>CASAS, P.</name><styleUrl>#s</styleUrl><ExtendedData><Data name="propietar"><value>CASAS, P.</value></Data><Data name="ocupacion"><value>MURO</value></Data><Data name="m2"><value>938</value></Data></ExtendedData><Polygon><outerBoundaryIs><LinearRing><coordinates>-59.449696,-34.445708 -59.449566,-34.445320 -59.449348,-34.445382 -59.449468,-34.445737 -59.449517,-34.445761 -59.449696,-34.445708</coordinates></LinearRing></outerBoundaryIs></Polygon></Placemark>
<Placemark><name>NAVARRO, J. A. TESTAMENTARIA</name><styleUrl>#s</styleUrl><ExtendedData><Data name="propietar"><value>NAVARRO, J. A. TESTAMENTARIA</value></Data><Data name="ocupacion"><value>BALDIO</value></Data><Data name="m2"><value>6568</value></Data></ExtendedData><Polygon><outerBoundaryIs><LinearRing><coordinates>-59.451022,-34.444523 -59.450268,-34.444756 -59.450250,-34.444788 -59.450473,-34.445457 -59.450512,-34.445473 -59.451277,-34.445237 -59.451300,-34.445198 -59.451052,-34.444539 -59.451022,-34.444523</coordinates></LinearRing></outerBoundaryIs></Polygon></Placemark>
<Placemark><name>NAVARRO, J. A. TESTAMENTARIA</name><styleUrl>#s</styleUrl><ExtendedData><Data name="propietar"><value>NAVARRO, J. A. TESTAMENTARIA</value></Data><Data name="ocupacion"><value>BALDIO</value></Data><Data name="m2"><value>6752</value></Data></ExtendedData><Polygon><outerBoundaryIs><LinearRing><coordinates>-59.451972,-34.444226 -59.451204,-34.444464 -59.451179,-34.444506 -59.451407,-34.445152 -59.451457,-34.445176 -59.452223,-34.444934 -59.452252,-34.444896 -59.452025,-34.444245 -59.451972,-34.444226</coordinates></LinearRing></outerBoundaryIs></Polygon></Placemark>
<Placemark><name>SOSA, D.</name><styleUrl>#s</styleUrl><ExtendedData><Data name="propietar"><value>SOSA, D.</value></Data><Data name="ocupacion"><value>CERCO</value></Data><Data name="m2"><value>6629</value></Data></ExtendedData><Polygon><outerBoundaryIs><LinearRing><coordinates>-59.452551,-34.445901 -59.451787,-34.446136 -59.451766,-34.446171 -59.452019,-34.446844 -59.452826,-34.446600 -59.452850,-34.446566 -59.452595,-34.445918 -59.452551,-34.445901</coordinates></LinearRing></outerBoundaryIs></Polygon></Placemark>
<Placemark><name>CUHETO, A.</name><styleUrl>#s</styleUrl><ExtendedData><Data name="propietar"><value>CUHETO, A.</value></Data><Data name="ocupacion"><value>CERCO</value></Data><Data name="m2"><value>6624</value></Data></ExtendedData><Polygon><outerBoundaryIs><LinearRing><coordinates>-59.451012,-34.447059 -59.451269,-34.447002 -59.451308,-34.447073 -59.451875,-34.446901 -59.451893,-34.446874 -59.451632,-34.446191 -59.451603,-34.446179 -59.450827,-34.446428 -59.450804,-34.446466 -59.451012,-34.447059</coordinates></LinearRing></outerBoundaryIs></Polygon></Placemark>
<Placemark><name>PLAZA LOREA</name><styleUrl>#s</styleUrl><ExtendedData><Data name="propietar"><value>PLAZA LOREA</value></Data><Data name="ocupacion"><value>PLAZA</value></Data><Data name="m2"><value>6530</value></Data></ExtendedData><Polygon><outerBoundaryIs><LinearRing><coordinates>-59.448714,-34.447097 -59.447887,-34.447354 -59.448151,-34.448046 -59.448971,-34.447803 -59.448714,-34.447097</coordinates></LinearRing></outerBoundaryIs></Polygon></Placemark>
<Placemark><name>BRAVO, A.</name><styleUrl>#s</styleUrl><ExtendedData><Data name="propietar"><value>BRAVO, A.</value></Data><Data name="ocupacion"><value>CERCO</value></Data><Data name="m2"><value>6802</value></Data></ExtendedData><Polygon><outerBoundaryIs><LinearRing><coordinates>-59.445774,-34.448041 -59.444995,-34.448268 -59.444973,-34.448304 -59.445211,-34.449011 -59.446032,-34.448752 -59.446042,-34.448734 -59.445808,-34.448057 -59.445774,-34.448041</coordinates></LinearRing></outerBoundaryIs></Polygon></Placemark>
<Placemark><name>VIDELA, N.</name><styleUrl>#s</styleUrl><ExtendedData><Data name="propietar"><value>VIDELA, N.</value></Data><Data name="ocupacion"><value>ALAMBRADO</value></Data><Data name="m2"><value>6989</value></Data></ExtendedData><Polygon><outerBoundaryIs><LinearRing><coordinates>-59.442912,-34.448973 -59.442056,-34.449239 -59.442298,-34.449949 -59.442332,-34.449960 -59.443128,-34.449705 -59.443147,-34.449673 -59.442912,-34.448973</coordinates></LinearRing></outerBoundaryIs></Polygon></Placemark>
<Placemark><name>DIAZ, F.</name><styleUrl>#s</styleUrl><ExtendedData><Data name="propietar"><value>DIAZ, F.</value></Data><Data name="ocupacion"><value>ALAMBRADO</value></Data><Data name="m2"><value>6882</value></Data></ExtendedData><Polygon><outerBoundaryIs><LinearRing><coordinates>-59.441887,-34.449288 -59.441102,-34.449547 -59.441081,-34.449584 -59.441326,-34.450249 -59.441363,-34.450263 -59.442139,-34.450011 -59.442164,-34.449978 -59.441927,-34.449306 -59.441887,-34.449288</coordinates></LinearRing></outerBoundaryIs></Polygon></Placemark>
<Placemark><name>PICHETTO, J.</name><styleUrl>#s</styleUrl><ExtendedData><Data name="propietar"><value>PICHETTO, J.</value></Data><Data name="ocupacion"><value>ALAMBRADO</value></Data><Data name="m2"><value>16303</value></Data></ExtendedData><Polygon><outerBoundaryIs><LinearRing><coordinates>-59.455084,-34.446856 -59.455158,-34.446022 -59.453030,-34.446657 -59.453322,-34.447402 -59.455084,-34.446856</coordinates></LinearRing></outerBoundaryIs></Polygon></Placemark>
<Placemark><name>SILLO, J.</name><styleUrl>#s</styleUrl><ExtendedData><Data name="propietar"><value>SILLO, J.</value></Data><Data name="ocupacion"><value>ALAMBRADO</value></Data><Data name="m2"><value>6854</value></Data></ExtendedData><Polygon><outerBoundaryIs><LinearRing><coordinates>-59.452866,-34.446724 -59.452084,-34.446966 -59.452059,-34.447006 -59.452294,-34.447660 -59.452330,-34.447678 -59.453132,-34.447431 -59.453149,-34.447394 -59.452912,-34.446740 -59.452866,-34.446724</coordinates></LinearRing></outerBoundaryIs></Polygon></Placemark>
<Placemark><name>URMANDO, V.</name><styleUrl>#s</styleUrl><ExtendedData><Data name="propietar"><value>URMANDO, V.</value></Data><Data name="ocupacion"><value>ALAMBRADO</value></Data><Data name="m2"><value>6835</value></Data></ExtendedData><Polygon><outerBoundaryIs><LinearRing><coordinates>-59.451906,-34.447018 -59.451115,-34.447259 -59.451096,-34.447292 -59.451328,-34.447953 -59.451374,-34.447972 -59.452148,-34.447733 -59.452178,-34.447687 -59.451949,-34.447039 -59.451906,-34.447018</coordinates></LinearRing></outerBoundaryIs></Polygon></Placemark>
<Placemark><name>LIANZA, P.</name><styleUrl>#s</styleUrl><ExtendedData><Data name="propietar"><value>LIANZA, P.</value></Data><Data name="ocupacion"><value>ALAMBRADO</value></Data><Data name="m2"><value>3604</value></Data></ExtendedData><Polygon><outerBoundaryIs><LinearRing><coordinates>-59.450225,-34.447922 -59.450346,-34.448269 -59.450373,-34.448284 -59.451196,-34.448034 -59.451221,-34.447995 -59.451097,-34.447661 -59.450225,-34.447922</coordinates></LinearRing></outerBoundaryIs></Polygon></Placemark>
<Placemark><name>SANGUINETTI, J.</name><styleUrl>#s</styleUrl><ExtendedData><Data name="propietar"><value>SANGUINETTI, J.</value></Data><Data name="ocupacion"><value>ALAMBRADO</value></Data><Data name="m2"><value>6532</value></Data></ExtendedData><Polygon><outerBoundaryIs><LinearRing><coordinates>-59.448964,-34.447929 -59.448186,-34.448180 -59.448172,-34.448207 -59.448416,-34.448861 -59.448457,-34.448876 -59.449222,-34.448628 -59.449238,-34.448606 -59.448991,-34.447939 -59.448964,-34.447929</coordinates></LinearRing></outerBoundaryIs></Polygon></Placemark>
<Placemark><name>BELOME, J.</name><styleUrl>#s</styleUrl><ExtendedData><Data name="propietar"><value>BELOME, J.</value></Data><Data name="ocupacion"><value>MURO</value></Data><Data name="m2"><value>1801</value></Data></ExtendedData><Polygon><outerBoundaryIs><LinearRing><coordinates>-59.446328,-34.449165 -59.446451,-34.449509 -59.446489,-34.449527 -59.446892,-34.449406 -59.446757,-34.449034 -59.446328,-34.449165</coordinates></LinearRing></outerBoundaryIs></Polygon></Placemark>
<Placemark><name>LUCCI, A.</name><styleUrl>#s</styleUrl><ExtendedData><Data name="propietar"><value>LUCCI, A.</value></Data><Data name="ocupacion"><value>ALAMBRADO</value></Data><Data name="m2"><value>6800</value></Data></ExtendedData><Polygon><outerBoundaryIs><LinearRing><coordinates>-59.445105,-34.449186 -59.444311,-34.449455 -59.444290,-34.449486 -59.444528,-34.450151 -59.444571,-34.450161 -59.445375,-34.449891 -59.445135,-34.449208 -59.445105,-34.449186</coordinates></LinearRing></outerBoundaryIs></Polygon></Placemark>
<Placemark><name>BALLEJO, C.</name><styleUrl>#s</styleUrl><ExtendedData><Data name="propietar"><value>BALLEJO, C.</value></Data><Data name="ocupacion"><value>MURO</value></Data><Data name="m2"><value>6325</value></Data></ExtendedData><Polygon><outerBoundaryIs><LinearRing><coordinates>-59.444160,-34.449516 -59.443890,-34.449596 -59.443879,-34.449606 -59.443370,-34.449772 -59.443348,-34.449814 -59.443541,-34.450438 -59.443567,-34.450454 -59.444349,-34.450225 -59.444364,-34.450202 -59.444201,-34.449671 -59.444226,-34.449665 -59.444160,-34.449516</coordinates></LinearRing></outerBoundaryIs></Polygon></Placemark>
<Placemark><name>CUCULLU, S.</name><styleUrl>#s</styleUrl><ExtendedData><Data name="propietar"><value>CUCULLU, S.</value></Data><Data name="ocupacion"><value>CERCO</value></Data><Data name="m2"><value>3268</value></Data></ExtendedData><Polygon><outerBoundaryIs><LinearRing><coordinates>-59.443011,-34.450645 -59.443388,-34.450521 -59.443411,-34.450467 -59.443182,-34.449813 -59.442769,-34.449945 -59.443011,-34.450645</coordinates></LinearRing></outerBoundaryIs></Polygon></Placemark>
<Placemark><name>ROMERO, J.</name><styleUrl>#s</styleUrl><ExtendedData><Data name="propietar"><value>ROMERO, J.</value></Data><Data name="ocupacion"><value>CERCO</value></Data><Data name="m2"><value>3578</value></Data></ExtendedData><Polygon><outerBoundaryIs><LinearRing><coordinates>-59.441514,-34.450773 -59.442352,-34.450531 -59.442219,-34.450166 -59.442180,-34.450148 -59.441399,-34.450405 -59.441382,-34.450436 -59.441514,-34.450773</coordinates></LinearRing></outerBoundaryIs></Polygon></Placemark>
<Placemark><name>RODRIGUEZ, P.</name><styleUrl>#s</styleUrl><ExtendedData><Data name="propietar"><value>RODRIGUEZ, P.</value></Data><Data name="ocupacion"><value>ALAMBRADO</value></Data><Data name="m2"><value>6590</value></Data></ExtendedData><Polygon><outerBoundaryIs><LinearRing><coordinates>-59.438340,-34.451397 -59.437524,-34.451668 -59.437786,-34.452337 -59.437826,-34.452354 -59.438592,-34.452103 -59.438614,-34.452068 -59.438340,-34.451397</coordinates></LinearRing></outerBoundaryIs></Polygon></Placemark>
<Placemark><name>TOBARI, A.</name><styleUrl>#s</styleUrl><ExtendedData><Data name="propietar"><value>TOBARI, A.</value></Data><Data name="ocupacion"><value>ALAMBRADO</value></Data><Data name="m2"><value>2511</value></Data></ExtendedData><Polygon><outerBoundaryIs><LinearRing><coordinates>-59.436714,-34.452308 -59.437106,-34.452186 -59.437039,-34.452012 -59.437451,-34.451875 -59.437386,-34.451715 -59.437345,-34.451699 -59.436602,-34.451939 -59.436582,-34.451975 -59.436714,-34.452308</coordinates></LinearRing></outerBoundaryIs></Polygon></Placemark>
<Placemark><name>BOTTO, P.</name><styleUrl>#s</styleUrl><ExtendedData><Data name="propietar"><value>BOTTO, P.</value></Data><Data name="ocupacion"><value>ALAMBRADO</value></Data><Data name="m2"><value>6599</value></Data></ExtendedData><Polygon><outerBoundaryIs><LinearRing><coordinates>-59.436405,-34.452023 -59.435595,-34.452298 -59.435864,-34.453005 -59.436680,-34.452721 -59.436405,-34.452023</coordinates></LinearRing></outerBoundaryIs></Polygon></Placemark>
<Placemark><name>AREVALO, J.</name><styleUrl>#s</styleUrl><ExtendedData><Data name="propietar"><value>AREVALO, J.</value></Data><Data name="ocupacion"><value>ALAMBRADO</value></Data><Data name="m2"><value>6564</value></Data></ExtendedData><Polygon><outerBoundaryIs><LinearRing><coordinates>-59.435392,-34.452346 -59.434658,-34.452577 -59.434636,-34.452613 -59.434902,-34.453291 -59.434936,-34.453304 -59.435676,-34.453066 -59.435695,-34.453034 -59.435433,-34.452363 -59.435392,-34.452346</coordinates></LinearRing></outerBoundaryIs></Polygon></Placemark>
<Placemark><name>CHAVES, A.</name><styleUrl>#s</styleUrl><ExtendedData><Data name="propietar"><value>CHAVES, A.</value></Data><Data name="ocupacion"><value>CERCO</value></Data><Data name="m2"><value>7835</value></Data></ExtendedData><Polygon><outerBoundaryIs><LinearRing><coordinates>-59.431629,-34.453517 -59.431906,-34.454237 -59.432857,-34.453949 -59.432587,-34.453224 -59.431629,-34.453517</coordinates></LinearRing></outerBoundaryIs></Polygon></Placemark>
<Placemark><name>LOSANTO, T.</name><styleUrl>#s</styleUrl><ExtendedData><Data name="propietar"><value>LOSANTO, T.</value></Data><Data name="ocupacion"><value>MURO</value></Data><Data name="m2"><value>7249</value></Data></ExtendedData><Polygon><outerBoundaryIs><LinearRing><coordinates>-59.447340,-34.449393 -59.446556,-34.449645 -59.446527,-34.449684 -59.446741,-34.450376 -59.446790,-34.450407 -59.447571,-34.450134 -59.447606,-34.450085 -59.447389,-34.449415 -59.447340,-34.449393</coordinates></LinearRing></outerBoundaryIs></Polygon></Placemark>
<Placemark><name>NACCI, A. TESTAMENTARIA</name><styleUrl>#s</styleUrl><ExtendedData><Data name="propietar"><value>NACCI, A. TESTAMENTARIA</value></Data><Data name="ocupacion"><value>ALAMBRADO</value></Data><Data name="m2"><value>3454</value></Data></ExtendedData><Polygon><outerBoundaryIs><LinearRing><coordinates>-59.446218,-34.450545 -59.445971,-34.449837 -59.445757,-34.449906 -59.445753,-34.449897 -59.445537,-34.449964 -59.445804,-34.450684 -59.446218,-34.450545</coordinates></LinearRing></outerBoundaryIs></Polygon></Placemark>
<Placemark><name>BOTTO, P.</name><styleUrl>#s</styleUrl><ExtendedData><Data name="propietar"><value>BOTTO, P.</value></Data><Data name="ocupacion"><value>ALAMBRADO</value></Data><Data name="m2"><value>6935</value></Data></ExtendedData><Polygon><outerBoundaryIs><LinearRing><coordinates>-59.445387,-34.450028 -59.444593,-34.450288 -59.444889,-34.451017 -59.445706,-34.450755 -59.445429,-34.450041 -59.445387,-34.450028</coordinates></LinearRing></outerBoundaryIs></Polygon></Placemark>
<Placemark><name>PICHETTO, J.</name><styleUrl>#s</styleUrl><ExtendedData><Data name="propietar"><value>PICHETTO, J.</value></Data><Data name="ocupacion"><value>CERCO</value></Data><Data name="m2"><value>5297</value></Data></ExtendedData><Polygon><outerBoundaryIs><LinearRing><coordinates>-59.443437,-34.450706 -59.442699,-34.450941 -59.442913,-34.451577 -59.443656,-34.451331 -59.443437,-34.450706</coordinates></LinearRing></outerBoundaryIs></Polygon></Placemark>
<Placemark><name>CASAS, R.</name><styleUrl>#s</styleUrl><ExtendedData><Data name="propietar"><value>CASAS, R.</value></Data><Data name="ocupacion"><value>MURO</value></Data><Data name="m2"><value>7591</value></Data></ExtendedData><Polygon><outerBoundaryIs><LinearRing><coordinates>-59.439257,-34.453855 -59.438492,-34.454097 -59.438474,-34.454135 -59.438742,-34.454843 -59.438782,-34.454858 -59.439375,-34.454755 -59.439578,-34.454690 -59.439601,-34.454660 -59.439292,-34.453868 -59.439257,-34.453855</coordinates></LinearRing></outerBoundaryIs></Polygon></Placemark>
<Placemark><name>CASAS, R.</name><styleUrl>#s</styleUrl><ExtendedData><Data name="propietar"><value>CASAS, R.</value></Data><Data name="ocupacion"><value>ALAMBRADO</value></Data><Data name="m2"><value>14311</value></Data></ExtendedData><Polygon><outerBoundaryIs><LinearRing><coordinates>-59.437184,-34.453632 -59.437451,-34.454343 -59.439276,-34.453734 -59.439012,-34.453079 -59.437184,-34.453632</coordinates></LinearRing></outerBoundaryIs></Polygon></Placemark>
<Placemark><name>CUTILLAS, V.</name><styleUrl>#s</styleUrl><ExtendedData><Data name="propietar"><value>CUTILLAS, V.</value></Data><Data name="ocupacion"><value>BALDIO</value></Data><Data name="m2"><value>6714</value></Data></ExtendedData><Polygon><outerBoundaryIs><LinearRing><coordinates>-59.446436,-34.446885 -59.445669,-34.447132 -59.445646,-34.447172 -59.445870,-34.447834 -59.445911,-34.447848 -59.446686,-34.447606 -59.446701,-34.447576 -59.446471,-34.446898 -59.446436,-34.446885</coordinates></LinearRing></outerBoundaryIs></Polygon></Placemark>
<Placemark><name>GONZALEZ, T.</name><styleUrl>#s</styleUrl><ExtendedData><Data name="propietar"><value>GONZALEZ, T.</value></Data><Data name="ocupacion"><value>ALAMBRADO</value></Data><Data name="m2"><value>3508</value></Data></ExtendedData><Polygon><outerBoundaryIs><LinearRing><coordinates>-59.443424,-34.448672 -59.443816,-34.448546 -59.443833,-34.448507 -59.443591,-34.447820 -59.443555,-34.447809 -59.443163,-34.447941 -59.443424,-34.448672</coordinates></LinearRing></outerBoundaryIs></Polygon></Placemark>
<Placemark><name>NAVARRO, J. A. TESTAMENTARIA</name><styleUrl>#s</styleUrl><ExtendedData><Data name="propietar"><value>NAVARRO, J. A. TESTAMENTARIA</value></Data><Data name="ocupacion"><value>CERCO</value></Data><Data name="m2"><value>6620</value></Data></ExtendedData><Polygon><outerBoundaryIs><LinearRing><coordinates>-59.451296,-34.445343 -59.450517,-34.445587 -59.450507,-34.445617 -59.450745,-34.446278 -59.450785,-34.446297 -59.451550,-34.446053 -59.451565,-34.446021 -59.451330,-34.445355 -59.451296,-34.445343</coordinates></LinearRing></outerBoundaryIs></Polygon></Placemark>
<Placemark><name>RUBELLI, P.</name><styleUrl>#s</styleUrl><ExtendedData><Data name="propietar"><value>RUBELLI, P.</value></Data><Data name="ocupacion"><value>CERCO</value></Data><Data name="m2"><value>6833</value></Data></ExtendedData><Polygon><outerBoundaryIs><LinearRing><coordinates>-59.441049,-34.446772 -59.440237,-34.447032 -59.440214,-34.447072 -59.440428,-34.447743 -59.440453,-34.447754 -59.441281,-34.447494 -59.441049,-34.446772</coordinates></LinearRing></outerBoundaryIs></Polygon></Placemark>
<Placemark><name>MUNICIPAL</name><styleUrl>#s</styleUrl><ExtendedData><Data name="propietar"><value>MUNICIPAL</value></Data><Data name="ocupacion"><value>BALDIO</value></Data><Data name="m2"><value>4654</value></Data></ExtendedData><Polygon><outerBoundaryIs><LinearRing><coordinates>-59.453084,-34.442017 -59.452592,-34.442192 -59.452853,-34.442935 -59.453453,-34.442720 -59.453084,-34.442017</coordinates></LinearRing></outerBoundaryIs></Polygon></Placemark>
<Placemark><name>AREVALO, J.</name><styleUrl>#s</styleUrl><ExtendedData><Data name="propietar"><value>AREVALO, J.</value></Data><Data name="ocupacion"><value>CERCO</value></Data><Data name="m2"><value>8290</value></Data></ExtendedData><Polygon><outerBoundaryIs><LinearRing><coordinates>-59.434214,-34.451615 -59.434543,-34.452479 -59.435375,-34.452216 -59.435049,-34.451340 -59.434214,-34.451615</coordinates></LinearRing></outerBoundaryIs></Polygon></Placemark>
<Placemark><name>CARBONE, V.</name><styleUrl>#s</styleUrl><ExtendedData><Data name="propietar"><value>CARBONE, V.</value></Data><Data name="ocupacion"><value>CERCO</value></Data><Data name="m2"><value>36712</value></Data></ExtendedData><Polygon><outerBoundaryIs><LinearRing><coordinates>-59.433779,-34.450846 -59.433710,-34.450686 -59.431868,-34.452123 -59.432221,-34.453256 -59.434432,-34.452526 -59.433779,-34.450846</coordinates></LinearRing></outerBoundaryIs></Polygon></Placemark>
<Placemark><name>CUCULLU, ISIDRO</name><styleUrl>#s</styleUrl><ExtendedData><Data name="propietar"><value>CUCULLU, ISIDRO</value></Data><Data name="ocupacion"><value>CERCO</value></Data><Data name="m2"><value>138634</value></Data></ExtendedData><Polygon><outerBoundaryIs><LinearRing><coordinates>-59.429291,-34.455055 -59.429488,-34.454992 -59.429444,-34.454928 -59.430603,-34.454080 -59.430453,-34.453742 -59.431527,-34.453382 -59.431469,-34.453305 -59.431935,-34.452920 -59.431509,-34.451549 -59.429478,-34.452945 -59.424020,-34.456989 -59.425094,-34.458114 -59.429291,-34.455055</coordinates></LinearRing></outerBoundaryIs></Polygon></Placemark>
<Placemark><name>FREIRO, A.</name><styleUrl>#s</styleUrl><ExtendedData><Data name="propietar"><value>FREIRO, A.</value></Data><Data name="ocupacion"><value>ALAMBRADO</value></Data><Data name="m2"><value>36242</value></Data></ExtendedData><Polygon><outerBoundaryIs><LinearRing><coordinates>-59.430769,-34.457045 -59.430278,-34.455710 -59.430015,-34.454932 -59.429350,-34.455238 -59.428288,-34.455943 -59.428702,-34.457170 -59.430769,-34.457045</coordinates></LinearRing></outerBoundaryIs></Polygon></Placemark>
<Placemark><name>ORMILUGUE, J.</name><styleUrl>#s</styleUrl><ExtendedData><Data name="propietar"><value>ORMILUGUE, J.</value></Data><Data name="ocupacion"><value>ALAMBRADO</value></Data><Data name="m2"><value>23710</value></Data></ExtendedData><Polygon><outerBoundaryIs><LinearRing><coordinates>-59.431001,-34.454610 -59.431400,-34.455573 -59.431938,-34.456938 -59.432827,-34.456729 -59.432294,-34.455339 -59.431886,-34.454336 -59.431001,-34.454610</coordinates></LinearRing></outerBoundaryIs></Polygon></Placemark>
<Placemark><name>ROBACIO, J.</name><styleUrl>#s</styleUrl><ExtendedData><Data name="propietar"><value>ROBACIO, J.</value></Data><Data name="ocupacion"><value>ALAMBRADO</value></Data><Data name="m2"><value>9007</value></Data></ExtendedData><Polygon><outerBoundaryIs><LinearRing><coordinates>-59.436202,-34.448177 -59.435874,-34.447421 -59.434870,-34.447710 -59.435179,-34.448503 -59.436202,-34.448177</coordinates></LinearRing></outerBoundaryIs></Polygon></Placemark>
<Placemark><name>PICHETTO, J.</name><styleUrl>#s</styleUrl><ExtendedData><Data name="propietar"><value>PICHETTO, J.</value></Data><Data name="ocupacion"><value>CERCO</value></Data><Data name="m2"><value>37584</value></Data></ExtendedData><Polygon><outerBoundaryIs><LinearRing><coordinates>-59.433528,-34.458553 -59.432562,-34.458806 -59.431981,-34.457279 -59.431070,-34.457376 -59.432146,-34.460460 -59.433780,-34.459199 -59.433528,-34.458553</coordinates></LinearRing></outerBoundaryIs></Polygon></Placemark>
<Placemark><name>CHAIRO, F.</name><styleUrl>#s</styleUrl><ExtendedData><Data name="propietar"><value>CHAIRO, F.</value></Data><Data name="ocupacion"><value>ALAMBRADO</value></Data><Data name="m2"><value>20852</value></Data></ExtendedData><Polygon><outerBoundaryIs><LinearRing><coordinates>-59.428184,-34.456005 -59.425443,-34.457996 -59.428598,-34.457197 -59.428184,-34.456005</coordinates></LinearRing></outerBoundaryIs></Polygon></Placemark>
<Placemark><name>ARTOLA, JOSE</name><styleUrl>#s</styleUrl><ExtendedData><Data name="propietar"><value>ARTOLA, JOSE</value></Data><Data name="ocupacion"><value>ALAMBRADO</value></Data><Data name="m2"><value>130265</value></Data></ExtendedData><Polygon><outerBoundaryIs><LinearRing><coordinates>-59.434695,-34.447666 -59.433552,-34.447982 -59.432984,-34.446716 -59.430701,-34.448584 -59.431841,-34.452033 -59.433761,-34.450471 -59.434515,-34.449663 -59.435396,-34.449367 -59.434695,-34.447666</coordinates></LinearRing></outerBoundaryIs></Polygon></Placemark>
<Placemark><name>CUCULLU S.</name><styleUrl>#s</styleUrl><ExtendedData><Data name="propietar"><value>CUCULLU S.</value></Data><Data name="ocupacion"><value>BALDIO</value></Data><Data name="m2"><value>27447</value></Data></ExtendedData><Polygon><outerBoundaryIs><LinearRing><coordinates>-59.448123,-34.435117 -59.446185,-34.436443 -59.446474,-34.437234 -59.449033,-34.436003 -59.448484,-34.435389 -59.448332,-34.435256 -59.448123,-34.435117</coordinates></LinearRing></outerBoundaryIs></Polygon></Placemark>
<Placemark><name>NIEVES TESTAMENTARIA</name><styleUrl>#s</styleUrl><ExtendedData><Data name="propietar"><value>NIEVES TESTAMENTARIA</value></Data><Data name="ocupacion"><value>BALDIO</value></Data><Data name="m2"><value>8331</value></Data></ExtendedData><Polygon><outerBoundaryIs><LinearRing><coordinates>-59.446038,-34.436557 -59.444293,-34.437805 -59.445428,-34.437534 -59.446278,-34.437308 -59.446038,-34.436557</coordinates></LinearRing></outerBoundaryIs></Polygon></Placemark>
<Placemark><name>MUNICIPAL</name><styleUrl>#s</styleUrl><ExtendedData><Data name="propietar"><value>MUNICIPAL</value></Data><Data name="ocupacion"><value>BALDIO</value></Data><Data name="m2"><value>4260</value></Data></ExtendedData><Polygon><outerBoundaryIs><LinearRing><coordinates>-59.450377,-34.439057 -59.450622,-34.439772 -59.451222,-34.439564 -59.450836,-34.438912 -59.450377,-34.439057</coordinates></LinearRing></outerBoundaryIs></Polygon></Placemark>
<Placemark><name>RUBELLE, P.</name><styleUrl>#s</styleUrl><ExtendedData><Data name="propietar"><value>RUBELLE, P.</value></Data><Data name="ocupacion"><value>ALAMBRADO</value></Data><Data name="m2"><value>4174</value></Data></ExtendedData><Polygon><outerBoundaryIs><LinearRing><coordinates>-59.429488,-34.455002 -59.430807,-34.454559 -59.430603,-34.454091 -59.429444,-34.454938 -59.429488,-34.455002</coordinates></LinearRing></outerBoundaryIs></Polygon></Placemark>
<Placemark><name>MONACO J.</name><styleUrl>#s</styleUrl><ExtendedData><Data name="propietar"><value>MONACO J.</value></Data><Data name="ocupacion"><value>BALDIO</value></Data><Data name="m2"><value>8944</value></Data></ExtendedData><Polygon><outerBoundaryIs><LinearRing><coordinates>-59.449085,-34.438494 -59.450336,-34.438082 -59.449952,-34.437475 -59.448837,-34.437820 -59.449085,-34.438494</coordinates></LinearRing></outerBoundaryIs></Polygon></Placemark>
<Placemark><name>SERLINYA, D. Y SFORZA, D.</name><styleUrl>#s</styleUrl><ExtendedData><Data name="propietar"><value>SERLINYA, D. Y SFORZA, D.</value></Data><Data name="ocupacion"><value>ALAMBRADO</value></Data><Data name="m2"><value>7409</value></Data></ExtendedData><Polygon><outerBoundaryIs><LinearRing><coordinates>-59.453273,-34.444607 -59.452982,-34.443863 -59.452114,-34.444171 -59.452378,-34.444892 -59.453273,-34.444607</coordinates></LinearRing></outerBoundaryIs></Polygon></Placemark>
<Placemark><name>RODRIGUEZ, A.</name><styleUrl>#s</styleUrl><ExtendedData><Data name="propietar"><value>RODRIGUEZ, A.</value></Data><Data name="ocupacion"><value>ALAMBRADO</value></Data><Data name="m2"><value>6359</value></Data></ExtendedData><Polygon><outerBoundaryIs><LinearRing><coordinates>-59.441685,-34.441988 -59.441956,-34.442693 -59.442722,-34.442431 -59.442472,-34.441712 -59.441685,-34.441988</coordinates></LinearRing></outerBoundaryIs></Polygon></Placemark>
<Placemark><name>LIMA, A.</name><styleUrl>#s</styleUrl><ExtendedData><Data name="propietar"><value>LIMA, A.</value></Data><Data name="ocupacion"><value>MURO</value></Data><Data name="m2"><value>3457</value></Data></ExtendedData><Polygon><outerBoundaryIs><LinearRing><coordinates>-59.441418,-34.442874 -59.441138,-34.442178 -59.440722,-34.442323 -59.440976,-34.443023 -59.441418,-34.442874</coordinates></LinearRing></outerBoundaryIs></Polygon></Placemark>
<Placemark><name>RODRIGUEZ, A.</name><styleUrl>#s</styleUrl><ExtendedData><Data name="propietar"><value>RODRIGUEZ, A.</value></Data><Data name="ocupacion"><value>ALAMBRADO</value></Data><Data name="m2"><value>13404</value></Data></ExtendedData><Polygon><outerBoundaryIs><LinearRing><coordinates>-59.442768,-34.442517 -59.440984,-34.443114 -59.441225,-34.443743 -59.443013,-34.443205 -59.442768,-34.442517</coordinates></LinearRing></outerBoundaryIs></Polygon></Placemark>
<Placemark><name>LARROSA, P. M. DE</name><styleUrl>#s</styleUrl><ExtendedData><Data name="propietar"><value>LARROSA, P. M. DE</value></Data><Data name="ocupacion"><value>CERCO</value></Data><Data name="m2"><value>10064</value></Data></ExtendedData><Polygon><outerBoundaryIs><LinearRing><coordinates>-59.435427,-34.446645 -59.435710,-34.447331 -59.436955,-34.446966 -59.436690,-34.446244 -59.435427,-34.446645</coordinates></LinearRing></outerBoundaryIs></Polygon></Placemark>
<Placemark><name>PICHETTO, A.</name><styleUrl>#s</styleUrl><ExtendedData><Data name="propietar"><value>PICHETTO, A.</value></Data><Data name="ocupacion"><value>MURO</value></Data><Data name="m2"><value>6818</value></Data></ExtendedData><Polygon><outerBoundaryIs><LinearRing><coordinates>-59.435710,-34.447331 -59.435427,-34.446645 -59.434566,-34.446919 -59.434812,-34.447593 -59.435710,-34.447331</coordinates></LinearRing></outerBoundaryIs></Polygon></Placemark>
<Placemark><name>GONZALEZ, S.</name><styleUrl>#s</styleUrl><ExtendedData><Data name="propietar"><value>GONZALEZ, S.</value></Data><Data name="ocupacion"><value>ALAMBRADO</value></Data><Data name="m2"><value>9304</value></Data></ExtendedData><Polygon><outerBoundaryIs><LinearRing><coordinates>-59.435874,-34.447421 -59.436202,-34.448177 -59.437257,-34.447840 -59.436998,-34.447098 -59.435874,-34.447421</coordinates></LinearRing></outerBoundaryIs></Polygon></Placemark>
<Placemark><name>DIAZ, ISIDRO</name><styleUrl>#s</styleUrl><ExtendedData><Data name="propietar"><value>DIAZ, ISIDRO</value></Data><Data name="ocupacion"><value>ALAMBRADO</value></Data><Data name="m2"><value>2730</value></Data></ExtendedData><Polygon><outerBoundaryIs><LinearRing><coordinates>-59.443830,-34.448104 -59.444259,-34.447971 -59.444206,-34.447841 -59.444629,-34.447718 -59.444550,-34.447487 -59.443709,-34.447761 -59.443830,-34.448104</coordinates></LinearRing></outerBoundaryIs></Polygon></Placemark>
<Placemark><name>CANO, B.</name><styleUrl>#s</styleUrl><ExtendedData><Data name="propietar"><value>CANO, B.</value></Data><Data name="ocupacion"><value>BALDIO</value></Data><Data name="m2"><value>3367</value></Data></ExtendedData><Polygon><outerBoundaryIs><LinearRing><coordinates>-59.443424,-34.448672 -59.443163,-34.447941 -59.442772,-34.448073 -59.442759,-34.448105 -59.443011,-34.448770 -59.443057,-34.448789 -59.443424,-34.448672</coordinates></LinearRing></outerBoundaryIs></Polygon></Placemark>
<Placemark><name>ALCOBA, F.</name><styleUrl>#s</styleUrl><ExtendedData><Data name="propietar"><value>ALCOBA, F.</value></Data><Data name="ocupacion"><value>ALAMBRADO</value></Data><Data name="m2"><value>3354</value></Data></ExtendedData><Polygon><outerBoundaryIs><LinearRing><coordinates>-59.443011,-34.450645 -59.442769,-34.449945 -59.442379,-34.450070 -59.442357,-34.450106 -59.442579,-34.450759 -59.442615,-34.450776 -59.443011,-34.450645</coordinates></LinearRing></outerBoundaryIs></Polygon></Placemark>
<Placemark><name>ARTOLA, J.</name><styleUrl>#s</styleUrl><ExtendedData><Data name="propietar"><value>ARTOLA, J.</value></Data><Data name="ocupacion"><value>ALAMBRADO</value></Data><Data name="m2"><value>1575</value></Data></ExtendedData><Polygon><outerBoundaryIs><LinearRing><coordinates>-59.442044,-34.450986 -59.441937,-34.450651 -59.441514,-34.450773 -59.441633,-34.451112 -59.442044,-34.450986</coordinates></LinearRing></outerBoundaryIs></Polygon></Placemark>
<Placemark><name>RAVERAL, V.</name><styleUrl>#s</styleUrl><ExtendedData><Data name="propietar"><value>RAVERAL, V.</value></Data><Data name="ocupacion"><value>ALAMBRADO</value></Data><Data name="m2"><value>19445</value></Data></ExtendedData><Polygon><outerBoundaryIs><LinearRing><coordinates>-59.432984,-34.446716 -59.433551,-34.447979 -59.434695,-34.447666 -59.433944,-34.445968 -59.432984,-34.446716</coordinates></LinearRing></outerBoundaryIs></Polygon></Placemark>
<Placemark><name>CARBONE, V.</name><styleUrl>#s</styleUrl><ExtendedData><Data name="propietar"><value>CARBONE, V.</value></Data><Data name="ocupacion"><value>CERCO</value></Data><Data name="m2"><value>53398</value></Data></ExtendedData><Polygon><outerBoundaryIs><LinearRing><coordinates>-59.435609,-34.449396 -59.435907,-34.450202 -59.437720,-34.449636 -59.438048,-34.450476 -59.439970,-34.449848 -59.439396,-34.448199 -59.435609,-34.449396</coordinates></LinearRing></outerBoundaryIs></Polygon></Placemark>
<Placemark><name>LESCANO, F.</name><styleUrl>#s</styleUrl><ExtendedData><Data name="propietar"><value>LESCANO, F.</value></Data><Data name="ocupacion"><value>CERCO</value></Data><Data name="m2"><value>3290</value></Data></ExtendedData><Polygon><outerBoundaryIs><LinearRing><coordinates>-59.439245,-34.450453 -59.440102,-34.450195 -59.439970,-34.449848 -59.439118,-34.450126 -59.439245,-34.450453</coordinates></LinearRing></outerBoundaryIs></Polygon></Placemark>
<Placemark><name>DIAZ, F.</name><styleUrl>#s</styleUrl><ExtendedData><Data name="propietar"><value>DIAZ, F.</value></Data><Data name="ocupacion"><value>CERCO</value></Data><Data name="m2"><value>4620</value></Data></ExtendedData><Polygon><outerBoundaryIs><LinearRing><coordinates>-59.439245,-34.450453 -59.439431,-34.450934 -59.440277,-34.450668 -59.440102,-34.450195 -59.439245,-34.450453</coordinates></LinearRing></outerBoundaryIs></Polygon></Placemark>
<Placemark><name>RODRIGUEZ, P.</name><styleUrl>#s</styleUrl><ExtendedData><Data name="propietar"><value>RODRIGUEZ, P.</value></Data><Data name="ocupacion"><value>BALDIO</value></Data><Data name="m2"><value>9392</value></Data></ExtendedData><Polygon><outerBoundaryIs><LinearRing><coordinates>-59.434864,-34.450514 -59.435907,-34.450202 -59.435609,-34.449396 -59.434579,-34.449721 -59.434864,-34.450514</coordinates></LinearRing></outerBoundaryIs></Polygon></Placemark>
<Placemark><name>RODRIGUEZ, F.</name><styleUrl>#s</styleUrl><ExtendedData><Data name="propietar"><value>RODRIGUEZ, F.</value></Data><Data name="ocupacion"><value>ALAMBRADO</value></Data><Data name="m2"><value>9939</value></Data></ExtendedData><Polygon><outerBoundaryIs><LinearRing><coordinates>-59.436548,-34.451853 -59.436238,-34.451032 -59.435907,-34.450202 -59.435386,-34.450357 -59.436027,-34.452022 -59.436548,-34.451853</coordinates></LinearRing></outerBoundaryIs></Polygon></Placemark>
<Placemark><name>BARREIRO, J.</name><styleUrl>#s</styleUrl><ExtendedData><Data name="propietar"><value>BARREIRO, J.</value></Data><Data name="ocupacion"><value>ALAMBRADO</value></Data><Data name="m2"><value>4390</value></Data></ExtendedData><Polygon><outerBoundaryIs><LinearRing><coordinates>-59.435128,-34.451243 -59.435668,-34.451091 -59.435386,-34.450357 -59.434864,-34.450514 -59.435128,-34.451243</coordinates></LinearRing></outerBoundaryIs></Polygon></Placemark>
<Placemark><name>TABORRA, J.</name><styleUrl>#s</styleUrl><ExtendedData><Data name="propietar"><value>TABORRA, J.</value></Data><Data name="ocupacion"><value>ALAMBRADO</value></Data><Data name="m2"><value>2476</value></Data></ExtendedData><Polygon><outerBoundaryIs><LinearRing><coordinates>-59.435320,-34.451742 -59.435858,-34.451584 -59.435704,-34.451183 -59.435161,-34.451334 -59.435320,-34.451742</coordinates></LinearRing></outerBoundaryIs></Polygon></Placemark>
<Placemark><name>TULA, V.</name><styleUrl>#s</styleUrl><ExtendedData><Data name="propietar"><value>TULA, V.</value></Data><Data name="ocupacion"><value>ALAMBRADO</value></Data><Data name="m2"><value>2729</value></Data></ExtendedData><Polygon><outerBoundaryIs><LinearRing><coordinates>-59.435320,-34.451742 -59.435482,-34.452192 -59.436027,-34.452022 -59.435858,-34.451584 -59.435320,-34.451742</coordinates></LinearRing></outerBoundaryIs></Polygon></Placemark>
<Placemark><name>GIOCOY, D.</name><styleUrl>#s</styleUrl><ExtendedData><Data name="propietar"><value>GIOCOY, D.</value></Data><Data name="ocupacion"><value>ALAMBRADO</value></Data><Data name="m2"><value>17933</value></Data></ExtendedData><Polygon><outerBoundaryIs><LinearRing><coordinates>-59.437477,-34.445861 -59.437152,-34.444937 -59.436771,-34.443738 -59.436055,-34.444288 -59.436655,-34.446110 -59.437477,-34.445861</coordinates></LinearRing></outerBoundaryIs></Polygon></Placemark>
<Placemark><name>QUEVEDO, B.</name><styleUrl>#s</styleUrl><ExtendedData><Data name="propietar"><value>QUEVEDO, B.</value></Data><Data name="ocupacion"><value>MURO</value></Data><Data name="m2"><value>37591</value></Data></ExtendedData><Polygon><outerBoundaryIs><LinearRing><coordinates>-59.437176,-34.445004 -59.437477,-34.445861 -59.441426,-34.444639 -59.441092,-34.443808 -59.438256,-34.444682 -59.437176,-34.445004</coordinates></LinearRing></outerBoundaryIs></Polygon></Placemark>
<Placemark><name>LARROSA, P. M. DE</name><styleUrl>#s</styleUrl><ExtendedData><Data name="propietar"><value>LARROSA, P. M. DE</value></Data><Data name="ocupacion"><value>CERCO</value></Data><Data name="m2"><value>8519</value></Data></ExtendedData><Polygon><outerBoundaryIs><LinearRing><coordinates>-59.434067,-34.451229 -59.434910,-34.450967 -59.434579,-34.450076 -59.434487,-34.449848 -59.434474,-34.449845 -59.433831,-34.450589 -59.433828,-34.450601 -59.434067,-34.451229</coordinates></LinearRing></outerBoundaryIs></Polygon></Placemark>
<Placemark><name>ARTOLA, J.</name><styleUrl>#s</styleUrl><ExtendedData><Data name="propietar"><value>ARTOLA, J.</value></Data><Data name="ocupacion"><value>CERCO</value></Data><Data name="m2"><value>3638</value></Data></ExtendedData><Polygon><outerBoundaryIs><LinearRing><coordinates>-59.434214,-34.451615 -59.435049,-34.451340 -59.434910,-34.450967 -59.434067,-34.451229 -59.434214,-34.451615</coordinates></LinearRing></outerBoundaryIs></Polygon></Placemark>
<Placemark><name>CUELLO, A.</name><styleUrl>#s</styleUrl><ExtendedData><Data name="propietar"><value>CUELLO, A.</value></Data><Data name="ocupacion"><value>CERCO</value></Data><Data name="m2"><value>8222</value></Data></ExtendedData><Polygon><outerBoundaryIs><LinearRing><coordinates>-59.433506,-34.452943 -59.433772,-34.453673 -59.434365,-34.453493 -59.434733,-34.453370 -59.434758,-34.453331 -59.434508,-34.452659 -59.434472,-34.452645 -59.433506,-34.452943</coordinates></LinearRing></outerBoundaryIs></Polygon></Placemark>
<Placemark><name>LACOUR</name><styleUrl>#s</styleUrl><ExtendedData><Data name="propietar"><value>LACOUR</value></Data><Data name="ocupacion"><value>CERCO</value></Data><Data name="m2"><value>7556</value></Data></ExtendedData><Polygon><outerBoundaryIs><LinearRing><coordinates>-59.432587,-34.453224 -59.432857,-34.453949 -59.433772,-34.453673 -59.433506,-34.452943 -59.432587,-34.453224</coordinates></LinearRing></outerBoundaryIs></Polygon></Placemark>
<Placemark><name>CALVETTI, M.</name><styleUrl>#s</styleUrl><ExtendedData><Data name="propietar"><value>CALVETTI, M.</value></Data><Data name="ocupacion"><value>CERCO</value></Data><Data name="m2"><value>7629</value></Data></ExtendedData><Polygon><outerBoundaryIs><LinearRing><coordinates>-59.431906,-34.454237 -59.431629,-34.453517 -59.430703,-34.453800 -59.430965,-34.454521 -59.431906,-34.454237</coordinates></LinearRing></outerBoundaryIs></Polygon></Placemark>
<Placemark><name>FREIRO, J.</name><styleUrl>#s</styleUrl><ExtendedData><Data name="propietar"><value>FREIRO, J.</value></Data><Data name="ocupacion"><value>ALAMBRADO</value></Data><Data name="m2"><value>7896</value></Data></ExtendedData><Polygon><outerBoundaryIs><LinearRing><coordinates>-59.430278,-34.455710 -59.431194,-34.455489 -59.430891,-34.454706 -59.430847,-34.454691 -59.430015,-34.454932 -59.430278,-34.455710</coordinates></LinearRing></outerBoundaryIs></Polygon></Placemark>
<Placemark><name>CANE, L.</name><styleUrl>#s</styleUrl><ExtendedData><Data name="propietar"><value>CANE, L.</value></Data><Data name="ocupacion"><value>ALAMBRADO</value></Data><Data name="m2"><value>14566</value></Data></ExtendedData><Polygon><outerBoundaryIs><LinearRing><coordinates>-59.430278,-34.455710 -59.430769,-34.457045 -59.431769,-34.456978 -59.431194,-34.455489 -59.430278,-34.455710</coordinates></LinearRing></outerBoundaryIs></Polygon></Placemark>
<Placemark><name>MOLINA, G.</name><styleUrl>#s</styleUrl><ExtendedData><Data name="propietar"><value>MOLINA, G.</value></Data><Data name="ocupacion"><value>ALAMBRADO</value></Data><Data name="m2"><value>7684</value></Data></ExtendedData><Polygon><outerBoundaryIs><LinearRing><coordinates>-59.433004,-34.454019 -59.433271,-34.454829 -59.434133,-34.454561 -59.433837,-34.453765 -59.433004,-34.454019</coordinates></LinearRing></outerBoundaryIs></Polygon></Placemark>
<Placemark><name>MARMOL, M</name><styleUrl>#s</styleUrl><ExtendedData><Data name="propietar"><value>MARMOL, M</value></Data><Data name="ocupacion"><value>CERCO</value></Data><Data name="m2"><value>25424</value></Data></ExtendedData><Polygon><outerBoundaryIs><LinearRing><coordinates>-59.433837,-34.453765 -59.434133,-34.454561 -59.435120,-34.454255 -59.435413,-34.454980 -59.436366,-34.454679 -59.435777,-34.453174 -59.433837,-34.453765</coordinates></LinearRing></outerBoundaryIs></Polygon></Placemark>
<Placemark><name>ORMILUGUE, J.</name><styleUrl>#s</styleUrl><ExtendedData><Data name="propietar"><value>ORMILUGUE, J.</value></Data><Data name="ocupacion"><value>ALAMBRADO</value></Data><Data name="m2"><value>9719</value></Data></ExtendedData><Polygon><outerBoundaryIs><LinearRing><coordinates>-59.432365,-34.455208 -59.433215,-34.454937 -59.433186,-34.454860 -59.433271,-34.454829 -59.433004,-34.454019 -59.431995,-34.454327 -59.432365,-34.455208</coordinates></LinearRing></outerBoundaryIs></Polygon></Placemark>
<Placemark><name>MARMOL, J. M.</name><styleUrl>#s</styleUrl><ExtendedData><Data name="propietar"><value>MARMOL, J. M.</value></Data><Data name="ocupacion"><value>CERCO</value></Data><Data name="m2"><value>14009</value></Data></ExtendedData><Polygon><outerBoundaryIs><LinearRing><coordinates>-59.432365,-34.455208 -59.432977,-34.456665 -59.433786,-34.456433 -59.433215,-34.454937 -59.432365,-34.455208</coordinates></LinearRing></outerBoundaryIs></Polygon></Placemark>
<Placemark><name>DIAZ, I.</name><styleUrl>#s</styleUrl><ExtendedData><Data name="propietar"><value>DIAZ, I.</value></Data><Data name="ocupacion"><value>ALAMBRADO</value></Data><Data name="m2"><value>7275</value></Data></ExtendedData><Polygon><outerBoundaryIs><LinearRing><coordinates>-59.435582,-34.455051 -59.435887,-34.455823 -59.436705,-34.455547 -59.436405,-34.454781 -59.435582,-34.455051</coordinates></LinearRing></outerBoundaryIs></Polygon></Placemark>
<Placemark><name>MOLINARES, J.</name><styleUrl>#s</styleUrl><ExtendedData><Data name="propietar"><value>MOLINARES, J.</value></Data><Data name="ocupacion"><value>ALAMBRADO</value></Data><Data name="m2"><value>9026</value></Data></ExtendedData><Polygon><outerBoundaryIs><LinearRing><coordinates>-59.437782,-34.455248 -59.437487,-34.454424 -59.436496,-34.454756 -59.436812,-34.455543 -59.437782,-34.455248</coordinates></LinearRing></outerBoundaryIs></Polygon></Placemark>
<Placemark><name>PUCCE, G.</name><styleUrl>#s</styleUrl><ExtendedData><Data name="propietar"><value>PUCCE, G.</value></Data><Data name="ocupacion"><value>ALAMBRADO</value></Data><Data name="m2"><value>15733</value></Data></ExtendedData><Polygon><outerBoundaryIs><LinearRing><coordinates>-59.447339,-34.452132 -59.448196,-34.451851 -59.447649,-34.450227 -59.446793,-34.450516 -59.447339,-34.452132</coordinates></LinearRing></outerBoundaryIs></Polygon></Placemark>
<Placemark><name>BOTTO, P.</name><styleUrl>#s</styleUrl><ExtendedData><Data name="propietar"><value>BOTTO, P.</value></Data><Data name="ocupacion"><value>BALDIO</value></Data><Data name="m2"><value>6133</value></Data></ExtendedData><Polygon><outerBoundaryIs><LinearRing><coordinates>-59.443792,-34.451512 -59.442943,-34.451766 -59.443180,-34.452484 -59.443850,-34.452291 -59.443792,-34.451512</coordinates></LinearRing></outerBoundaryIs></Polygon></Placemark>
<Placemark><name>BRUNEGO, J.</name><styleUrl>#s</styleUrl><ExtendedData><Data name="propietar"><value>BRUNEGO, J.</value></Data><Data name="ocupacion"><value>ALAMBRADO</value></Data><Data name="m2"><value>6797</value></Data></ExtendedData><Polygon><outerBoundaryIs><LinearRing><coordinates>-59.443219,-34.452596 -59.443491,-34.453389 -59.444283,-34.453132 -59.443960,-34.452373 -59.443219,-34.452596</coordinates></LinearRing></outerBoundaryIs></Polygon></Placemark>
<Placemark><name>VACIO</name><styleUrl>#s</styleUrl><ExtendedData><Data name="propietar"><value>VACIO</value></Data><Data name="ocupacion"><value>BALDIO</value></Data><Data name="m2"><value>962</value></Data></ExtendedData><Polygon><outerBoundaryIs><LinearRing><coordinates>-59.441336,-34.453229 -59.441444,-34.453473 -59.442018,-34.453022 -59.441336,-34.453229</coordinates></LinearRing></outerBoundaryIs></Polygon></Placemark>
<Placemark><name>MOLINARES, T.</name><styleUrl>#s</styleUrl><ExtendedData><Data name="propietar"><value>MOLINARES, T.</value></Data><Data name="ocupacion"><value>MURO</value></Data><Data name="m2"><value>14920</value></Data></ExtendedData><Polygon><outerBoundaryIs><LinearRing><coordinates>-59.439110,-34.453005 -59.439373,-34.453707 -59.441199,-34.453147 -59.440922,-34.452411 -59.439110,-34.453005</coordinates></LinearRing></outerBoundaryIs></Polygon></Placemark>
<Placemark><name>GONZALEZ, T.</name><styleUrl>#s</styleUrl><ExtendedData><Data name="propietar"><value>GONZALEZ, T.</value></Data><Data name="ocupacion"><value>ALAMBRADO</value></Data><Data name="m2"><value>9497</value></Data></ExtendedData><Polygon><outerBoundaryIs><LinearRing><coordinates>-59.437687,-34.452552 -59.438015,-34.453379 -59.439012,-34.453079 -59.438672,-34.452234 -59.437687,-34.452552</coordinates></LinearRing></outerBoundaryIs></Polygon></Placemark>
<Placemark><name>MARMOL, M.</name><styleUrl>#s</styleUrl><ExtendedData><Data name="propietar"><value>MARMOL, M.</value></Data><Data name="ocupacion"><value>ALAMBRADO</value></Data><Data name="m2"><value>7803</value></Data></ExtendedData><Polygon><outerBoundaryIs><LinearRing><coordinates>-59.437451,-34.454343 -59.437184,-34.453632 -59.436215,-34.453926 -59.436519,-34.454627 -59.436565,-34.454638 -59.437451,-34.454343</coordinates></LinearRing></outerBoundaryIs></Polygon></Placemark>
<Placemark><name>LAHORNERA, J.</name><styleUrl>#s</styleUrl><ExtendedData><Data name="propietar"><value>LAHORNERA, J.</value></Data><Data name="ocupacion"><value>ALAMBRADO</value></Data><Data name="m2"><value>16803</value></Data></ExtendedData><Polygon><outerBoundaryIs><LinearRing><coordinates>-59.436215,-34.453926 -59.438015,-34.453379 -59.437687,-34.452552 -59.435873,-34.453138 -59.436215,-34.453926</coordinates></LinearRing></outerBoundaryIs></Polygon></Placemark>
<Placemark><name>ALMIRON</name><styleUrl>#s</styleUrl><ExtendedData><Data name="propietar"><value>ALMIRON</value></Data><Data name="ocupacion"><value>ALAMBRADO</value></Data><Data name="m2"><value>1682</value></Data></ExtendedData><Polygon><outerBoundaryIs><LinearRing><coordinates>-59.436714,-34.452308 -59.436843,-34.452652 -59.436902,-34.452673 -59.437250,-34.452558 -59.437106,-34.452186 -59.436714,-34.452308</coordinates></LinearRing></outerBoundaryIs></Polygon></Placemark>
<Placemark><name>GALLO, V.</name><styleUrl>#s</styleUrl><ExtendedData><Data name="propietar"><value>GALLO, V.</value></Data><Data name="ocupacion"><value>ALAMBRADO</value></Data><Data name="m2"><value>2655</value></Data></ExtendedData><Polygon><outerBoundaryIs><LinearRing><coordinates>-59.437457,-34.451874 -59.437039,-34.452012 -59.437250,-34.452558 -59.437643,-34.452428 -59.437666,-34.452378 -59.437457,-34.451874</coordinates></LinearRing></outerBoundaryIs></Polygon></Placemark>
<Placemark><name>ROYS, J.</name><styleUrl>#s</styleUrl><ExtendedData><Data name="propietar"><value>ROYS, J.</value></Data><Data name="ocupacion"><value>ALAMBRADO</value></Data><Data name="m2"><value>7194</value></Data></ExtendedData><Polygon><outerBoundaryIs><LinearRing><coordinates>-59.439637,-34.451775 -59.439370,-34.451056 -59.438485,-34.451339 -59.438784,-34.452060 -59.439637,-34.451775</coordinates></LinearRing></outerBoundaryIs></Polygon></Placemark>
<Placemark><name>CARBONE, V.</name><styleUrl>#s</styleUrl><ExtendedData><Data name="propietar"><value>CARBONE, V.</value></Data><Data name="ocupacion"><value>MURO</value></Data><Data name="m2"><value>7513</value></Data></ExtendedData><Polygon><outerBoundaryIs><LinearRing><coordinates>-59.439370,-34.451056 -59.439637,-34.451775 -59.440564,-34.451466 -59.440285,-34.450763 -59.439370,-34.451056</coordinates></LinearRing></outerBoundaryIs></Polygon></Placemark>
<Placemark><name>BILLERI, J.</name><styleUrl>#s</styleUrl><ExtendedData><Data name="propietar"><value>BILLERI, J.</value></Data><Data name="ocupacion"><value>MURO</value></Data><Data name="m2"><value>1533</value></Data></ExtendedData><Polygon><outerBoundaryIs><LinearRing><coordinates>-59.441937,-34.450651 -59.442044,-34.450986 -59.442438,-34.450856 -59.442461,-34.450828 -59.442352,-34.450531 -59.441937,-34.450651</coordinates></LinearRing></outerBoundaryIs></Polygon></Placemark>
<Placemark><name>MARMOL, M.</name><styleUrl>#s</styleUrl><ExtendedData><Data name="propietar"><value>MARMOL, M.</value></Data><Data name="ocupacion"><value>ALAMBRADO</value></Data><Data name="m2"><value>19172</value></Data></ExtendedData><Polygon><outerBoundaryIs><LinearRing><coordinates>-59.435277,-34.457334 -59.434912,-34.456405 -59.433089,-34.456974 -59.433430,-34.457881 -59.435277,-34.457334</coordinates></LinearRing></outerBoundaryIs></Polygon></Placemark>
<Placemark><name>POXO, J. DEL</name><styleUrl>#s</styleUrl><ExtendedData><Data name="propietar"><value>POXO, J. DEL</value></Data><Data name="ocupacion"><value>BALDIO</value></Data><Data name="m2"><value>16470</value></Data></ExtendedData><Polygon><outerBoundaryIs><LinearRing><coordinates>-59.431981,-34.457279 -59.432562,-34.458806 -59.433528,-34.458553 -59.432938,-34.457028 -59.431981,-34.457279</coordinates></LinearRing></outerBoundaryIs></Polygon></Placemark>
<Placemark><name>DIONOFRIO, C. DE</name><styleUrl>#s</styleUrl><ExtendedData><Data name="propietar"><value>DIONOFRIO, C. DE</value></Data><Data name="ocupacion"><value>ALAMBRADO</value></Data><Data name="m2"><value>1693</value></Data></ExtendedData><Polygon><outerBoundaryIs><LinearRing><coordinates>-59.446476,-34.448206 -59.446607,-34.448567 -59.447019,-34.448434 -59.446893,-34.448075 -59.446476,-34.448206</coordinates></LinearRing></outerBoundaryIs></Polygon></Placemark>
<Placemark><name>GOMEZ, T. TESTAMENTARIA</name><styleUrl>#s</styleUrl><ExtendedData><Data name="propietar"><value>GOMEZ, T. TESTAMENTARIA</value></Data><Data name="ocupacion"><value>ALAMBRADO</value></Data><Data name="m2"><value>1766</value></Data></ExtendedData><Polygon><outerBoundaryIs><LinearRing><coordinates>-59.446476,-34.448206 -59.446893,-34.448075 -59.446763,-34.447703 -59.446341,-34.447836 -59.446476,-34.448206</coordinates></LinearRing></outerBoundaryIs></Polygon></Placemark>
<Placemark><name>ORTIZ, A. D. DE</name><styleUrl>#s</styleUrl><ExtendedData><Data name="propietar"><value>ORTIZ, A. D. DE</value></Data><Data name="ocupacion"><value>ALAMBRADO</value></Data><Data name="m2"><value>1747</value></Data></ExtendedData><Polygon><outerBoundaryIs><LinearRing><coordinates>-59.446053,-34.448339 -59.446182,-34.448704 -59.446607,-34.448567 -59.446476,-34.448206 -59.446053,-34.448339</coordinates></LinearRing></outerBoundaryIs></Polygon></Placemark>
<Placemark><name>LACOUR, B.</name><styleUrl>#s</styleUrl><ExtendedData><Data name="propietar"><value>LACOUR, B.</value></Data><Data name="ocupacion"><value>ALAMBRADO</value></Data><Data name="m2"><value>3406</value></Data></ExtendedData><Polygon><outerBoundaryIs><LinearRing><coordinates>-59.444671,-34.449206 -59.444406,-34.448474 -59.443997,-34.448606 -59.444263,-34.449338 -59.444671,-34.449206</coordinates></LinearRing></outerBoundaryIs></Polygon></Placemark>
<Placemark><name>SILVA, P.</name><styleUrl>#s</styleUrl><ExtendedData><Data name="propietar"><value>SILVA, P.</value></Data><Data name="ocupacion"><value>ALAMBRADO</value></Data><Data name="m2"><value>1772</value></Data></ExtendedData><Polygon><outerBoundaryIs><LinearRing><coordinates>-59.444538,-34.448838 -59.444671,-34.449206 -59.445090,-34.449071 -59.444963,-34.448699 -59.444538,-34.448838</coordinates></LinearRing></outerBoundaryIs></Polygon></Placemark>
<Placemark><name>ALCARAS, T.</name><styleUrl>#s</styleUrl><ExtendedData><Data name="propietar"><value>ALCARAS, T.</value></Data><Data name="ocupacion"><value>ALAMBRADO</value></Data><Data name="m2"><value>1661</value></Data></ExtendedData><Polygon><outerBoundaryIs><LinearRing><coordinates>-59.444790,-34.447770 -59.445231,-34.447631 -59.445108,-34.447297 -59.444675,-34.447433 -59.444790,-34.447770</coordinates></LinearRing></outerBoundaryIs></Polygon></Placemark>
<Placemark><name>CUCULLU, S.</name><styleUrl>#s</styleUrl><ExtendedData><Data name="propietar"><value>CUCULLU, S.</value></Data><Data name="ocupacion"><value>MURO</value></Data><Data name="m2"><value>1607</value></Data></ExtendedData><Polygon><outerBoundaryIs><LinearRing><coordinates>-59.447027,-34.448008 -59.447440,-34.447879 -59.447311,-34.447534 -59.446903,-34.447665 -59.447027,-34.448008</coordinates></LinearRing></outerBoundaryIs></Polygon></Placemark>
<Placemark><name>CANO, R.</name><styleUrl>#s</styleUrl><ExtendedData><Data name="propietar"><value>CANO, R.</value></Data><Data name="ocupacion"><value>ALAMBRADO</value></Data><Data name="m2"><value>1715</value></Data></ExtendedData><Polygon><outerBoundaryIs><LinearRing><coordinates>-59.447027,-34.448008 -59.447160,-34.448375 -59.447575,-34.448239 -59.447440,-34.447879 -59.447027,-34.448008</coordinates></LinearRing></outerBoundaryIs></Polygon></Placemark>
<Placemark><name>SANGUINETTE, J.</name><styleUrl>#s</styleUrl><ExtendedData><Data name="propietar"><value>SANGUINETTE, J.</value></Data><Data name="ocupacion"><value>MURO</value></Data><Data name="m2"><value>854</value></Data></ExtendedData><Polygon><outerBoundaryIs><LinearRing><coordinates>-59.447377,-34.447711 -59.447796,-34.447576 -59.447733,-34.447397 -59.447311,-34.447534 -59.447377,-34.447711</coordinates></LinearRing></outerBoundaryIs></Polygon></Placemark>
<Placemark><name>ANDRADA, J.</name><styleUrl>#s</styleUrl><ExtendedData><Data name="propietar"><value>ANDRADA, J.</value></Data><Data name="ocupacion"><value>ALAMBRADO</value></Data><Data name="m2"><value>1729</value></Data></ExtendedData><Polygon><outerBoundaryIs><LinearRing><coordinates>-59.446757,-34.449034 -59.447174,-34.448907 -59.447039,-34.448555 -59.447007,-34.448543 -59.446624,-34.448669 -59.446757,-34.449034</coordinates></LinearRing></outerBoundaryIs></Polygon></Placemark>
<Placemark><name>CANO, J.</name><styleUrl>#s</styleUrl><ExtendedData><Data name="propietar"><value>CANO, J.</value></Data><Data name="ocupacion"><value>ALAMBRADO</value></Data><Data name="m2"><value>1768</value></Data></ExtendedData><Polygon><outerBoundaryIs><LinearRing><coordinates>-59.446757,-34.449034 -59.446892,-34.449406 -59.447280,-34.449289 -59.447304,-34.449245 -59.447174,-34.448907 -59.446757,-34.449034</coordinates></LinearRing></outerBoundaryIs></Polygon></Placemark>
<Placemark><name>CASAS, B. A. DE</name><styleUrl>#s</styleUrl><ExtendedData><Data name="propietar"><value>CASAS, B. A. DE</value></Data><Data name="ocupacion"><value>ALAMBRADO</value></Data><Data name="m2"><value>1739</value></Data></ExtendedData><Polygon><outerBoundaryIs><LinearRing><coordinates>-59.446328,-34.449165 -59.446757,-34.449034 -59.446624,-34.448669 -59.446226,-34.448801 -59.446210,-34.448833 -59.446328,-34.449165</coordinates></LinearRing></outerBoundaryIs></Polygon></Placemark>
<Placemark><name>SANGUINETTI, P.</name><styleUrl>#s</styleUrl><ExtendedData><Data name="propietar"><value>SANGUINETTI, P.</value></Data><Data name="ocupacion"><value>MURO</value></Data><Data name="m2"><value>1790</value></Data></ExtendedData><Polygon><outerBoundaryIs><LinearRing><coordinates>-59.447862,-34.448970 -59.448244,-34.448858 -59.448102,-34.448448 -59.447707,-34.448563 -59.447862,-34.448970</coordinates></LinearRing></outerBoundaryIs></Polygon></Placemark>
<Placemark><name>FRIAS, F.</name><styleUrl>#s</styleUrl><ExtendedData><Data name="propietar"><value>FRIAS, F.</value></Data><Data name="ocupacion"><value>BALDIO</value></Data><Data name="m2"><value>1846</value></Data></ExtendedData><Polygon><outerBoundaryIs><LinearRing><coordinates>-59.447316,-34.448861 -59.447765,-34.448716 -59.447626,-34.448353 -59.447189,-34.448493 -59.447316,-34.448861</coordinates></LinearRing></outerBoundaryIs></Polygon></Placemark>
<Placemark><name>RUSSO, J. Y LARROCA, B.</name><styleUrl>#s</styleUrl><ExtendedData><Data name="propietar"><value>RUSSO, J. Y LARROCA, B.</value></Data><Data name="ocupacion"><value>ALAMBRADO</value></Data><Data name="m2"><value>15354</value></Data></ExtendedData><Polygon><outerBoundaryIs><LinearRing><coordinates>-59.454947,-34.445954 -59.454895,-34.445884 -59.454848,-34.445784 -59.454820,-34.445699 -59.454848,-34.445485 -59.454753,-34.445364 -59.454727,-34.445264 -59.452741,-34.445860 -59.453010,-34.446560 -59.454947,-34.445954</coordinates></LinearRing></outerBoundaryIs></Polygon></Placemark>
<Placemark><name>ACUÑA, G.</name><styleUrl>#s</styleUrl><ExtendedData><Data name="propietar"><value>ACUÑA, G.</value></Data><Data name="ocupacion"><value>ALAMBRADO</value></Data><Data name="m2"><value>739</value></Data></ExtendedData><Polygon><outerBoundaryIs><LinearRing><coordinates>-59.450791,-34.447752 -59.451097,-34.447661 -59.451019,-34.447449 -59.450708,-34.447543 -59.450791,-34.447752</coordinates></LinearRing></outerBoundaryIs></Polygon></Placemark>
<Placemark><name>MARTINA, JUANA</name><styleUrl>#s</styleUrl><ExtendedData><Data name="propietar"><value>MARTINA, JUANA</value></Data><Data name="ocupacion"><value>MURO</value></Data><Data name="m2"><value>2811</value></Data></ExtendedData><Polygon><outerBoundaryIs><LinearRing><coordinates>-59.450791,-34.447752 -59.450708,-34.447543 -59.451019,-34.447449 -59.450976,-34.447331 -59.450930,-34.447312 -59.450127,-34.447542 -59.450106,-34.447575 -59.450196,-34.447830 -59.450204,-34.447828 -59.450235,-34.447914 -59.450225,-34.447922 -59.450791,-34.447752</coordinates></LinearRing></outerBoundaryIs></Polygon></Placemark>
<Placemark><name>CUCULLU, I.</name><styleUrl>#s</styleUrl><ExtendedData><Data name="propietar"><value>CUCULLU, I.</value></Data><Data name="ocupacion"><value>MURO</value></Data><Data name="m2"><value>3184</value></Data></ExtendedData><Polygon><outerBoundaryIs><LinearRing><coordinates>-59.449275,-34.446903 -59.449515,-34.447610 -59.449914,-34.447490 -59.449675,-34.446779 -59.449275,-34.446903</coordinates></LinearRing></outerBoundaryIs></Polygon></Placemark>
<Placemark><name>BILDOSOLA, B.</name><styleUrl>#s</styleUrl><ExtendedData><Data name="propietar"><value>BILDOSOLA, B.</value></Data><Data name="ocupacion"><value>ALAMBRADO</value></Data><Data name="m2"><value>1365</value></Data></ExtendedData><Polygon><outerBoundaryIs><LinearRing><coordinates>-59.441183,-34.452119 -59.440930,-34.451485 -59.440746,-34.451544 -59.440989,-34.452175 -59.441183,-34.452119</coordinates></LinearRing></outerBoundaryIs></Polygon></Placemark>
<Placemark><name>CARRISO</name><styleUrl>#s</styleUrl><ExtendedData><Data name="propietar"><value>CARRISO</value></Data><Data name="ocupacion"><value>ALAMBRADO</value></Data><Data name="m2"><value>1614</value></Data></ExtendedData><Polygon><outerBoundaryIs><LinearRing><coordinates>-59.441485,-34.452485 -59.441316,-34.452078 -59.440989,-34.452175 -59.441137,-34.452605 -59.441485,-34.452485</coordinates></LinearRing></outerBoundaryIs></Polygon></Placemark>
<Placemark><name>BECERRO</name><styleUrl>#s</styleUrl><ExtendedData><Data name="propietar"><value>BECERRO</value></Data><Data name="ocupacion"><value>BALDIO</value></Data><Data name="m2"><value>2346</value></Data></ExtendedData><Polygon><outerBoundaryIs><LinearRing><coordinates>-59.441316,-34.452078 -59.441479,-34.452485 -59.441947,-34.452323 -59.441875,-34.451909 -59.441316,-34.452078</coordinates></LinearRing></outerBoundaryIs></Polygon></Placemark>
<Placemark><name>DEL RE</name><styleUrl>#s</styleUrl><ExtendedData><Data name="propietar"><value>DEL RE</value></Data><Data name="ocupacion"><value>ALAMBRADO</value></Data><Data name="m2"><value>1867</value></Data></ExtendedData><Polygon><outerBoundaryIs><LinearRing><coordinates>-59.442087,-34.451108 -59.442221,-34.451488 -59.442649,-34.451350 -59.442519,-34.450965 -59.442087,-34.451108</coordinates></LinearRing></outerBoundaryIs></Polygon></Placemark>
<Placemark><name>CUCULLU, S.</name><styleUrl>#s</styleUrl><ExtendedData><Data name="propietar"><value>CUCULLU, S.</value></Data><Data name="ocupacion"><value>BALDIO</value></Data><Data name="m2"><value>1605</value></Data></ExtendedData><Polygon><outerBoundaryIs><LinearRing><coordinates>-59.442221,-34.451488 -59.442087,-34.451108 -59.441709,-34.451233 -59.441848,-34.451604 -59.442221,-34.451488</coordinates></LinearRing></outerBoundaryIs></Polygon></Placemark>
<Placemark><name>PATERSON, R.</name><styleUrl>#s</styleUrl><ExtendedData><Data name="propietar"><value>PATERSON, R.</value></Data><Data name="ocupacion"><value>MURO</value></Data><Data name="m2"><value>3113</value></Data></ExtendedData><Polygon><outerBoundaryIs><LinearRing><coordinates>-59.445971,-34.449837 -59.446218,-34.450545 -59.446567,-34.450426 -59.446591,-34.450388 -59.446376,-34.449731 -59.446341,-34.449717 -59.445971,-34.449837</coordinates></LinearRing></outerBoundaryIs></Polygon></Placemark>
<Placemark><name>BUSSETTI, P.</name><styleUrl>#s</styleUrl><ExtendedData><Data name="propietar"><value>BUSSETTI, P.</value></Data><Data name="ocupacion"><value>ALAMBRADO</value></Data><Data name="m2"><value>3183</value></Data></ExtendedData><Polygon><outerBoundaryIs><LinearRing><coordinates>-59.444273,-34.446099 -59.445077,-34.445850 -59.444961,-34.445499 -59.444153,-34.445748 -59.444273,-34.446099</coordinates></LinearRing></outerBoundaryIs></Polygon></Placemark>
<Placemark><name>MEDINA, S.</name><styleUrl>#s</styleUrl><ExtendedData><Data name="propietar"><value>MEDINA, S.</value></Data><Data name="ocupacion"><value>ALAMBRADO</value></Data><Data name="m2"><value>2611</value></Data></ExtendedData><Polygon><outerBoundaryIs><LinearRing><coordinates>-59.443955,-34.445225 -59.444761,-34.444968 -59.444663,-34.444682 -59.443862,-34.444933 -59.443955,-34.445225</coordinates></LinearRing></outerBoundaryIs></Polygon></Placemark>
<Placemark><name>GONZALEZ, P.</name><styleUrl>#s</styleUrl><ExtendedData><Data name="propietar"><value>GONZALEZ, P.</value></Data><Data name="ocupacion"><value>BALDIO</value></Data><Data name="m2"><value>3356</value></Data></ExtendedData><Polygon><outerBoundaryIs><LinearRing><coordinates>-59.445209,-34.444498 -59.445457,-34.445206 -59.445874,-34.445071 -59.445632,-34.444367 -59.445209,-34.444498</coordinates></LinearRing></outerBoundaryIs></Polygon></Placemark>
<Placemark><name>GONZALEZ, S.</name><styleUrl>#s</styleUrl><ExtendedData><Data name="propietar"><value>GONZALEZ, S.</value></Data><Data name="ocupacion"><value>BALDIO</value></Data><Data name="m2"><value>1765</value></Data></ExtendedData><Polygon><outerBoundaryIs><LinearRing><coordinates>-59.444914,-34.444999 -59.445336,-34.444876 -59.445209,-34.444498 -59.444790,-34.444629 -59.444914,-34.444999</coordinates></LinearRing></outerBoundaryIs></Polygon></Placemark>
<Placemark><name>CARBONE, V.</name><styleUrl>#s</styleUrl><ExtendedData><Data name="propietar"><value>CARBONE, V.</value></Data><Data name="ocupacion"><value>ALAMBRADO</value></Data><Data name="m2"><value>3144</value></Data></ExtendedData><Polygon><outerBoundaryIs><LinearRing><coordinates>-59.446225,-34.444177 -59.446458,-34.444896 -59.446846,-34.444784 -59.446852,-34.444770 -59.446608,-34.444061 -59.446225,-34.444177</coordinates></LinearRing></outerBoundaryIs></Polygon></Placemark>
<Placemark><name>NORIEGA, C.</name><styleUrl>#s</styleUrl><ExtendedData><Data name="propietar"><value>NORIEGA, C.</value></Data><Data name="ocupacion"><value>ALAMBRADO</value></Data><Data name="m2"><value>1834</value></Data></ExtendedData><Polygon><outerBoundaryIs><LinearRing><coordinates>-59.446845,-34.444384 -59.446959,-34.444737 -59.447423,-34.444588 -59.447298,-34.444234 -59.446845,-34.444384</coordinates></LinearRing></outerBoundaryIs></Polygon></Placemark>
<Placemark><name>ACUÑA, G.</name><styleUrl>#s</styleUrl><ExtendedData><Data name="propietar"><value>ACUÑA, G.</value></Data><Data name="ocupacion"><value>MURO</value></Data><Data name="m2"><value>1250</value></Data></ExtendedData><Polygon><outerBoundaryIs><LinearRing><coordinates>-59.447333,-34.444177 -59.447666,-34.444084 -59.447551,-34.443749 -59.447209,-34.443855 -59.447333,-34.444177</coordinates></LinearRing></outerBoundaryIs></Polygon></Placemark>
<Placemark><name>FRIAS, E.</name><styleUrl>#s</styleUrl><ExtendedData><Data name="propietar"><value>FRIAS, E.</value></Data><Data name="ocupacion"><value>MURO</value></Data><Data name="m2"><value>1640</value></Data></ExtendedData><Polygon><outerBoundaryIs><LinearRing><coordinates>-59.447333,-34.444177 -59.447345,-34.444217 -59.447298,-34.444234 -59.447423,-34.444588 -59.447797,-34.444467 -59.447666,-34.444084 -59.447333,-34.444177</coordinates></LinearRing></outerBoundaryIs></Polygon></Placemark>
<Placemark><name>CUELLO, C.</name><styleUrl>#s</styleUrl><ExtendedData><Data name="propietar"><value>CUELLO, C.</value></Data><Data name="ocupacion"><value>BALDIO</value></Data><Data name="m2"><value>2961</value></Data></ExtendedData><Polygon><outerBoundaryIs><LinearRing><coordinates>-59.449072,-34.444563 -59.449912,-34.444304 -59.449803,-34.443992 -59.448963,-34.444251 -59.449072,-34.444563</coordinates></LinearRing></outerBoundaryIs></Polygon></Placemark>
<Placemark><name>MALDONADO TESTAMENTARIA</name><styleUrl>#s</styleUrl><ExtendedData><Data name="propietar"><value>MALDONADO TESTAMENTARIA</value></Data><Data name="ocupacion"><value>BALDIO</value></Data><Data name="m2"><value>1803</value></Data></ExtendedData><Polygon><outerBoundaryIs><LinearRing><coordinates>-59.445083,-34.444023 -59.444961,-34.443662 -59.444513,-34.443801 -59.444632,-34.444155 -59.445083,-34.444023</coordinates></LinearRing></outerBoundaryIs></Polygon></Placemark>
<Placemark><name>RODRIGUEZ, M. D. DE</name><styleUrl>#s</styleUrl><ExtendedData><Data name="propietar"><value>RODRIGUEZ, M. D. DE</value></Data><Data name="ocupacion"><value>ALAMBRADO</value></Data><Data name="m2"><value>3330</value></Data></ExtendedData><Polygon><outerBoundaryIs><LinearRing><coordinates>-59.443361,-34.443604 -59.444214,-34.443375 -59.444100,-34.443043 -59.444068,-34.443028 -59.443272,-34.443247 -59.443251,-34.443279 -59.443361,-34.443604</coordinates></LinearRing></outerBoundaryIs></Polygon></Placemark>
<Placemark><name>GOMEZ, M.</name><styleUrl>#s</styleUrl><ExtendedData><Data name="propietar"><value>GOMEZ, M.</value></Data><Data name="ocupacion"><value>ALAMBRADO</value></Data><Data name="m2"><value>1774</value></Data></ExtendedData><Polygon><outerBoundaryIs><LinearRing><coordinates>-59.441843,-34.444090 -59.442288,-34.443958 -59.442162,-34.443609 -59.441707,-34.443743 -59.441843,-34.444090</coordinates></LinearRing></outerBoundaryIs></Polygon></Placemark>
<Placemark><name>FELIPE, J.</name><styleUrl>#s</styleUrl><ExtendedData><Data name="propietar"><value>FELIPE, J.</value></Data><Data name="ocupacion"><value>ALAMBRADO</value></Data><Data name="m2"><value>942</value></Data></ExtendedData><Polygon><outerBoundaryIs><LinearRing><coordinates>-59.441914,-34.444272 -59.441989,-34.444463 -59.442423,-34.444329 -59.442355,-34.444141 -59.441914,-34.444272</coordinates></LinearRing></outerBoundaryIs></Polygon></Placemark>
<Placemark><name>RAMIREZ, R.</name><styleUrl>#s</styleUrl><ExtendedData><Data name="propietar"><value>RAMIREZ, R.</value></Data><Data name="ocupacion"><value>BALDIO</value></Data><Data name="m2"><value>1751</value></Data></ExtendedData><Polygon><outerBoundaryIs><LinearRing><coordinates>-59.441392,-34.444223 -59.441843,-34.444090 -59.441707,-34.443743 -59.441270,-34.443872 -59.441392,-34.444223</coordinates></LinearRing></outerBoundaryIs></Polygon></Placemark>
<Placemark><name>MARIN, S.</name><styleUrl>#s</styleUrl><ExtendedData><Data name="propietar"><value>MARIN, S.</value></Data><Data name="ocupacion"><value>BALDIO</value></Data><Data name="m2"><value>1650</value></Data></ExtendedData><Polygon><outerBoundaryIs><LinearRing><coordinates>-59.443145,-34.444629 -59.443551,-34.444507 -59.443419,-34.444165 -59.443379,-34.444152 -59.443018,-34.444264 -59.443145,-34.444629</coordinates></LinearRing></outerBoundaryIs></Polygon></Placemark>
<Placemark><name>MONSALVO, F.</name><styleUrl>#s</styleUrl><ExtendedData><Data name="propietar"><value>MONSALVO, F.</value></Data><Data name="ocupacion"><value>BALDIO</value></Data><Data name="m2"><value>616</value></Data></ExtendedData><Polygon><outerBoundaryIs><LinearRing><coordinates>-59.443191,-34.444763 -59.443602,-34.444640 -59.443551,-34.444507 -59.443145,-34.444629 -59.443191,-34.444763</coordinates></LinearRing></outerBoundaryIs></Polygon></Placemark>
<Placemark><name>SILVA, A.</name><styleUrl>#s</styleUrl><ExtendedData><Data name="propietar"><value>SILVA, A.</value></Data><Data name="ocupacion"><value>MURO</value></Data><Data name="m2"><value>1040</value></Data></ExtendedData><Polygon><outerBoundaryIs><LinearRing><coordinates>-59.443191,-34.444763 -59.443268,-34.444987 -59.443537,-34.444899 -59.443697,-34.444855 -59.443602,-34.444640 -59.443191,-34.444763</coordinates></LinearRing></outerBoundaryIs></Polygon></Placemark>
<Placemark><name>FRIAS, E.</name><styleUrl>#s</styleUrl><ExtendedData><Data name="propietar"><value>FRIAS, E.</value></Data><Data name="ocupacion"><value>BALDIO</value></Data><Data name="m2"><value>1722</value></Data></ExtendedData><Polygon><outerBoundaryIs><LinearRing><coordinates>-59.442850,-34.445123 -59.443268,-34.444987 -59.443145,-34.444629 -59.442721,-34.444756 -59.442850,-34.445123</coordinates></LinearRing></outerBoundaryIs></Polygon></Placemark>
<Placemark><name>FIGUEROA, B.</name><styleUrl>#s</styleUrl><ExtendedData><Data name="propietar"><value>FIGUEROA, B.</value></Data><Data name="ocupacion"><value>MURO</value></Data><Data name="m2"><value>1655</value></Data></ExtendedData><Polygon><outerBoundaryIs><LinearRing><coordinates>-59.445755,-34.442907 -59.445881,-34.443258 -59.446296,-34.443129 -59.446175,-34.442779 -59.445755,-34.442907</coordinates></LinearRing></outerBoundaryIs></Polygon></Placemark>
<Placemark><name>SILVA, A.</name><styleUrl>#s</styleUrl><ExtendedData><Data name="propietar"><value>SILVA, A.</value></Data><Data name="ocupacion"><value>MURO</value></Data><Data name="m2"><value>1711</value></Data></ExtendedData><Polygon><outerBoundaryIs><LinearRing><coordinates>-59.445881,-34.443258 -59.445755,-34.442907 -59.445322,-34.443040 -59.445454,-34.443390 -59.445881,-34.443258</coordinates></LinearRing></outerBoundaryIs></Polygon></Placemark>
<Placemark><name>OTAROLA, L.</name><styleUrl>#s</styleUrl><ExtendedData><Data name="propietar"><value>OTAROLA, L.</value></Data><Data name="ocupacion"><value>ALAMBRADO</value></Data><Data name="m2"><value>8977</value></Data></ExtendedData><Polygon><outerBoundaryIs><LinearRing><coordinates>-59.444068,-34.439455 -59.444892,-34.439052 -59.444571,-34.438111 -59.443768,-34.438556 -59.444068,-34.439455</coordinates></LinearRing></outerBoundaryIs></Polygon></Placemark>
<Placemark><name>LARROSA, P. M. DE</name><styleUrl>#s</styleUrl><ExtendedData><Data name="propietar"><value>LARROSA, P. M. DE</value></Data><Data name="ocupacion"><value>ALAMBRADO</value></Data><Data name="m2"><value>2164</value></Data></ExtendedData><Polygon><outerBoundaryIs><LinearRing><coordinates>-59.444817,-34.440335 -59.445288,-34.440211 -59.445135,-34.439764 -59.444682,-34.439964 -59.444817,-34.440335</coordinates></LinearRing></outerBoundaryIs></Polygon></Placemark>
<Placemark><name>CASTAÑERA TESTAMENTARIA</name><styleUrl>#s</styleUrl><ExtendedData><Data name="propietar"><value>CASTAÑERA TESTAMENTARIA</value></Data><Data name="ocupacion"><value>ALAMBRADO</value></Data><Data name="m2"><value>3742</value></Data></ExtendedData><Polygon><outerBoundaryIs><LinearRing><coordinates>-59.444817,-34.440335 -59.444402,-34.440457 -59.444537,-34.440862 -59.445405,-34.440557 -59.445288,-34.440211 -59.444817,-34.440335</coordinates></LinearRing></outerBoundaryIs></Polygon></Placemark>
<Placemark><name>MARTIN, P.</name><styleUrl>#s</styleUrl><ExtendedData><Data name="propietar"><value>MARTIN, P.</value></Data><Data name="ocupacion"><value>BALDIO</value></Data><Data name="m2"><value>2194</value></Data></ExtendedData><Polygon><outerBoundaryIs><LinearRing><coordinates>-59.445483,-34.440219 -59.445579,-34.440492 -59.446306,-34.440249 -59.446210,-34.439992 -59.445483,-34.440219</coordinates></LinearRing></outerBoundaryIs></Polygon></Placemark>
<Placemark><name>ROLDAN, C. TESTAMENTARIA</name><styleUrl>#s</styleUrl><ExtendedData><Data name="propietar"><value>ROLDAN, C. TESTAMENTARIA</value></Data><Data name="ocupacion"><value>BALDIO</value></Data><Data name="m2"><value>2679</value></Data></ExtendedData><Polygon><outerBoundaryIs><LinearRing><coordinates>-59.445848,-34.440105 -59.445588,-34.439447 -59.445244,-34.439538 -59.445483,-34.440219 -59.445848,-34.440105</coordinates></LinearRing></outerBoundaryIs></Polygon></Placemark>
<Placemark><name>MARMOL, A. TESTAMENTARIA</name><styleUrl>#s</styleUrl><ExtendedData><Data name="propietar"><value>MARMOL, A. TESTAMENTARIA</value></Data><Data name="ocupacion"><value>CERCO</value></Data><Data name="m2"><value>2748</value></Data></ExtendedData><Polygon><outerBoundaryIs><LinearRing><coordinates>-59.445588,-34.439447 -59.445848,-34.440105 -59.446210,-34.439992 -59.445971,-34.439347 -59.445588,-34.439447</coordinates></LinearRing></outerBoundaryIs></Polygon></Placemark>
<Placemark><name>LARROSA, P. M.</name><styleUrl>#s</styleUrl><ExtendedData><Data name="propietar"><value>LARROSA, P. M.</value></Data><Data name="ocupacion"><value>BALDIO</value></Data><Data name="m2"><value>3453</value></Data></ExtendedData><Polygon><outerBoundaryIs><LinearRing><coordinates>-59.444873,-34.438483 -59.445587,-34.438312 -59.445418,-34.437854 -59.444725,-34.438061 -59.444873,-34.438483</coordinates></LinearRing></outerBoundaryIs></Polygon></Placemark>
<Placemark><name>SARES, F. TESTAMENTARIA</name><styleUrl>#s</styleUrl><ExtendedData><Data name="propietar"><value>SARES, F. TESTAMENTARIA</value></Data><Data name="ocupacion"><value>CERCO</value></Data><Data name="m2"><value>1654</value></Data></ExtendedData><Polygon><outerBoundaryIs><LinearRing><coordinates>-59.445399,-34.438756 -59.445284,-34.438384 -59.444873,-34.438483 -59.445004,-34.438856 -59.445399,-34.438756</coordinates></LinearRing></outerBoundaryIs></Polygon></Placemark>
<Placemark><name>SARATI, M.</name><styleUrl>#s</styleUrl><ExtendedData><Data name="propietar"><value>SARATI, M.</value></Data><Data name="ocupacion"><value>BALDIO</value></Data><Data name="m2"><value>3509</value></Data></ExtendedData><Polygon><outerBoundaryIs><LinearRing><coordinates>-59.446302,-34.439825 -59.447150,-34.439559 -59.447022,-34.439195 -59.446166,-34.439464 -59.446302,-34.439825</coordinates></LinearRing></outerBoundaryIs></Polygon></Placemark>
<Placemark><name>CHAIRA, F.</name><styleUrl>#s</styleUrl><ExtendedData><Data name="propietar"><value>CHAIRA, F.</value></Data><Data name="ocupacion"><value>MURO</value></Data><Data name="m2"><value>1815</value></Data></ExtendedData><Polygon><outerBoundaryIs><LinearRing><coordinates>-59.446722,-34.439693 -59.446869,-34.440071 -59.447283,-34.439938 -59.447150,-34.439559 -59.446722,-34.439693</coordinates></LinearRing></outerBoundaryIs></Polygon></Placemark>
<Placemark><name>GONZALEZ, S.</name><styleUrl>#s</styleUrl><ExtendedData><Data name="propietar"><value>GONZALEZ, S.</value></Data><Data name="ocupacion"><value>MURO</value></Data><Data name="m2"><value>1672</value></Data></ExtendedData><Polygon><outerBoundaryIs><LinearRing><coordinates>-59.446611,-34.440674 -59.447022,-34.440544 -59.446885,-34.440184 -59.446482,-34.440313 -59.446611,-34.440674</coordinates></LinearRing></outerBoundaryIs></Polygon></Placemark>
<Placemark><name>RUVELLE, P.</name><styleUrl>#s</styleUrl><ExtendedData><Data name="propietar"><value>RUVELLE, P.</value></Data><Data name="ocupacion"><value>MURO</value></Data><Data name="m2"><value>1727</value></Data></ExtendedData><Polygon><outerBoundaryIs><LinearRing><coordinates>-59.446611,-34.440674 -59.446742,-34.441044 -59.447159,-34.440905 -59.447022,-34.440544 -59.446611,-34.440674</coordinates></LinearRing></outerBoundaryIs></Polygon></Placemark>
<Placemark><name>PUEBLA</name><styleUrl>#s</styleUrl><ExtendedData><Data name="propietar"><value>PUEBLA</value></Data><Data name="ocupacion"><value>MURO</value></Data><Data name="m2"><value>1758</value></Data></ExtendedData><Polygon><outerBoundaryIs><LinearRing><coordinates>-59.447022,-34.440544 -59.447159,-34.440905 -59.447585,-34.440762 -59.447452,-34.440407 -59.447022,-34.440544</coordinates></LinearRing></outerBoundaryIs></Polygon></Placemark>
<Placemark><name>OLIVERA, H.</name><styleUrl>#s</styleUrl><ExtendedData><Data name="propietar"><value>OLIVERA, H.</value></Data><Data name="ocupacion"><value>BALDIO</value></Data><Data name="m2"><value>3283</value></Data></ExtendedData><Polygon><outerBoundaryIs><LinearRing><coordinates>-59.447597,-34.440360 -59.447710,-34.440688 -59.447737,-34.440699 -59.448527,-34.440453 -59.448545,-34.440428 -59.448430,-34.440094 -59.447597,-34.440360</coordinates></LinearRing></outerBoundaryIs></Polygon></Placemark>
<Placemark><name>CORREA, S.</name><styleUrl>#s</styleUrl><ExtendedData><Data name="propietar"><value>CORREA, S.</value></Data><Data name="ocupacion"><value>MURO</value></Data><Data name="m2"><value>1528</value></Data></ExtendedData><Polygon><outerBoundaryIs><LinearRing><coordinates>-59.446087,-34.440834 -59.446479,-34.440700 -59.446359,-34.440357 -59.445975,-34.440484 -59.446087,-34.440834</coordinates></LinearRing></outerBoundaryIs></Polygon></Placemark>
<Placemark><name>MANUEL, EUGENIO</name><styleUrl>#s</styleUrl><ExtendedData><Data name="propietar"><value>MANUEL, EUGENIO</value></Data><Data name="ocupacion"><value>ALAMBRADO</value></Data><Data name="m2"><value>1162</value></Data></ExtendedData><Polygon><outerBoundaryIs><LinearRing><coordinates>-59.446127,-34.440957 -59.446211,-34.441218 -59.446590,-34.441093 -59.446607,-34.441066 -59.446525,-34.440831 -59.446127,-34.440957</coordinates></LinearRing></outerBoundaryIs></Polygon></Placemark>
<Placemark><name>CUCULLU, S.</name><styleUrl>#s</styleUrl><ExtendedData><Data name="propietar"><value>CUCULLU, S.</value></Data><Data name="ocupacion"><value>MURO</value></Data><Data name="m2"><value>1580</value></Data></ExtendedData><Polygon><outerBoundaryIs><LinearRing><coordinates>-59.445691,-34.440970 -59.446087,-34.440834 -59.445975,-34.440484 -59.445596,-34.440609 -59.445581,-34.440635 -59.445691,-34.440970</coordinates></LinearRing></outerBoundaryIs></Polygon></Placemark>
<Placemark><name>IGLESIA</name><styleUrl>#s</styleUrl><ExtendedData><Data name="propietar"><value>IGLESIA</value></Data><Data name="ocupacion"><value>IGLESIA</value></Data><Data name="m2"><value>1481</value></Data></ExtendedData><Polygon><outerBoundaryIs><LinearRing><coordinates>-59.447977,-34.443100 -59.448367,-34.442981 -59.448246,-34.442642 -59.447863,-34.442761 -59.447977,-34.443100</coordinates></LinearRing></outerBoundaryIs></Polygon></Placemark>
<Placemark><name>PELAEZ, F.</name><styleUrl>#s</styleUrl><ExtendedData><Data name="propietar"><value>PELAEZ, F.</value></Data><Data name="ocupacion"><value>MURO</value></Data><Data name="m2"><value>1073</value></Data></ExtendedData><Polygon><outerBoundaryIs><LinearRing><coordinates>-59.448019,-34.443224 -59.448101,-34.443468 -59.448498,-34.443346 -59.448413,-34.443109 -59.448019,-34.443224</coordinates></LinearRing></outerBoundaryIs></Polygon></Placemark>
<Placemark><name>LACOUR, R.</name><styleUrl>#s</styleUrl><ExtendedData><Data name="propietar"><value>LACOUR, R.</value></Data><Data name="ocupacion"><value>MURO</value></Data><Data name="m2"><value>1653</value></Data></ExtendedData><Polygon><outerBoundaryIs><LinearRing><coordinates>-59.447542,-34.443233 -59.447977,-34.443100 -59.447863,-34.442761 -59.447428,-34.442896 -59.447542,-34.443233</coordinates></LinearRing></outerBoundaryIs></Polygon></Placemark>
<Placemark><name>AGUIRRE, M. TESTAMENTARIA</name><styleUrl>#s</styleUrl><ExtendedData><Data name="propietar"><value>AGUIRRE, M. TESTAMENTARIA</value></Data><Data name="ocupacion"><value>CERCO</value></Data><Data name="m2"><value>1697</value></Data></ExtendedData><Polygon><outerBoundaryIs><LinearRing><coordinates>-59.449767,-34.443479 -59.450186,-34.443355 -59.450061,-34.442990 -59.449644,-34.443122 -59.449767,-34.443479</coordinates></LinearRing></outerBoundaryIs></Polygon></Placemark>
<Placemark><name>ESQUIVEL, Z.</name><styleUrl>#s</styleUrl><ExtendedData><Data name="propietar"><value>ESQUIVEL, Z.</value></Data><Data name="ocupacion"><value>BALDIO</value></Data><Data name="m2"><value>1729</value></Data></ExtendedData><Polygon><outerBoundaryIs><LinearRing><coordinates>-59.449767,-34.443479 -59.449894,-34.443849 -59.450311,-34.443719 -59.450186,-34.443355 -59.449767,-34.443479</coordinates></LinearRing></outerBoundaryIs></Polygon></Placemark>
<Placemark><name>ESCOBAR, D. TESTAMENTARIA</name><styleUrl>#s</styleUrl><ExtendedData><Data name="propietar"><value>ESCOBAR, D. TESTAMENTARIA</value></Data><Data name="ocupacion"><value>BALDIO</value></Data><Data name="m2"><value>1716</value></Data></ExtendedData><Polygon><outerBoundaryIs><LinearRing><coordinates>-59.450186,-34.443355 -59.450311,-34.443719 -59.450730,-34.443590 -59.450609,-34.443229 -59.450186,-34.443355</coordinates></LinearRing></outerBoundaryIs></Polygon></Placemark>
<Placemark><name>TOBARI, J.</name><styleUrl>#s</styleUrl><ExtendedData><Data name="propietar"><value>TOBARI, J.</value></Data><Data name="ocupacion"><value>ALAMBRADO</value></Data><Data name="m2"><value>1784</value></Data></ExtendedData><Polygon><outerBoundaryIs><LinearRing><coordinates>-59.451270,-34.443419 -59.451687,-34.443292 -59.451552,-34.442910 -59.451141,-34.443035 -59.451270,-34.443419</coordinates></LinearRing></outerBoundaryIs></Polygon></Placemark>
<Placemark><name>ESQUIVEL, C.</name><styleUrl>#s</styleUrl><ExtendedData><Data name="propietar"><value>ESQUIVEL, C.</value></Data><Data name="ocupacion"><value>ALAMBRADO</value></Data><Data name="m2"><value>3617</value></Data></ExtendedData><Polygon><outerBoundaryIs><LinearRing><coordinates>-59.451699,-34.442866 -59.451827,-34.443238 -59.452694,-34.442967 -59.452566,-34.442600 -59.451699,-34.442866</coordinates></LinearRing></outerBoundaryIs></Polygon></Placemark>
<Placemark><name>SFORZA, V.</name><styleUrl>#s</styleUrl><ExtendedData><Data name="propietar"><value>SFORZA, V.</value></Data><Data name="ocupacion"><value>ALAMBRADO</value></Data><Data name="m2"><value>1552</value></Data></ExtendedData><Polygon><outerBoundaryIs><LinearRing><coordinates>-59.451968,-34.443705 -59.452381,-34.443583 -59.452244,-34.443242 -59.451876,-34.443357 -59.451860,-34.443388 -59.451968,-34.443705</coordinates></LinearRing></outerBoundaryIs></Polygon></Placemark>
<Placemark><name>RIVAROLA, S.</name><styleUrl>#s</styleUrl><ExtendedData><Data name="propietar"><value>RIVAROLA, S.</value></Data><Data name="ocupacion"><value>BALDIO</value></Data><Data name="m2"><value>1621</value></Data></ExtendedData><Polygon><outerBoundaryIs><LinearRing><coordinates>-59.451295,-34.443532 -59.451420,-34.443874 -59.451837,-34.443738 -59.451727,-34.443425 -59.451689,-34.443408 -59.451295,-34.443532</coordinates></LinearRing></outerBoundaryIs></Polygon></Placemark>
<Placemark><name>ROMERO, J. B. TESTAMENTARIA</name><styleUrl>#s</styleUrl><ExtendedData><Data name="propietar"><value>ROMERO, J. B. TESTAMENTARIA</value></Data><Data name="ocupacion"><value>CERCO</value></Data><Data name="m2"><value>3229</value></Data></ExtendedData><Polygon><outerBoundaryIs><LinearRing><coordinates>-59.450734,-34.441863 -59.450997,-34.442566 -59.451392,-34.442442 -59.451144,-34.441732 -59.450734,-34.441863</coordinates></LinearRing></outerBoundaryIs></Polygon></Placemark>
<Placemark><name>ROMERO, F.</name><styleUrl>#s</styleUrl><ExtendedData><Data name="propietar"><value>ROMERO, F.</value></Data><Data name="ocupacion"><value>MURO</value></Data><Data name="m2"><value>1639</value></Data></ExtendedData><Polygon><outerBoundaryIs><LinearRing><coordinates>-59.450453,-34.442344 -59.450866,-34.442216 -59.450734,-34.441863 -59.450343,-34.441989 -59.450334,-34.442018 -59.450453,-34.442344</coordinates></LinearRing></outerBoundaryIs></Polygon></Placemark>
<Placemark><name>CASAS, M. TESTAMENTARIA</name><styleUrl>#s</styleUrl><ExtendedData><Data name="propietar"><value>CASAS, M. TESTAMENTARIA</value></Data><Data name="ocupacion"><value>ALAMBRADO</value></Data><Data name="m2"><value>2078</value></Data></ExtendedData><Polygon><outerBoundaryIs><LinearRing><coordinates>-59.445580,-34.442423 -59.445953,-34.442314 -59.445984,-34.442276 -59.445848,-34.441860 -59.445416,-34.441988 -59.445580,-34.442423</coordinates></LinearRing></outerBoundaryIs></Polygon></Placemark>
<Placemark><name>VELOZ, P. P.</name><styleUrl>#s</styleUrl><ExtendedData><Data name="propietar"><value>VELOZ, P. P.</value></Data><Data name="ocupacion"><value>CERCO</value></Data><Data name="m2"><value>1118</value></Data></ExtendedData><Polygon><outerBoundaryIs><LinearRing><coordinates>-59.444131,-34.441402 -59.444529,-34.441288 -59.444434,-34.441030 -59.444041,-34.441163 -59.444131,-34.441402</coordinates></LinearRing></outerBoundaryIs></Polygon></Placemark>
<Placemark><name>BULACIO, L</name><styleUrl>#s</styleUrl><ExtendedData><Data name="propietar"><value>BULACIO, L</value></Data><Data name="ocupacion"><value>ALAMBRADO</value></Data><Data name="m2"><value>1628</value></Data></ExtendedData><Polygon><outerBoundaryIs><LinearRing><coordinates>-59.442897,-34.441011 -59.442773,-34.440665 -59.442359,-34.440808 -59.442479,-34.441148 -59.442897,-34.441011</coordinates></LinearRing></outerBoundaryIs></Polygon></Placemark>
<Placemark><name>QUINTEROS, V.</name><styleUrl>#s</styleUrl><ExtendedData><Data name="propietar"><value>QUINTEROS, V.</value></Data><Data name="ocupacion"><value>CERCO</value></Data><Data name="m2"><value>1651</value></Data></ExtendedData><Polygon><outerBoundaryIs><LinearRing><coordinates>-59.442773,-34.440665 -59.442897,-34.441011 -59.443307,-34.440877 -59.443191,-34.440522 -59.442773,-34.440665</coordinates></LinearRing></outerBoundaryIs></Polygon></Placemark>
<Placemark><name>ROLDAN, M.</name><styleUrl>#s</styleUrl><ExtendedData><Data name="propietar"><value>ROLDAN, M.</value></Data><Data name="ocupacion"><value>ALAMBRADO</value></Data><Data name="m2"><value>1719</value></Data></ExtendedData><Polygon><outerBoundaryIs><LinearRing><coordinates>-59.442897,-34.441011 -59.443031,-34.441388 -59.443429,-34.441247 -59.443307,-34.440877 -59.442897,-34.441011</coordinates></LinearRing></outerBoundaryIs></Polygon></Placemark>
<Placemark><name>CORREA, L.</name><styleUrl>#s</styleUrl><ExtendedData><Data name="propietar"><value>CORREA, L.</value></Data><Data name="ocupacion"><value>ALAMBRADO</value></Data><Data name="m2"><value>4280</value></Data></ExtendedData><Polygon><outerBoundaryIs><LinearRing><coordinates>-59.443183,-34.440070 -59.444030,-34.439798 -59.443881,-34.439347 -59.443019,-34.439642 -59.443183,-34.440070</coordinates></LinearRing></outerBoundaryIs></Polygon></Placemark>
<Placemark><name>FARIÑA, L. V.</name><styleUrl>#s</styleUrl><ExtendedData><Data name="propietar"><value>FARIÑA, L. V.</value></Data><Data name="ocupacion"><value>ALAMBRADO</value></Data><Data name="m2"><value>1860</value></Data></ExtendedData><Polygon><outerBoundaryIs><LinearRing><coordinates>-59.443996,-34.441052 -59.443835,-34.440663 -59.443441,-34.440784 -59.443579,-34.441197 -59.443996,-34.441052</coordinates></LinearRing></outerBoundaryIs></Polygon></Placemark>
<Placemark><name>VELOZ, A.</name><styleUrl>#s</styleUrl><ExtendedData><Data name="propietar"><value>VELOZ, A.</value></Data><Data name="ocupacion"><value>ALAMBRADO</value></Data><Data name="m2"><value>1853</value></Data></ExtendedData><Polygon><outerBoundaryIs><LinearRing><coordinates>-59.443835,-34.440663 -59.443996,-34.441052 -59.444397,-34.440911 -59.444274,-34.440528 -59.443835,-34.440663</coordinates></LinearRing></outerBoundaryIs></Polygon></Placemark>
<Placemark><name>MARMOL M.</name><styleUrl>#s</styleUrl><ExtendedData><Data name="propietar"><value>MARMOL M.</value></Data><Data name="ocupacion"><value>CERCO</value></Data><Data name="m2"><value>3282</value></Data></ExtendedData><Polygon><outerBoundaryIs><LinearRing><coordinates>-59.445998,-34.438987 -59.446863,-34.438728 -59.446743,-34.438399 -59.446712,-34.438388 -59.445889,-34.438663 -59.445879,-34.438683 -59.445998,-34.438987</coordinates></LinearRing></outerBoundaryIs></Polygon></Placemark>
<Placemark><name>GOMEZ, J.</name><styleUrl>#s</styleUrl><ExtendedData><Data name="propietar"><value>GOMEZ, J.</value></Data><Data name="ocupacion"><value>BALDIO</value></Data><Data name="m2"><value>1078</value></Data></ExtendedData><Polygon><outerBoundaryIs><LinearRing><coordinates>-59.444691,-34.443613 -59.444559,-34.443213 -59.444314,-34.443277 -59.444447,-34.443663 -59.444477,-34.443675 -59.444691,-34.443613</coordinates></LinearRing></outerBoundaryIs></Polygon></Placemark>
<Placemark><name>JUZGADO DE PAZ</name><styleUrl>#s</styleUrl><ExtendedData><Data name="propietar"><value>JUZGADO DE PAZ</value></Data><Data name="ocupacion"><value>MURO</value></Data><Data name="m2"><value>754</value></Data></ExtendedData><Polygon><outerBoundaryIs><LinearRing><coordinates>-59.448179,-34.441957 -59.448577,-34.441839 -59.448519,-34.441666 -59.448158,-34.441778 -59.448135,-34.441832 -59.448179,-34.441957</coordinates></LinearRing></outerBoundaryIs></Polygon></Placemark>
<Placemark><name>POLERO, J.</name><styleUrl>#s</styleUrl><ExtendedData><Data name="propietar"><value>POLERO, J.</value></Data><Data name="ocupacion"><value>MURO</value></Data><Data name="m2"><value>877</value></Data></ExtendedData><Polygon><outerBoundaryIs><LinearRing><coordinates>-59.448308,-34.442322 -59.448697,-34.442200 -59.448632,-34.442006 -59.448236,-34.442118 -59.448308,-34.442322</coordinates></LinearRing></outerBoundaryIs></Polygon></Placemark>
<Placemark><name>ARATA, J.</name><styleUrl>#s</styleUrl><ExtendedData><Data name="propietar"><value>ARATA, J.</value></Data><Data name="ocupacion"><value>MURO</value></Data><Data name="m2"><value>1621</value></Data></ExtendedData><Polygon><outerBoundaryIs><LinearRing><coordinates>-59.448632,-34.442006 -59.449061,-34.441883 -59.448942,-34.441560 -59.448905,-34.441547 -59.448519,-34.441666 -59.448632,-34.442006</coordinates></LinearRing></outerBoundaryIs></Polygon></Placemark>
<Placemark><name>BILCHE, J.</name><styleUrl>#s</styleUrl><ExtendedData><Data name="propietar"><value>BILCHE, J.</value></Data><Data name="ocupacion"><value>ALAMBRADO</value></Data><Data name="m2"><value>1583</value></Data></ExtendedData><Polygon><outerBoundaryIs><LinearRing><coordinates>-59.445147,-34.441146 -59.445563,-34.441012 -59.445448,-34.440674 -59.445028,-34.440819 -59.445147,-34.441146</coordinates></LinearRing></outerBoundaryIs></Polygon></Placemark>
<Placemark><name>QUINTEROS, A. V. DE</name><styleUrl>#s</styleUrl><ExtendedData><Data name="propietar"><value>QUINTEROS, A. V. DE</value></Data><Data name="ocupacion"><value>MURO</value></Data><Data name="m2"><value>1762</value></Data></ExtendedData><Polygon><outerBoundaryIs><LinearRing><coordinates>-59.445147,-34.441146 -59.445287,-34.441528 -59.445689,-34.441385 -59.445563,-34.441012 -59.445147,-34.441146</coordinates></LinearRing></outerBoundaryIs></Polygon></Placemark>
<Placemark><name>RAMIREZ, P.</name><styleUrl>#s</styleUrl><ExtendedData><Data name="propietar"><value>RAMIREZ, P.</value></Data><Data name="ocupacion"><value>ALAMBRADO</value></Data><Data name="m2"><value>3294</value></Data></ExtendedData><Polygon><outerBoundaryIs><LinearRing><coordinates>-59.449548,-34.439721 -59.449656,-34.440055 -59.449682,-34.440067 -59.450460,-34.439823 -59.450482,-34.439788 -59.450366,-34.439455 -59.449548,-34.439721</coordinates></LinearRing></outerBoundaryIs></Polygon></Placemark>
<Placemark><name>ORMACHEA,TESTAMENTARIA</name><styleUrl>#s</styleUrl><ExtendedData><Data name="propietar"><value>ORMACHEA,TESTAMENTARIA</value></Data><Data name="ocupacion"><value>BALDIO</value></Data><Data name="m2"><value>2893</value></Data></ExtendedData><Polygon><outerBoundaryIs><LinearRing><coordinates>-59.449515,-34.441338 -59.449758,-34.442044 -59.450124,-34.441928 -59.449875,-34.441226 -59.449515,-34.441338</coordinates></LinearRing></outerBoundaryIs></Polygon></Placemark>
<Placemark><name>FERNANDEZ, D.</name><styleUrl>#s</styleUrl><ExtendedData><Data name="propietar"><value>FERNANDEZ, D.</value></Data><Data name="ocupacion"><value>ALAMBRADO</value></Data><Data name="m2"><value>1097</value></Data></ExtendedData><Polygon><outerBoundaryIs><LinearRing><coordinates>-59.449209,-34.441990 -59.449276,-34.442176 -59.449309,-34.442187 -59.449758,-34.442044 -59.449689,-34.441843 -59.449209,-34.441990</coordinates></LinearRing></outerBoundaryIs></Polygon></Placemark>
<Placemark><name>DUBERTI, F.</name><styleUrl>#s</styleUrl><ExtendedData><Data name="propietar"><value>DUBERTI, F.</value></Data><Data name="ocupacion"><value>MURO</value></Data><Data name="m2"><value>3349</value></Data></ExtendedData><Polygon><outerBoundaryIs><LinearRing><coordinates>-59.448916,-34.441031 -59.449038,-34.441362 -59.449074,-34.441378 -59.449867,-34.441117 -59.449893,-34.441082 -59.449781,-34.440774 -59.448916,-34.441031</coordinates></LinearRing></outerBoundaryIs></Polygon></Placemark>
<Placemark><name>MONSALVO, A. O. DE</name><styleUrl>#s</styleUrl><ExtendedData><Data name="propietar"><value>MONSALVO, A. O. DE</value></Data><Data name="ocupacion"><value>MURO</value></Data><Data name="m2"><value>2939</value></Data></ExtendedData><Polygon><outerBoundaryIs><LinearRing><coordinates>-59.449898,-34.440735 -59.449997,-34.441022 -59.450037,-34.441036 -59.450832,-34.440801 -59.450720,-34.440477 -59.449898,-34.440735</coordinates></LinearRing></outerBoundaryIs></Polygon></Placemark>
<Placemark><name>VILLAGRA, M.</name><styleUrl>#s</styleUrl><ExtendedData><Data name="propietar"><value>VILLAGRA, M.</value></Data><Data name="ocupacion"><value>ALAMBRADO</value></Data><Data name="m2"><value>1706</value></Data></ExtendedData><Polygon><outerBoundaryIs><LinearRing><coordinates>-59.449769,-34.440362 -59.450596,-34.440119 -59.450531,-34.439933 -59.449707,-34.440181 -59.449769,-34.440362</coordinates></LinearRing></outerBoundaryIs></Polygon></Placemark>
<Placemark><name>LOPEZ, T. TESTAMENTARIA</name><styleUrl>#s</styleUrl><ExtendedData><Data name="propietar"><value>LOPEZ, T. TESTAMENTARIA</value></Data><Data name="ocupacion"><value>MURO</value></Data><Data name="m2"><value>847</value></Data></ExtendedData><Polygon><outerBoundaryIs><LinearRing><coordinates>-59.445829,-34.443777 -59.445695,-34.443422 -59.445519,-34.443472 -59.445496,-34.443509 -59.445607,-34.443833 -59.445829,-34.443777</coordinates></LinearRing></outerBoundaryIs></Polygon></Placemark>
<Placemark><name>RODRIGUEZ, M. D. DE TESTAMENTARIA</name><styleUrl>#s</styleUrl><ExtendedData><Data name="propietar"><value>RODRIGUEZ, M. D. DE TESTAMENTARIA</value></Data><Data name="ocupacion"><value>MURO</value></Data><Data name="m2"><value>1701</value></Data></ExtendedData><Polygon><outerBoundaryIs><LinearRing><coordinates>-59.445607,-34.443833 -59.445725,-34.444179 -59.445775,-34.444196 -59.446151,-34.444083 -59.446027,-34.443726 -59.445607,-34.443833</coordinates></LinearRing></outerBoundaryIs></Polygon></Placemark>
<Placemark><name>LUCERO, C. TESTAMENTARIA</name><styleUrl>#s</styleUrl><ExtendedData><Data name="propietar"><value>LUCERO, C. TESTAMENTARIA</value></Data><Data name="ocupacion"><value>MURO</value></Data><Data name="m2"><value>1688</value></Data></ExtendedData><Polygon><outerBoundaryIs><LinearRing><coordinates>-59.446027,-34.443726 -59.446151,-34.444083 -59.446546,-34.443965 -59.446571,-34.443923 -59.446466,-34.443613 -59.446027,-34.443726</coordinates></LinearRing></outerBoundaryIs></Polygon></Placemark>
<Placemark><name>RIVAROLA, I.</name><styleUrl>#s</styleUrl><ExtendedData><Data name="propietar"><value>RIVAROLA, I.</value></Data><Data name="ocupacion"><value>MURO</value></Data><Data name="m2"><value>1135</value></Data></ExtendedData><Polygon><outerBoundaryIs><LinearRing><coordinates>-59.447152,-34.446937 -59.447532,-34.446826 -59.447436,-34.446556 -59.447060,-34.446675 -59.447152,-34.446937</coordinates></LinearRing></outerBoundaryIs></Polygon></Placemark>
<Placemark><name>CUCULLU, I.</name><styleUrl>#s</styleUrl><ExtendedData><Data name="propietar"><value>CUCULLU, I.</value></Data><Data name="ocupacion"><value>MURO</value></Data><Data name="m2"><value>959</value></Data></ExtendedData><Polygon><outerBoundaryIs><LinearRing><coordinates>-59.447233,-34.447169 -59.447608,-34.447042 -59.447532,-34.446826 -59.447152,-34.446937 -59.447233,-34.447169</coordinates></LinearRing></outerBoundaryIs></Polygon></Placemark>
<Placemark><name>ROBELLI, P.</name><styleUrl>#s</styleUrl><ExtendedData><Data name="propietar"><value>ROBELLI, P.</value></Data><Data name="ocupacion"><value>MURO</value></Data><Data name="m2"><value>1042</value></Data></ExtendedData><Polygon><outerBoundaryIs><LinearRing><coordinates>-59.447233,-34.447169 -59.447318,-34.447410 -59.447695,-34.447288 -59.447608,-34.447042 -59.447233,-34.447169</coordinates></LinearRing></outerBoundaryIs></Polygon></Placemark>
<Placemark><name>NAVARRO, E.</name><styleUrl>#s</styleUrl><ExtendedData><Data name="propietar"><value>NAVARRO, E.</value></Data><Data name="ocupacion"><value>BALDIO</value></Data><Data name="m2"><value>1568</value></Data></ExtendedData><Polygon><outerBoundaryIs><LinearRing><coordinates>-59.446759,-34.447248 -59.446865,-34.447557 -59.447318,-34.447410 -59.447211,-34.447106 -59.446759,-34.447248</coordinates></LinearRing></outerBoundaryIs></Polygon></Placemark>
<Placemark><name>QUINTEROS, P.</name><styleUrl>#s</styleUrl><ExtendedData><Data name="propietar"><value>QUINTEROS, P.</value></Data><Data name="ocupacion"><value>MURO</value></Data><Data name="m2"><value>1607</value></Data></ExtendedData><Polygon><outerBoundaryIs><LinearRing><coordinates>-59.446990,-34.446572 -59.447397,-34.446445 -59.447277,-34.446105 -59.446869,-34.446206 -59.446990,-34.446572</coordinates></LinearRing></outerBoundaryIs></Polygon></Placemark>
<Placemark><name>FERREIRA, F.</name><styleUrl>#s</styleUrl><ExtendedData><Data name="propietar"><value>FERREIRA, F.</value></Data><Data name="ocupacion"><value>ALAMBRADO</value></Data><Data name="m2"><value>3169</value></Data></ExtendedData><Polygon><outerBoundaryIs><LinearRing><coordinates>-59.442472,-34.439807 -59.442739,-34.440546 -59.443088,-34.440432 -59.443117,-34.440384 -59.442845,-34.439697 -59.442472,-34.439807</coordinates></LinearRing></outerBoundaryIs></Polygon></Placemark>
<Placemark><name>TROTA V.</name><styleUrl>#s</styleUrl><ExtendedData><Data name="propietar"><value>TROTA V.</value></Data><Data name="ocupacion"><value>MURO</value></Data><Data name="m2"><value>901</value></Data></ExtendedData><Polygon><outerBoundaryIs><LinearRing><coordinates>-59.448029,-34.438569 -59.448440,-34.438442 -59.448370,-34.438247 -59.447953,-34.438384 -59.448029,-34.438569</coordinates></LinearRing></outerBoundaryIs></Polygon></Placemark>
<Placemark><name>GONZALEZ S.</name><styleUrl>#s</styleUrl><ExtendedData><Data name="propietar"><value>GONZALEZ S.</value></Data><Data name="ocupacion"><value>BALDIO</value></Data><Data name="m2"><value>1759</value></Data></ExtendedData><Polygon><outerBoundaryIs><LinearRing><coordinates>-59.448370,-34.438247 -59.448499,-34.438607 -59.448899,-34.438476 -59.448920,-34.438436 -59.448798,-34.438106 -59.448370,-34.438247</coordinates></LinearRing></outerBoundaryIs></Polygon></Placemark>
<Placemark><name>RAMIREZ, V.</name><styleUrl>#s</styleUrl><ExtendedData><Data name="propietar"><value>RAMIREZ, V.</value></Data><Data name="ocupacion"><value>ALAMBRADO</value></Data><Data name="m2"><value>1047</value></Data></ExtendedData><Polygon><outerBoundaryIs><LinearRing><coordinates>-59.448823,-34.439113 -59.448935,-34.439401 -59.449202,-34.439310 -59.449245,-34.439258 -59.449150,-34.439011 -59.448823,-34.439113</coordinates></LinearRing></outerBoundaryIs></Polygon></Placemark>
<Placemark><name>LOPEZ, J. R. DE</name><styleUrl>#s</styleUrl><ExtendedData><Data name="propietar"><value>LOPEZ, J. R. DE</value></Data><Data name="ocupacion"><value>ALAMBRADO</value></Data><Data name="m2"><value>1777</value></Data></ExtendedData><Polygon><outerBoundaryIs><LinearRing><coordinates>-59.448935,-34.439401 -59.448823,-34.439113 -59.448295,-34.439279 -59.448403,-34.439560 -59.448437,-34.439571 -59.448935,-34.439401</coordinates></LinearRing></outerBoundaryIs></Polygon></Placemark>
<Placemark><name>RIVAROLA, F.</name><styleUrl>#s</styleUrl><ExtendedData><Data name="propietar"><value>RIVAROLA, F.</value></Data><Data name="ocupacion"><value>ALAMBRADO</value></Data><Data name="m2"><value>1725</value></Data></ExtendedData><Polygon><outerBoundaryIs><LinearRing><coordinates>-59.447284,-34.439506 -59.447705,-34.439385 -59.447586,-34.439017 -59.447156,-34.439153 -59.447284,-34.439506</coordinates></LinearRing></outerBoundaryIs></Polygon></Placemark>
<Placemark><name>RIVAROLA, F.</name><styleUrl>#s</styleUrl><ExtendedData><Data name="propietar"><value>RIVAROLA, F.</value></Data><Data name="ocupacion"><value>ALAMBRADO</value></Data><Data name="m2"><value>930</value></Data></ExtendedData><Polygon><outerBoundaryIs><LinearRing><coordinates>-59.447347,-34.439679 -59.447422,-34.439886 -59.447825,-34.439756 -59.447761,-34.439559 -59.447347,-34.439679</coordinates></LinearRing></outerBoundaryIs></Polygon></Placemark>
<Placemark><name>MARMOL, M.</name><styleUrl>#s</styleUrl><ExtendedData><Data name="propietar"><value>MARMOL, M.</value></Data><Data name="ocupacion"><value>MURO</value></Data><Data name="m2"><value>1729</value></Data></ExtendedData><Polygon><outerBoundaryIs><LinearRing><coordinates>-59.447705,-34.439385 -59.448127,-34.439263 -59.447993,-34.438889 -59.447586,-34.439017 -59.447705,-34.439385</coordinates></LinearRing></outerBoundaryIs></Polygon></Placemark>
<Placemark><name>QUINTEROS, A. V. DE</name><styleUrl>#s</styleUrl><ExtendedData><Data name="propietar"><value>QUINTEROS, A. V. DE</value></Data><Data name="ocupacion"><value>MURO</value></Data><Data name="m2"><value>1110</value></Data></ExtendedData><Polygon><outerBoundaryIs><LinearRing><coordinates>-59.446357,-34.441551 -59.446270,-34.441312 -59.445875,-34.441436 -59.445858,-34.441463 -59.445927,-34.441670 -59.446357,-34.441551</coordinates></LinearRing></outerBoundaryIs></Polygon></Placemark>
<Placemark><name>CANE, L.</name><styleUrl>#s</styleUrl><ExtendedData><Data name="propietar"><value>CANE, L.</value></Data><Data name="ocupacion"><value>BALDIO</value></Data><Data name="m2"><value>1004</value></Data></ExtendedData><Polygon><outerBoundaryIs><LinearRing><coordinates>-59.446431,-34.441755 -59.446357,-34.441551 -59.445927,-34.441670 -59.445997,-34.441882 -59.446431,-34.441755</coordinates></LinearRing></outerBoundaryIs></Polygon></Placemark>
<Placemark><name>CUCULLU, S.</name><styleUrl>#s</styleUrl><ExtendedData><Data name="propietar"><value>CUCULLU, S.</value></Data><Data name="ocupacion"><value>MURO</value></Data><Data name="m2"><value>1564</value></Data></ExtendedData><Polygon><outerBoundaryIs><LinearRing><coordinates>-59.446431,-34.441755 -59.446570,-34.442116 -59.446910,-34.442018 -59.446938,-34.441972 -59.446818,-34.441642 -59.446431,-34.441755</coordinates></LinearRing></outerBoundaryIs></Polygon></Placemark>
<Placemark><name>AGUIRRE, E.</name><styleUrl>#s</styleUrl><ExtendedData><Data name="propietar"><value>AGUIRRE, E.</value></Data><Data name="ocupacion"><value>CERCO</value></Data><Data name="m2"><value>1735</value></Data></ExtendedData><Polygon><outerBoundaryIs><LinearRing><coordinates>-59.441992,-34.445914 -59.442119,-34.446263 -59.442150,-34.446275 -59.442545,-34.446154 -59.442422,-34.445794 -59.441992,-34.445914</coordinates></LinearRing></outerBoundaryIs></Polygon></Placemark>
<Placemark><name>ORELLANO, M.</name><styleUrl>#s</styleUrl><ExtendedData><Data name="propietar"><value>ORELLANO, M.</value></Data><Data name="ocupacion"><value>ALAMBRADO</value></Data><Data name="m2"><value>921</value></Data></ExtendedData><Polygon><outerBoundaryIs><LinearRing><coordinates>-59.441923,-34.445725 -59.442358,-34.445608 -59.442291,-34.445414 -59.441886,-34.445531 -59.441865,-34.445565 -59.441923,-34.445725</coordinates></LinearRing></outerBoundaryIs></Polygon></Placemark>
<Placemark><name>ZAPALA, T.</name><styleUrl>#s</styleUrl><ExtendedData><Data name="propietar"><value>ZAPALA, T.</value></Data><Data name="ocupacion"><value>CERCO</value></Data><Data name="m2"><value>1725</value></Data></ExtendedData><Polygon><outerBoundaryIs><LinearRing><coordinates>-59.442422,-34.445794 -59.442545,-34.446154 -59.442937,-34.446033 -59.442970,-34.445992 -59.442861,-34.445672 -59.442422,-34.445794</coordinates></LinearRing></outerBoundaryIs></Polygon></Placemark>
<Placemark><name>ROLDAN, N.</name><styleUrl>#s</styleUrl><ExtendedData><Data name="propietar"><value>ROLDAN, N.</value></Data><Data name="ocupacion"><value>ALAMBRADO</value></Data><Data name="m2"><value>1086</value></Data></ExtendedData><Polygon><outerBoundaryIs><LinearRing><coordinates>-59.448857,-34.439548 -59.448936,-34.439773 -59.449356,-34.439637 -59.449280,-34.439409 -59.448857,-34.439548</coordinates></LinearRing></outerBoundaryIs></Polygon></Placemark>
<Placemark><name>ROLDAN, A.</name><styleUrl>#s</styleUrl><ExtendedData><Data name="propietar"><value>ROLDAN, A.</value></Data><Data name="ocupacion"><value>ALAMBRADO</value></Data><Data name="m2"><value>869</value></Data></ExtendedData><Polygon><outerBoundaryIs><LinearRing><coordinates>-59.448936,-34.439773 -59.449000,-34.439956 -59.449418,-34.439822 -59.449356,-34.439637 -59.448936,-34.439773</coordinates></LinearRing></outerBoundaryIs></Polygon></Placemark>
<Placemark><name>ALVIS, J.</name><styleUrl>#s</styleUrl><ExtendedData><Data name="propietar"><value>ALVIS, J.</value></Data><Data name="ocupacion"><value>MURO</value></Data><Data name="m2"><value>998</value></Data></ExtendedData><Polygon><outerBoundaryIs><LinearRing><coordinates>-59.449342,-34.440182 -59.449280,-34.440054 -59.448633,-34.440254 -59.448670,-34.440366 -59.448710,-34.440382 -59.449342,-34.440182</coordinates></LinearRing></outerBoundaryIs></Polygon></Placemark>
<Placemark><name>LEON, J.</name><styleUrl>#s</styleUrl><ExtendedData><Data name="propietar"><value>LEON, J.</value></Data><Data name="ocupacion"><value>MURO</value></Data><Data name="m2"><value>1620</value></Data></ExtendedData><Polygon><outerBoundaryIs><LinearRing><coordinates>-59.449694,-34.446379 -59.450543,-34.446138 -59.450482,-34.445963 -59.449637,-34.446213 -59.449694,-34.446379</coordinates></LinearRing></outerBoundaryIs></Polygon></Placemark>
<Placemark><name>CASTRO, D. R. DE</name><styleUrl>#s</styleUrl><ExtendedData><Data name="propietar"><value>CASTRO, D. R. DE</value></Data><Data name="ocupacion"><value>MURO</value></Data><Data name="m2"><value>1471</value></Data></ExtendedData><Polygon><outerBoundaryIs><LinearRing><coordinates>-59.450044,-34.446092 -59.449929,-34.445767 -59.449527,-34.445893 -59.449637,-34.446213 -59.450044,-34.446092</coordinates></LinearRing></outerBoundaryIs></Polygon></Placemark>
<Placemark><name>ALMIRON, P. A. DE</name><styleUrl>#s</styleUrl><ExtendedData><Data name="propietar"><value>ALMIRON, P. A. DE</value></Data><Data name="ocupacion"><value>ALAMBRADO</value></Data><Data name="m2"><value>1625</value></Data></ExtendedData><Polygon><outerBoundaryIs><LinearRing><coordinates>-59.449929,-34.445767 -59.450044,-34.446092 -59.450482,-34.445963 -59.450366,-34.445630 -59.449929,-34.445767</coordinates></LinearRing></outerBoundaryIs></Polygon></Placemark>
<Placemark><name>GONZALEZ, T.</name><styleUrl>#s</styleUrl><ExtendedData><Data name="propietar"><value>GONZALEZ, T.</value></Data><Data name="ocupacion"><value>MURO</value></Data><Data name="m2"><value>1179</value></Data></ExtendedData><Polygon><outerBoundaryIs><LinearRing><coordinates>-59.448967,-34.446071 -59.449063,-34.446322 -59.449466,-34.446203 -59.449377,-34.445942 -59.448967,-34.446071</coordinates></LinearRing></outerBoundaryIs></Polygon></Placemark>
<Placemark><name>ROMERO, A.</name><styleUrl>#s</styleUrl><ExtendedData><Data name="propietar"><value>ROMERO, A.</value></Data><Data name="ocupacion"><value>BALDIO</value></Data><Data name="m2"><value>1201</value></Data></ExtendedData><Polygon><outerBoundaryIs><LinearRing><coordinates>-59.449063,-34.446322 -59.448967,-34.446071 -59.448544,-34.446205 -59.448630,-34.446450 -59.449063,-34.446322</coordinates></LinearRing></outerBoundaryIs></Polygon></Placemark>
<Placemark><name>SIERRA, D.</name><styleUrl>#s</styleUrl><ExtendedData><Data name="propietar"><value>SIERRA, D.</value></Data><Data name="ocupacion"><value>MURO</value></Data><Data name="m2"><value>1184</value></Data></ExtendedData><Polygon><outerBoundaryIs><LinearRing><coordinates>-59.449242,-34.446269 -59.449407,-34.446743 -59.449628,-34.446675 -59.449466,-34.446203 -59.449242,-34.446269</coordinates></LinearRing></outerBoundaryIs></Polygon></Placemark>
<Placemark><name>ATAIDE, G.</name><styleUrl>#s</styleUrl><ExtendedData><Data name="propietar"><value>ATAIDE, G.</value></Data><Data name="ocupacion"><value>MURO</value></Data><Data name="m2"><value>1500</value></Data></ExtendedData><Polygon><outerBoundaryIs><LinearRing><coordinates>-59.448721,-34.446711 -59.448798,-34.446931 -59.449407,-34.446743 -59.449332,-34.446527 -59.448721,-34.446711</coordinates></LinearRing></outerBoundaryIs></Polygon></Placemark>
<Placemark><name>BARCOS, B.</name><styleUrl>#s</styleUrl><ExtendedData><Data name="propietar"><value>BARCOS, B.</value></Data><Data name="ocupacion"><value>ALAMBRADO</value></Data><Data name="m2"><value>1448</value></Data></ExtendedData><Polygon><outerBoundaryIs><LinearRing><coordinates>-59.449415,-34.442455 -59.450251,-34.442197 -59.450203,-34.442063 -59.450176,-34.442051 -59.449387,-34.442292 -59.449367,-34.442318 -59.449415,-34.442455</coordinates></LinearRing></outerBoundaryIs></Polygon></Placemark>
<Placemark><name>CUCULLU, S.</name><styleUrl>#s</styleUrl><ExtendedData><Data name="propietar"><value>CUCULLU, S.</value></Data><Data name="ocupacion"><value>MURO</value></Data><Data name="m2"><value>1628</value></Data></ExtendedData><Polygon><outerBoundaryIs><LinearRing><coordinates>-59.449475,-34.442627 -59.450312,-34.442370 -59.450251,-34.442197 -59.449415,-34.442455 -59.449475,-34.442627</coordinates></LinearRing></outerBoundaryIs></Polygon></Placemark>
<Placemark><name>FERNANDEZ, D.</name><styleUrl>#s</styleUrl><ExtendedData><Data name="propietar"><value>FERNANDEZ, D.</value></Data><Data name="ocupacion"><value>ALAMBRADO</value></Data><Data name="m2"><value>1528</value></Data></ExtendedData><Polygon><outerBoundaryIs><LinearRing><coordinates>-59.449533,-34.442792 -59.450368,-34.442529 -59.450312,-34.442370 -59.449475,-34.442627 -59.449533,-34.442792</coordinates></LinearRing></outerBoundaryIs></Polygon></Placemark>
<Placemark><name>COPPA, A. C. DE</name><styleUrl>#s</styleUrl><ExtendedData><Data name="propietar"><value>COPPA, A. C. DE</value></Data><Data name="ocupacion"><value>ALAMBRADO</value></Data><Data name="m2"><value>3274</value></Data></ExtendedData><Polygon><outerBoundaryIs><LinearRing><coordinates>-59.446913,-34.441507 -59.447735,-34.441237 -59.447620,-34.440907 -59.447585,-34.440896 -59.446817,-34.441149 -59.446794,-34.441184 -59.446913,-34.441507</coordinates></LinearRing></outerBoundaryIs></Polygon></Placemark>
<Placemark><name>ACUÑA, T. TESTAMENTARIA</name><styleUrl>#s</styleUrl><ExtendedData><Data name="propietar"><value>ACUÑA, T. TESTAMENTARIA</value></Data><Data name="ocupacion"><value>MURO</value></Data><Data name="m2"><value>1593</value></Data></ExtendedData><Polygon><outerBoundaryIs><LinearRing><coordinates>-59.447485,-34.441836 -59.447866,-34.441716 -59.447890,-34.441683 -59.447781,-34.441368 -59.447362,-34.441495 -59.447485,-34.441836</coordinates></LinearRing></outerBoundaryIs></Polygon></Placemark>
<Placemark><name>CASAS, V.</name><styleUrl>#s</styleUrl><ExtendedData><Data name="propietar"><value>CASAS, V.</value></Data><Data name="ocupacion"><value>MURO</value></Data><Data name="m2"><value>810</value></Data></ExtendedData><Polygon><outerBoundaryIs><LinearRing><coordinates>-59.446505,-34.442606 -59.446401,-34.442284 -59.446198,-34.442339 -59.446181,-34.442370 -59.446276,-34.442666 -59.446505,-34.442606</coordinates></LinearRing></outerBoundaryIs></Polygon></Placemark>
<Placemark><name>BANCO PROVINCIA</name><styleUrl>#s</styleUrl><ExtendedData><Data name="propietar"><value>BANCO PROVINCIA</value></Data><Data name="ocupacion"><value>MURO</value></Data><Data name="m2"><value>2175</value></Data></ExtendedData><Polygon><outerBoundaryIs><LinearRing><coordinates>-59.446401,-34.442284 -59.446505,-34.442606 -59.447113,-34.442446 -59.447007,-34.442133 -59.446983,-34.442126 -59.446401,-34.442284</coordinates></LinearRing></outerBoundaryIs></Polygon></Placemark>
<Placemark><name>SOSA, S. C. DE</name><styleUrl>#s</styleUrl><ExtendedData><Data name="propietar"><value>SOSA, S. C. DE</value></Data><Data name="ocupacion"><value>MURO</value></Data><Data name="m2"><value>1619</value></Data></ExtendedData><Polygon><outerBoundaryIs><LinearRing><coordinates>-59.446736,-34.442546 -59.446862,-34.442934 -59.447214,-34.442836 -59.447234,-34.442802 -59.447113,-34.442446 -59.446736,-34.442546</coordinates></LinearRing></outerBoundaryIs></Polygon></Placemark>
<Placemark><name>CASCO, D. T. DE</name><styleUrl>#s</styleUrl><ExtendedData><Data name="propietar"><value>CASCO, D. T. DE</value></Data><Data name="ocupacion"><value>MURO</value></Data><Data name="m2"><value>783</value></Data></ExtendedData><Polygon><outerBoundaryIs><LinearRing><coordinates>-59.446550,-34.442594 -59.446684,-34.442983 -59.446862,-34.442934 -59.446736,-34.442546 -59.446550,-34.442594</coordinates></LinearRing></outerBoundaryIs></Polygon></Placemark>
<Placemark><name>ESCUELA AMBOS SEXOS</name><styleUrl>#s</styleUrl><ExtendedData><Data name="propietar"><value>ESCUELA AMBOS SEXOS</value></Data><Data name="ocupacion"><value>MURO</value></Data><Data name="m2"><value>1459</value></Data></ExtendedData><Polygon><outerBoundaryIs><LinearRing><coordinates>-59.447005,-34.443390 -59.447400,-34.443277 -59.447284,-34.442941 -59.446900,-34.443056 -59.447005,-34.443390</coordinates></LinearRing></outerBoundaryIs></Polygon></Placemark>
<Placemark><name>RODRIGUEZ, M. D. DE</name><styleUrl>#s</styleUrl><ExtendedData><Data name="propietar"><value>RODRIGUEZ, M. D. DE</value></Data><Data name="ocupacion"><value>MURO</value></Data><Data name="m2"><value>1663</value></Data></ExtendedData><Polygon><outerBoundaryIs><LinearRing><coordinates>-59.447005,-34.443390 -59.447124,-34.443768 -59.447526,-34.443644 -59.447400,-34.443277 -59.447005,-34.443390</coordinates></LinearRing></outerBoundaryIs></Polygon></Placemark>
<Placemark><name>RODRIGUEZ, M.</name><styleUrl>#s</styleUrl><ExtendedData><Data name="propietar"><value>RODRIGUEZ, M.</value></Data><Data name="ocupacion"><value>MURO</value></Data><Data name="m2"><value>1701</value></Data></ExtendedData><Polygon><outerBoundaryIs><LinearRing><coordinates>-59.445694,-34.445261 -59.445938,-34.445977 -59.446150,-34.445911 -59.445902,-34.445193 -59.445694,-34.445261</coordinates></LinearRing></outerBoundaryIs></Polygon></Placemark>
<Placemark><name>LIMA, R.</name><styleUrl>#s</styleUrl><ExtendedData><Data name="propietar"><value>LIMA, R.</value></Data><Data name="ocupacion"><value>BALDIO</value></Data><Data name="m2"><value>403</value></Data></ExtendedData><Polygon><outerBoundaryIs><LinearRing><coordinates>-59.446671,-34.444961 -59.446722,-34.445133 -59.446934,-34.445065 -59.446880,-34.444894 -59.446671,-34.444961</coordinates></LinearRing></outerBoundaryIs></Polygon></Placemark>
<Placemark><name>DIAZ, F.</name><styleUrl>#s</styleUrl><ExtendedData><Data name="propietar"><value>DIAZ, F.</value></Data><Data name="ocupacion"><value>BALDIO</value></Data><Data name="m2"><value>1020</value></Data></ExtendedData><Polygon><outerBoundaryIs><LinearRing><coordinates>-59.446398,-34.445357 -59.446546,-34.445795 -59.446751,-34.445729 -59.446610,-34.445295 -59.446398,-34.445357</coordinates></LinearRing></outerBoundaryIs></Polygon></Placemark>
<Placemark><name>PEÑALVA, S. TESTAMENTARIA</name><styleUrl>#s</styleUrl><ExtendedData><Data name="propietar"><value>PEÑALVA, S. TESTAMENTARIA</value></Data><Data name="ocupacion"><value>BALDIO</value></Data><Data name="m2"><value>778</value></Data></ExtendedData><Polygon><outerBoundaryIs><LinearRing><coordinates>-59.446673,-34.445489 -59.447035,-34.445380 -59.446974,-34.445189 -59.446610,-34.445295 -59.446673,-34.445489</coordinates></LinearRing></outerBoundaryIs></Polygon></Placemark>
<Placemark><name>DIAZ, F.</name><styleUrl>#s</styleUrl><ExtendedData><Data name="propietar"><value>DIAZ, F.</value></Data><Data name="ocupacion"><value>MURO</value></Data><Data name="m2"><value>524</value></Data></ExtendedData><Polygon><outerBoundaryIs><LinearRing><coordinates>-59.446949,-34.445665 -59.446867,-34.445431 -59.446673,-34.445489 -59.446751,-34.445729 -59.446949,-34.445665</coordinates></LinearRing></outerBoundaryIs></Polygon></Placemark>
<Placemark><name>VAZQUEZ, B.</name><styleUrl>#s</styleUrl><ExtendedData><Data name="propietar"><value>VAZQUEZ, B.</value></Data><Data name="ocupacion"><value>MURO</value></Data><Data name="m2"><value>1682</value></Data></ExtendedData><Polygon><outerBoundaryIs><LinearRing><coordinates>-59.448922,-34.442814 -59.449353,-34.442692 -59.449229,-34.442337 -59.448805,-34.442469 -59.448922,-34.442814</coordinates></LinearRing></outerBoundaryIs></Polygon></Placemark>
<Placemark><name>VILLAGRA, A.</name><styleUrl>#s</styleUrl><ExtendedData><Data name="propietar"><value>VILLAGRA, A.</value></Data><Data name="ocupacion"><value>MURO</value></Data><Data name="m2"><value>787</value></Data></ExtendedData><Polygon><outerBoundaryIs><LinearRing><coordinates>-59.448441,-34.442762 -59.448862,-34.442638 -59.448805,-34.442469 -59.448384,-34.442599 -59.448441,-34.442762</coordinates></LinearRing></outerBoundaryIs></Polygon></Placemark>
<Placemark><name>ROMERO, F.</name><styleUrl>#s</styleUrl><ExtendedData><Data name="propietar"><value>ROMERO, F.</value></Data><Data name="ocupacion"><value>MURO</value></Data><Data name="m2"><value>1001</value></Data></ExtendedData><Polygon><outerBoundaryIs><LinearRing><coordinates>-59.448561,-34.443104 -59.448637,-34.443320 -59.449049,-34.443189 -59.448977,-34.442976 -59.448561,-34.443104</coordinates></LinearRing></outerBoundaryIs></Polygon></Placemark>
<Placemark><name>TISEIRA, L.</name><styleUrl>#s</styleUrl><ExtendedData><Data name="propietar"><value>TISEIRA, L.</value></Data><Data name="ocupacion"><value>MURO</value></Data><Data name="m2"><value>760</value></Data></ExtendedData><Polygon><outerBoundaryIs><LinearRing><coordinates>-59.448503,-34.442938 -59.448561,-34.443104 -59.448977,-34.442976 -59.448923,-34.442819 -59.448503,-34.442938</coordinates></LinearRing></outerBoundaryIs></Polygon></Placemark>
<Placemark><name>PELAEZ, C.</name><styleUrl>#s</styleUrl><ExtendedData><Data name="propietar"><value>PELAEZ, C.</value></Data><Data name="ocupacion"><value>MURO</value></Data><Data name="m2"><value>841</value></Data></ExtendedData><Polygon><outerBoundaryIs><LinearRing><coordinates>-59.448503,-34.442938 -59.448923,-34.442819 -59.448862,-34.442638 -59.448441,-34.442762 -59.448503,-34.442938</coordinates></LinearRing></outerBoundaryIs></Polygon></Placemark>
<Placemark><name>BUTTERFILL, M. T. DE</name><styleUrl>#s</styleUrl><ExtendedData><Data name="propietar"><value>BUTTERFILL, M. T. DE</value></Data><Data name="ocupacion"><value>MURO</value></Data><Data name="m2"><value>1473</value></Data></ExtendedData><Polygon><outerBoundaryIs><LinearRing><coordinates>-59.449776,-34.445260 -59.449667,-34.444945 -59.449279,-34.445068 -59.449254,-34.445103 -59.449348,-34.445382 -59.449776,-34.445260</coordinates></LinearRing></outerBoundaryIs></Polygon></Placemark>
<Placemark><name>GARRO, J.</name><styleUrl>#s</styleUrl><ExtendedData><Data name="propietar"><value>GARRO, J.</value></Data><Data name="ocupacion"><value>MURO</value></Data><Data name="m2"><value>1774</value></Data></ExtendedData><Polygon><outerBoundaryIs><LinearRing><coordinates>-59.449776,-34.445260 -59.449909,-34.445644 -59.450296,-34.445528 -59.450315,-34.445489 -59.450192,-34.445142 -59.449776,-34.445260</coordinates></LinearRing></outerBoundaryIs></Polygon></Placemark>
<Placemark><name>CASAS, I.</name><styleUrl>#s</styleUrl><ExtendedData><Data name="propietar"><value>CASAS, I.</value></Data><Data name="ocupacion"><value>MURO</value></Data><Data name="m2"><value>914</value></Data></ExtendedData><Polygon><outerBoundaryIs><LinearRing><coordinates>-59.449566,-34.445320 -59.449696,-34.445708 -59.449909,-34.445644 -59.449776,-34.445260 -59.449566,-34.445320</coordinates></LinearRing></outerBoundaryIs></Polygon></Placemark>
<Placemark><name>NAVARRO TESTAMENTARIA</name><styleUrl>#s</styleUrl><ExtendedData><Data name="propietar"><value>NAVARRO TESTAMENTARIA</value></Data><Data name="ocupacion"><value>MURO</value></Data><Data name="m2"><value>725</value></Data></ExtendedData><Polygon><outerBoundaryIs><LinearRing><coordinates>-59.449881,-34.444877 -59.449990,-34.445200 -59.450192,-34.445142 -59.450084,-34.444837 -59.450055,-34.444822 -59.449881,-34.444877</coordinates></LinearRing></outerBoundaryIs></Polygon></Placemark>
<Placemark><name>ORTIZ, A. D. DE</name><styleUrl>#s</styleUrl><ExtendedData><Data name="propietar"><value>ORTIZ, A. D. DE</value></Data><Data name="ocupacion"><value>MURO</value></Data><Data name="m2"><value>766</value></Data></ExtendedData><Polygon><outerBoundaryIs><LinearRing><coordinates>-59.449990,-34.445200 -59.449881,-34.444877 -59.449667,-34.444945 -59.449776,-34.445260 -59.449990,-34.445200</coordinates></LinearRing></outerBoundaryIs></Polygon></Placemark>
<Placemark><name>RODRIGUEZ, M.</name><styleUrl>#s</styleUrl><ExtendedData><Data name="propietar"><value>RODRIGUEZ, M.</value></Data><Data name="ocupacion"><value>MURO</value></Data><Data name="m2"><value>597</value></Data></ExtendedData><Polygon><outerBoundaryIs><LinearRing><coordinates>-59.447674,-34.445040 -59.447796,-34.445392 -59.447949,-34.445342 -59.447819,-34.444992 -59.447674,-34.445040</coordinates></LinearRing></outerBoundaryIs></Polygon></Placemark>
<Placemark><name>QUINTEROS, P. P. TESTAMENTARIA</name><styleUrl>#s</styleUrl><ExtendedData><Data name="propietar"><value>QUINTEROS, P. P. TESTAMENTARIA</value></Data><Data name="ocupacion"><value>MURO</value></Data><Data name="m2"><value>1024</value></Data></ExtendedData><Polygon><outerBoundaryIs><LinearRing><coordinates>-59.447585,-34.444672 -59.447707,-34.445029 -59.447961,-34.444944 -59.447840,-34.444592 -59.447585,-34.444672</coordinates></LinearRing></outerBoundaryIs></Polygon></Placemark>
<Placemark><name>CARBONE, V.</name><styleUrl>#s</styleUrl><ExtendedData><Data name="propietar"><value>CARBONE, V.</value></Data><Data name="ocupacion"><value>MURO</value></Data><Data name="m2"><value>2350</value></Data></ExtendedData><Polygon><outerBoundaryIs><LinearRing><coordinates>-59.447707,-34.445029 -59.447585,-34.444672 -59.447004,-34.444854 -59.447128,-34.445214 -59.447707,-34.445029</coordinates></LinearRing></outerBoundaryIs></Polygon></Placemark>
<Placemark><name>SILVA, J. H. JUEZ DE MENORES</name><styleUrl>#s</styleUrl><ExtendedData><Data name="propietar"><value>SILVA, J. H. JUEZ DE MENORES</value></Data><Data name="ocupacion"><value>MURO</value></Data><Data name="m2"><value>1607</value></Data></ExtendedData><Polygon><outerBoundaryIs><LinearRing><coordinates>-59.449235,-34.443638 -59.449104,-34.443304 -59.448710,-34.443433 -59.448694,-34.443463 -59.448808,-34.443773 -59.449235,-34.443638</coordinates></LinearRing></outerBoundaryIs></Polygon></Placemark>
<Placemark><name>LOPEZ, C.</name><styleUrl>#s</styleUrl><ExtendedData><Data name="propietar"><value>LOPEZ, C.</value></Data><Data name="ocupacion"><value>ALAMBRADO</value></Data><Data name="m2"><value>775</value></Data></ExtendedData><Polygon><outerBoundaryIs><LinearRing><coordinates>-59.449306,-34.443237 -59.449436,-34.443575 -59.449635,-34.443512 -59.449515,-34.443190 -59.449479,-34.443179 -59.449306,-34.443237</coordinates></LinearRing></outerBoundaryIs></Polygon></Placemark>
<Placemark><name>RUIZ, M. E.</name><styleUrl>#s</styleUrl><ExtendedData><Data name="propietar"><value>RUIZ, M. E.</value></Data><Data name="ocupacion"><value>ALAMBRADO</value></Data><Data name="m2"><value>779</value></Data></ExtendedData><Polygon><outerBoundaryIs><LinearRing><coordinates>-59.449436,-34.443575 -59.449306,-34.443237 -59.449104,-34.443304 -59.449235,-34.443638 -59.449436,-34.443575</coordinates></LinearRing></outerBoundaryIs></Polygon></Placemark>
<Placemark><name>SOLAR, A. H.</name><styleUrl>#s</styleUrl><ExtendedData><Data name="propietar"><value>SOLAR, A. H.</value></Data><Data name="ocupacion"><value>MURO</value></Data><Data name="m2"><value>1789</value></Data></ExtendedData><Polygon><outerBoundaryIs><LinearRing><coordinates>-59.448808,-34.443773 -59.448859,-34.443911 -59.449475,-34.443708 -59.449553,-34.443935 -59.449722,-34.443881 -59.449756,-34.443839 -59.449635,-34.443512 -59.448808,-34.443773</coordinates></LinearRing></outerBoundaryIs></Polygon></Placemark>
<Placemark><name>CUFRE, V.</name><styleUrl>#s</styleUrl><ExtendedData><Data name="propietar"><value>CUFRE, V.</value></Data><Data name="ocupacion"><value>ALAMBRADO</value></Data><Data name="m2"><value>3126</value></Data></ExtendedData><Polygon><outerBoundaryIs><LinearRing><coordinates>-59.443037,-34.442769 -59.443894,-34.442508 -59.443820,-34.442299 -59.443831,-34.442296 -59.443787,-34.442196 -59.443755,-34.442184 -59.442945,-34.442451 -59.442928,-34.442478 -59.443037,-34.442769</coordinates></LinearRing></outerBoundaryIs></Polygon></Placemark>
<Placemark><name>MONSALVO, F.</name><styleUrl>#s</styleUrl><ExtendedData><Data name="propietar"><value>MONSALVO, F.</value></Data><Data name="ocupacion"><value>MURO</value></Data><Data name="m2"><value>1635</value></Data></ExtendedData><Polygon><outerBoundaryIs><LinearRing><coordinates>-59.444474,-34.442360 -59.444603,-34.442721 -59.444981,-34.442611 -59.444999,-34.442581 -59.444877,-34.442243 -59.444474,-34.442360</coordinates></LinearRing></outerBoundaryIs></Polygon></Placemark>
<Placemark><name>GALEANO, V.</name><styleUrl>#s</styleUrl><ExtendedData><Data name="propietar"><value>GALEANO, V.</value></Data><Data name="ocupacion"><value>BALDIO</value></Data><Data name="m2"><value>1712</value></Data></ExtendedData><Polygon><outerBoundaryIs><LinearRing><coordinates>-59.444474,-34.442360 -59.444877,-34.442243 -59.444748,-34.441884 -59.444702,-34.441867 -59.444341,-34.441990 -59.444474,-34.442360</coordinates></LinearRing></outerBoundaryIs></Polygon></Placemark>
<Placemark><name>CHAIRO, F.</name><styleUrl>#s</styleUrl><ExtendedData><Data name="propietar"><value>CHAIRO, F.</value></Data><Data name="ocupacion"><value>ALAMBRADO</value></Data><Data name="m2"><value>487</value></Data></ExtendedData><Polygon><outerBoundaryIs><LinearRing><coordinates>-59.443970,-34.442226 -59.444382,-34.442104 -59.444341,-34.441990 -59.443959,-34.442121 -59.443943,-34.442148 -59.443970,-34.442226</coordinates></LinearRing></outerBoundaryIs></Polygon></Placemark>
<Placemark><name>LUJAN, C.</name><styleUrl>#s</styleUrl><ExtendedData><Data name="propietar"><value>LUJAN, C.</value></Data><Data name="ocupacion"><value>ALAMBRADO</value></Data><Data name="m2"><value>615</value></Data></ExtendedData><Polygon><outerBoundaryIs><LinearRing><coordinates>-59.444016,-34.442358 -59.444429,-34.442236 -59.444382,-34.442104 -59.443970,-34.442226 -59.444016,-34.442358</coordinates></LinearRing></outerBoundaryIs></Polygon></Placemark>
<Placemark><name>REBELLE, F.</name><styleUrl>#s</styleUrl><ExtendedData><Data name="propietar"><value>REBELLE, F.</value></Data><Data name="ocupacion"><value>BALDIO</value></Data><Data name="m2"><value>821</value></Data></ExtendedData><Polygon><outerBoundaryIs><LinearRing><coordinates>-59.447761,-34.439559 -59.448189,-34.439434 -59.448127,-34.439263 -59.447705,-34.439385 -59.447761,-34.439559</coordinates></LinearRing></outerBoundaryIs></Polygon></Placemark>
<Placemark><name>LESANI, S.</name><styleUrl>#s</styleUrl><ExtendedData><Data name="propietar"><value>LESANI, S.</value></Data><Data name="ocupacion"><value>MURO</value></Data><Data name="m2"><value>811</value></Data></ExtendedData><Polygon><outerBoundaryIs><LinearRing><coordinates>-59.447347,-34.439679 -59.447761,-34.439559 -59.447705,-34.439385 -59.447284,-34.439506 -59.447347,-34.439679</coordinates></LinearRing></outerBoundaryIs></Polygon></Placemark>
<Placemark><name>CASADO, A.</name><styleUrl>#s</styleUrl><ExtendedData><Data name="propietar"><value>CASADO, A.</value></Data><Data name="ocupacion"><value>MURO</value></Data><Data name="m2"><value>2776</value></Data></ExtendedData><Polygon><outerBoundaryIs><LinearRing><coordinates>-59.447856,-34.441105 -59.448692,-34.440861 -59.448593,-34.440580 -59.448556,-34.440566 -59.447777,-34.440809 -59.447764,-34.440833 -59.447856,-34.441105</coordinates></LinearRing></outerBoundaryIs></Polygon></Placemark>
<Placemark><name>CASADO, P. TESTAMENTARIA</name><styleUrl>#s</styleUrl><ExtendedData><Data name="propietar"><value>CASADO, P. TESTAMENTARIA</value></Data><Data name="ocupacion"><value>MURO</value></Data><Data name="m2"><value>935</value></Data></ExtendedData><Polygon><outerBoundaryIs><LinearRing><coordinates>-59.447923,-34.441305 -59.448344,-34.441178 -59.448278,-34.440982 -59.447856,-34.441105 -59.447923,-34.441305</coordinates></LinearRing></outerBoundaryIs></Polygon></Placemark>
<Placemark><name>DE LA PAZ, M.</name><styleUrl>#s</styleUrl><ExtendedData><Data name="propietar"><value>DE LA PAZ, M.</value></Data><Data name="ocupacion"><value>MURO</value></Data><Data name="m2"><value>880</value></Data></ExtendedData><Polygon><outerBoundaryIs><LinearRing><coordinates>-59.448612,-34.441498 -59.448888,-34.441413 -59.448789,-34.441135 -59.448510,-34.441213 -59.448612,-34.441498</coordinates></LinearRing></outerBoundaryIs></Polygon></Placemark>
<Placemark><name>MARMOL, M.</name><styleUrl>#s</styleUrl><ExtendedData><Data name="propietar"><value>MARMOL, M.</value></Data><Data name="ocupacion"><value>ALAMBRADO</value></Data><Data name="m2"><value>1157</value></Data></ExtendedData><Polygon><outerBoundaryIs><LinearRing><coordinates>-59.448344,-34.441178 -59.448480,-34.441140 -59.448510,-34.441213 -59.448789,-34.441135 -59.448692,-34.440861 -59.448278,-34.440982 -59.448344,-34.441178</coordinates></LinearRing></outerBoundaryIs></Polygon></Placemark>
<Placemark><name>QUINTEROS, J.</name><styleUrl>#s</styleUrl><ExtendedData><Data name="propietar"><value>QUINTEROS, J.</value></Data><Data name="ocupacion"><value>ALAMBRADO</value></Data><Data name="m2"><value>1119</value></Data></ExtendedData><Polygon><outerBoundaryIs><LinearRing><coordinates>-59.444755,-34.441463 -59.444834,-34.441689 -59.445287,-34.441528 -59.445212,-34.441323 -59.444755,-34.441463</coordinates></LinearRing></outerBoundaryIs></Polygon></Placemark>
<Placemark><name>ROLDAN, L.</name><styleUrl>#s</styleUrl><ExtendedData><Data name="propietar"><value>ROLDAN, L.</value></Data><Data name="ocupacion"><value>MURO</value></Data><Data name="m2"><value>791</value></Data></ExtendedData><Polygon><outerBoundaryIs><LinearRing><coordinates>-59.449058,-34.440123 -59.449000,-34.439956 -59.448579,-34.440090 -59.448633,-34.440254 -59.449058,-34.440123</coordinates></LinearRing></outerBoundaryIs></Polygon></Placemark>
<Placemark><name>RAGGIO, S.</name><styleUrl>#s</styleUrl><ExtendedData><Data name="propietar"><value>RAGGIO, S.</value></Data><Data name="ocupacion"><value>MURO</value></Data><Data name="m2"><value>1060</value></Data></ExtendedData><Polygon><outerBoundaryIs><LinearRing><coordinates>-59.448936,-34.439773 -59.448857,-34.439548 -59.448460,-34.439679 -59.448448,-34.439703 -59.448518,-34.439909 -59.448936,-34.439773</coordinates></LinearRing></outerBoundaryIs></Polygon></Placemark>
<Placemark><name>BOTTO, P.</name><styleUrl>#s</styleUrl><ExtendedData><Data name="propietar"><value>BOTTO, P.</value></Data><Data name="ocupacion"><value>ALAMBRADO</value></Data><Data name="m2"><value>862</value></Data></ExtendedData><Polygon><outerBoundaryIs><LinearRing><coordinates>-59.449000,-34.439956 -59.448936,-34.439773 -59.448518,-34.439909 -59.448579,-34.440090 -59.449000,-34.439956</coordinates></LinearRing></outerBoundaryIs></Polygon></Placemark>
<Placemark><name>ESCOBAR, P.</name><styleUrl>#s</styleUrl><ExtendedData><Data name="propietar"><value>ESCOBAR, P.</value></Data><Data name="ocupacion"><value>BALDIO</value></Data><Data name="m2"><value>802</value></Data></ExtendedData><Polygon><outerBoundaryIs><LinearRing><coordinates>-59.451021,-34.443985 -59.451237,-34.443922 -59.451123,-34.443586 -59.450945,-34.443641 -59.450920,-34.443686 -59.451021,-34.443985</coordinates></LinearRing></outerBoundaryIs></Polygon></Placemark>
<Placemark><name>RUIZ, L.</name><styleUrl>#s</styleUrl><ExtendedData><Data name="propietar"><value>RUIZ, L.</value></Data><Data name="ocupacion"><value>MURO</value></Data><Data name="m2"><value>1674</value></Data></ExtendedData><Polygon><outerBoundaryIs><LinearRing><coordinates>-59.448371,-34.445710 -59.448823,-34.445585 -59.448705,-34.445247 -59.448258,-34.445385 -59.448371,-34.445710</coordinates></LinearRing></outerBoundaryIs></Polygon></Placemark>
<Placemark><name>LARROSA, P. M. DE</name><styleUrl>#s</styleUrl><ExtendedData><Data name="propietar"><value>LARROSA, P. M. DE</value></Data><Data name="ocupacion"><value>MURO</value></Data><Data name="m2"><value>922</value></Data></ExtendedData><Polygon><outerBoundaryIs><LinearRing><coordinates>-59.449013,-34.444860 -59.448783,-34.444918 -59.448721,-34.444721 -59.448580,-34.444762 -59.448700,-34.445117 -59.449062,-34.445001 -59.449013,-34.444860</coordinates></LinearRing></outerBoundaryIs></Polygon></Placemark>
<Placemark><name>PIRANZOLA, J.</name><styleUrl>#s</styleUrl><ExtendedData><Data name="propietar"><value>PIRANZOLA, J.</value></Data><Data name="ocupacion"><value>MURO</value></Data><Data name="m2"><value>1472</value></Data></ExtendedData><Polygon><outerBoundaryIs><LinearRing><coordinates>-59.448580,-34.444762 -59.448943,-34.444657 -59.448816,-34.444291 -59.448458,-34.444400 -59.448580,-34.444762</coordinates></LinearRing></outerBoundaryIs></Polygon></Placemark>
<Placemark><name>MOLINA, L.</name><styleUrl>#s</styleUrl><ExtendedData><Data name="propietar"><value>MOLINA, L.</value></Data><Data name="ocupacion"><value>MURO</value></Data><Data name="m2"><value>814</value></Data></ExtendedData><Polygon><outerBoundaryIs><LinearRing><coordinates>-59.448439,-34.445200 -59.448700,-34.445117 -59.448609,-34.444848 -59.448342,-34.444920 -59.448439,-34.445200</coordinates></LinearRing></outerBoundaryIs></Polygon></Placemark>
<Placemark><name>PICHETTO, J. ESCRIBANO DEL RIO</name><styleUrl>#s</styleUrl><ExtendedData><Data name="propietar"><value>PICHETTO, J. ESCRIBANO DEL RIO</value></Data><Data name="ocupacion"><value>MURO</value></Data><Data name="m2"><value>1572</value></Data></ExtendedData><Polygon><outerBoundaryIs><LinearRing><coordinates>-59.448241,-34.443909 -59.448665,-34.443791 -59.448552,-34.443459 -59.448125,-34.443581 -59.448241,-34.443909</coordinates></LinearRing></outerBoundaryIs></Polygon></Placemark>
<Placemark><name>BRIOSO, N.</name><styleUrl>#s</styleUrl><ExtendedData><Data name="propietar"><value>BRIOSO, N.</value></Data><Data name="ocupacion"><value>MURO</value></Data><Data name="m2"><value>785</value></Data></ExtendedData><Polygon><outerBoundaryIs><LinearRing><coordinates>-59.448302,-34.444079 -59.448720,-34.443953 -59.448665,-34.443791 -59.448241,-34.443909 -59.448302,-34.444079</coordinates></LinearRing></outerBoundaryIs></Polygon></Placemark>
<Placemark><name>SOLAR, A.</name><styleUrl>#s</styleUrl><ExtendedData><Data name="propietar"><value>SOLAR, A.</value></Data><Data name="ocupacion"><value>MURO</value></Data><Data name="m2"><value>998</value></Data></ExtendedData><Polygon><outerBoundaryIs><LinearRing><coordinates>-59.448302,-34.444079 -59.448377,-34.444291 -59.448793,-34.444166 -59.448720,-34.443953 -59.448302,-34.444079</coordinates></LinearRing></outerBoundaryIs></Polygon></Placemark>
<Placemark><name>ROMERO, F. CORREO</name><styleUrl>#s</styleUrl><ExtendedData><Data name="propietar"><value>ROMERO, F. CORREO</value></Data><Data name="ocupacion"><value>MURO</value></Data><Data name="m2"><value>778</value></Data></ExtendedData><Polygon><outerBoundaryIs><LinearRing><coordinates>-59.447757,-34.443868 -59.448182,-34.443743 -59.448125,-34.443581 -59.447701,-34.443702 -59.447757,-34.443868</coordinates></LinearRing></outerBoundaryIs></Polygon></Placemark>
<Placemark><name>ROMERO, M.</name><styleUrl>#s</styleUrl><ExtendedData><Data name="propietar"><value>ROMERO, M.</value></Data><Data name="ocupacion"><value>MURO</value></Data><Data name="m2"><value>785</value></Data></ExtendedData><Polygon><outerBoundaryIs><LinearRing><coordinates>-59.447757,-34.443868 -59.447812,-34.444029 -59.448241,-34.443909 -59.448182,-34.443743 -59.447757,-34.443868</coordinates></LinearRing></outerBoundaryIs></Polygon></Placemark>
<Placemark><name>SILVA, G. TESTAMENTARIA</name><styleUrl>#s</styleUrl><ExtendedData><Data name="propietar"><value>SILVA, G. TESTAMENTARIA</value></Data><Data name="ocupacion"><value>MURO</value></Data><Data name="m2"><value>1607</value></Data></ExtendedData><Polygon><outerBoundaryIs><LinearRing><coordinates>-59.444961,-34.443662 -59.445083,-34.444023 -59.445480,-34.443908 -59.445349,-34.443542 -59.444961,-34.443662</coordinates></LinearRing></outerBoundaryIs></Polygon></Placemark>
<Placemark><name>ALMIRON, A.</name><styleUrl>#s</styleUrl><ExtendedData><Data name="propietar"><value>ALMIRON, A.</value></Data><Data name="ocupacion"><value>MURO</value></Data><Data name="m2"><value>929</value></Data></ExtendedData><Polygon><outerBoundaryIs><LinearRing><coordinates>-59.447970,-34.446266 -59.447893,-34.446078 -59.447472,-34.446204 -59.447539,-34.446400 -59.447970,-34.446266</coordinates></LinearRing></outerBoundaryIs></Polygon></Placemark>
<Placemark><name>LACOUR, B.</name><styleUrl>#s</styleUrl><ExtendedData><Data name="propietar"><value>LACOUR, B.</value></Data><Data name="ocupacion"><value>MURO</value></Data><Data name="m2"><value>1105</value></Data></ExtendedData><Polygon><outerBoundaryIs><LinearRing><coordinates>-59.447811,-34.445877 -59.447905,-34.446107 -59.448324,-34.445975 -59.448243,-34.445749 -59.447811,-34.445877</coordinates></LinearRing></outerBoundaryIs></Polygon></Placemark>
<Placemark><name>RODRIGUEZ, L.</name><styleUrl>#s</styleUrl><ExtendedData><Data name="propietar"><value>RODRIGUEZ, L.</value></Data><Data name="ocupacion"><value>MURO</value></Data><Data name="m2"><value>895</value></Data></ExtendedData><Polygon><outerBoundaryIs><LinearRing><coordinates>-59.448062,-34.445803 -59.447941,-34.445483 -59.447697,-34.445560 -59.447811,-34.445877 -59.448062,-34.445803</coordinates></LinearRing></outerBoundaryIs></Polygon></Placemark>
<Placemark><name>RODRIGUEZ, F.</name><styleUrl>#s</styleUrl><ExtendedData><Data name="propietar"><value>RODRIGUEZ, F.</value></Data><Data name="ocupacion"><value>MURO</value></Data><Data name="m2"><value>487</value></Data></ExtendedData><Polygon><outerBoundaryIs><LinearRing><coordinates>-59.447583,-34.445595 -59.447707,-34.445960 -59.447830,-34.445923 -59.447697,-34.445560 -59.447583,-34.445595</coordinates></LinearRing></outerBoundaryIs></Polygon></Placemark>
<Placemark><name>QUEVEDO, M.</name><styleUrl>#s</styleUrl><ExtendedData><Data name="propietar"><value>QUEVEDO, M.</value></Data><Data name="ocupacion"><value>MURO</value></Data><Data name="m2"><value>547</value></Data></ExtendedData><Polygon><outerBoundaryIs><LinearRing><coordinates>-59.447445,-34.445637 -59.447575,-34.446000 -59.447707,-34.445960 -59.447580,-34.445595 -59.447445,-34.445637</coordinates></LinearRing></outerBoundaryIs></Polygon></Placemark>
<Placemark><name>VACIO</name><styleUrl>#s</styleUrl><ExtendedData><Data name="propietar"><value>VACIO</value></Data><Data name="ocupacion"><value>BALDIO</value></Data><Data name="m2"><value>2448</value></Data></ExtendedData><Polygon><outerBoundaryIs><LinearRing><coordinates>-59.442335,-34.451737 -59.442763,-34.451623 -59.442649,-34.451350 -59.441848,-34.451604 -59.441951,-34.451878 -59.442335,-34.451737</coordinates></LinearRing></outerBoundaryIs></Polygon></Placemark>
<Placemark><name>BOTTO, P.</name><styleUrl>#s</styleUrl><ExtendedData><Data name="propietar"><value>BOTTO, P.</value></Data><Data name="ocupacion"><value>ALAMBRADO</value></Data><Data name="m2"><value>987</value></Data></ExtendedData><Polygon><outerBoundaryIs><LinearRing><coordinates>-59.442796,-34.452628 -59.443059,-34.452544 -59.442934,-34.452214 -59.442689,-34.452253 -59.442796,-34.452628</coordinates></LinearRing></outerBoundaryIs></Polygon></Placemark>
<Placemark><name>CEMENTERIO VIEJO</name><styleUrl>#s</styleUrl><ExtendedData><Data name="propietar"><value>CEMENTERIO VIEJO</value></Data><Data name="ocupacion"><value>CEMENTERIO</value></Data><Data name="m2"><value>2549</value></Data></ExtendedData><Polygon><outerBoundaryIs><LinearRing><coordinates>-59.442335,-34.451737 -59.442556,-34.452294 -59.442934,-34.452214 -59.442763,-34.451623 -59.442335,-34.451737</coordinates></LinearRing></outerBoundaryIs></Polygon></Placemark>
<Placemark><name>ALMADA, L</name><styleUrl>#s</styleUrl><ExtendedData><Data name="propietar"><value>ALMADA, L</value></Data><Data name="ocupacion"><value>MURO</value></Data><Data name="m2"><value>1427</value></Data></ExtendedData><Polygon><outerBoundaryIs><LinearRing><coordinates>-59.446735,-34.437939 -59.446845,-34.438244 -59.447261,-34.438117 -59.447151,-34.437815 -59.446735,-34.437939</coordinates></LinearRing></outerBoundaryIs></Polygon></Placemark>
<Placemark><name>MARQUEZ F.</name><styleUrl>#s</styleUrl><ExtendedData><Data name="propietar"><value>MARQUEZ F.</value></Data><Data name="ocupacion"><value>BALDIO</value></Data><Data name="m2"><value>997</value></Data></ExtendedData><Polygon><outerBoundaryIs><LinearRing><coordinates>-59.446184,-34.438224 -59.446258,-34.438422 -59.446702,-34.438270 -59.446630,-34.438077 -59.446184,-34.438224</coordinates></LinearRing></outerBoundaryIs></Polygon></Placemark>
<Placemark><name>PEREZ J.</name><styleUrl>#s</styleUrl><ExtendedData><Data name="propietar"><value>PEREZ J.</value></Data><Data name="ocupacion"><value>BALDIO</value></Data><Data name="m2"><value>985</value></Data></ExtendedData><Polygon><outerBoundaryIs><LinearRing><coordinates>-59.446258,-34.438422 -59.446184,-34.438224 -59.445754,-34.438367 -59.445832,-34.438569 -59.446258,-34.438422</coordinates></LinearRing></outerBoundaryIs></Polygon></Placemark>
<Placemark><name>LARROSA P. M.</name><styleUrl>#s</styleUrl><ExtendedData><Data name="propietar"><value>LARROSA P. M.</value></Data><Data name="ocupacion"><value>BALDIO</value></Data><Data name="m2"><value>942</value></Data></ExtendedData><Polygon><outerBoundaryIs><LinearRing><coordinates>-59.445606,-34.437987 -59.446061,-34.437875 -59.445996,-34.437678 -59.445540,-34.437815 -59.445606,-34.437987</coordinates></LinearRing></outerBoundaryIs></Polygon></Placemark>
<Placemark><name>GAITE M.</name><styleUrl>#s</styleUrl><ExtendedData><Data name="propietar"><value>GAITE M.</value></Data><Data name="ocupacion"><value>BALDIO</value></Data><Data name="m2"><value>776</value></Data></ExtendedData><Polygon><outerBoundaryIs><LinearRing><coordinates>-59.448029,-34.438569 -59.448091,-34.438722 -59.448120,-34.438731 -59.448499,-34.438607 -59.448440,-34.438442 -59.448029,-34.438569</coordinates></LinearRing></outerBoundaryIs></Polygon></Placemark>
<Placemark><name>GALEANO, J.</name><styleUrl>#s</styleUrl><ExtendedData><Data name="propietar"><value>GALEANO, J.</value></Data><Data name="ocupacion"><value>ALAMBRADO</value></Data><Data name="m2"><value>277</value></Data></ExtendedData><Polygon><outerBoundaryIs><LinearRing><coordinates>-59.449280,-34.440054 -59.449342,-34.440182 -59.449497,-34.440134 -59.449514,-34.440111 -59.449475,-34.439993 -59.449280,-34.440054</coordinates></LinearRing></outerBoundaryIs></Polygon></Placemark>
<Placemark><name>CASADO, J. M.</name><styleUrl>#s</styleUrl><ExtendedData><Data name="propietar"><value>CASADO, J. M.</value></Data><Data name="ocupacion"><value>MURO</value></Data><Data name="m2"><value>1317</value></Data></ExtendedData><Polygon><outerBoundaryIs><LinearRing><coordinates>-59.448612,-34.441498 -59.448480,-34.441140 -59.448344,-34.441178 -59.448415,-34.441387 -59.447992,-34.441508 -59.448041,-34.441653 -59.448072,-34.441664 -59.448612,-34.441498</coordinates></LinearRing></outerBoundaryIs></Polygon></Placemark>
<Placemark><name>MUNICIPAL</name><styleUrl>#s</styleUrl><ExtendedData><Data name="propietar"><value>MUNICIPAL</value></Data><Data name="ocupacion"><value>BALDIO</value></Data><Data name="m2"><value>1849</value></Data></ExtendedData><Polygon><outerBoundaryIs><LinearRing><coordinates>-59.451825,-34.440604 -59.452204,-34.441272 -59.452479,-34.441186 -59.452250,-34.440775 -59.452161,-34.440726 -59.452044,-34.440687 -59.451866,-34.440589 -59.451825,-34.440604</coordinates></LinearRing></outerBoundaryIs></Polygon></Placemark>
<Placemark><name>CALLE CERRADA</name><styleUrl>#s</styleUrl><ExtendedData><Data name="propietar"><value>CALLE CERRADA</value></Data><Data name="ocupacion"><value>CALLE CERRADA</value></Data><Data name="m2"><value>718</value></Data></ExtendedData><Polygon><outerBoundaryIs><LinearRing><coordinates>-59.452204,-34.441272 -59.451825,-34.440604 -59.451765,-34.440625 -59.452086,-34.441309 -59.452204,-34.441272</coordinates></LinearRing></outerBoundaryIs></Polygon></Placemark>
<Placemark><name>ROGGIO, S.</name><styleUrl>#s</styleUrl><ExtendedData><Data name="propietar"><value>ROGGIO, S.</value></Data><Data name="ocupacion"><value>ALAMBRADO</value></Data><Data name="m2"><value>761</value></Data></ExtendedData><Polygon><outerBoundaryIs><LinearRing><coordinates>-59.449209,-34.441990 -59.449689,-34.441843 -59.449640,-34.441701 -59.449159,-34.441851 -59.449209,-34.441990</coordinates></LinearRing></outerBoundaryIs></Polygon></Placemark>
<Placemark><name>ARATA, J.</name><styleUrl>#s</styleUrl><ExtendedData><Data name="propietar"><value>ARATA, J.</value></Data><Data name="ocupacion"><value>MURO</value></Data><Data name="m2"><value>729</value></Data></ExtendedData><Polygon><outerBoundaryIs><LinearRing><coordinates>-59.448179,-34.441957 -59.448236,-34.442118 -59.448632,-34.442006 -59.448577,-34.441839 -59.448179,-34.441957</coordinates></LinearRing></outerBoundaryIs></Polygon></Placemark>
<Placemark><name>GONZALEZ, V.</name><styleUrl>#s</styleUrl><ExtendedData><Data name="propietar"><value>GONZALEZ, V.</value></Data><Data name="ocupacion"><value>ALAMBRADO</value></Data><Data name="m2"><value>787</value></Data></ExtendedData><Polygon><outerBoundaryIs><LinearRing><coordinates>-59.448697,-34.442200 -59.448751,-34.442362 -59.449159,-34.442234 -59.449182,-34.442210 -59.449128,-34.442065 -59.448697,-34.442200</coordinates></LinearRing></outerBoundaryIs></Polygon></Placemark>
<Placemark><name>MIRO, E. C. DE</name><styleUrl>#s</styleUrl><ExtendedData><Data name="propietar"><value>MIRO, E. C. DE</value></Data><Data name="ocupacion"><value>MURO</value></Data><Data name="m2"><value>698</value></Data></ExtendedData><Polygon><outerBoundaryIs><LinearRing><coordinates>-59.448308,-34.442322 -59.448354,-34.442451 -59.448417,-34.442467 -59.448751,-34.442362 -59.448697,-34.442200 -59.448308,-34.442322</coordinates></LinearRing></outerBoundaryIs></Polygon></Placemark>
<Placemark><name>CALLE CERRADA</name><styleUrl>#s</styleUrl><ExtendedData><Data name="propietar"><value>CALLE CERRADA</value></Data><Data name="ocupacion"><value>CALLE CERRADA</value></Data><Data name="m2"><value>1258</value></Data></ExtendedData><Polygon><outerBoundaryIs><LinearRing><coordinates>-59.452164,-34.441424 -59.452432,-34.442121 -59.452591,-34.442075 -59.452323,-34.441377 -59.452164,-34.441424</coordinates></LinearRing></outerBoundaryIs></Polygon></Placemark>
<Placemark><name>RODRIGUEZ, M.</name><styleUrl>#s</styleUrl><ExtendedData><Data name="propietar"><value>RODRIGUEZ, M.</value></Data><Data name="ocupacion"><value>MURO</value></Data><Data name="m2"><value>554</value></Data></ExtendedData><Polygon><outerBoundaryIs><LinearRing><coordinates>-59.448019,-34.443224 -59.448413,-34.443109 -59.448367,-34.442981 -59.447977,-34.443100 -59.448019,-34.443224</coordinates></LinearRing></outerBoundaryIs></Polygon></Placemark>
<Placemark><name>CALLE CERRADA</name><styleUrl>#s</styleUrl><ExtendedData><Data name="propietar"><value>CALLE CERRADA</value></Data><Data name="ocupacion"><value>CALLE CERRADA</value></Data><Data name="m2"><value>1273</value></Data></ExtendedData><Polygon><outerBoundaryIs><LinearRing><coordinates>-59.452592,-34.442192 -59.452439,-34.442236 -59.452694,-34.442967 -59.452853,-34.442935 -59.452592,-34.442192</coordinates></LinearRing></outerBoundaryIs></Polygon></Placemark>
<Placemark><name>IRIARTE, P.</name><styleUrl>#s</styleUrl><ExtendedData><Data name="propietar"><value>IRIARTE, P.</value></Data><Data name="ocupacion"><value>BALDIO</value></Data><Data name="m2"><value>1241</value></Data></ExtendedData><Polygon><outerBoundaryIs><LinearRing><coordinates>-59.451882,-34.442607 -59.451944,-34.442791 -59.452566,-34.442600 -59.452506,-34.442429 -59.451882,-34.442607</coordinates></LinearRing></outerBoundaryIs></Polygon></Placemark>
<Placemark><name>CASTRO, F.</name><styleUrl>#s</styleUrl><ExtendedData><Data name="propietar"><value>CASTRO, F.</value></Data><Data name="ocupacion"><value>CERCO</value></Data><Data name="m2"><value>513</value></Data></ExtendedData><Polygon><outerBoundaryIs><LinearRing><coordinates>-59.451944,-34.442791 -59.451882,-34.442607 -59.451634,-34.442678 -59.451699,-34.442866 -59.451944,-34.442791</coordinates></LinearRing></outerBoundaryIs></Polygon></Placemark>
<Placemark><name>GONZALEZ, S.</name><styleUrl>#s</styleUrl><ExtendedData><Data name="propietar"><value>GONZALEZ, S.</value></Data><Data name="ocupacion"><value>MURO</value></Data><Data name="m2"><value>584</value></Data></ExtendedData><Polygon><outerBoundaryIs><LinearRing><coordinates>-59.448267,-34.444458 -59.448356,-34.444731 -59.448548,-34.444667 -59.448458,-34.444400 -59.448267,-34.444458</coordinates></LinearRing></outerBoundaryIs></Polygon></Placemark>
<Placemark><name>CANEBARI</name><styleUrl>#s</styleUrl><ExtendedData><Data name="propietar"><value>CANEBARI</value></Data><Data name="ocupacion"><value>MURO</value></Data><Data name="m2"><value>866</value></Data></ExtendedData><Polygon><outerBoundaryIs><LinearRing><coordinates>-59.448356,-34.444731 -59.448267,-34.444458 -59.447986,-34.444543 -59.448081,-34.444823 -59.448356,-34.444731</coordinates></LinearRing></outerBoundaryIs></Polygon></Placemark>
<Placemark><name>RAMIREZ, A.</name><styleUrl>#s</styleUrl><ExtendedData><Data name="propietar"><value>RAMIREZ, A.</value></Data><Data name="ocupacion"><value>MURO</value></Data><Data name="m2"><value>503</value></Data></ExtendedData><Polygon><outerBoundaryIs><LinearRing><coordinates>-59.448721,-34.444721 -59.448783,-34.444918 -59.449013,-34.444860 -59.448943,-34.444657 -59.448721,-34.444721</coordinates></LinearRing></outerBoundaryIs></Polygon></Placemark>
<Placemark><name>OLMOS, J.</name><styleUrl>#s</styleUrl><ExtendedData><Data name="propietar"><value>OLMOS, J.</value></Data><Data name="ocupacion"><value>ALAMBRADO</value></Data><Data name="m2"><value>1134</value></Data></ExtendedData><Polygon><outerBoundaryIs><LinearRing><coordinates>-59.446954,-34.441618 -59.447781,-34.441368 -59.447735,-34.441237 -59.446913,-34.441507 -59.446954,-34.441618</coordinates></LinearRing></outerBoundaryIs></Polygon></Placemark>
<Placemark><name>CUCULLU, L.</name><styleUrl>#s</styleUrl><ExtendedData><Data name="propietar"><value>CUCULLU, L.</value></Data><Data name="ocupacion"><value>BALDIO</value></Data><Data name="m2"><value>1064</value></Data></ExtendedData><Polygon><outerBoundaryIs><LinearRing><coordinates>-59.446270,-34.441312 -59.446357,-34.441551 -59.446746,-34.441444 -59.446665,-34.441222 -59.446622,-34.441203 -59.446270,-34.441312</coordinates></LinearRing></outerBoundaryIs></Polygon></Placemark>
<Placemark><name>ACUÑA, A. C. DE</name><styleUrl>#s</styleUrl><ExtendedData><Data name="propietar"><value>ACUÑA, A. C. DE</value></Data><Data name="ocupacion"><value>MURO</value></Data><Data name="m2"><value>876</value></Data></ExtendedData><Polygon><outerBoundaryIs><LinearRing><coordinates>-59.446357,-34.441551 -59.446431,-34.441755 -59.446818,-34.441642 -59.446746,-34.441444 -59.446357,-34.441551</coordinates></LinearRing></outerBoundaryIs></Polygon></Placemark>
<Placemark><name>RODRIGUEZ, M.</name><styleUrl>#s</styleUrl><ExtendedData><Data name="propietar"><value>RODRIGUEZ, M.</value></Data><Data name="ocupacion"><value>MURO</value></Data><Data name="m2"><value>552</value></Data></ExtendedData><Polygon><outerBoundaryIs><LinearRing><coordinates>-59.447819,-34.444992 -59.447949,-34.445342 -59.448083,-34.445299 -59.447961,-34.444944 -59.447819,-34.444992</coordinates></LinearRing></outerBoundaryIs></Polygon></Placemark>
<Placemark><name>SILVA, A.</name><styleUrl>#s</styleUrl><ExtendedData><Data name="propietar"><value>SILVA, A.</value></Data><Data name="ocupacion"><value>MURO</value></Data><Data name="m2"><value>530</value></Data></ExtendedData><Polygon><outerBoundaryIs><LinearRing><coordinates>-59.447796,-34.445392 -59.447674,-34.445040 -59.447550,-34.445081 -59.447654,-34.445437 -59.447796,-34.445392</coordinates></LinearRing></outerBoundaryIs></Polygon></Placemark>
<Placemark><name>CARBONE, V.</name><styleUrl>#s</styleUrl><ExtendedData><Data name="propietar"><value>CARBONE, V.</value></Data><Data name="ocupacion"><value>MURO</value></Data><Data name="m2"><value>668</value></Data></ExtendedData><Polygon><outerBoundaryIs><LinearRing><coordinates>-59.447941,-34.445483 -59.448062,-34.445803 -59.448243,-34.445749 -59.448126,-34.445425 -59.447941,-34.445483</coordinates></LinearRing></outerBoundaryIs></Polygon></Placemark>
<Placemark><name>RODRIGUEZ, P.</name><styleUrl>#s</styleUrl><ExtendedData><Data name="propietar"><value>RODRIGUEZ, P.</value></Data><Data name="ocupacion"><value>MURO</value></Data><Data name="m2"><value>763</value></Data></ExtendedData><Polygon><outerBoundaryIs><LinearRing><coordinates>-59.447905,-34.446107 -59.447970,-34.446266 -59.448383,-34.446137 -59.448324,-34.445975 -59.447905,-34.446107</coordinates></LinearRing></outerBoundaryIs></Polygon></Placemark>
<Placemark><name>QUEVEDO, L.</name><styleUrl>#s</styleUrl><ExtendedData><Data name="propietar"><value>QUEVEDO, L.</value></Data><Data name="ocupacion"><value>MURO</value></Data><Data name="m2"><value>736</value></Data></ExtendedData><Polygon><outerBoundaryIs><LinearRing><coordinates>-59.447893,-34.446078 -59.447830,-34.445923 -59.447419,-34.446047 -59.447472,-34.446204 -59.447893,-34.446078</coordinates></LinearRing></outerBoundaryIs></Polygon></Placemark>
<Placemark><name>CASAS, M. TESTAMENTARIA</name><styleUrl>#s</styleUrl><ExtendedData><Data name="propietar"><value>CASAS, M. TESTAMENTARIA</value></Data><Data name="ocupacion"><value>CERCO</value></Data><Data name="m2"><value>3016</value></Data></ExtendedData><Polygon><outerBoundaryIs><LinearRing><coordinates>-59.451581,-34.445620 -59.452374,-34.445378 -59.452252,-34.445038 -59.451462,-34.445286 -59.451581,-34.445620</coordinates></LinearRing></outerBoundaryIs></Polygon></Placemark>
<Placemark><name>QUEVEDO, B.</name><styleUrl>#s</styleUrl><ExtendedData><Data name="propietar"><value>QUEVEDO, B.</value></Data><Data name="ocupacion"><value>MURO</value></Data><Data name="m2"><value>505</value></Data></ExtendedData><Polygon><outerBoundaryIs><LinearRing><coordinates>-59.447640,-34.446697 -59.447880,-34.446626 -59.447815,-34.446436 -59.447577,-34.446512 -59.447640,-34.446697</coordinates></LinearRing></outerBoundaryIs></Polygon></Placemark>
<Placemark><name>ESCOBAR, G.</name><styleUrl>#s</styleUrl><ExtendedData><Data name="propietar"><value>ESCOBAR, G.</value></Data><Data name="ocupacion"><value>CERCO</value></Data><Data name="m2"><value>241</value></Data></ExtendedData><Polygon><outerBoundaryIs><LinearRing><coordinates>-59.451012,-34.447059 -59.451038,-34.447134 -59.451079,-34.447143 -59.451308,-34.447073 -59.451269,-34.447002 -59.451012,-34.447059</coordinates></LinearRing></outerBoundaryIs></Polygon></Placemark>
<Placemark><name>MERLO, C.</name><styleUrl>#s</styleUrl><ExtendedData><Data name="propietar"><value>MERLO, C.</value></Data><Data name="ocupacion"><value>MURO</value></Data><Data name="m2"><value>1618</value></Data></ExtendedData><Polygon><outerBoundaryIs><LinearRing><coordinates>-59.448977,-34.447388 -59.449102,-34.447735 -59.449515,-34.447610 -59.449399,-34.447267 -59.448977,-34.447388</coordinates></LinearRing></outerBoundaryIs></Polygon></Placemark>
<Placemark><name>LOREA, P. D. JUEZ DE PAZ</name><styleUrl>#s</styleUrl><ExtendedData><Data name="propietar"><value>LOREA, P. D. JUEZ DE PAZ</value></Data><Data name="ocupacion"><value>MURO</value></Data><Data name="m2"><value>977</value></Data></ExtendedData><Polygon><outerBoundaryIs><LinearRing><coordinates>-59.447707,-34.448563 -59.448102,-34.448448 -59.448025,-34.448225 -59.447626,-34.448353 -59.447707,-34.448563</coordinates></LinearRing></outerBoundaryIs></Polygon></Placemark>
<Placemark><name>GIMENEZ, G.</name><styleUrl>#s</styleUrl><ExtendedData><Data name="propietar"><value>GIMENEZ, G.</value></Data><Data name="ocupacion"><value>MURO</value></Data><Data name="m2"><value>432</value></Data></ExtendedData><Polygon><outerBoundaryIs><LinearRing><coordinates>-59.447862,-34.448970 -59.447903,-34.449076 -59.448277,-34.448954 -59.448244,-34.448858 -59.447862,-34.448970</coordinates></LinearRing></outerBoundaryIs></Polygon></Placemark>
<Placemark><name>GALEANO, A.</name><styleUrl>#s</styleUrl><ExtendedData><Data name="propietar"><value>GALEANO, A.</value></Data><Data name="ocupacion"><value>ALAMBRADO</value></Data><Data name="m2"><value>812</value></Data></ExtendedData><Polygon><outerBoundaryIs><LinearRing><coordinates>-59.447377,-34.447711 -59.447440,-34.447879 -59.447857,-34.447750 -59.447796,-34.447576 -59.447377,-34.447711</coordinates></LinearRing></outerBoundaryIs></Polygon></Placemark>
<Placemark><name>ALVIS, I.</name><styleUrl>#s</styleUrl><ExtendedData><Data name="propietar"><value>ALVIS, I.</value></Data><Data name="ocupacion"><value>MURO</value></Data><Data name="m2"><value>450</value></Data></ExtendedData><Polygon><outerBoundaryIs><LinearRing><coordinates>-59.446680,-34.447019 -59.446874,-34.446954 -59.446813,-34.446754 -59.446610,-34.446818 -59.446680,-34.447019</coordinates></LinearRing></outerBoundaryIs></Polygon></Placemark>
<Placemark><name>PEÑALVA, M.</name><styleUrl>#s</styleUrl><ExtendedData><Data name="propietar"><value>PEÑALVA, M.</value></Data><Data name="ocupacion"><value>BALDIO</value></Data><Data name="m2"><value>394</value></Data></ExtendedData><Polygon><outerBoundaryIs><LinearRing><coordinates>-59.446722,-34.445133 -59.446671,-34.444961 -59.446463,-34.445027 -59.446519,-34.445197 -59.446722,-34.445133</coordinates></LinearRing></outerBoundaryIs></Polygon></Placemark>
<Placemark><name>CASAS,F.</name><styleUrl>#s</styleUrl><ExtendedData><Data name="propietar"><value>CASAS,F.</value></Data><Data name="ocupacion"><value>MURO</value></Data><Data name="m2"><value>555</value></Data></ExtendedData><Polygon><outerBoundaryIs><LinearRing><coordinates>-59.446519,-34.445197 -59.446557,-34.445311 -59.446974,-34.445189 -59.446934,-34.445065 -59.446519,-34.445197</coordinates></LinearRing></outerBoundaryIs></Polygon></Placemark>
<Placemark><name>DIAZ, F.</name><styleUrl>#s</styleUrl><ExtendedData><Data name="propietar"><value>DIAZ, F.</value></Data><Data name="ocupacion"><value>MURO</value></Data><Data name="m2"><value>430</value></Data></ExtendedData><Polygon><outerBoundaryIs><LinearRing><coordinates>-59.446867,-34.445431 -59.446949,-34.445665 -59.447109,-34.445613 -59.447035,-34.445380 -59.446867,-34.445431</coordinates></LinearRing></outerBoundaryIs></Polygon></Placemark>
<Placemark><name>RAODRIGUEZ, L.</name><styleUrl>#s</styleUrl><ExtendedData><Data name="propietar"><value>RAODRIGUEZ, L.</value></Data><Data name="ocupacion"><value>MURO</value></Data><Data name="m2"><value>1259</value></Data></ExtendedData><Polygon><outerBoundaryIs><LinearRing><coordinates>-59.446557,-34.445311 -59.446463,-34.445027 -59.446063,-34.445155 -59.446153,-34.445429 -59.446557,-34.445311</coordinates></LinearRing></outerBoundaryIs></Polygon></Placemark>
<Placemark><name>MONSALVO, F.</name><styleUrl>#s</styleUrl><ExtendedData><Data name="propietar"><value>MONSALVO, F.</value></Data><Data name="ocupacion"><value>ALAMBRADO</value></Data><Data name="m2"><value>597</value></Data></ExtendedData><Polygon><outerBoundaryIs><LinearRing><coordinates>-59.444215,-34.447839 -59.444259,-34.447971 -59.444672,-34.447844 -59.444629,-34.447718 -59.444215,-34.447839</coordinates></LinearRing></outerBoundaryIs></Polygon></Placemark>
<Placemark><name>BILDOSOLA, B.</name><styleUrl>#s</styleUrl><ExtendedData><Data name="propietar"><value>BILDOSOLA, B.</value></Data><Data name="ocupacion"><value>BALDIO</value></Data><Data name="m2"><value>790</value></Data></ExtendedData><Polygon><outerBoundaryIs><LinearRing><coordinates>-59.441899,-34.452047 -59.442397,-34.451894 -59.442335,-34.451737 -59.441875,-34.451909 -59.441899,-34.452047</coordinates></LinearRing></outerBoundaryIs></Polygon></Placemark>
<Placemark><name>ESCUELA INFANTIL</name><styleUrl>#s</styleUrl><ExtendedData><Data name="propietar"><value>ESCUELA INFANTIL</value></Data><Data name="ocupacion"><value>MURO</value></Data><Data name="m2"><value>1100</value></Data></ExtendedData><Polygon><outerBoundaryIs><LinearRing><coordinates>-59.440983,-34.453359 -59.441118,-34.453733 -59.441384,-34.453570 -59.441266,-34.453274 -59.440983,-34.453359</coordinates></LinearRing></outerBoundaryIs></Polygon></Placemark>
<Placemark><name>RODRIGUEZ, F.</name><styleUrl>#s</styleUrl><ExtendedData><Data name="propietar"><value>RODRIGUEZ, F.</value></Data><Data name="ocupacion"><value>ALAMBRADO</value></Data><Data name="m2"><value>7370</value></Data></ExtendedData><Polygon><outerBoundaryIs><LinearRing><coordinates>-59.436238,-34.451032 -59.436548,-34.451853 -59.437342,-34.451595 -59.437014,-34.450781 -59.436238,-34.451032</coordinates></LinearRing></outerBoundaryIs></Polygon></Placemark>
<Placemark><name>FREIRO, R.</name><styleUrl>#s</styleUrl><ExtendedData><Data name="propietar"><value>FREIRO, R.</value></Data><Data name="ocupacion"><value>ALAMBRADO</value></Data><Data name="m2"><value>9957</value></Data></ExtendedData><Polygon><outerBoundaryIs><LinearRing><coordinates>-59.434912,-34.456405 -59.435277,-34.457334 -59.436204,-34.457058 -59.435851,-34.456112 -59.434912,-34.456405</coordinates></LinearRing></outerBoundaryIs></Polygon></Placemark>
<Placemark><name>GALEANO, F.</name><styleUrl>#s</styleUrl><ExtendedData><Data name="propietar"><value>GALEANO, F.</value></Data><Data name="ocupacion"><value>CERCO</value></Data><Data name="m2"><value>906</value></Data></ExtendedData><Polygon><outerBoundaryIs><LinearRing><coordinates>-59.441923,-34.445725 -59.441992,-34.445914 -59.442422,-34.445794 -59.442358,-34.445608 -59.441923,-34.445725</coordinates></LinearRing></outerBoundaryIs></Polygon></Placemark>
<Placemark><name>SILVA, D. TESTAMENTARIA</name><styleUrl>#s</styleUrl><ExtendedData><Data name="propietar"><value>SILVA, D. TESTAMENTARIA</value></Data><Data name="ocupacion"><value>MURO</value></Data><Data name="m2"><value>811</value></Data></ExtendedData><Polygon><outerBoundaryIs><LinearRing><coordinates>-59.445695,-34.443422 -59.445829,-34.443777 -59.446027,-34.443726 -59.445902,-34.443364 -59.445695,-34.443422</coordinates></LinearRing></outerBoundaryIs></Polygon></Placemark>
<Placemark><name>PINTOS, M.</name><styleUrl>#s</styleUrl><ExtendedData><Data name="propietar"><value>PINTOS, M.</value></Data><Data name="ocupacion"><value>ALAMBRADO</value></Data><Data name="m2"><value>917</value></Data></ExtendedData><Polygon><outerBoundaryIs><LinearRing><coordinates>-59.441914,-34.444272 -59.442355,-34.444141 -59.442288,-34.443958 -59.441843,-34.444090 -59.441914,-34.444272</coordinates></LinearRing></outerBoundaryIs></Polygon></Placemark>
<Placemark><name>CARBONE, V.</name><styleUrl>#s</styleUrl><ExtendedData><Data name="propietar"><value>CARBONE, V.</value></Data><Data name="ocupacion"><value>ALAMBRADO</value></Data><Data name="m2"><value>840</value></Data></ExtendedData><Polygon><outerBoundaryIs><LinearRing><coordinates>-59.444559,-34.443213 -59.444691,-34.443613 -59.444885,-34.443557 -59.444745,-34.443165 -59.444559,-34.443213</coordinates></LinearRing></outerBoundaryIs></Polygon></Placemark>
<Placemark><name>SILVA, T.</name><styleUrl>#s</styleUrl><ExtendedData><Data name="propietar"><value>SILVA, T.</value></Data><Data name="ocupacion"><value>CERCO</value></Data><Data name="m2"><value>1122</value></Data></ExtendedData><Polygon><outerBoundaryIs><LinearRing><coordinates>-59.444206,-34.441600 -59.444304,-34.441862 -59.444693,-34.441733 -59.444604,-34.441492 -59.444206,-34.441600</coordinates></LinearRing></outerBoundaryIs></Polygon></Placemark>
<Placemark><name>VELOZ, A.</name><styleUrl>#s</styleUrl><ExtendedData><Data name="propietar"><value>VELOZ, A.</value></Data><Data name="ocupacion"><value>ALAMBRADO</value></Data><Data name="m2"><value>901</value></Data></ExtendedData><Polygon><outerBoundaryIs><LinearRing><coordinates>-59.444131,-34.441402 -59.444206,-34.441600 -59.444604,-34.441492 -59.444529,-34.441288 -59.444131,-34.441402</coordinates></LinearRing></outerBoundaryIs></Polygon></Placemark>
<Placemark><name>CHAVES, F.</name><styleUrl>#s</styleUrl><ExtendedData><Data name="propietar"><value>CHAVES, F.</value></Data><Data name="ocupacion"><value>MURO</value></Data><Data name="m2"><value>1128</value></Data></ExtendedData><Polygon><outerBoundaryIs><LinearRing><coordinates>-59.446479,-34.440700 -59.445691,-34.440970 -59.445732,-34.441091 -59.446525,-34.440831 -59.446479,-34.440700</coordinates></LinearRing></outerBoundaryIs></Polygon></Placemark>
<Placemark><name>ANDERATE, D.</name><styleUrl>#s</styleUrl><ExtendedData><Data name="propietar"><value>ANDERATE, D.</value></Data><Data name="ocupacion"><value>ALAMBRADO</value></Data><Data name="m2"><value>660</value></Data></ExtendedData><Polygon><outerBoundaryIs><LinearRing><coordinates>-59.445560,-34.438715 -59.445448,-34.438345 -59.445284,-34.438384 -59.445399,-34.438756 -59.445560,-34.438715</coordinates></LinearRing></outerBoundaryIs></Polygon></Placemark>
<Placemark><name>LEDESMA, M.</name><styleUrl>#s</styleUrl><ExtendedData><Data name="propietar"><value>LEDESMA, M.</value></Data><Data name="ocupacion"><value>CERCO</value></Data><Data name="m2"><value>609</value></Data></ExtendedData><Polygon><outerBoundaryIs><LinearRing><coordinates>-59.445448,-34.438345 -59.445560,-34.438715 -59.445722,-34.438675 -59.445587,-34.438312 -59.445448,-34.438345</coordinates></LinearRing></outerBoundaryIs></Polygon></Placemark>
</Document></kml>
