{"type":"FeatureCollection","name":"parcelas_urbanas_1884","title":"Pueblo de San Andrés de Giles, 1884","features":[{"type":"Feature","properties":{"propietar":"CUCULLU S.","ocupacion":"BALDIO","m2":23988},"geometry":{"type":"Polygon","coordinates":[[[-59.446735,-34.437939],[-59.447151,-34.437815],[-59.447261,-34.438117],[-59.449857,-34.437327],[-59.449129,-34.436472],[-59.446629,-34.437647],[-59.446735,-34.437939]]]}},{"type":"Feature","properties":{"propietar":"MARIN D.","ocupacion":"BALDIO","m2":4527},"geometry":{"type":"Polygon","coordinates":[[[-59.445754,-34.438367],[-59.44663,-34.438077],[-59.446432,-34.437546],[-59.445996,-34.437678],[-59.446061,-34.437875],[-59.445606,-34.437987],[-59.445754,-34.438367]]]}},{"type":"Feature","properties":{"propietar":"SANTEYA, P.","ocupacion":"CERCO","m2":5449},"geometry":{"type":"Polygon","coordinates":[[[-59.445004,-34.438856],[-59.445244,-34.439538],[-59.445971,-34.439347],[-59.445722,-34.438675],[-59.445004,-34.438856]]]}},{"type":"Feature","properties":{"propietar":"PELAEZ, F.","ocupacion":"ALAMBRADO","m2":8432},"geometry":{"type":"Polygon","coordinates":[[[-59.444402,-34.440457],[-59.444817,-34.440335],[-59.444682,-34.439964],[-59.445135,-34.439764],[-59.444892,-34.439052],[-59.444068,-34.439455],[-59.444402,-34.440457]]]}},{"type":"Feature","properties":{"propietar":"GOMEZ, I.","ocupacion":"ALAMBRADO","m2":6861},"geometry":{"type":"Polygon","coordinates":[[[-59.443441,-34.440784],[-59.444274,-34.440528],[-59.44403,-34.439798],[-59.443183,-34.44007],[-59.443441,-34.440784]]]}},{"type":"Feature","properties":{"propietar":"LARROSA V.","ocupacion":"BALDIO","m2":12380},"geometry":{"type":"Polygon","coordinates":[[[-59.449085,-34.438494],[-59.449378,-34.439291],[-59.450817,-34.438841],[-59.450336,-34.438082],[-59.449085,-34.438494]]]}},{"type":"Feature","properties":{"propietar":"FLORES, F.","ocupacion":"BALDIO","m2":918},"geometry":{"type":"Polygon","coordinates":[[[-59.447761,-34.439559],[-59.447825,-34.439756],[-59.448255,-34.439617],[-59.448189,-34.439434],[-59.447761,-34.439559]]]}},{"type":"Feature","properties":{"propietar":"RESTA, A.","ocupacion":"MURO","m2":1837},"geometry":{"type":"Polygon","coordinates":[[[-59.446869,-34.440071],[-59.446722,-34.439693],[-59.446302,-34.439825],[-59.446446,-34.440208],[-59.446869,-34.440071]]]}},{"type":"Feature","properties":{"propietar":"FIGUEROA, R.","ocupacion":"ALAMBRADO","m2":1819},"geometry":{"type":"Polygon","coordinates":[[[-59.443031,-34.441388],[-59.442897,-34.441011],[-59.442479,-34.441148],[-59.442616,-34.441535],[-59.443031,-34.441388]]]}},{"type":"Feature","properties":{"propietar":"BARCO, P. TESTAMENTARIA","ocupacion":"MURO","m2":1775},"geometry":{"type":"Polygon","coordinates":[[[-59.447022,-34.440544],[-59.447452,-34.440407],[-59.447318,-34.440046],[-59.446885,-34.440184],[-59.447022,-34.440544]]]}},{"type":"Feature","properties":{"propietar":"QUINTEROS, A. V. DE","ocupacion":"ALAMBRADO","m2":2541},"geometry":{"type":"Polygon","coordinates":[[[-59.444755,-34.441463],[-59.445212,-34.441323],[-59.445028,-34.440819],[-59.444585,-34.440972],[-59.444755,-34.441463]]]}},{"type":"Feature","properties":{"propietar":"FRIAS, E.","ocupacion":"CERCO","m2":3395},"geometry":{"type":"Polygon","coordinates":[[[-59.444304,-34.441862],[-59.444041,-34.441163],[-59.443617,-34.441306],[-59.443882,-34.442003],[-59.444304,-34.441862]]]}},{"type":"Feature","properties":{"propietar":"GOMEZ, T.","ocupacion":"ALAMBRADO","m2":4396},"geometry":{"type":"Polygon","coordinates":[[[-59.441138,-34.442178],[-59.441418,-34.442874],[-59.441956,-34.442693],[-59.441685,-34.441988],[-59.441138,-34.442178]]]}},{"type":"Feature","properties":{"propietar":"VERAZ TESTAMENTARIA","ocupacion":"ALAMBRADO","m2":47787},"geometry":{"type":"Polygon","coordinates":[[[-59.438252,-34.444685],[-59.441092,-34.443808],[-59.440557,-34.442262],[-59.437755,-34.44325],[-59.438252,-34.444685]]]}},{"type":"Feature","properties":{"propietar":"RODRIGUEZ, M.","ocupacion":"CERCO","m2":3548},"geometry":{"type":"Polygon","coordinates":[[[-59.445322,-34.44304],[-59.446175,-34.442779],[-59.446049,-34.442412],[-59.445184,-34.442678],[-59.445322,-34.44304]]]}},{"type":"Feature","properties":{"propietar":"LAVALLEN, R. TESTAMENTARIA","ocupacion":"CERCO","m2":6251},"geometry":{"type":"Polygon","coordinates":[[[-59.443052,-34.443325],[-59.442298,-34.443557],[-59.442551,-34.44429],[-59.44331,-34.444055],[-59.443052,-34.443325]]]}},{"type":"Feature","properties":{"propietar":"GAMBOA, C.","ocupacion":"BALDIO","m2":1954},"geometry":{"type":"Polygon","coordinates":[[[-59.441392,-34.444223],[-59.441525,-34.444605],[-59.441989,-34.444463],[-59.441843,-34.44409],[-59.441392,-34.444223]]]}},{"type":"Feature","properties":{"propietar":"GALEANO, B.","ocupacion":"MURO","m2":1785},"geometry":{"type":"Polygon","coordinates":[[[-59.448922,-34.442814],[-59.449049,-34.443189],[-59.449479,-34.443053],[-59.449353,-34.442692],[-59.448922,-34.442814]]]}},{"type":"Feature","properties":{"propietar":"RODRIGUEZ, J. M.","ocupacion":"MURO","m2":1797},"geometry":{"type":"Polygon","coordinates":[[[-59.447542,-34.443233],[-59.447667,-34.443601],[-59.448101,-34.443468],[-59.447977,-34.4431],[-59.447542,-34.443233]]]}},{"type":"Feature","properties":{"propietar":"AREVALO, F. TESTAMENTARIA","ocupacion":"MURO","m2":3487},"geometry":{"type":"Polygon","coordinates":[[[-59.447124,-34.443768],[-59.4469,-34.443056],[-59.446459,-34.443188],[-59.446689,-34.443901],[-59.447124,-34.443768]]]}},{"type":"Feature","properties":{"propietar":"ALVAREZ, C.","ocupacion":"MURO","m2":3405},"geometry":{"type":"Polygon","coordinates":[[[-59.444632,-34.444155],[-59.444754,-34.44452],[-59.445604,-34.444255],[-59.44548,-34.443908],[-59.444632,-34.444155]]]}},{"type":"Feature","properties":{"propietar":"CORDOBA, M.","ocupacion":"BALDIO","m2":6602},"geometry":{"type":"Polygon","coordinates":[[[-59.444375,-34.443844],[-59.443568,-34.444095],[-59.443823,-34.444821],[-59.444625,-34.444571],[-59.444375,-34.443844]]]}},{"type":"Feature","properties":{"propietar":"CASADO","ocupacion":"BALDIO","m2":1777},"geometry":{"type":"Polygon","coordinates":[[[-59.451634,-34.442678],[-59.452506,-34.442429],[-59.452439,-34.442236],[-59.451575,-34.442506],[-59.451634,-34.442678]]]}},{"type":"Feature","properties":{"propietar":"AREVALO, JUAN","ocupacion":"CERCO","m2":4986},"geometry":{"type":"Polygon","coordinates":[[[-59.45127,-34.443419],[-59.451141,-34.443035],[-59.451552,-34.44291],[-59.45143,-34.442568],[-59.450603,-34.442827],[-59.450854,-34.443546],[-59.45127,-34.443419]]]}},{"type":"Feature","properties":{"propietar":"CAFARO, P.","ocupacion":"CERCO","m2":1752},"geometry":{"type":"Polygon","coordinates":[[[-59.450186,-34.443355],[-59.450609,-34.443229],[-59.450483,-34.442857],[-59.450061,-34.44299],[-59.450186,-34.443355]]]}},{"type":"Feature","properties":{"propietar":"RUIZ, L.","ocupacion":"MURO","m2":1877},"geometry":{"type":"Polygon","coordinates":[[[-59.447812,-34.444029],[-59.447945,-34.444422],[-59.448377,-34.444291],[-59.448241,-34.443909],[-59.447812,-34.444029]]]}},{"type":"Feature","properties":{"propietar":"ACUÑA, G.","ocupacion":"MURO","m2":2071},"geometry":{"type":"Polygon","coordinates":[[[-59.446845,-34.444384],[-59.447345,-34.444217],[-59.447209,-34.443855],[-59.446723,-34.444006],[-59.446845,-34.444384]]]}},{"type":"Feature","properties":{"propietar":"PONCE, M.","ocupacion":"MURO","m2":3587},"geometry":{"type":"Polygon","coordinates":[[[-59.446458,-34.444896],[-59.446225,-34.444177],[-59.445774,-34.444315],[-59.446008,-34.445012],[-59.44603,-34.44502],[-59.446458,-34.444896]]]}},{"type":"Feature","properties":{"propietar":"GONZALEZ, A.","ocupacion":"MURO","m2":1622},"geometry":{"type":"Polygon","coordinates":[[[-59.444914,-34.444999],[-59.44503,-34.445345],[-59.445457,-34.445206],[-59.445336,-34.444876],[-59.444914,-34.444999]]]}},{"type":"Feature","properties":{"propietar":"RODRIGUEZ, M.","ocupacion":"BALDIO","m2":3849},"geometry":{"type":"Polygon","coordinates":[[[-59.443955,-34.445225],[-59.44409,-34.44565],[-59.444904,-34.445386],[-59.444761,-34.444968],[-59.443955,-34.445225]]]}},{"type":"Feature","properties":{"propietar":"SILVA, M. TESTAMENTARIA","ocupacion":"MURO","m2":6433},"geometry":{"type":"Polygon","coordinates":[[[-59.450765,-34.443694],[-59.449946,-34.443947],[-59.450196,-34.44465],[-59.451,-34.444394],[-59.450765,-34.443694]]]}},{"type":"Feature","properties":{"propietar":"CUELLO, A.","ocupacion":"MURO","m2":3647},"geometry":{"type":"Polygon","coordinates":[[[-59.449072,-34.444563],[-59.449206,-34.444946],[-59.450047,-34.444689],[-59.449912,-34.444304],[-59.449072,-34.444563]]]}},{"type":"Feature","properties":{"propietar":"RODRIGUEZ, M. D. DE","ocupacion":"MURO","m2":1553},"geometry":{"type":"Polygon","coordinates":[[[-59.448081,-34.444823],[-59.448231,-34.445267],[-59.448439,-34.4452],[-59.448342,-34.44492],[-59.448609,-34.444848],[-59.448548,-34.444667],[-59.448081,-34.444823]]]}},{"type":"Feature","properties":{"propietar":"BRAVO, C. TESTAMENTARIA","ocupacion":"MURO","m2":1645},"geometry":{"type":"Polygon","coordinates":[[[-59.447654,-34.445437],[-59.44755,-34.445081],[-59.447128,-34.445214],[-59.44725,-34.445568],[-59.447654,-34.445437]]]}},{"type":"Feature","properties":{"propietar":"PERALTA, S.","ocupacion":"BALDIO","m2":1220},"geometry":{"type":"Polygon","coordinates":[[[-59.446546,-34.445795],[-59.446398,-34.445357],[-59.446153,-34.445429],[-59.4463,-34.445874],[-59.446546,-34.445795]]]}},{"type":"Feature","properties":{"propietar":"MOLINA, L. TESTAMENTARIA","ocupacion":"MURO","m2":4965},"geometry":{"type":"Polygon","coordinates":[[[-59.445938,-34.445977],[-59.445694,-34.445261],[-59.445083,-34.445459],[-59.445317,-34.446171],[-59.445938,-34.445977]]]}},{"type":"Feature","properties":{"propietar":"LARROSA, P. M. DE","ocupacion":"BALDIO","m2":3388},"geometry":{"type":"Polygon","coordinates":[[[-59.444273,-34.446099],[-59.444405,-34.446475],[-59.445203,-34.446222],[-59.445077,-34.44585],[-59.444273,-34.446099]]]}},{"type":"Feature","properties":{"propietar":"CUCULLU, I.","ocupacion":"MURO","m2":5019},"geometry":{"type":"Polygon","coordinates":[[[-59.448705,-34.445247],[-59.448823,-34.445585],[-59.448371,-34.44571],[-59.448507,-34.446098],[-59.44934,-34.445838],[-59.44909,-34.44513],[-59.448705,-34.445247]]]}},{"type":"Feature","properties":{"propietar":"GARATI, J.","ocupacion":"MURO","m2":625},"geometry":{"type":"Polygon","coordinates":[[[-59.447575,-34.446],[-59.447445,-34.445637],[-59.447296,-34.445684],[-59.447419,-34.446047],[-59.447575,-34.446]]]}},{"type":"Feature","properties":{"propietar":"VERAS, R. TESTAMENTARIA","ocupacion":"BALDIO","m2":5021},"geometry":{"type":"Polygon","coordinates":[[[-59.44699,-34.446572],[-59.446869,-34.446206],[-59.447277,-34.446105],[-59.447145,-34.445731],[-59.446326,-34.445994],[-59.446571,-34.446703],[-59.44699,-34.446572]]]}},{"type":"Feature","properties":{"propietar":"RUIZ, L.","ocupacion":"BALDIO","m2":6670},"geometry":{"type":"Polygon","coordinates":[[[-59.446183,-34.44604],[-59.445359,-34.446305],[-59.445607,-34.44702],[-59.446431,-34.446751],[-59.446183,-34.44604]]]}},{"type":"Feature","properties":{"propietar":"CUCULLU, I.","ocupacion":"BALDIO","m2":6273},"geometry":{"type":"Polygon","coordinates":[[[-59.445227,-34.446347],[-59.444445,-34.446589],[-59.444697,-34.447305],[-59.445471,-34.447055],[-59.445227,-34.446347]]]}},{"type":"Feature","properties":{"propietar":"ACUÑA, A.","ocupacion":"BALDIO","m2":6926},"geometry":{"type":"Polygon","coordinates":[[[-59.444266,-34.446644],[-59.443412,-34.446919],[-59.443676,-34.44764],[-59.444506,-34.447374],[-59.444266,-34.446644]]]}},{"type":"Feature","properties":{"propietar":"CASAS, R. G. DE","ocupacion":"ALAMBRADO","m2":6733},"geometry":{"type":"Polygon","coordinates":[[[-59.443282,-34.446967],[-59.442457,-34.447238],[-59.442704,-34.447953],[-59.443534,-34.447686],[-59.443282,-34.446967]]]}},{"type":"Feature","properties":{"propietar":"QUINTEROS TESTAMENTARIA","ocupacion":"CERCO","m2":7031},"geometry":{"type":"Polygon","coordinates":[[[-59.442315,-34.447283],[-59.441463,-34.447557],[-59.441718,-34.448286],[-59.442575,-34.447998],[-59.442315,-34.447283]]]}},{"type":"Feature","properties":{"propietar":"CAFARO, V.","ocupacion":"PARTE CEMENTERIO VIEJO","m2":18871},"geometry":{"type":"Polygon","coordinates":[[[-59.454911,-34.445057],[-59.454613,-34.444306],[-59.452429,-34.444999],[-59.452678,-34.445752],[-59.454911,-34.445057]]]}},{"type":"Feature","properties":{"propietar":"LARRECA, L.","ocupacion":"ALAMBRADO","m2":3643},"geometry":{"type":"Polygon","coordinates":[[[-59.451581,-34.44562],[-59.451725,-34.446027],[-59.452519,-34.445782],[-59.452374,-34.445378],[-59.451581,-34.44562]]]}},{"type":"Feature","properties":{"propietar":"GONZALEZ, T.","ocupacion":"MURO","m2":2225},"geometry":{"type":"Polygon","coordinates":[[[-59.449694,-34.446379],[-59.449776,-34.446617],[-59.450623,-34.446368],[-59.450543,-34.446138],[-59.449694,-34.446379]]]}},{"type":"Feature","properties":{"propietar":"ALVAREZ, R.","ocupacion":"MURO","m2":1789},"geometry":{"type":"Polygon","coordinates":[[[-59.448721,-34.446711],[-59.449332,-34.446527],[-59.449242,-34.446269],[-59.44863,-34.44645],[-59.448721,-34.446711]]]}},{"type":"Feature","properties":{"propietar":"ACUÑA, G.","ocupacion":"BALDIO","m2":6523},"geometry":{"type":"Polygon","coordinates":[[[-59.447815,-34.446436],[-59.44788,-34.446626],[-59.44764,-34.446697],[-59.447826,-34.447246],[-59.448682,-34.446967],[-59.448421,-34.446244],[-59.447815,-34.446436]]]}},{"type":"Feature","properties":{"propietar":"DIONOFRIO, V.","ocupacion":"MURO","m2":1748},"geometry":{"type":"Polygon","coordinates":[[[-59.446813,-34.446754],[-59.446874,-34.446954],[-59.44668,-34.447019],[-59.446759,-34.447248],[-59.447211,-34.447106],[-59.44706,-34.446675],[-59.446813,-34.446754]]]}},{"type":"Feature","properties":{"propietar":"GONZALEZ, T.","ocupacion":"ALAMBRADO","m2":5407},"geometry":{"type":"Polygon","coordinates":[[[-59.445108,-34.447297],[-59.445231,-34.447631],[-59.44479,-34.44777],[-59.444927,-34.448176],[-59.445773,-34.447896],[-59.445525,-34.447166],[-59.445108,-34.447297]]]}},{"type":"Feature","properties":{"propietar":"RAGGIO, S.","ocupacion":"ALAMBRADO","m2":3625},"geometry":{"type":"Polygon","coordinates":[[[-59.44383,-34.448104],[-59.443967,-34.448494],[-59.444799,-34.448219],[-59.444672,-34.447844],[-59.44383,-34.448104]]]}},{"type":"Feature","properties":{"propietar":"TEJO, J. F.","ocupacion":"MURO","m2":6833},"geometry":{"type":"Polygon","coordinates":[[[-59.45066,-34.446473],[-59.449806,-34.446738],[-59.450053,-34.447439],[-59.450909,-34.44719],[-59.45066,-34.446473]]]}},{"type":"Feature","properties":{"propietar":"LESCANO, F.","ocupacion":"MURO","m2":1705},"geometry":{"type":"Polygon","coordinates":[[[-59.448977,-34.447388],[-59.449399,-34.447267],[-59.449275,-34.446903],[-59.448851,-34.447035],[-59.448977,-34.447388]]]}},{"type":"Feature","properties":{"propietar":"REBELLI, P.","ocupacion":"ALAMBRADO","m2":1680},"geometry":{"type":"Polygon","coordinates":[[[-59.44744,-34.447879],[-59.447575,-34.448239],[-59.447983,-34.448106],[-59.447857,-34.44775],[-59.44744,-34.447879]]]}},{"type":"Feature","properties":{"propietar":"ORTIZ, A. D. DE","ocupacion":"ALAMBRADO","m2":1770},"geometry":{"type":"Polygon","coordinates":[[[-59.446053,-34.448339],[-59.446476,-34.448206],[-59.446341,-34.447836],[-59.445922,-34.447969],[-59.446053,-34.448339]]]}},{"type":"Feature","properties":{"propietar":"LESCANO, M.","ocupacion":"ALAMBRADO","m2":1772},"geometry":{"type":"Polygon","coordinates":[[[-59.444538,-34.448838],[-59.444963,-34.448699],[-59.444839,-34.448335],[-59.444406,-34.448474],[-59.444538,-34.448838]]]}},{"type":"Feature","properties":{"propietar":"GUIZZETTI,C.","ocupacion":"ALAMBRADO","m2":6725},"geometry":{"type":"Polygon","coordinates":[[[-59.449954,-34.447611],[-59.449135,-34.447862],[-59.449383,-34.448594],[-59.450199,-34.44834],[-59.449954,-34.447611]]]}},{"type":"Feature","properties":{"propietar":"CHIMINIO, G.","ocupacion":"MURO","m2":1880},"geometry":{"type":"Polygon","coordinates":[[[-59.447316,-34.448861],[-59.447442,-34.449226],[-59.447903,-34.449076],[-59.447765,-34.448716],[-59.447316,-34.448861]]]}},{"type":"Feature","properties":{"propietar":"BOTTO, P.","ocupacion":"ALAMBRADO","m2":55698},"geometry":{"type":"Polygon","coordinates":[[[-59.444283,-34.453132],[-59.447339,-34.452132],[-59.446793,-34.450516],[-59.443904,-34.451458],[-59.44396,-34.452373],[-59.444283,-34.453132]]]}},{"type":"Feature","properties":{"propietar":"MOGLIA, JUAN","ocupacion":"ALAMBRADO","m2":41183},"geometry":{"type":"Polygon","coordinates":[[[-59.436771,-34.443738],[-59.437176,-34.445004],[-59.438256,-34.444682],[-59.437759,-34.443246],[-59.440557,-34.442262],[-59.44014,-34.44106],[-59.438128,-34.442615],[-59.436771,-34.443738]]]}},{"type":"Feature","properties":{"propietar":"SCARANO, M.","ocupacion":"ALAMBRADO","m2":35335},"geometry":{"type":"Polygon","coordinates":[[[-59.436055,-34.444288],[-59.434025,-34.4459],[-59.43441,-34.446793],[-59.436655,-34.44611],[-59.436055,-34.444288]]]}},{"type":"Feature","properties":{"propietar":"CARBONE, V.","ocupacion":"CERCO","m2":23783},"geometry":{"type":"Polygon","coordinates":[[[-59.438111,-34.447709],[-59.43522,-34.448603],[-59.43549,-34.449338],[-59.438372,-34.448423],[-59.438111,-34.447709]]]}},{"type":"Feature","properties":{"propietar":"PUCCE, B.","ocupacion":"ALAMBRADO","m2":7241},"geometry":{"type":"Polygon","coordinates":[[[-59.441316,-34.44759],[-59.440477,-34.447857],[-59.440722,-34.448619],[-59.44158,-34.448337],[-59.441316,-34.44759]]]}},{"type":"Feature","properties":{"propietar":"ORMILUGUE, J.","ocupacion":"ALAMBRADO","m2":7192},"geometry":{"type":"Polygon","coordinates":[[[-59.439505,-34.448163],[-59.439768,-34.448939],[-59.440586,-34.448663],[-59.440334,-34.447895],[-59.439505,-34.448163]]]}},{"type":"Feature","properties":{"propietar":"CASADO, JOSE","ocupacion":"CERCO","m2":36489},"geometry":{"type":"Polygon","coordinates":[[[-59.435907,-34.450202],[-59.436238,-34.451032],[-59.437014,-34.450781],[-59.437342,-34.451595],[-59.439431,-34.450934],[-59.439118,-34.450126],[-59.438048,-34.450476],[-59.43772,-34.449636],[-59.435907,-34.450202]]]}},{"type":"Feature","properties":{"propietar":"BILDOSOLA, B.","ocupacion":"MURO","m2":10027},"geometry":{"type":"Polygon","coordinates":[[[-59.441899,-34.452047],[-59.441947,-34.452323],[-59.441132,-34.452605],[-59.441331,-34.453101],[-59.442796,-34.452628],[-59.442689,-34.452253],[-59.442556,-34.452294],[-59.442397,-34.451894],[-59.441899,-34.452047]]]}},{"type":"Feature","properties":{"propietar":"ARTOLA, J.","ocupacion":"MURO","m2":4653},"geometry":{"type":"Polygon","coordinates":[[[-59.44093,-34.451485],[-59.441183,-34.452119],[-59.441812,-34.451927],[-59.44157,-34.451278],[-59.44093,-34.451485]]]}},{"type":"Feature","properties":{"propietar":"CUCULLU, S.","ocupacion":"MURO","m2":16709},"geometry":{"type":"Polygon","coordinates":[[[-59.43911,-34.453005],[-59.440922,-34.452411],[-59.44062,-34.45161],[-59.438807,-34.452194],[-59.43911,-34.453005]]]}},{"type":"Feature","properties":{"propietar":"PICHETTO, J.","ocupacion":"ALAMBRADO","m2":2896},"geometry":{"type":"Polygon","coordinates":[[[-59.441118,-34.453733],[-59.440983,-34.453359],[-59.440408,-34.453531],[-59.440602,-34.45405],[-59.441118,-34.453733]]]}},{"type":"Feature","properties":{"propietar":"MOLINARES, T.","ocupacion":"ALAMBRADO","m2":6861},"geometry":{"type":"Polygon","coordinates":[[[-59.440458,-34.454126],[-59.440255,-34.453577],[-59.439429,-34.453824],[-59.439775,-34.454745],[-59.440458,-34.454126]]]}},{"type":"Feature","properties":{"propietar":"QUEVEDO, P.","ocupacion":"ALAMBRADO","m2":8012},"geometry":{"type":"Polygon","coordinates":[[[-59.437487,-34.454424],[-59.437782,-34.455248],[-59.438642,-34.45503],[-59.438293,-34.454155],[-59.437487,-34.454424]]]}},{"type":"Feature","properties":{"propietar":"PICHETTO, J.","ocupacion":"CERCO","m2":35517},"geometry":{"type":"Polygon","coordinates":[[[-59.43512,-34.454255],[-59.433186,-34.45486],[-59.433786,-34.456433],[-59.43576,-34.455866],[-59.43512,-34.454255]]]}},{"type":"Feature","properties":{"propietar":"MARMOL, AURELIO","ocupacion":"ALAMBRADO","m2":39833},"geometry":{"type":"Polygon","coordinates":[[[-59.435851,-34.456112],[-59.436204,-34.457058],[-59.43343,-34.457881],[-59.43389,-34.45907],[-59.43629,-34.457277],[-59.438561,-34.45543],[-59.435851,-34.456112]]]}},{"type":"Feature","properties":{"propietar":"BARRIONUEVO, J. A.","ocupacion":"ALAMBRADO","m2":3810},"geometry":{"type":"Polygon","coordinates":[[[-59.442739,-34.440546],[-59.442472,-34.439807],[-59.442031,-34.439956],[-59.442262,-34.440663],[-59.442316,-34.440685],[-59.442739,-34.440546]]]}},{"type":"Feature","properties":{"propietar":"VELOZ, A.","ocupacion":"ALAMBRADO","m2":7266},"geometry":{"type":"Polygon","coordinates":[[[-59.442447,-34.444422],[-59.441606,-34.444708],[-59.441589,-34.444736],[-59.441803,-34.445421],[-59.441844,-34.445434],[-59.442701,-34.445161],[-59.442447,-34.444422]]]}},{"type":"Feature","properties":{"propietar":"BOTTO, P","ocupacion":"ALAMBRADO","m2":6788},"geometry":{"type":"Polygon","coordinates":[[[-59.443675,-34.444991],[-59.44289,-34.445237],[-59.44287,-34.445273],[-59.443117,-34.445933],[-59.443157,-34.44595],[-59.443959,-34.445691],[-59.443716,-34.445005],[-59.443675,-34.444991]]]}},{"type":"Feature","properties":{"propietar":"SANTOS, M. DE LOS","ocupacion":"CERCO","m2":1871},"geometry":{"type":"Polygon","coordinates":[[[-59.442422,-34.445794],[-59.442861,-34.445672],[-59.442738,-34.445315],[-59.442693,-34.445297],[-59.442291,-34.445414],[-59.442422,-34.445794]]]}},{"type":"Feature","properties":{"propietar":"VALENZUELA TESTAMENTARIA","ocupacion":"MURO","m2":7249},"geometry":{"type":"Polygon","coordinates":[[[-59.441698,-34.445597],[-59.440854,-34.445857],[-59.441114,-34.446581],[-59.441148,-34.446593],[-59.44195,-34.446338],[-59.441971,-34.446299],[-59.441732,-34.445612],[-59.441698,-34.445597]]]}},{"type":"Feature","properties":{"propietar":"BOTTO, P.","ocupacion":"ALAMBRADO","m2":6557},"geometry":{"type":"Polygon","coordinates":[[[-59.442962,-34.446157],[-59.442186,-34.4464],[-59.442171,-34.446423],[-59.442402,-34.447083],[-59.442441,-34.447097],[-59.443202,-34.446864],[-59.443227,-34.446827],[-59.443006,-34.446172],[-59.442962,-34.446157]]]}},{"type":"Feature","properties":{"propietar":"AGUIRRE, E.","ocupacion":"MURO","m2":6918},"geometry":{"type":"Polygon","coordinates":[[[-59.441996,-34.446446],[-59.441198,-34.4467],[-59.441184,-34.446741],[-59.441414,-34.447401],[-59.441448,-34.447414],[-59.442254,-34.447161],[-59.44228,-34.447136],[-59.442026,-34.446457],[-59.441996,-34.446446]]]}},{"type":"Feature","properties":{"propietar":"CASAS, G. R. DE","ocupacion":"BALDIO","m2":7259},"geometry":{"type":"Polygon","coordinates":[[[-59.442586,-34.448111],[-59.441762,-34.448373],[-59.441743,-34.448404],[-59.442003,-34.449093],[-59.442042,-34.449106],[-59.442844,-34.448849],[-59.442864,-34.448823],[-59.44262,-34.448126],[-59.442586,-34.448111]]]}},{"type":"Feature","properties":{"propietar":"RAGGIO, S.","ocupacion":"ALAMBRADO","m2":6715},"geometry":{"type":"Polygon","coordinates":[[[-59.443866,-34.448669],[-59.443041,-34.448926],[-59.443273,-34.449633],[-59.443296,-34.449643],[-59.444079,-34.449399],[-59.4441,-34.449367],[-59.443866,-34.448669]]]}},{"type":"Feature","properties":{"propietar":"FRIAS, F.","ocupacion":"ALAMBRADO","m2":6595},"geometry":{"type":"Polygon","coordinates":[[[-59.446049,-34.44886],[-59.445288,-34.449116],[-59.445273,-34.44914],[-59.445506,-34.4498],[-59.445534,-34.449816],[-59.446318,-34.449573],[-59.44633,-34.449542],[-59.446093,-34.448876],[-59.446049,-34.44886]]]}},{"type":"Feature","properties":{"propietar":"BOTTO, P.","ocupacion":"MURO","m2":7125},"geometry":{"type":"Polygon","coordinates":[[[-59.44442,-34.450334],[-59.443656,-34.450598],[-59.443626,-34.450651],[-59.443848,-34.451293],[-59.443899,-34.451314],[-59.444274,-34.451193],[-59.444287,-34.451224],[-59.4447,-34.451087],[-59.444723,-34.451049],[-59.444465,-34.450351],[-59.44442,-34.450334]]]}},{"type":"Feature","properties":{"propietar":"MOLINA, L. TESTAMENTARIA","ocupacion":"BALDIO","m2":7135},"geometry":{"type":"Polygon","coordinates":[[[-59.43847,-34.445661],[-59.437668,-34.445901],[-59.437649,-34.445935],[-59.437894,-34.446623],[-59.437937,-34.446641],[-59.438728,-34.446399],[-59.438751,-34.446362],[-59.438508,-34.445678],[-59.43847,-34.445661]]]}},{"type":"Feature","properties":{"propietar":"AGUIRRE, E.","ocupacion":"CERCO","m2":6748},"geometry":{"type":"Polygon","coordinates":[[[-59.43669,-34.446244],[-59.436956,-34.446966],[-59.437745,-34.446709],[-59.437762,-34.446676],[-59.43754,-34.446014],[-59.437489,-34.445994],[-59.43669,-34.446244]]]}},{"type":"Feature","properties":{"propietar":"RUBELLI, P.","ocupacion":"CERCO","m2":7184},"geometry":{"type":"Polygon","coordinates":[[[-59.440719,-34.445899],[-59.439927,-34.446161],[-59.439914,-34.446185],[-59.440167,-34.446905],[-59.440206,-34.446917],[-59.440989,-34.446651],[-59.441,-34.446625],[-59.440748,-34.445907],[-59.440719,-34.445899]]]}},{"type":"Feature","properties":{"propietar":"RUBELLI, P.","ocupacion":"MURO","m2":6998},"geometry":{"type":"Polygon","coordinates":[[[-59.439733,-34.446218],[-59.438949,-34.446471],[-59.438936,-34.446494],[-59.439198,-34.44721],[-59.43923,-34.447219],[-59.439997,-34.446971],[-59.440012,-34.446945],[-59.43976,-34.446227],[-59.439733,-34.446218]]]}},{"type":"Feature","properties":{"propietar":"ARTOLA, J.","ocupacion":"ALAMBRADO","m2":7369},"geometry":{"type":"Polygon","coordinates":[[[-59.438801,-34.446513],[-59.437935,-34.446796],[-59.438038,-34.447085],[-59.43806,-34.447093],[-59.438207,-34.44752],[-59.438246,-34.447535],[-59.439071,-34.447274],[-59.438801,-34.446513]]]}},{"type":"Feature","properties":{"propietar":"RODRIGUEZ, M. R.","ocupacion":"CERCO","m2":6700},"geometry":{"type":"Polygon","coordinates":[[[-59.436998,-34.447098],[-59.437258,-34.44784],[-59.438015,-34.447595],[-59.438038,-34.447556],[-59.437806,-34.446863],[-59.437759,-34.446848],[-59.436998,-34.447098]]]}},{"type":"Feature","properties":{"propietar":"CUCULLU, I.","ocupacion":"CERCO","m2":6659},"geometry":{"type":"Polygon","coordinates":[[[-59.440037,-34.447097],[-59.439277,-34.447338],[-59.439254,-34.447373],[-59.439473,-34.448041],[-59.439511,-34.448055],[-59.440282,-34.447812],[-59.440302,-34.447777],[-59.440081,-34.447116],[-59.440037,-34.447097]]]}},{"type":"Feature","properties":{"propietar":"CARBONE, V.","ocupacion":"ALAMBRADO","m2":6727},"geometry":{"type":"Polygon","coordinates":[[[-59.439046,-34.447415],[-59.438312,-34.447646],[-59.438278,-34.447722],[-59.438501,-34.448357],[-59.438552,-34.448376],[-59.439282,-34.44812],[-59.439319,-34.448065],[-59.439121,-34.447438],[-59.439046,-34.447415]]]}},{"type":"Feature","properties":{"propietar":"PUCCE, B.","ocupacion":"ALAMBRADO","m2":6999},"geometry":{"type":"Polygon","coordinates":[[[-59.441603,-34.448477],[-59.440797,-34.448731],[-59.440781,-34.448762],[-59.441025,-34.449436],[-59.441053,-34.449449],[-59.441865,-34.449203],[-59.44188,-34.449175],[-59.441641,-34.448493],[-59.441603,-34.448477]]]}},{"type":"Feature","properties":{"propietar":"ORMILUGUE, J.","ocupacion":"ALAMBRADO","m2":6525},"geometry":{"type":"Polygon","coordinates":[[[-59.440631,-34.448789],[-59.439836,-34.449063],[-59.439823,-34.449085],[-59.440077,-34.449744],[-59.440111,-34.449758],[-59.44089,-34.449494],[-59.440631,-34.448789]]]}},{"type":"Feature","properties":{"propietar":"CUCULLU, S.","ocupacion":"ALAMBRADO","m2":6794},"geometry":{"type":"Polygon","coordinates":[[[-59.440878,-34.449623],[-59.440126,-34.449866],[-59.440107,-34.449899],[-59.440361,-34.450593],[-59.440395,-34.450603],[-59.441152,-34.450357],[-59.441171,-34.450323],[-59.440916,-34.449637],[-59.440878,-34.449623]]]}},{"type":"Feature","properties":{"propietar":"CUCULLU, S.","ocupacion":"ALAMBRADO","m2":6601},"geometry":{"type":"Polygon","coordinates":[[[-59.441208,-34.45046],[-59.440435,-34.450717],[-59.440418,-34.450748],[-59.440685,-34.451395],[-59.440726,-34.45141],[-59.441482,-34.451164],[-59.441497,-34.451131],[-59.441244,-34.450467],[-59.441208,-34.45046]]]}},{"type":"Feature","properties":{"propietar":"CAFARO, V.","ocupacion":"ALAMBRADO","m2":11319},"geometry":{"type":"Polygon","coordinates":[[[-59.452982,-34.443863],[-59.453273,-34.444607],[-59.45463,-34.444175],[-59.454292,-34.443453],[-59.452982,-34.443863]]]}},{"type":"Feature","properties":{"propietar":"MARMOL M.","ocupacion":"BALDIO","m2":3318},"geometry":{"type":"Polygon","coordinates":[[[-59.448798,-34.438106],[-59.448672,-34.437762],[-59.447993,-34.437988],[-59.447995,-34.437994],[-59.447835,-34.438042],[-59.447827,-34.438073],[-59.447953,-34.438384],[-59.448798,-34.438106]]]}},{"type":"Feature","properties":{"propietar":"MARMOL, J. A. DE","ocupacion":"BALDIO","m2":6675},"geometry":{"type":"Polygon","coordinates":[[[-59.447676,-34.438079],[-59.446885,-34.438345],[-59.446871,-34.438371],[-59.447121,-34.439028],[-59.447151,-34.439042],[-59.447941,-34.438787],[-59.447953,-34.438765],[-59.447699,-34.438089],[-59.447676,-34.438079]]]}},{"type":"Feature","properties":{"propietar":"SARLI, M.","ocupacion":"BALDIO","m2":3360},"geometry":{"type":"Polygon","coordinates":[[[-59.445998,-34.438987],[-59.446128,-34.439322],[-59.446153,-34.439332],[-59.446962,-34.439074],[-59.44698,-34.439053],[-59.446863,-34.438728],[-59.445998,-34.438987]]]}},{"type":"Feature","properties":{"propietar":"LARROSA, P. M.","ocupacion":"ALAMBRADO","m2":5333},"geometry":{"type":"Polygon","coordinates":[[[-59.44357,-34.438582],[-59.442864,-34.439104],[-59.442843,-34.439149],[-59.442876,-34.439242],[-59.442864,-34.439281],[-59.442906,-34.439387],[-59.442925,-34.439381],[-59.442965,-34.439503],[-59.443009,-34.439517],[-59.443829,-34.43925],[-59.443614,-34.438591],[-59.44357,-34.438582]]]}},{"type":"Feature","properties":{"propietar":"MOGLIA, J.","ocupacion":"ALAMBRADO","m2":29357},"geometry":{"type":"Polygon","coordinates":[[[-59.441945,-34.439977],[-59.440241,-34.441005],[-59.44068,-34.442223],[-59.442474,-34.441591],[-59.441945,-34.439977]]]}},{"type":"Feature","properties":{"propietar":"LUCERO, J.","ocupacion":"BALDIO","m2":4012},"geometry":{"type":"Polygon","coordinates":[[[-59.448295,-34.439279],[-59.44915,-34.439011],[-59.448989,-34.438592],[-59.448159,-34.43887],[-59.448146,-34.438892],[-59.448295,-34.439279]]]}},{"type":"Feature","properties":{"propietar":"ROLDAN, M.","ocupacion":"ALAMBRADO","m2":3382},"geometry":{"type":"Polygon","coordinates":[[[-59.449548,-34.439721],[-59.450366,-34.439455],[-59.450241,-34.439088],[-59.44943,-34.439356],[-59.449548,-34.439721]]]}},{"type":"Feature","properties":{"propietar":"ECHEVERRIA, S.","ocupacion":"BALDIO","m2":799},"geometry":{"type":"Polygon","coordinates":[[[-59.449,-34.439956],[-59.449058,-34.440123],[-59.449475,-34.439993],[-59.449418,-34.439822],[-59.449,-34.439956]]]}},{"type":"Feature","properties":{"propietar":"ACUÑA, M. R. DE","ocupacion":"MURO","m2":3314},"geometry":{"type":"Polygon","coordinates":[[[-59.447597,-34.44036],[-59.44843,-34.440094],[-59.448314,-34.439759],[-59.448283,-34.439747],[-59.4475,-34.440003],[-59.447484,-34.440032],[-59.447597,-34.44036]]]}},{"type":"Feature","properties":{"propietar":"CUCULLU, I.","ocupacion":"CERCO","m2":1148},"geometry":{"type":"Polygon","coordinates":[[[-59.445732,-34.441091],[-59.445808,-34.441318],[-59.445849,-34.441338],[-59.446211,-34.441218],[-59.446127,-34.440957],[-59.445732,-34.441091]]]}},{"type":"Feature","properties":{"propietar":"CUFRE, V.","ocupacion":"MURO","m2":6574},"geometry":{"type":"Polygon","coordinates":[[[-59.443461,-34.44137],[-59.442685,-34.441643],[-59.442666,-34.441679],[-59.442899,-34.442331],[-59.442928,-34.442344],[-59.443698,-34.442079],[-59.443721,-34.442045],[-59.44359,-34.441733],[-59.44361,-34.441725],[-59.443487,-34.441381],[-59.443461,-34.44137]]]}},{"type":"Feature","properties":{"propietar":"MUNICIPAL","ocupacion":"BALDIO","m2":6650},"geometry":{"type":"Polygon","coordinates":[[[-59.451799,-34.440491],[-59.45124,-34.439719],[-59.451214,-34.439707],[-59.4507,-34.439878],[-59.450675,-34.439913],[-59.451,-34.440708],[-59.45106,-34.440729],[-59.451799,-34.440491]]]}},{"type":"Feature","properties":{"propietar":"LARROSA, V.","ocupacion":"ALAMBRADO","m2":3395},"geometry":{"type":"Polygon","coordinates":[[[-59.449769,-34.440362],[-59.449898,-34.440735],[-59.45072,-34.440477],[-59.450596,-34.440119],[-59.449769,-34.440362]]]}},{"type":"Feature","properties":{"propietar":"ALVAREZ, C. TESTAMENTARIA","ocupacion":"ALAMBRADO","m2":5157},"geometry":{"type":"Polygon","coordinates":[[[-59.448916,-34.441031],[-59.449781,-34.440774],[-59.449593,-34.44026],[-59.449547,-34.440242],[-59.448753,-34.440509],[-59.448736,-34.440542],[-59.448916,-34.441031]]]}},{"type":"Feature","properties":{"propietar":"CASADO, A.","ocupacion":"MURO","m2":976},"geometry":{"type":"Polygon","coordinates":[[[-59.447992,-34.441508],[-59.448415,-34.441387],[-59.448344,-34.441178],[-59.447923,-34.441305],[-59.447992,-34.441508]]]}},{"type":"Feature","properties":{"propietar":"RODRIGUEZ, A.","ocupacion":"MURO","m2":1578},"geometry":{"type":"Polygon","coordinates":[[[-59.446954,-34.441618],[-59.447073,-34.441941],[-59.447113,-34.441953],[-59.447485,-34.441836],[-59.447362,-34.441495],[-59.446954,-34.441618]]]}},{"type":"Feature","properties":{"propietar":"CASAS, M.","ocupacion":"MURO","m2":1804},"geometry":{"type":"Polygon","coordinates":[[[-59.44657,-34.442116],[-59.446431,-34.441755],[-59.445997,-34.441882],[-59.446119,-34.442245],[-59.44657,-34.442116]]]}},{"type":"Feature","properties":{"propietar":"LARROSA","ocupacion":"ALAMBRADO","m2":5319},"geometry":{"type":"Polygon","coordinates":[[[-59.44558,-34.442423],[-59.445416,-34.441988],[-59.445848,-34.44186],[-59.445748,-34.441555],[-59.445691,-34.441533],[-59.444898,-34.441775],[-59.444885,-34.441798],[-59.445141,-34.442531],[-59.44517,-34.442543],[-59.44558,-34.442423]]]}},{"type":"Feature","properties":{"propietar":"GALEANO, M.","ocupacion":"ALAMBRADO","m2":2266},"geometry":{"type":"Polygon","coordinates":[[[-59.444016,-34.442358],[-59.444175,-34.442819],[-59.44422,-34.442833],[-59.444603,-34.442721],[-59.444429,-34.442236],[-59.444016,-34.442358]]]}},{"type":"Feature","properties":{"propietar":"FLORES, J.","ocupacion":"CERCO","m2":3782},"geometry":{"type":"Polygon","coordinates":[[[-59.443037,-34.442769],[-59.443174,-34.443134],[-59.44323,-34.443148],[-59.444009,-34.442906],[-59.444026,-34.442875],[-59.443894,-34.442508],[-59.443037,-34.442769]]]}},{"type":"Feature","properties":{"propietar":"SANGUINETTI, J.","ocupacion":"ALAMBRADO","m2":6313},"geometry":{"type":"Polygon","coordinates":[[[-59.452086,-34.441309],[-59.451765,-34.440625],[-59.451605,-34.440683],[-59.451039,-34.440854],[-59.451016,-34.440891],[-59.451246,-34.441543],[-59.45129,-34.441558],[-59.452086,-34.441309]]]}},{"type":"Feature","properties":{"propietar":"ORMACHEA, TESTAMENTARIA","ocupacion":"BALDIO","m2":6913},"geometry":{"type":"Polygon","coordinates":[[[-59.450826,-34.440921],[-59.450032,-34.441173],[-59.45001,-34.441207],[-59.450265,-34.441878],[-59.450299,-34.441889],[-59.451088,-34.441629],[-59.451105,-34.441599],[-59.450876,-34.44094],[-59.450826,-34.440921]]]}},{"type":"Feature","properties":{"propietar":"GOMEZ, E.","ocupacion":"BALDIO","m2":1989},"geometry":{"type":"Polygon","coordinates":[[[-59.449159,-34.441851],[-59.44964,-34.441701],[-59.449515,-34.441338],[-59.449051,-34.441481],[-59.449034,-34.441508],[-59.449159,-34.441851]]]}},{"type":"Feature","properties":{"propietar":"MALLER, M.","ocupacion":"ALAMBRADO","m2":913},"geometry":{"type":"Polygon","coordinates":[[[-59.448697,-34.4422],[-59.449128,-34.442065],[-59.449061,-34.441883],[-59.448632,-34.442006],[-59.448697,-34.4422]]]}},{"type":"Feature","properties":{"propietar":"PLAZA CONSTITUCION","ocupacion":"PLAZA","m2":6595},"geometry":{"type":"Polygon","coordinates":[[[-59.447919,-34.441825],[-59.447144,-34.442076],[-59.447132,-34.442097],[-59.447361,-34.44277],[-59.447394,-34.442783],[-59.448172,-34.442537],[-59.44819,-34.442512],[-59.447944,-34.441833],[-59.447919,-34.441825]]]}},{"type":"Feature","properties":{"propietar":"RUBELLI, P.","ocupacion":"MURO","m2":1207},"geometry":{"type":"Polygon","coordinates":[[[-59.446684,-34.442983],[-59.44655,-34.442594],[-59.446276,-34.442666],[-59.446396,-34.443043],[-59.446426,-34.443054],[-59.446684,-34.442983]]]}},{"type":"Feature","properties":{"propietar":"PELAEZ, FERNANDO","ocupacion":"MURO","m2":4814},"geometry":{"type":"Polygon","coordinates":[[[-59.444314,-34.443277],[-59.444745,-34.443165],[-59.444885,-34.443557],[-59.445274,-34.443444],[-59.445289,-34.443421],[-59.445057,-34.442741],[-59.445026,-34.442728],[-59.444243,-34.44296],[-59.444217,-34.442994],[-59.444314,-34.443277]]]}},{"type":"Feature","properties":{"propietar":"LAVALLEN TESTAMENTARIA","ocupacion":"BALDIO","m2":3456},"geometry":{"type":"Polygon","coordinates":[[[-59.443361,-34.443604],[-59.443481,-34.443961],[-59.443517,-34.443974],[-59.444308,-34.443734],[-59.444322,-34.443689],[-59.444214,-34.443375],[-59.443361,-34.443604]]]}},{"type":"Feature","properties":{"propietar":"MUNICIPAL","ocupacion":"BALDIO","m2":2241},"geometry":{"type":"Polygon","coordinates":[[[-59.452919,-34.441976],[-59.45256,-34.4413],[-59.452323,-34.441377],[-59.452591,-34.442075],[-59.452919,-34.441976]]]}},{"type":"Feature","properties":{"propietar":"MARTINEZ, M.","ocupacion":"BALDIO","m2":7098},"geometry":{"type":"Polygon","coordinates":[[[-59.452432,-34.442121],[-59.452164,-34.441424],[-59.451299,-34.441689],[-59.451286,-34.441715],[-59.451521,-34.442373],[-59.451561,-34.442386],[-59.452432,-34.442121]]]}},{"type":"Feature","properties":{"propietar":"ACUÑA, A","ocupacion":"ALAMBRADO","m2":1680},"geometry":{"type":"Polygon","coordinates":[[[-59.450453,-34.442344],[-59.450579,-34.442685],[-59.450612,-34.442696],[-59.450999,-34.44257],[-59.450866,-34.442216],[-59.450453,-34.442344]]]}},{"type":"Feature","properties":{"propietar":"FERNANDEZ, D.","ocupacion":"ALAMBRADO","m2":2005},"geometry":{"type":"Polygon","coordinates":[[[-59.449533,-34.442792],[-59.449545,-34.442824],[-59.449539,-34.442827],[-59.449597,-34.442975],[-59.44961,-34.442992],[-59.449626,-34.442997],[-59.450427,-34.442746],[-59.450438,-34.442728],[-59.450368,-34.442529],[-59.449533,-34.442792]]]}},{"type":"Feature","properties":{"propietar":"CANE, L.","ocupacion":"MURO","m2":1803},"geometry":{"type":"Polygon","coordinates":[[[-59.446027,-34.443726],[-59.446466,-34.443613],[-59.446359,-34.443272],[-59.446307,-34.44325],[-59.445902,-34.443364],[-59.446027,-34.443726]]]}},{"type":"Feature","properties":{"propietar":"ALMIRON, C.","ocupacion":"ALAMBRADO","m2":1733},"geometry":{"type":"Polygon","coordinates":[[[-59.442721,-34.444756],[-59.443145,-34.444629],[-59.443018,-34.444264],[-59.442626,-34.444385],[-59.442602,-34.444418],[-59.442721,-34.444756]]]}},{"type":"Feature","properties":{"propietar":"ORMILUGUE","ocupacion":"CERCO","m2":7321},"geometry":{"type":"Polygon","coordinates":[[[-59.441408,-34.444759],[-59.44057,-34.445013],[-59.440814,-34.445757],[-59.441679,-34.445496],[-59.441694,-34.445475],[-59.441448,-34.444773],[-59.441408,-34.444759]]]}},{"type":"Feature","properties":{"propietar":"ORMILUGUE, J.","ocupacion":"BALDIO","m2":7121},"geometry":{"type":"Polygon","coordinates":[[[-59.440435,-34.445067],[-59.439629,-34.445304],[-59.439607,-34.445331],[-59.439826,-34.446029],[-59.439866,-34.44605],[-59.440658,-34.445807],[-59.440684,-34.445771],[-59.440479,-34.445087],[-59.440435,-34.445067]]]}},{"type":"Feature","properties":{"propietar":"MOLINA, L. TESTAMENTARIA","ocupacion":"BALDIO","m2":6663},"geometry":{"type":"Polygon","coordinates":[[[-59.439443,-34.445372],[-59.438661,-34.445601],[-59.438639,-34.445638],[-59.438873,-34.446304],[-59.43891,-34.446317],[-59.439674,-34.44609],[-59.439692,-34.446059],[-59.439479,-34.445386],[-59.439443,-34.445372]]]}},{"type":"Feature","properties":{"propietar":"CARRO, P.","ocupacion":"MURO","m2":1552},"geometry":{"type":"Polygon","coordinates":[[[-59.448859,-34.443911],[-59.448931,-34.444105],[-59.448965,-34.444122],[-59.449553,-34.443935],[-59.449475,-34.443708],[-59.448859,-34.443911]]]}},{"type":"Feature","properties":{"propietar":"MUNICIPAL","ocupacion":"BALDIO","m2":7707},"geometry":{"type":"Polygon","coordinates":[[[-59.453584,-34.442816],[-59.452851,-34.443042],[-59.452831,-34.443084],[-59.453064,-34.443717],[-59.45311,-34.443738],[-59.453859,-34.443502],[-59.454275,-34.443393],[-59.453584,-34.442816]]]}},{"type":"Feature","properties":{"propietar":"RIVAROLA, CAROLINA","ocupacion":"ALAMBRADO","m2":4800},"geometry":{"type":"Polygon","coordinates":[[[-59.452244,-34.443242],[-59.452381,-34.443583],[-59.451968,-34.443705],[-59.452076,-34.44402],[-59.452117,-34.444037],[-59.45288,-34.443795],[-59.452904,-34.443762],[-59.452692,-34.443132],[-59.45265,-34.443115],[-59.452244,-34.443242]]]}},{"type":"Feature","properties":{"propietar":"SILVA","ocupacion":"BALDIO","m2":3803},"geometry":{"type":"Polygon","coordinates":[[[-59.451123,-34.443586],[-59.451237,-34.443922],[-59.451021,-34.443985],[-59.45113,-34.444305],[-59.451172,-34.444324],[-59.451916,-34.444093],[-59.451943,-34.444043],[-59.451837,-34.443738],[-59.45142,-34.443874],[-59.451295,-34.443532],[-59.451123,-34.443586]]]}},{"type":"Feature","properties":{"propietar":"RODRIGUEZ, T.","ocupacion":"BALDIO","m2":6498},"geometry":{"type":"Polygon","coordinates":[[[-59.443918,-34.445838],[-59.443196,-34.446064],[-59.443175,-34.446101],[-59.443404,-34.446774],[-59.443446,-34.44679],[-59.44418,-34.446563],[-59.444202,-34.446523],[-59.443964,-34.445854],[-59.443918,-34.445838]]]}},{"type":"Feature","properties":{"propietar":"CASAS, P.","ocupacion":"MURO","m2":938},"geometry":{"type":"Polygon","coordinates":[[[-59.449696,-34.445708],[-59.449566,-34.44532],[-59.449348,-34.445382],[-59.449468,-34.445737],[-59.449517,-34.445761],[-59.449696,-34.445708]]]}},{"type":"Feature","properties":{"propietar":"NAVARRO, J. A. TESTAMENTARIA","ocupacion":"BALDIO","m2":6568},"geometry":{"type":"Polygon","coordinates":[[[-59.451022,-34.444523],[-59.450268,-34.444756],[-59.45025,-34.444788],[-59.450473,-34.445457],[-59.450512,-34.445473],[-59.451277,-34.445237],[-59.4513,-34.445198],[-59.451052,-34.444539],[-59.451022,-34.444523]]]}},{"type":"Feature","properties":{"propietar":"NAVARRO, J. A. TESTAMENTARIA","ocupacion":"BALDIO","m2":6752},"geometry":{"type":"Polygon","coordinates":[[[-59.451972,-34.444226],[-59.451204,-34.444464],[-59.451179,-34.444506],[-59.451407,-34.445152],[-59.451457,-34.445176],[-59.452223,-34.444934],[-59.452252,-34.444896],[-59.452025,-34.444245],[-59.451972,-34.444226]]]}},{"type":"Feature","properties":{"propietar":"SOSA, D.","ocupacion":"CERCO","m2":6629},"geometry":{"type":"Polygon","coordinates":[[[-59.452551,-34.445901],[-59.451787,-34.446136],[-59.451766,-34.446171],[-59.452019,-34.446844],[-59.452826,-34.4466],[-59.45285,-34.446566],[-59.452595,-34.445918],[-59.452551,-34.445901]]]}},{"type":"Feature","properties":{"propietar":"CUHETO, A.","ocupacion":"CERCO","m2":6624},"geometry":{"type":"Polygon","coordinates":[[[-59.451012,-34.447059],[-59.451269,-34.447002],[-59.451308,-34.447073],[-59.451875,-34.446901],[-59.451893,-34.446874],[-59.451632,-34.446191],[-59.451603,-34.446179],[-59.450827,-34.446428],[-59.450804,-34.446466],[-59.451012,-34.447059]]]}},{"type":"Feature","properties":{"propietar":"PLAZA LOREA","ocupacion":"PLAZA","m2":6530},"geometry":{"type":"Polygon","coordinates":[[[-59.448714,-34.447097],[-59.447887,-34.447354],[-59.448151,-34.448046],[-59.448971,-34.447803],[-59.448714,-34.447097]]]}},{"type":"Feature","properties":{"propietar":"BRAVO, A.","ocupacion":"CERCO","m2":6802},"geometry":{"type":"Polygon","coordinates":[[[-59.445774,-34.448041],[-59.444995,-34.448268],[-59.444973,-34.448304],[-59.445211,-34.449011],[-59.446032,-34.448752],[-59.446042,-34.448734],[-59.445808,-34.448057],[-59.445774,-34.448041]]]}},{"type":"Feature","properties":{"propietar":"VIDELA, N.","ocupacion":"ALAMBRADO","m2":6989},"geometry":{"type":"Polygon","coordinates":[[[-59.442912,-34.448973],[-59.442056,-34.449239],[-59.442298,-34.449949],[-59.442332,-34.44996],[-59.443128,-34.449705],[-59.443147,-34.449673],[-59.442912,-34.448973]]]}},{"type":"Feature","properties":{"propietar":"DIAZ, F.","ocupacion":"ALAMBRADO","m2":6882},"geometry":{"type":"Polygon","coordinates":[[[-59.441887,-34.449288],[-59.441102,-34.449547],[-59.441081,-34.449584],[-59.441326,-34.450249],[-59.441363,-34.450263],[-59.442139,-34.450011],[-59.442164,-34.449978],[-59.441927,-34.449306],[-59.441887,-34.449288]]]}},{"type":"Feature","properties":{"propietar":"PICHETTO, J.","ocupacion":"ALAMBRADO","m2":16303},"geometry":{"type":"Polygon","coordinates":[[[-59.455084,-34.446856],[-59.455158,-34.446022],[-59.45303,-34.446657],[-59.453322,-34.447402],[-59.455084,-34.446856]]]}},{"type":"Feature","properties":{"propietar":"SILLO, J.","ocupacion":"ALAMBRADO","m2":6854},"geometry":{"type":"Polygon","coordinates":[[[-59.452866,-34.446724],[-59.452084,-34.446966],[-59.452059,-34.447006],[-59.452294,-34.44766],[-59.45233,-34.447678],[-59.453132,-34.447431],[-59.453149,-34.447394],[-59.452912,-34.44674],[-59.452866,-34.446724]]]}},{"type":"Feature","properties":{"propietar":"URMANDO, V.","ocupacion":"ALAMBRADO","m2":6835},"geometry":{"type":"Polygon","coordinates":[[[-59.451906,-34.447018],[-59.451115,-34.447259],[-59.451096,-34.447292],[-59.451328,-34.447953],[-59.451374,-34.447972],[-59.452148,-34.447733],[-59.452178,-34.447687],[-59.451949,-34.447039],[-59.451906,-34.447018]]]}},{"type":"Feature","properties":{"propietar":"LIANZA, P.","ocupacion":"ALAMBRADO","m2":3604},"geometry":{"type":"Polygon","coordinates":[[[-59.450225,-34.447922],[-59.450346,-34.448269],[-59.450373,-34.448284],[-59.451196,-34.448034],[-59.451221,-34.447995],[-59.451097,-34.447661],[-59.450225,-34.447922]]]}},{"type":"Feature","properties":{"propietar":"SANGUINETTI, J.","ocupacion":"ALAMBRADO","m2":6532},"geometry":{"type":"Polygon","coordinates":[[[-59.448964,-34.447929],[-59.448186,-34.44818],[-59.448172,-34.448207],[-59.448416,-34.448861],[-59.448457,-34.448876],[-59.449222,-34.448628],[-59.449238,-34.448606],[-59.448991,-34.447939],[-59.448964,-34.447929]]]}},{"type":"Feature","properties":{"propietar":"BELOME, J.","ocupacion":"MURO","m2":1801},"geometry":{"type":"Polygon","coordinates":[[[-59.446328,-34.449165],[-59.446451,-34.449509],[-59.446489,-34.449527],[-59.446892,-34.449406],[-59.446757,-34.449034],[-59.446328,-34.449165]]]}},{"type":"Feature","properties":{"propietar":"LUCCI, A.","ocupacion":"ALAMBRADO","m2":6800},"geometry":{"type":"Polygon","coordinates":[[[-59.445105,-34.449186],[-59.444311,-34.449455],[-59.44429,-34.449486],[-59.444528,-34.450151],[-59.444571,-34.450161],[-59.445375,-34.449891],[-59.445135,-34.449208],[-59.445105,-34.449186]]]}},{"type":"Feature","properties":{"propietar":"BALLEJO, C.","ocupacion":"MURO","m2":6325},"geometry":{"type":"Polygon","coordinates":[[[-59.44416,-34.449516],[-59.44389,-34.449596],[-59.443879,-34.449606],[-59.44337,-34.449772],[-59.443348,-34.449814],[-59.443541,-34.450438],[-59.443567,-34.450454],[-59.444349,-34.450225],[-59.444364,-34.450202],[-59.444201,-34.449671],[-59.444226,-34.449665],[-59.44416,-34.449516]]]}},{"type":"Feature","properties":{"propietar":"CUCULLU, S.","ocupacion":"CERCO","m2":3268},"geometry":{"type":"Polygon","coordinates":[[[-59.443011,-34.450645],[-59.443388,-34.450521],[-59.443411,-34.450467],[-59.443182,-34.449813],[-59.442769,-34.449945],[-59.443011,-34.450645]]]}},{"type":"Feature","properties":{"propietar":"ROMERO, J.","ocupacion":"CERCO","m2":3578},"geometry":{"type":"Polygon","coordinates":[[[-59.441514,-34.450773],[-59.442352,-34.450531],[-59.442219,-34.450166],[-59.44218,-34.450148],[-59.441399,-34.450405],[-59.441382,-34.450436],[-59.441514,-34.450773]]]}},{"type":"Feature","properties":{"propietar":"RODRIGUEZ, P.","ocupacion":"ALAMBRADO","m2":6590},"geometry":{"type":"Polygon","coordinates":[[[-59.43834,-34.451397],[-59.437524,-34.451668],[-59.437786,-34.452337],[-59.437826,-34.452354],[-59.438592,-34.452103],[-59.438614,-34.452068],[-59.43834,-34.451397]]]}},{"type":"Feature","properties":{"propietar":"TOBARI, A.","ocupacion":"ALAMBRADO","m2":2511},"geometry":{"type":"Polygon","coordinates":[[[-59.436714,-34.452308],[-59.437106,-34.452186],[-59.437039,-34.452012],[-59.437451,-34.451875],[-59.437386,-34.451715],[-59.437345,-34.451699],[-59.436602,-34.451939],[-59.436582,-34.451975],[-59.436714,-34.452308]]]}},{"type":"Feature","properties":{"propietar":"BOTTO, P.","ocupacion":"ALAMBRADO","m2":6599},"geometry":{"type":"Polygon","coordinates":[[[-59.436405,-34.452023],[-59.435595,-34.452298],[-59.435864,-34.453005],[-59.43668,-34.452721],[-59.436405,-34.452023]]]}},{"type":"Feature","properties":{"propietar":"AREVALO, J.","ocupacion":"ALAMBRADO","m2":6564},"geometry":{"type":"Polygon","coordinates":[[[-59.435392,-34.452346],[-59.434658,-34.452577],[-59.434636,-34.452613],[-59.434902,-34.453291],[-59.434936,-34.453304],[-59.435676,-34.453066],[-59.435695,-34.453034],[-59.435433,-34.452363],[-59.435392,-34.452346]]]}},{"type":"Feature","properties":{"propietar":"CHAVES, A.","ocupacion":"CERCO","m2":7835},"geometry":{"type":"Polygon","coordinates":[[[-59.431629,-34.453517],[-59.431906,-34.454237],[-59.432857,-34.453949],[-59.432587,-34.453224],[-59.431629,-34.453517]]]}},{"type":"Feature","properties":{"propietar":"LOSANTO, T.","ocupacion":"MURO","m2":7249},"geometry":{"type":"Polygon","coordinates":[[[-59.44734,-34.449393],[-59.446556,-34.449645],[-59.446527,-34.449684],[-59.446741,-34.450376],[-59.44679,-34.450407],[-59.447571,-34.450134],[-59.447606,-34.450085],[-59.447389,-34.449415],[-59.44734,-34.449393]]]}},{"type":"Feature","properties":{"propietar":"NACCI, A. TESTAMENTARIA","ocupacion":"ALAMBRADO","m2":3454},"geometry":{"type":"Polygon","coordinates":[[[-59.446218,-34.450545],[-59.445971,-34.449837],[-59.445757,-34.449906],[-59.445753,-34.449897],[-59.445537,-34.449964],[-59.445804,-34.450684],[-59.446218,-34.450545]]]}},{"type":"Feature","properties":{"propietar":"BOTTO, P.","ocupacion":"ALAMBRADO","m2":6935},"geometry":{"type":"Polygon","coordinates":[[[-59.445387,-34.450028],[-59.444593,-34.450288],[-59.444889,-34.451017],[-59.445706,-34.450755],[-59.445429,-34.450041],[-59.445387,-34.450028]]]}},{"type":"Feature","properties":{"propietar":"PICHETTO, J.","ocupacion":"CERCO","m2":5297},"geometry":{"type":"Polygon","coordinates":[[[-59.443437,-34.450706],[-59.442699,-34.450941],[-59.442913,-34.451577],[-59.443656,-34.451331],[-59.443437,-34.450706]]]}},{"type":"Feature","properties":{"propietar":"CASAS, R.","ocupacion":"MURO","m2":7591},"geometry":{"type":"Polygon","coordinates":[[[-59.439257,-34.453855],[-59.438492,-34.454097],[-59.438474,-34.454135],[-59.438742,-34.454843],[-59.438782,-34.454858],[-59.439375,-34.454755],[-59.439578,-34.45469],[-59.439601,-34.45466],[-59.439292,-34.453868],[-59.439257,-34.453855]]]}},{"type":"Feature","properties":{"propietar":"CASAS, R.","ocupacion":"ALAMBRADO","m2":14311},"geometry":{"type":"Polygon","coordinates":[[[-59.437184,-34.453632],[-59.437451,-34.454343],[-59.439276,-34.453734],[-59.439012,-34.453079],[-59.437184,-34.453632]]]}},{"type":"Feature","properties":{"propietar":"CUTILLAS, V.","ocupacion":"BALDIO","m2":6714},"geometry":{"type":"Polygon","coordinates":[[[-59.446436,-34.446885],[-59.445669,-34.447132],[-59.445646,-34.447172],[-59.44587,-34.447834],[-59.445911,-34.447848],[-59.446686,-34.447606],[-59.446701,-34.447576],[-59.446471,-34.446898],[-59.446436,-34.446885]]]}},{"type":"Feature","properties":{"propietar":"GONZALEZ, T.","ocupacion":"ALAMBRADO","m2":3508},"geometry":{"type":"Polygon","coordinates":[[[-59.443424,-34.448672],[-59.443816,-34.448546],[-59.443833,-34.448507],[-59.443591,-34.44782],[-59.443555,-34.447809],[-59.443163,-34.447941],[-59.443424,-34.448672]]]}},{"type":"Feature","properties":{"propietar":"NAVARRO, J. A. TESTAMENTARIA","ocupacion":"CERCO","m2":6620},"geometry":{"type":"Polygon","coordinates":[[[-59.451296,-34.445343],[-59.450517,-34.445587],[-59.450507,-34.445617],[-59.450745,-34.446278],[-59.450785,-34.446297],[-59.45155,-34.446053],[-59.451565,-34.446021],[-59.45133,-34.445355],[-59.451296,-34.445343]]]}},{"type":"Feature","properties":{"propietar":"RUBELLI, P.","ocupacion":"CERCO","m2":6833},"geometry":{"type":"Polygon","coordinates":[[[-59.441049,-34.446772],[-59.440237,-34.447032],[-59.440214,-34.447072],[-59.440428,-34.447743],[-59.440453,-34.447754],[-59.441281,-34.447494],[-59.441049,-34.446772]]]}},{"type":"Feature","properties":{"propietar":"MUNICIPAL","ocupacion":"BALDIO","m2":4654},"geometry":{"type":"Polygon","coordinates":[[[-59.453084,-34.442017],[-59.452592,-34.442192],[-59.452853,-34.442935],[-59.453453,-34.44272],[-59.453084,-34.442017]]]}},{"type":"Feature","properties":{"propietar":"AREVALO, J.","ocupacion":"CERCO","m2":8290},"geometry":{"type":"Polygon","coordinates":[[[-59.434214,-34.451615],[-59.434543,-34.452479],[-59.435375,-34.452216],[-59.435049,-34.45134],[-59.434214,-34.451615]]]}},{"type":"Feature","properties":{"propietar":"CARBONE, V.","ocupacion":"CERCO","m2":36712},"geometry":{"type":"Polygon","coordinates":[[[-59.433779,-34.450846],[-59.43371,-34.450686],[-59.431868,-34.452123],[-59.432221,-34.453256],[-59.434432,-34.452526],[-59.433779,-34.450846]]]}},{"type":"Feature","properties":{"propietar":"CUCULLU, ISIDRO","ocupacion":"CERCO","m2":138634},"geometry":{"type":"Polygon","coordinates":[[[-59.429291,-34.455055],[-59.429488,-34.454992],[-59.429444,-34.454928],[-59.430603,-34.45408],[-59.430453,-34.453742],[-59.431527,-34.453382],[-59.431469,-34.453305],[-59.431935,-34.45292],[-59.431509,-34.451549],[-59.429478,-34.452945],[-59.42402,-34.456989],[-59.425094,-34.458114],[-59.429291,-34.455055]]]}},{"type":"Feature","properties":{"propietar":"FREIRO, A.","ocupacion":"ALAMBRADO","m2":36242},"geometry":{"type":"Polygon","coordinates":[[[-59.430769,-34.457045],[-59.430278,-34.45571],[-59.430015,-34.454932],[-59.42935,-34.455238],[-59.428288,-34.455943],[-59.428702,-34.45717],[-59.430769,-34.457045]]]}},{"type":"Feature","properties":{"propietar":"ORMILUGUE, J.","ocupacion":"ALAMBRADO","m2":23710},"geometry":{"type":"Polygon","coordinates":[[[-59.431001,-34.45461],[-59.4314,-34.455573],[-59.431938,-34.456938],[-59.432827,-34.456729],[-59.432294,-34.455339],[-59.431886,-34.454336],[-59.431001,-34.45461]]]}},{"type":"Feature","properties":{"propietar":"ROBACIO, J.","ocupacion":"ALAMBRADO","m2":9007},"geometry":{"type":"Polygon","coordinates":[[[-59.436202,-34.448177],[-59.435874,-34.447421],[-59.43487,-34.44771],[-59.435179,-34.448503],[-59.436202,-34.448177]]]}},{"type":"Feature","properties":{"propietar":"PICHETTO, J.","ocupacion":"CERCO","m2":37584},"geometry":{"type":"Polygon","coordinates":[[[-59.433528,-34.458553],[-59.432562,-34.458806],[-59.431981,-34.457279],[-59.43107,-34.457376],[-59.432146,-34.46046],[-59.43378,-34.459199],[-59.433528,-34.458553]]]}},{"type":"Feature","properties":{"propietar":"CHAIRO, F.","ocupacion":"ALAMBRADO","m2":20852},"geometry":{"type":"Polygon","coordinates":[[[-59.428184,-34.456005],[-59.425443,-34.457996],[-59.428598,-34.457197],[-59.428184,-34.456005]]]}},{"type":"Feature","properties":{"propietar":"ARTOLA, JOSE","ocupacion":"ALAMBRADO","m2":130265},"geometry":{"type":"Polygon","coordinates":[[[-59.434695,-34.447666],[-59.433552,-34.447982],[-59.432984,-34.446716],[-59.430701,-34.448584],[-59.431841,-34.452033],[-59.433761,-34.450471],[-59.434515,-34.449663],[-59.435396,-34.449367],[-59.434695,-34.447666]]]}},{"type":"Feature","properties":{"propietar":"CUCULLU S.","ocupacion":"BALDIO","m2":27447},"geometry":{"type":"Polygon","coordinates":[[[-59.448123,-34.435117],[-59.446185,-34.436443],[-59.446474,-34.437234],[-59.449033,-34.436003],[-59.448484,-34.435389],[-59.448332,-34.435256],[-59.448123,-34.435117]]]}},{"type":"Feature","properties":{"propietar":"NIEVES TESTAMENTARIA","ocupacion":"BALDIO","m2":8331},"geometry":{"type":"Polygon","coordinates":[[[-59.446038,-34.436557],[-59.444293,-34.437805],[-59.445428,-34.437534],[-59.446278,-34.437308],[-59.446038,-34.436557]]]}},{"type":"Feature","properties":{"propietar":"MUNICIPAL","ocupacion":"BALDIO","m2":4260},"geometry":{"type":"Polygon","coordinates":[[[-59.450377,-34.439057],[-59.450622,-34.439772],[-59.451222,-34.439564],[-59.450836,-34.438912],[-59.450377,-34.439057]]]}},{"type":"Feature","properties":{"propietar":"RUBELLE, P.","ocupacion":"ALAMBRADO","m2":4174},"geometry":{"type":"Polygon","coordinates":[[[-59.429488,-34.455002],[-59.430807,-34.454559],[-59.430603,-34.454091],[-59.429444,-34.454938],[-59.429488,-34.455002]]]}},{"type":"Feature","properties":{"propietar":"MONACO J.","ocupacion":"BALDIO","m2":8944},"geometry":{"type":"Polygon","coordinates":[[[-59.449085,-34.438494],[-59.450336,-34.438082],[-59.449952,-34.437475],[-59.448837,-34.43782],[-59.449085,-34.438494]]]}},{"type":"Feature","properties":{"propietar":"SERLINYA, D. Y SFORZA, D.","ocupacion":"ALAMBRADO","m2":7409},"geometry":{"type":"Polygon","coordinates":[[[-59.453273,-34.444607],[-59.452982,-34.443863],[-59.452114,-34.444171],[-59.452378,-34.444892],[-59.453273,-34.444607]]]}},{"type":"Feature","properties":{"propietar":"RODRIGUEZ, A.","ocupacion":"ALAMBRADO","m2":6359},"geometry":{"type":"Polygon","coordinates":[[[-59.441685,-34.441988],[-59.441956,-34.442693],[-59.442722,-34.442431],[-59.442472,-34.441712],[-59.441685,-34.441988]]]}},{"type":"Feature","properties":{"propietar":"LIMA, A.","ocupacion":"MURO","m2":3457},"geometry":{"type":"Polygon","coordinates":[[[-59.441418,-34.442874],[-59.441138,-34.442178],[-59.440722,-34.442323],[-59.440976,-34.443023],[-59.441418,-34.442874]]]}},{"type":"Feature","properties":{"propietar":"RODRIGUEZ, A.","ocupacion":"ALAMBRADO","m2":13404},"geometry":{"type":"Polygon","coordinates":[[[-59.442768,-34.442517],[-59.440984,-34.443114],[-59.441225,-34.443743],[-59.443013,-34.443205],[-59.442768,-34.442517]]]}},{"type":"Feature","properties":{"propietar":"LARROSA, P. M. DE","ocupacion":"CERCO","m2":10064},"geometry":{"type":"Polygon","coordinates":[[[-59.435427,-34.446645],[-59.43571,-34.447331],[-59.436955,-34.446966],[-59.43669,-34.446244],[-59.435427,-34.446645]]]}},{"type":"Feature","properties":{"propietar":"PICHETTO, A.","ocupacion":"MURO","m2":6818},"geometry":{"type":"Polygon","coordinates":[[[-59.43571,-34.447331],[-59.435427,-34.446645],[-59.434566,-34.446919],[-59.434812,-34.447593],[-59.43571,-34.447331]]]}},{"type":"Feature","properties":{"propietar":"GONZALEZ, S.","ocupacion":"ALAMBRADO","m2":9304},"geometry":{"type":"Polygon","coordinates":[[[-59.435874,-34.447421],[-59.436202,-34.448177],[-59.437257,-34.44784],[-59.436998,-34.447098],[-59.435874,-34.447421]]]}},{"type":"Feature","properties":{"propietar":"DIAZ, ISIDRO","ocupacion":"ALAMBRADO","m2":2730},"geometry":{"type":"Polygon","coordinates":[[[-59.44383,-34.448104],[-59.444259,-34.447971],[-59.444206,-34.447841],[-59.444629,-34.447718],[-59.44455,-34.447487],[-59.443709,-34.447761],[-59.44383,-34.448104]]]}},{"type":"Feature","properties":{"propietar":"CANO, B.","ocupacion":"BALDIO","m2":3367},"geometry":{"type":"Polygon","coordinates":[[[-59.443424,-34.448672],[-59.443163,-34.447941],[-59.442772,-34.448073],[-59.442759,-34.448105],[-59.443011,-34.44877],[-59.443057,-34.448789],[-59.443424,-34.448672]]]}},{"type":"Feature","properties":{"propietar":"ALCOBA, F.","ocupacion":"ALAMBRADO","m2":3354},"geometry":{"type":"Polygon","coordinates":[[[-59.443011,-34.450645],[-59.442769,-34.449945],[-59.442379,-34.45007],[-59.442357,-34.450106],[-59.442579,-34.450759],[-59.442615,-34.450776],[-59.443011,-34.450645]]]}},{"type":"Feature","properties":{"propietar":"ARTOLA, J.","ocupacion":"ALAMBRADO","m2":1575},"geometry":{"type":"Polygon","coordinates":[[[-59.442044,-34.450986],[-59.441937,-34.450651],[-59.441514,-34.450773],[-59.441633,-34.451112],[-59.442044,-34.450986]]]}},{"type":"Feature","properties":{"propietar":"RAVERAL, V.","ocupacion":"ALAMBRADO","m2":19445},"geometry":{"type":"Polygon","coordinates":[[[-59.432984,-34.446716],[-59.433551,-34.447979],[-59.434695,-34.447666],[-59.433944,-34.445968],[-59.432984,-34.446716]]]}},{"type":"Feature","properties":{"propietar":"CARBONE, V.","ocupacion":"CERCO","m2":53398},"geometry":{"type":"Polygon","coordinates":[[[-59.435609,-34.449396],[-59.435907,-34.450202],[-59.43772,-34.449636],[-59.438048,-34.450476],[-59.43997,-34.449848],[-59.439396,-34.448199],[-59.435609,-34.449396]]]}},{"type":"Feature","properties":{"propietar":"LESCANO, F.","ocupacion":"CERCO","m2":3290},"geometry":{"type":"Polygon","coordinates":[[[-59.439245,-34.450453],[-59.440102,-34.450195],[-59.43997,-34.449848],[-59.439118,-34.450126],[-59.439245,-34.450453]]]}},{"type":"Feature","properties":{"propietar":"DIAZ, F.","ocupacion":"CERCO","m2":4620},"geometry":{"type":"Polygon","coordinates":[[[-59.439245,-34.450453],[-59.439431,-34.450934],[-59.440277,-34.450668],[-59.440102,-34.450195],[-59.439245,-34.450453]]]}},{"type":"Feature","properties":{"propietar":"RODRIGUEZ, P.","ocupacion":"BALDIO","m2":9392},"geometry":{"type":"Polygon","coordinates":[[[-59.434864,-34.450514],[-59.435907,-34.450202],[-59.435609,-34.449396],[-59.434579,-34.449721],[-59.434864,-34.450514]]]}},{"type":"Feature","properties":{"propietar":"RODRIGUEZ, F.","ocupacion":"ALAMBRADO","m2":9939},"geometry":{"type":"Polygon","coordinates":[[[-59.436548,-34.451853],[-59.436238,-34.451032],[-59.435907,-34.450202],[-59.435386,-34.450357],[-59.436027,-34.452022],[-59.436548,-34.451853]]]}},{"type":"Feature","properties":{"propietar":"BARREIRO, J.","ocupacion":"ALAMBRADO","m2":4390},"geometry":{"type":"Polygon","coordinates":[[[-59.435128,-34.451243],[-59.435668,-34.451091],[-59.435386,-34.450357],[-59.434864,-34.450514],[-59.435128,-34.451243]]]}},{"type":"Feature","properties":{"propietar":"TABORRA, J.","ocupacion":"ALAMBRADO","m2":2476},"geometry":{"type":"Polygon","coordinates":[[[-59.43532,-34.451742],[-59.435858,-34.451584],[-59.435704,-34.451183],[-59.435161,-34.451334],[-59.43532,-34.451742]]]}},{"type":"Feature","properties":{"propietar":"TULA, V.","ocupacion":"ALAMBRADO","m2":2729},"geometry":{"type":"Polygon","coordinates":[[[-59.43532,-34.451742],[-59.435482,-34.452192],[-59.436027,-34.452022],[-59.435858,-34.451584],[-59.43532,-34.451742]]]}},{"type":"Feature","properties":{"propietar":"GIOCOY, D.","ocupacion":"ALAMBRADO","m2":17933},"geometry":{"type":"Polygon","coordinates":[[[-59.437477,-34.445861],[-59.437152,-34.444937],[-59.436771,-34.443738],[-59.436055,-34.444288],[-59.436655,-34.44611],[-59.437477,-34.445861]]]}},{"type":"Feature","properties":{"propietar":"QUEVEDO, B.","ocupacion":"MURO","m2":37591},"geometry":{"type":"Polygon","coordinates":[[[-59.437176,-34.445004],[-59.437477,-34.445861],[-59.441426,-34.444639],[-59.441092,-34.443808],[-59.438256,-34.444682],[-59.437176,-34.445004]]]}},{"type":"Feature","properties":{"propietar":"LARROSA, P. M. DE","ocupacion":"CERCO","m2":8519},"geometry":{"type":"Polygon","coordinates":[[[-59.434067,-34.451229],[-59.43491,-34.450967],[-59.434579,-34.450076],[-59.434487,-34.449848],[-59.434474,-34.449845],[-59.433831,-34.450589],[-59.433828,-34.450601],[-59.434067,-34.451229]]]}},{"type":"Feature","properties":{"propietar":"ARTOLA, J.","ocupacion":"CERCO","m2":3638},"geometry":{"type":"Polygon","coordinates":[[[-59.434214,-34.451615],[-59.435049,-34.45134],[-59.43491,-34.450967],[-59.434067,-34.451229],[-59.434214,-34.451615]]]}},{"type":"Feature","properties":{"propietar":"CUELLO, A.","ocupacion":"CERCO","m2":8222},"geometry":{"type":"Polygon","coordinates":[[[-59.433506,-34.452943],[-59.433772,-34.453673],[-59.434365,-34.453493],[-59.434733,-34.45337],[-59.434758,-34.453331],[-59.434508,-34.452659],[-59.434472,-34.452645],[-59.433506,-34.452943]]]}},{"type":"Feature","properties":{"propietar":"LACOUR","ocupacion":"CERCO","m2":7556},"geometry":{"type":"Polygon","coordinates":[[[-59.432587,-34.453224],[-59.432857,-34.453949],[-59.433772,-34.453673],[-59.433506,-34.452943],[-59.432587,-34.453224]]]}},{"type":"Feature","properties":{"propietar":"CALVETTI, M.","ocupacion":"CERCO","m2":7629},"geometry":{"type":"Polygon","coordinates":[[[-59.431906,-34.454237],[-59.431629,-34.453517],[-59.430703,-34.4538],[-59.430965,-34.454521],[-59.431906,-34.454237]]]}},{"type":"Feature","properties":{"propietar":"FREIRO, J.","ocupacion":"ALAMBRADO","m2":7896},"geometry":{"type":"Polygon","coordinates":[[[-59.430278,-34.45571],[-59.431194,-34.455489],[-59.430891,-34.454706],[-59.430847,-34.454691],[-59.430015,-34.454932],[-59.430278,-34.45571]]]}},{"type":"Feature","properties":{"propietar":"CANE, L.","ocupacion":"ALAMBRADO","m2":14566},"geometry":{"type":"Polygon","coordinates":[[[-59.430278,-34.45571],[-59.430769,-34.457045],[-59.431769,-34.456978],[-59.431194,-34.455489],[-59.430278,-34.45571]]]}},{"type":"Feature","properties":{"propietar":"MOLINA, G.","ocupacion":"ALAMBRADO","m2":7684},"geometry":{"type":"Polygon","coordinates":[[[-59.433004,-34.454019],[-59.433271,-34.454829],[-59.434133,-34.454561],[-59.433837,-34.453765],[-59.433004,-34.454019]]]}},{"type":"Feature","properties":{"propietar":"MARMOL, M","ocupacion":"CERCO","m2":25424},"geometry":{"type":"Polygon","coordinates":[[[-59.433837,-34.453765],[-59.434133,-34.454561],[-59.43512,-34.454255],[-59.435413,-34.45498],[-59.436366,-34.454679],[-59.435777,-34.453174],[-59.433837,-34.453765]]]}},{"type":"Feature","properties":{"propietar":"ORMILUGUE, J.","ocupacion":"ALAMBRADO","m2":9719},"geometry":{"type":"Polygon","coordinates":[[[-59.432365,-34.455208],[-59.433215,-34.454937],[-59.433186,-34.45486],[-59.433271,-34.454829],[-59.433004,-34.454019],[-59.431995,-34.454327],[-59.432365,-34.455208]]]}},{"type":"Feature","properties":{"propietar":"MARMOL, J. M.","ocupacion":"CERCO","m2":14009},"geometry":{"type":"Polygon","coordinates":[[[-59.432365,-34.455208],[-59.432977,-34.456665],[-59.433786,-34.456433],[-59.433215,-34.454937],[-59.432365,-34.455208]]]}},{"type":"Feature","properties":{"propietar":"DIAZ, I.","ocupacion":"ALAMBRADO","m2":7275},"geometry":{"type":"Polygon","coordinates":[[[-59.435582,-34.455051],[-59.435887,-34.455823],[-59.436705,-34.455547],[-59.436405,-34.454781],[-59.435582,-34.455051]]]}},{"type":"Feature","properties":{"propietar":"MOLINARES, J.","ocupacion":"ALAMBRADO","m2":9026},"geometry":{"type":"Polygon","coordinates":[[[-59.437782,-34.455248],[-59.437487,-34.454424],[-59.436496,-34.454756],[-59.436812,-34.455543],[-59.437782,-34.455248]]]}},{"type":"Feature","properties":{"propietar":"PUCCE, G.","ocupacion":"ALAMBRADO","m2":15733},"geometry":{"type":"Polygon","coordinates":[[[-59.447339,-34.452132],[-59.448196,-34.451851],[-59.447649,-34.450227],[-59.446793,-34.450516],[-59.447339,-34.452132]]]}},{"type":"Feature","properties":{"propietar":"BOTTO, P.","ocupacion":"BALDIO","m2":6133},"geometry":{"type":"Polygon","coordinates":[[[-59.443792,-34.451512],[-59.442943,-34.451766],[-59.44318,-34.452484],[-59.44385,-34.452291],[-59.443792,-34.451512]]]}},{"type":"Feature","properties":{"propietar":"BRUNEGO, J.","ocupacion":"ALAMBRADO","m2":6797},"geometry":{"type":"Polygon","coordinates":[[[-59.443219,-34.452596],[-59.443491,-34.453389],[-59.444283,-34.453132],[-59.44396,-34.452373],[-59.443219,-34.452596]]]}},{"type":"Feature","properties":{"propietar":"VACIO","ocupacion":"BALDIO","m2":962},"geometry":{"type":"Polygon","coordinates":[[[-59.441336,-34.453229],[-59.441444,-34.453473],[-59.442018,-34.453022],[-59.441336,-34.453229]]]}},{"type":"Feature","properties":{"propietar":"MOLINARES, T.","ocupacion":"MURO","m2":14920},"geometry":{"type":"Polygon","coordinates":[[[-59.43911,-34.453005],[-59.439373,-34.453707],[-59.441199,-34.453147],[-59.440922,-34.452411],[-59.43911,-34.453005]]]}},{"type":"Feature","properties":{"propietar":"GONZALEZ, T.","ocupacion":"ALAMBRADO","m2":9497},"geometry":{"type":"Polygon","coordinates":[[[-59.437687,-34.452552],[-59.438015,-34.453379],[-59.439012,-34.453079],[-59.438672,-34.452234],[-59.437687,-34.452552]]]}},{"type":"Feature","properties":{"propietar":"MARMOL, M.","ocupacion":"ALAMBRADO","m2":7803},"geometry":{"type":"Polygon","coordinates":[[[-59.437451,-34.454343],[-59.437184,-34.453632],[-59.436215,-34.453926],[-59.436519,-34.454627],[-59.436565,-34.454638],[-59.437451,-34.454343]]]}},{"type":"Feature","properties":{"propietar":"LAHORNERA, J.","ocupacion":"ALAMBRADO","m2":16803},"geometry":{"type":"Polygon","coordinates":[[[-59.436215,-34.453926],[-59.438015,-34.453379],[-59.437687,-34.452552],[-59.435873,-34.453138],[-59.436215,-34.453926]]]}},{"type":"Feature","properties":{"propietar":"ALMIRON","ocupacion":"ALAMBRADO","m2":1682},"geometry":{"type":"Polygon","coordinates":[[[-59.436714,-34.452308],[-59.436843,-34.452652],[-59.436902,-34.452673],[-59.43725,-34.452558],[-59.437106,-34.452186],[-59.436714,-34.452308]]]}},{"type":"Feature","properties":{"propietar":"GALLO, V.","ocupacion":"ALAMBRADO","m2":2655},"geometry":{"type":"Polygon","coordinates":[[[-59.437457,-34.451874],[-59.437039,-34.452012],[-59.43725,-34.452558],[-59.437643,-34.452428],[-59.437666,-34.452378],[-59.437457,-34.451874]]]}},{"type":"Feature","properties":{"propietar":"ROYS, J.","ocupacion":"ALAMBRADO","m2":7194},"geometry":{"type":"Polygon","coordinates":[[[-59.439637,-34.451775],[-59.43937,-34.451056],[-59.438485,-34.451339],[-59.438784,-34.45206],[-59.439637,-34.451775]]]}},{"type":"Feature","properties":{"propietar":"CARBONE, V.","ocupacion":"MURO","m2":7513},"geometry":{"type":"Polygon","coordinates":[[[-59.43937,-34.451056],[-59.439637,-34.451775],[-59.440564,-34.451466],[-59.440285,-34.450763],[-59.43937,-34.451056]]]}},{"type":"Feature","properties":{"propietar":"BILLERI, J.","ocupacion":"MURO","m2":1533},"geometry":{"type":"Polygon","coordinates":[[[-59.441937,-34.450651],[-59.442044,-34.450986],[-59.442438,-34.450856],[-59.442461,-34.450828],[-59.442352,-34.450531],[-59.441937,-34.450651]]]}},{"type":"Feature","properties":{"propietar":"MARMOL, M.","ocupacion":"ALAMBRADO","m2":19172},"geometry":{"type":"Polygon","coordinates":[[[-59.435277,-34.457334],[-59.434912,-34.456405],[-59.433089,-34.456974],[-59.43343,-34.457881],[-59.435277,-34.457334]]]}},{"type":"Feature","properties":{"propietar":"POXO, J. DEL","ocupacion":"BALDIO","m2":16470},"geometry":{"type":"Polygon","coordinates":[[[-59.431981,-34.457279],[-59.432562,-34.458806],[-59.433528,-34.458553],[-59.432938,-34.457028],[-59.431981,-34.457279]]]}},{"type":"Feature","properties":{"propietar":"DIONOFRIO, C. DE","ocupacion":"ALAMBRADO","m2":1693},"geometry":{"type":"Polygon","coordinates":[[[-59.446476,-34.448206],[-59.446607,-34.448567],[-59.447019,-34.448434],[-59.446893,-34.448075],[-59.446476,-34.448206]]]}},{"type":"Feature","properties":{"propietar":"GOMEZ, T. TESTAMENTARIA","ocupacion":"ALAMBRADO","m2":1766},"geometry":{"type":"Polygon","coordinates":[[[-59.446476,-34.448206],[-59.446893,-34.448075],[-59.446763,-34.447703],[-59.446341,-34.447836],[-59.446476,-34.448206]]]}},{"type":"Feature","properties":{"propietar":"ORTIZ, A. D. DE","ocupacion":"ALAMBRADO","m2":1747},"geometry":{"type":"Polygon","coordinates":[[[-59.446053,-34.448339],[-59.446182,-34.448704],[-59.446607,-34.448567],[-59.446476,-34.448206],[-59.446053,-34.448339]]]}},{"type":"Feature","properties":{"propietar":"LACOUR, B.","ocupacion":"ALAMBRADO","m2":3406},"geometry":{"type":"Polygon","coordinates":[[[-59.444671,-34.449206],[-59.444406,-34.448474],[-59.443997,-34.448606],[-59.444263,-34.449338],[-59.444671,-34.449206]]]}},{"type":"Feature","properties":{"propietar":"SILVA, P.","ocupacion":"ALAMBRADO","m2":1772},"geometry":{"type":"Polygon","coordinates":[[[-59.444538,-34.448838],[-59.444671,-34.449206],[-59.44509,-34.449071],[-59.444963,-34.448699],[-59.444538,-34.448838]]]}},{"type":"Feature","properties":{"propietar":"ALCARAS, T.","ocupacion":"ALAMBRADO","m2":1661},"geometry":{"type":"Polygon","coordinates":[[[-59.44479,-34.44777],[-59.445231,-34.447631],[-59.445108,-34.447297],[-59.444675,-34.447433],[-59.44479,-34.44777]]]}},{"type":"Feature","properties":{"propietar":"CUCULLU, S.","ocupacion":"MURO","m2":1607},"geometry":{"type":"Polygon","coordinates":[[[-59.447027,-34.448008],[-59.44744,-34.447879],[-59.447311,-34.447534],[-59.446903,-34.447665],[-59.447027,-34.448008]]]}},{"type":"Feature","properties":{"propietar":"CANO, R.","ocupacion":"ALAMBRADO","m2":1715},"geometry":{"type":"Polygon","coordinates":[[[-59.447027,-34.448008],[-59.44716,-34.448375],[-59.447575,-34.448239],[-59.44744,-34.447879],[-59.447027,-34.448008]]]}},{"type":"Feature","properties":{"propietar":"SANGUINETTE, J.","ocupacion":"MURO","m2":854},"geometry":{"type":"Polygon","coordinates":[[[-59.447377,-34.447711],[-59.447796,-34.447576],[-59.447733,-34.447397],[-59.447311,-34.447534],[-59.447377,-34.447711]]]}},{"type":"Feature","properties":{"propietar":"ANDRADA, J.","ocupacion":"ALAMBRADO","m2":1729},"geometry":{"type":"Polygon","coordinates":[[[-59.446757,-34.449034],[-59.447174,-34.448907],[-59.447039,-34.448555],[-59.447007,-34.448543],[-59.446624,-34.448669],[-59.446757,-34.449034]]]}},{"type":"Feature","properties":{"propietar":"CANO, J.","ocupacion":"ALAMBRADO","m2":1768},"geometry":{"type":"Polygon","coordinates":[[[-59.446757,-34.449034],[-59.446892,-34.449406],[-59.44728,-34.449289],[-59.447304,-34.449245],[-59.447174,-34.448907],[-59.446757,-34.449034]]]}},{"type":"Feature","properties":{"propietar":"CASAS, B. A. DE","ocupacion":"ALAMBRADO","m2":1739},"geometry":{"type":"Polygon","coordinates":[[[-59.446328,-34.449165],[-59.446757,-34.449034],[-59.446624,-34.448669],[-59.446226,-34.448801],[-59.44621,-34.448833],[-59.446328,-34.449165]]]}},{"type":"Feature","properties":{"propietar":"SANGUINETTI, P.","ocupacion":"MURO","m2":1790},"geometry":{"type":"Polygon","coordinates":[[[-59.447862,-34.44897],[-59.448244,-34.448858],[-59.448102,-34.448448],[-59.447707,-34.448563],[-59.447862,-34.44897]]]}},{"type":"Feature","properties":{"propietar":"FRIAS, F.","ocupacion":"BALDIO","m2":1846},"geometry":{"type":"Polygon","coordinates":[[[-59.447316,-34.448861],[-59.447765,-34.448716],[-59.447626,-34.448353],[-59.447189,-34.448493],[-59.447316,-34.448861]]]}},{"type":"Feature","properties":{"propietar":"RUSSO, J. Y LARROCA, B.","ocupacion":"ALAMBRADO","m2":15354},"geometry":{"type":"Polygon","coordinates":[[[-59.454947,-34.445954],[-59.454895,-34.445884],[-59.454848,-34.445784],[-59.45482,-34.445699],[-59.454848,-34.445485],[-59.454753,-34.445364],[-59.454727,-34.445264],[-59.452741,-34.44586],[-59.45301,-34.44656],[-59.454947,-34.445954]]]}},{"type":"Feature","properties":{"propietar":"ACUÑA, G.","ocupacion":"ALAMBRADO","m2":739},"geometry":{"type":"Polygon","coordinates":[[[-59.450791,-34.447752],[-59.451097,-34.447661],[-59.451019,-34.447449],[-59.450708,-34.447543],[-59.450791,-34.447752]]]}},{"type":"Feature","properties":{"propietar":"MARTINA, JUANA","ocupacion":"MURO","m2":2811},"geometry":{"type":"Polygon","coordinates":[[[-59.450791,-34.447752],[-59.450708,-34.447543],[-59.451019,-34.447449],[-59.450976,-34.447331],[-59.45093,-34.447312],[-59.450127,-34.447542],[-59.450106,-34.447575],[-59.450196,-34.44783],[-59.450204,-34.447828],[-59.450235,-34.447914],[-59.450225,-34.447922],[-59.450791,-34.447752]]]}},{"type":"Feature","properties":{"propietar":"CUCULLU, I.","ocupacion":"MURO","m2":3184},"geometry":{"type":"Polygon","coordinates":[[[-59.449275,-34.446903],[-59.449515,-34.44761],[-59.449914,-34.44749],[-59.449675,-34.446779],[-59.449275,-34.446903]]]}},{"type":"Feature","properties":{"propietar":"BILDOSOLA, B.","ocupacion":"ALAMBRADO","m2":1365},"geometry":{"type":"Polygon","coordinates":[[[-59.441183,-34.452119],[-59.44093,-34.451485],[-59.440746,-34.451544],[-59.440989,-34.452175],[-59.441183,-34.452119]]]}},{"type":"Feature","properties":{"propietar":"CARRISO","ocupacion":"ALAMBRADO","m2":1614},"geometry":{"type":"Polygon","coordinates":[[[-59.441485,-34.452485],[-59.441316,-34.452078],[-59.440989,-34.452175],[-59.441137,-34.452605],[-59.441485,-34.452485]]]}},{"type":"Feature","properties":{"propietar":"BECERRO","ocupacion":"BALDIO","m2":2346},"geometry":{"type":"Polygon","coordinates":[[[-59.441316,-34.452078],[-59.441479,-34.452485],[-59.441947,-34.452323],[-59.441875,-34.451909],[-59.441316,-34.452078]]]}},{"type":"Feature","properties":{"propietar":"DEL RE","ocupacion":"ALAMBRADO","m2":1867},"geometry":{"type":"Polygon","coordinates":[[[-59.442087,-34.451108],[-59.442221,-34.451488],[-59.442649,-34.45135],[-59.442519,-34.450965],[-59.442087,-34.451108]]]}},{"type":"Feature","properties":{"propietar":"CUCULLU, S.","ocupacion":"BALDIO","m2":1605},"geometry":{"type":"Polygon","coordinates":[[[-59.442221,-34.451488],[-59.442087,-34.451108],[-59.441709,-34.451233],[-59.441848,-34.451604],[-59.442221,-34.451488]]]}},{"type":"Feature","properties":{"propietar":"PATERSON, R.","ocupacion":"MURO","m2":3113},"geometry":{"type":"Polygon","coordinates":[[[-59.445971,-34.449837],[-59.446218,-34.450545],[-59.446567,-34.450426],[-59.446591,-34.450388],[-59.446376,-34.449731],[-59.446341,-34.449717],[-59.445971,-34.449837]]]}},{"type":"Feature","properties":{"propietar":"BUSSETTI, P.","ocupacion":"ALAMBRADO","m2":3183},"geometry":{"type":"Polygon","coordinates":[[[-59.444273,-34.446099],[-59.445077,-34.44585],[-59.444961,-34.445499],[-59.444153,-34.445748],[-59.444273,-34.446099]]]}},{"type":"Feature","properties":{"propietar":"MEDINA, S.","ocupacion":"ALAMBRADO","m2":2611},"geometry":{"type":"Polygon","coordinates":[[[-59.443955,-34.445225],[-59.444761,-34.444968],[-59.444663,-34.444682],[-59.443862,-34.444933],[-59.443955,-34.445225]]]}},{"type":"Feature","properties":{"propietar":"GONZALEZ, P.","ocupacion":"BALDIO","m2":3356},"geometry":{"type":"Polygon","coordinates":[[[-59.445209,-34.444498],[-59.445457,-34.445206],[-59.445874,-34.445071],[-59.445632,-34.444367],[-59.445209,-34.444498]]]}},{"type":"Feature","properties":{"propietar":"GONZALEZ, S.","ocupacion":"BALDIO","m2":1765},"geometry":{"type":"Polygon","coordinates":[[[-59.444914,-34.444999],[-59.445336,-34.444876],[-59.445209,-34.444498],[-59.44479,-34.444629],[-59.444914,-34.444999]]]}},{"type":"Feature","properties":{"propietar":"CARBONE, V.","ocupacion":"ALAMBRADO","m2":3144},"geometry":{"type":"Polygon","coordinates":[[[-59.446225,-34.444177],[-59.446458,-34.444896],[-59.446846,-34.444784],[-59.446852,-34.44477],[-59.446608,-34.444061],[-59.446225,-34.444177]]]}},{"type":"Feature","properties":{"propietar":"NORIEGA, C.","ocupacion":"ALAMBRADO","m2":1834},"geometry":{"type":"Polygon","coordinates":[[[-59.446845,-34.444384],[-59.446959,-34.444737],[-59.447423,-34.444588],[-59.447298,-34.444234],[-59.446845,-34.444384]]]}},{"type":"Feature","properties":{"propietar":"ACUÑA, G.","ocupacion":"MURO","m2":1250},"geometry":{"type":"Polygon","coordinates":[[[-59.447333,-34.444177],[-59.447666,-34.444084],[-59.447551,-34.443749],[-59.447209,-34.443855],[-59.447333,-34.444177]]]}},{"type":"Feature","properties":{"propietar":"FRIAS, E.","ocupacion":"MURO","m2":1640},"geometry":{"type":"Polygon","coordinates":[[[-59.447333,-34.444177],[-59.447345,-34.444217],[-59.447298,-34.444234],[-59.447423,-34.444588],[-59.447797,-34.444467],[-59.447666,-34.444084],[-59.447333,-34.444177]]]}},{"type":"Feature","properties":{"propietar":"CUELLO, C.","ocupacion":"BALDIO","m2":2961},"geometry":{"type":"Polygon","coordinates":[[[-59.449072,-34.444563],[-59.449912,-34.444304],[-59.449803,-34.443992],[-59.448963,-34.444251],[-59.449072,-34.444563]]]}},{"type":"Feature","properties":{"propietar":"MALDONADO TESTAMENTARIA","ocupacion":"BALDIO","m2":1803},"geometry":{"type":"Polygon","coordinates":[[[-59.445083,-34.444023],[-59.444961,-34.443662],[-59.444513,-34.443801],[-59.444632,-34.444155],[-59.445083,-34.444023]]]}},{"type":"Feature","properties":{"propietar":"RODRIGUEZ, M. D. DE","ocupacion":"ALAMBRADO","m2":3330},"geometry":{"type":"Polygon","coordinates":[[[-59.443361,-34.443604],[-59.444214,-34.443375],[-59.4441,-34.443043],[-59.444068,-34.443028],[-59.443272,-34.443247],[-59.443251,-34.443279],[-59.443361,-34.443604]]]}},{"type":"Feature","properties":{"propietar":"GOMEZ, M.","ocupacion":"ALAMBRADO","m2":1774},"geometry":{"type":"Polygon","coordinates":[[[-59.441843,-34.44409],[-59.442288,-34.443958],[-59.442162,-34.443609],[-59.441707,-34.443743],[-59.441843,-34.44409]]]}},{"type":"Feature","properties":{"propietar":"FELIPE, J.","ocupacion":"ALAMBRADO","m2":942},"geometry":{"type":"Polygon","coordinates":[[[-59.441914,-34.444272],[-59.441989,-34.444463],[-59.442423,-34.444329],[-59.442355,-34.444141],[-59.441914,-34.444272]]]}},{"type":"Feature","properties":{"propietar":"RAMIREZ, R.","ocupacion":"BALDIO","m2":1751},"geometry":{"type":"Polygon","coordinates":[[[-59.441392,-34.444223],[-59.441843,-34.44409],[-59.441707,-34.443743],[-59.44127,-34.443872],[-59.441392,-34.444223]]]}},{"type":"Feature","properties":{"propietar":"MARIN, S.","ocupacion":"BALDIO","m2":1650},"geometry":{"type":"Polygon","coordinates":[[[-59.443145,-34.444629],[-59.443551,-34.444507],[-59.443419,-34.444165],[-59.443379,-34.444152],[-59.443018,-34.444264],[-59.443145,-34.444629]]]}},{"type":"Feature","properties":{"propietar":"MONSALVO, F.","ocupacion":"BALDIO","m2":616},"geometry":{"type":"Polygon","coordinates":[[[-59.443191,-34.444763],[-59.443602,-34.44464],[-59.443551,-34.444507],[-59.443145,-34.444629],[-59.443191,-34.444763]]]}},{"type":"Feature","properties":{"propietar":"SILVA, A.","ocupacion":"MURO","m2":1040},"geometry":{"type":"Polygon","coordinates":[[[-59.443191,-34.444763],[-59.443268,-34.444987],[-59.443537,-34.444899],[-59.443697,-34.444855],[-59.443602,-34.44464],[-59.443191,-34.444763]]]}},{"type":"Feature","properties":{"propietar":"FRIAS, E.","ocupacion":"BALDIO","m2":1722},"geometry":{"type":"Polygon","coordinates":[[[-59.44285,-34.445123],[-59.443268,-34.444987],[-59.443145,-34.444629],[-59.442721,-34.444756],[-59.44285,-34.445123]]]}},{"type":"Feature","properties":{"propietar":"FIGUEROA, B.","ocupacion":"MURO","m2":1655},"geometry":{"type":"Polygon","coordinates":[[[-59.445755,-34.442907],[-59.445881,-34.443258],[-59.446296,-34.443129],[-59.446175,-34.442779],[-59.445755,-34.442907]]]}},{"type":"Feature","properties":{"propietar":"SILVA, A.","ocupacion":"MURO","m2":1711},"geometry":{"type":"Polygon","coordinates":[[[-59.445881,-34.443258],[-59.445755,-34.442907],[-59.445322,-34.44304],[-59.445454,-34.44339],[-59.445881,-34.443258]]]}},{"type":"Feature","properties":{"propietar":"OTAROLA, L.","ocupacion":"ALAMBRADO","m2":8977},"geometry":{"type":"Polygon","coordinates":[[[-59.444068,-34.439455],[-59.444892,-34.439052],[-59.444571,-34.438111],[-59.443768,-34.438556],[-59.444068,-34.439455]]]}},{"type":"Feature","properties":{"propietar":"LARROSA, P. M. DE","ocupacion":"ALAMBRADO","m2":2164},"geometry":{"type":"Polygon","coordinates":[[[-59.444817,-34.440335],[-59.445288,-34.440211],[-59.445135,-34.439764],[-59.444682,-34.439964],[-59.444817,-34.440335]]]}},{"type":"Feature","properties":{"propietar":"CASTAÑERA TESTAMENTARIA","ocupacion":"ALAMBRADO","m2":3742},"geometry":{"type":"Polygon","coordinates":[[[-59.444817,-34.440335],[-59.444402,-34.440457],[-59.444537,-34.440862],[-59.445405,-34.440557],[-59.445288,-34.440211],[-59.444817,-34.440335]]]}},{"type":"Feature","properties":{"propietar":"MARTIN, P.","ocupacion":"BALDIO","m2":2194},"geometry":{"type":"Polygon","coordinates":[[[-59.445483,-34.440219],[-59.445579,-34.440492],[-59.446306,-34.440249],[-59.44621,-34.439992],[-59.445483,-34.440219]]]}},{"type":"Feature","properties":{"propietar":"ROLDAN, C. TESTAMENTARIA","ocupacion":"BALDIO","m2":2679},"geometry":{"type":"Polygon","coordinates":[[[-59.445848,-34.440105],[-59.445588,-34.439447],[-59.445244,-34.439538],[-59.445483,-34.440219],[-59.445848,-34.440105]]]}},{"type":"Feature","properties":{"propietar":"MARMOL, A. TESTAMENTARIA","ocupacion":"CERCO","m2":2748},"geometry":{"type":"Polygon","coordinates":[[[-59.445588,-34.439447],[-59.445848,-34.440105],[-59.44621,-34.439992],[-59.445971,-34.439347],[-59.445588,-34.439447]]]}},{"type":"Feature","properties":{"propietar":"LARROSA, P. M.","ocupacion":"BALDIO","m2":3453},"geometry":{"type":"Polygon","coordinates":[[[-59.444873,-34.438483],[-59.445587,-34.438312],[-59.445418,-34.437854],[-59.444725,-34.438061],[-59.444873,-34.438483]]]}},{"type":"Feature","properties":{"propietar":"SARES, F. TESTAMENTARIA","ocupacion":"CERCO","m2":1654},"geometry":{"type":"Polygon","coordinates":[[[-59.445399,-34.438756],[-59.445284,-34.438384],[-59.444873,-34.438483],[-59.445004,-34.438856],[-59.445399,-34.438756]]]}},{"type":"Feature","properties":{"propietar":"SARATI, M.","ocupacion":"BALDIO","m2":3509},"geometry":{"type":"Polygon","coordinates":[[[-59.446302,-34.439825],[-59.44715,-34.439559],[-59.447022,-34.439195],[-59.446166,-34.439464],[-59.446302,-34.439825]]]}},{"type":"Feature","properties":{"propietar":"CHAIRA, F.","ocupacion":"MURO","m2":1815},"geometry":{"type":"Polygon","coordinates":[[[-59.446722,-34.439693],[-59.446869,-34.440071],[-59.447283,-34.439938],[-59.44715,-34.439559],[-59.446722,-34.439693]]]}},{"type":"Feature","properties":{"propietar":"GONZALEZ, S.","ocupacion":"MURO","m2":1672},"geometry":{"type":"Polygon","coordinates":[[[-59.446611,-34.440674],[-59.447022,-34.440544],[-59.446885,-34.440184],[-59.446482,-34.440313],[-59.446611,-34.440674]]]}},{"type":"Feature","properties":{"propietar":"RUVELLE, P.","ocupacion":"MURO","m2":1727},"geometry":{"type":"Polygon","coordinates":[[[-59.446611,-34.440674],[-59.446742,-34.441044],[-59.447159,-34.440905],[-59.447022,-34.440544],[-59.446611,-34.440674]]]}},{"type":"Feature","properties":{"propietar":"PUEBLA","ocupacion":"MURO","m2":1758},"geometry":{"type":"Polygon","coordinates":[[[-59.447022,-34.440544],[-59.447159,-34.440905],[-59.447585,-34.440762],[-59.447452,-34.440407],[-59.447022,-34.440544]]]}},{"type":"Feature","properties":{"propietar":"OLIVERA, H.","ocupacion":"BALDIO","m2":3283},"geometry":{"type":"Polygon","coordinates":[[[-59.447597,-34.44036],[-59.44771,-34.440688],[-59.447737,-34.440699],[-59.448527,-34.440453],[-59.448545,-34.440428],[-59.44843,-34.440094],[-59.447597,-34.44036]]]}},{"type":"Feature","properties":{"propietar":"CORREA, S.","ocupacion":"MURO","m2":1528},"geometry":{"type":"Polygon","coordinates":[[[-59.446087,-34.440834],[-59.446479,-34.4407],[-59.446359,-34.440357],[-59.445975,-34.440484],[-59.446087,-34.440834]]]}},{"type":"Feature","properties":{"propietar":"MANUEL, EUGENIO","ocupacion":"ALAMBRADO","m2":1162},"geometry":{"type":"Polygon","coordinates":[[[-59.446127,-34.440957],[-59.446211,-34.441218],[-59.44659,-34.441093],[-59.446607,-34.441066],[-59.446525,-34.440831],[-59.446127,-34.440957]]]}},{"type":"Feature","properties":{"propietar":"CUCULLU, S.","ocupacion":"MURO","m2":1580},"geometry":{"type":"Polygon","coordinates":[[[-59.445691,-34.44097],[-59.446087,-34.440834],[-59.445975,-34.440484],[-59.445596,-34.440609],[-59.445581,-34.440635],[-59.445691,-34.44097]]]}},{"type":"Feature","properties":{"propietar":"IGLESIA","ocupacion":"IGLESIA","m2":1481},"geometry":{"type":"Polygon","coordinates":[[[-59.447977,-34.4431],[-59.448367,-34.442981],[-59.448246,-34.442642],[-59.447863,-34.442761],[-59.447977,-34.4431]]]}},{"type":"Feature","properties":{"propietar":"PELAEZ, F.","ocupacion":"MURO","m2":1073},"geometry":{"type":"Polygon","coordinates":[[[-59.448019,-34.443224],[-59.448101,-34.443468],[-59.448498,-34.443346],[-59.448413,-34.443109],[-59.448019,-34.443224]]]}},{"type":"Feature","properties":{"propietar":"LACOUR, R.","ocupacion":"MURO","m2":1653},"geometry":{"type":"Polygon","coordinates":[[[-59.447542,-34.443233],[-59.447977,-34.4431],[-59.447863,-34.442761],[-59.447428,-34.442896],[-59.447542,-34.443233]]]}},{"type":"Feature","properties":{"propietar":"AGUIRRE, M. TESTAMENTARIA","ocupacion":"CERCO","m2":1697},"geometry":{"type":"Polygon","coordinates":[[[-59.449767,-34.443479],[-59.450186,-34.443355],[-59.450061,-34.44299],[-59.449644,-34.443122],[-59.449767,-34.443479]]]}},{"type":"Feature","properties":{"propietar":"ESQUIVEL, Z.","ocupacion":"BALDIO","m2":1729},"geometry":{"type":"Polygon","coordinates":[[[-59.449767,-34.443479],[-59.449894,-34.443849],[-59.450311,-34.443719],[-59.450186,-34.443355],[-59.449767,-34.443479]]]}},{"type":"Feature","properties":{"propietar":"ESCOBAR, D. TESTAMENTARIA","ocupacion":"BALDIO","m2":1716},"geometry":{"type":"Polygon","coordinates":[[[-59.450186,-34.443355],[-59.450311,-34.443719],[-59.45073,-34.44359],[-59.450609,-34.443229],[-59.450186,-34.443355]]]}},{"type":"Feature","properties":{"propietar":"TOBARI, J.","ocupacion":"ALAMBRADO","m2":1784},"geometry":{"type":"Polygon","coordinates":[[[-59.45127,-34.443419],[-59.451687,-34.443292],[-59.451552,-34.44291],[-59.451141,-34.443035],[-59.45127,-34.443419]]]}},{"type":"Feature","properties":{"propietar":"ESQUIVEL, C.","ocupacion":"ALAMBRADO","m2":3617},"geometry":{"type":"Polygon","coordinates":[[[-59.451699,-34.442866],[-59.451827,-34.443238],[-59.452694,-34.442967],[-59.452566,-34.4426],[-59.451699,-34.442866]]]}},{"type":"Feature","properties":{"propietar":"SFORZA, V.","ocupacion":"ALAMBRADO","m2":1552},"geometry":{"type":"Polygon","coordinates":[[[-59.451968,-34.443705],[-59.452381,-34.443583],[-59.452244,-34.443242],[-59.451876,-34.443357],[-59.45186,-34.443388],[-59.451968,-34.443705]]]}},{"type":"Feature","properties":{"propietar":"RIVAROLA, S.","ocupacion":"BALDIO","m2":1621},"geometry":{"type":"Polygon","coordinates":[[[-59.451295,-34.443532],[-59.45142,-34.443874],[-59.451837,-34.443738],[-59.451727,-34.443425],[-59.451689,-34.443408],[-59.451295,-34.443532]]]}},{"type":"Feature","properties":{"propietar":"ROMERO, J. B. TESTAMENTARIA","ocupacion":"CERCO","m2":3229},"geometry":{"type":"Polygon","coordinates":[[[-59.450734,-34.441863],[-59.450997,-34.442566],[-59.451392,-34.442442],[-59.451144,-34.441732],[-59.450734,-34.441863]]]}},{"type":"Feature","properties":{"propietar":"ROMERO, F.","ocupacion":"MURO","m2":1639},"geometry":{"type":"Polygon","coordinates":[[[-59.450453,-34.442344],[-59.450866,-34.442216],[-59.450734,-34.441863],[-59.450343,-34.441989],[-59.450334,-34.442018],[-59.450453,-34.442344]]]}},{"type":"Feature","properties":{"propietar":"CASAS, M. TESTAMENTARIA","ocupacion":"ALAMBRADO","m2":2078},"geometry":{"type":"Polygon","coordinates":[[[-59.44558,-34.442423],[-59.445953,-34.442314],[-59.445984,-34.442276],[-59.445848,-34.44186],[-59.445416,-34.441988],[-59.44558,-34.442423]]]}},{"type":"Feature","properties":{"propietar":"VELOZ, P. P.","ocupacion":"CERCO","m2":1118},"geometry":{"type":"Polygon","coordinates":[[[-59.444131,-34.441402],[-59.444529,-34.441288],[-59.444434,-34.44103],[-59.444041,-34.441163],[-59.444131,-34.441402]]]}},{"type":"Feature","properties":{"propietar":"BULACIO, L","ocupacion":"ALAMBRADO","m2":1628},"geometry":{"type":"Polygon","coordinates":[[[-59.442897,-34.441011],[-59.442773,-34.440665],[-59.442359,-34.440808],[-59.442479,-34.441148],[-59.442897,-34.441011]]]}},{"type":"Feature","properties":{"propietar":"QUINTEROS, V.","ocupacion":"CERCO","m2":1651},"geometry":{"type":"Polygon","coordinates":[[[-59.442773,-34.440665],[-59.442897,-34.441011],[-59.443307,-34.440877],[-59.443191,-34.440522],[-59.442773,-34.440665]]]}},{"type":"Feature","properties":{"propietar":"ROLDAN, M.","ocupacion":"ALAMBRADO","m2":1719},"geometry":{"type":"Polygon","coordinates":[[[-59.442897,-34.441011],[-59.443031,-34.441388],[-59.443429,-34.441247],[-59.443307,-34.440877],[-59.442897,-34.441011]]]}},{"type":"Feature","properties":{"propietar":"CORREA, L.","ocupacion":"ALAMBRADO","m2":4280},"geometry":{"type":"Polygon","coordinates":[[[-59.443183,-34.44007],[-59.44403,-34.439798],[-59.443881,-34.439347],[-59.443019,-34.439642],[-59.443183,-34.44007]]]}},{"type":"Feature","properties":{"propietar":"FARIÑA, L. V.","ocupacion":"ALAMBRADO","m2":1860},"geometry":{"type":"Polygon","coordinates":[[[-59.443996,-34.441052],[-59.443835,-34.440663],[-59.443441,-34.440784],[-59.443579,-34.441197],[-59.443996,-34.441052]]]}},{"type":"Feature","properties":{"propietar":"VELOZ, A.","ocupacion":"ALAMBRADO","m2":1853},"geometry":{"type":"Polygon","coordinates":[[[-59.443835,-34.440663],[-59.443996,-34.441052],[-59.444397,-34.440911],[-59.444274,-34.440528],[-59.443835,-34.440663]]]}},{"type":"Feature","properties":{"propietar":"MARMOL M.","ocupacion":"CERCO","m2":3282},"geometry":{"type":"Polygon","coordinates":[[[-59.445998,-34.438987],[-59.446863,-34.438728],[-59.446743,-34.438399],[-59.446712,-34.438388],[-59.445889,-34.438663],[-59.445879,-34.438683],[-59.445998,-34.438987]]]}},{"type":"Feature","properties":{"propietar":"GOMEZ, J.","ocupacion":"BALDIO","m2":1078},"geometry":{"type":"Polygon","coordinates":[[[-59.444691,-34.443613],[-59.444559,-34.443213],[-59.444314,-34.443277],[-59.444447,-34.443663],[-59.444477,-34.443675],[-59.444691,-34.443613]]]}},{"type":"Feature","properties":{"propietar":"JUZGADO DE PAZ","ocupacion":"MURO","m2":754},"geometry":{"type":"Polygon","coordinates":[[[-59.448179,-34.441957],[-59.448577,-34.441839],[-59.448519,-34.441666],[-59.448158,-34.441778],[-59.448135,-34.441832],[-59.448179,-34.441957]]]}},{"type":"Feature","properties":{"propietar":"POLERO, J.","ocupacion":"MURO","m2":877},"geometry":{"type":"Polygon","coordinates":[[[-59.448308,-34.442322],[-59.448697,-34.4422],[-59.448632,-34.442006],[-59.448236,-34.442118],[-59.448308,-34.442322]]]}},{"type":"Feature","properties":{"propietar":"ARATA, J.","ocupacion":"MURO","m2":1621},"geometry":{"type":"Polygon","coordinates":[[[-59.448632,-34.442006],[-59.449061,-34.441883],[-59.448942,-34.44156],[-59.448905,-34.441547],[-59.448519,-34.441666],[-59.448632,-34.442006]]]}},{"type":"Feature","properties":{"propietar":"BILCHE, J.","ocupacion":"ALAMBRADO","m2":1583},"geometry":{"type":"Polygon","coordinates":[[[-59.445147,-34.441146],[-59.445563,-34.441012],[-59.445448,-34.440674],[-59.445028,-34.440819],[-59.445147,-34.441146]]]}},{"type":"Feature","properties":{"propietar":"QUINTEROS, A. V. DE","ocupacion":"MURO","m2":1762},"geometry":{"type":"Polygon","coordinates":[[[-59.445147,-34.441146],[-59.445287,-34.441528],[-59.445689,-34.441385],[-59.445563,-34.441012],[-59.445147,-34.441146]]]}},{"type":"Feature","properties":{"propietar":"RAMIREZ, P.","ocupacion":"ALAMBRADO","m2":3294},"geometry":{"type":"Polygon","coordinates":[[[-59.449548,-34.439721],[-59.449656,-34.440055],[-59.449682,-34.440067],[-59.45046,-34.439823],[-59.450482,-34.439788],[-59.450366,-34.439455],[-59.449548,-34.439721]]]}},{"type":"Feature","properties":{"propietar":"ORMACHEA,TESTAMENTARIA","ocupacion":"BALDIO","m2":2893},"geometry":{"type":"Polygon","coordinates":[[[-59.449515,-34.441338],[-59.449758,-34.442044],[-59.450124,-34.441928],[-59.449875,-34.441226],[-59.449515,-34.441338]]]}},{"type":"Feature","properties":{"propietar":"FERNANDEZ, D.","ocupacion":"ALAMBRADO","m2":1097},"geometry":{"type":"Polygon","coordinates":[[[-59.449209,-34.44199],[-59.449276,-34.442176],[-59.449309,-34.442187],[-59.449758,-34.442044],[-59.449689,-34.441843],[-59.449209,-34.44199]]]}},{"type":"Feature","properties":{"propietar":"DUBERTI, F.","ocupacion":"MURO","m2":3349},"geometry":{"type":"Polygon","coordinates":[[[-59.448916,-34.441031],[-59.449038,-34.441362],[-59.449074,-34.441378],[-59.449867,-34.441117],[-59.449893,-34.441082],[-59.449781,-34.440774],[-59.448916,-34.441031]]]}},{"type":"Feature","properties":{"propietar":"MONSALVO, A. O. DE","ocupacion":"MURO","m2":2939},"geometry":{"type":"Polygon","coordinates":[[[-59.449898,-34.440735],[-59.449997,-34.441022],[-59.450037,-34.441036],[-59.450832,-34.440801],[-59.45072,-34.440477],[-59.449898,-34.440735]]]}},{"type":"Feature","properties":{"propietar":"VILLAGRA, M.","ocupacion":"ALAMBRADO","m2":1706},"geometry":{"type":"Polygon","coordinates":[[[-59.449769,-34.440362],[-59.450596,-34.440119],[-59.450531,-34.439933],[-59.449707,-34.440181],[-59.449769,-34.440362]]]}},{"type":"Feature","properties":{"propietar":"LOPEZ, T. TESTAMENTARIA","ocupacion":"MURO","m2":847},"geometry":{"type":"Polygon","coordinates":[[[-59.445829,-34.443777],[-59.445695,-34.443422],[-59.445519,-34.443472],[-59.445496,-34.443509],[-59.445607,-34.443833],[-59.445829,-34.443777]]]}},{"type":"Feature","properties":{"propietar":"RODRIGUEZ, M. D. DE TESTAMENTARIA","ocupacion":"MURO","m2":1701},"geometry":{"type":"Polygon","coordinates":[[[-59.445607,-34.443833],[-59.445725,-34.444179],[-59.445775,-34.444196],[-59.446151,-34.444083],[-59.446027,-34.443726],[-59.445607,-34.443833]]]}},{"type":"Feature","properties":{"propietar":"LUCERO, C. TESTAMENTARIA","ocupacion":"MURO","m2":1688},"geometry":{"type":"Polygon","coordinates":[[[-59.446027,-34.443726],[-59.446151,-34.444083],[-59.446546,-34.443965],[-59.446571,-34.443923],[-59.446466,-34.443613],[-59.446027,-34.443726]]]}},{"type":"Feature","properties":{"propietar":"RIVAROLA, I.","ocupacion":"MURO","m2":1135},"geometry":{"type":"Polygon","coordinates":[[[-59.447152,-34.446937],[-59.447532,-34.446826],[-59.447436,-34.446556],[-59.44706,-34.446675],[-59.447152,-34.446937]]]}},{"type":"Feature","properties":{"propietar":"CUCULLU, I.","ocupacion":"MURO","m2":959},"geometry":{"type":"Polygon","coordinates":[[[-59.447233,-34.447169],[-59.447608,-34.447042],[-59.447532,-34.446826],[-59.447152,-34.446937],[-59.447233,-34.447169]]]}},{"type":"Feature","properties":{"propietar":"ROBELLI, P.","ocupacion":"MURO","m2":1042},"geometry":{"type":"Polygon","coordinates":[[[-59.447233,-34.447169],[-59.447318,-34.44741],[-59.447695,-34.447288],[-59.447608,-34.447042],[-59.447233,-34.447169]]]}},{"type":"Feature","properties":{"propietar":"NAVARRO, E.","ocupacion":"BALDIO","m2":1568},"geometry":{"type":"Polygon","coordinates":[[[-59.446759,-34.447248],[-59.446865,-34.447557],[-59.447318,-34.44741],[-59.447211,-34.447106],[-59.446759,-34.447248]]]}},{"type":"Feature","properties":{"propietar":"QUINTEROS, P.","ocupacion":"MURO","m2":1607},"geometry":{"type":"Polygon","coordinates":[[[-59.44699,-34.446572],[-59.447397,-34.446445],[-59.447277,-34.446105],[-59.446869,-34.446206],[-59.44699,-34.446572]]]}},{"type":"Feature","properties":{"propietar":"FERREIRA, F.","ocupacion":"ALAMBRADO","m2":3169},"geometry":{"type":"Polygon","coordinates":[[[-59.442472,-34.439807],[-59.442739,-34.440546],[-59.443088,-34.440432],[-59.443117,-34.440384],[-59.442845,-34.439697],[-59.442472,-34.439807]]]}},{"type":"Feature","properties":{"propietar":"TROTA V.","ocupacion":"MURO","m2":901},"geometry":{"type":"Polygon","coordinates":[[[-59.448029,-34.438569],[-59.44844,-34.438442],[-59.44837,-34.438247],[-59.447953,-34.438384],[-59.448029,-34.438569]]]}},{"type":"Feature","properties":{"propietar":"GONZALEZ S.","ocupacion":"BALDIO","m2":1759},"geometry":{"type":"Polygon","coordinates":[[[-59.44837,-34.438247],[-59.448499,-34.438607],[-59.448899,-34.438476],[-59.44892,-34.438436],[-59.448798,-34.438106],[-59.44837,-34.438247]]]}},{"type":"Feature","properties":{"propietar":"RAMIREZ, V.","ocupacion":"ALAMBRADO","m2":1047},"geometry":{"type":"Polygon","coordinates":[[[-59.448823,-34.439113],[-59.448935,-34.439401],[-59.449202,-34.43931],[-59.449245,-34.439258],[-59.44915,-34.439011],[-59.448823,-34.439113]]]}},{"type":"Feature","properties":{"propietar":"LOPEZ, J. R. DE","ocupacion":"ALAMBRADO","m2":1777},"geometry":{"type":"Polygon","coordinates":[[[-59.448935,-34.439401],[-59.448823,-34.439113],[-59.448295,-34.439279],[-59.448403,-34.43956],[-59.448437,-34.439571],[-59.448935,-34.439401]]]}},{"type":"Feature","properties":{"propietar":"RIVAROLA, F.","ocupacion":"ALAMBRADO","m2":1725},"geometry":{"type":"Polygon","coordinates":[[[-59.447284,-34.439506],[-59.447705,-34.439385],[-59.447586,-34.439017],[-59.447156,-34.439153],[-59.447284,-34.439506]]]}},{"type":"Feature","properties":{"propietar":"RIVAROLA, F.","ocupacion":"ALAMBRADO","m2":930},"geometry":{"type":"Polygon","coordinates":[[[-59.447347,-34.439679],[-59.447422,-34.439886],[-59.447825,-34.439756],[-59.447761,-34.439559],[-59.447347,-34.439679]]]}},{"type":"Feature","properties":{"propietar":"MARMOL, M.","ocupacion":"MURO","m2":1729},"geometry":{"type":"Polygon","coordinates":[[[-59.447705,-34.439385],[-59.448127,-34.439263],[-59.447993,-34.438889],[-59.447586,-34.439017],[-59.447705,-34.439385]]]}},{"type":"Feature","properties":{"propietar":"QUINTEROS, A. V. DE","ocupacion":"MURO","m2":1110},"geometry":{"type":"Polygon","coordinates":[[[-59.446357,-34.441551],[-59.44627,-34.441312],[-59.445875,-34.441436],[-59.445858,-34.441463],[-59.445927,-34.44167],[-59.446357,-34.441551]]]}},{"type":"Feature","properties":{"propietar":"CANE, L.","ocupacion":"BALDIO","m2":1004},"geometry":{"type":"Polygon","coordinates":[[[-59.446431,-34.441755],[-59.446357,-34.441551],[-59.445927,-34.44167],[-59.445997,-34.441882],[-59.446431,-34.441755]]]}},{"type":"Feature","properties":{"propietar":"CUCULLU, S.","ocupacion":"MURO","m2":1564},"geometry":{"type":"Polygon","coordinates":[[[-59.446431,-34.441755],[-59.44657,-34.442116],[-59.44691,-34.442018],[-59.446938,-34.441972],[-59.446818,-34.441642],[-59.446431,-34.441755]]]}},{"type":"Feature","properties":{"propietar":"AGUIRRE, E.","ocupacion":"CERCO","m2":1735},"geometry":{"type":"Polygon","coordinates":[[[-59.441992,-34.445914],[-59.442119,-34.446263],[-59.44215,-34.446275],[-59.442545,-34.446154],[-59.442422,-34.445794],[-59.441992,-34.445914]]]}},{"type":"Feature","properties":{"propietar":"ORELLANO, M.","ocupacion":"ALAMBRADO","m2":921},"geometry":{"type":"Polygon","coordinates":[[[-59.441923,-34.445725],[-59.442358,-34.445608],[-59.442291,-34.445414],[-59.441886,-34.445531],[-59.441865,-34.445565],[-59.441923,-34.445725]]]}},{"type":"Feature","properties":{"propietar":"ZAPALA, T.","ocupacion":"CERCO","m2":1725},"geometry":{"type":"Polygon","coordinates":[[[-59.442422,-34.445794],[-59.442545,-34.446154],[-59.442937,-34.446033],[-59.44297,-34.445992],[-59.442861,-34.445672],[-59.442422,-34.445794]]]}},{"type":"Feature","properties":{"propietar":"ROLDAN, N.","ocupacion":"ALAMBRADO","m2":1086},"geometry":{"type":"Polygon","coordinates":[[[-59.448857,-34.439548],[-59.448936,-34.439773],[-59.449356,-34.439637],[-59.44928,-34.439409],[-59.448857,-34.439548]]]}},{"type":"Feature","properties":{"propietar":"ROLDAN, A.","ocupacion":"ALAMBRADO","m2":869},"geometry":{"type":"Polygon","coordinates":[[[-59.448936,-34.439773],[-59.449,-34.439956],[-59.449418,-34.439822],[-59.449356,-34.439637],[-59.448936,-34.439773]]]}},{"type":"Feature","properties":{"propietar":"ALVIS, J.","ocupacion":"MURO","m2":998},"geometry":{"type":"Polygon","coordinates":[[[-59.449342,-34.440182],[-59.44928,-34.440054],[-59.448633,-34.440254],[-59.44867,-34.440366],[-59.44871,-34.440382],[-59.449342,-34.440182]]]}},{"type":"Feature","properties":{"propietar":"LEON, J.","ocupacion":"MURO","m2":1620},"geometry":{"type":"Polygon","coordinates":[[[-59.449694,-34.446379],[-59.450543,-34.446138],[-59.450482,-34.445963],[-59.449637,-34.446213],[-59.449694,-34.446379]]]}},{"type":"Feature","properties":{"propietar":"CASTRO, D. R. DE","ocupacion":"MURO","m2":1471},"geometry":{"type":"Polygon","coordinates":[[[-59.450044,-34.446092],[-59.449929,-34.445767],[-59.449527,-34.445893],[-59.449637,-34.446213],[-59.450044,-34.446092]]]}},{"type":"Feature","properties":{"propietar":"ALMIRON, P. A. DE","ocupacion":"ALAMBRADO","m2":1625},"geometry":{"type":"Polygon","coordinates":[[[-59.449929,-34.445767],[-59.450044,-34.446092],[-59.450482,-34.445963],[-59.450366,-34.44563],[-59.449929,-34.445767]]]}},{"type":"Feature","properties":{"propietar":"GONZALEZ, T.","ocupacion":"MURO","m2":1179},"geometry":{"type":"Polygon","coordinates":[[[-59.448967,-34.446071],[-59.449063,-34.446322],[-59.449466,-34.446203],[-59.449377,-34.445942],[-59.448967,-34.446071]]]}},{"type":"Feature","properties":{"propietar":"ROMERO, A.","ocupacion":"BALDIO","m2":1201},"geometry":{"type":"Polygon","coordinates":[[[-59.449063,-34.446322],[-59.448967,-34.446071],[-59.448544,-34.446205],[-59.44863,-34.44645],[-59.449063,-34.446322]]]}},{"type":"Feature","properties":{"propietar":"SIERRA, D.","ocupacion":"MURO","m2":1184},"geometry":{"type":"Polygon","coordinates":[[[-59.449242,-34.446269],[-59.449407,-34.446743],[-59.449628,-34.446675],[-59.449466,-34.446203],[-59.449242,-34.446269]]]}},{"type":"Feature","properties":{"propietar":"ATAIDE, G.","ocupacion":"MURO","m2":1500},"geometry":{"type":"Polygon","coordinates":[[[-59.448721,-34.446711],[-59.448798,-34.446931],[-59.449407,-34.446743],[-59.449332,-34.446527],[-59.448721,-34.446711]]]}},{"type":"Feature","properties":{"propietar":"BARCOS, B.","ocupacion":"ALAMBRADO","m2":1448},"geometry":{"type":"Polygon","coordinates":[[[-59.449415,-34.442455],[-59.450251,-34.442197],[-59.450203,-34.442063],[-59.450176,-34.442051],[-59.449387,-34.442292],[-59.449367,-34.442318],[-59.449415,-34.442455]]]}},{"type":"Feature","properties":{"propietar":"CUCULLU, S.","ocupacion":"MURO","m2":1628},"geometry":{"type":"Polygon","coordinates":[[[-59.449475,-34.442627],[-59.450312,-34.44237],[-59.450251,-34.442197],[-59.449415,-34.442455],[-59.449475,-34.442627]]]}},{"type":"Feature","properties":{"propietar":"FERNANDEZ, D.","ocupacion":"ALAMBRADO","m2":1528},"geometry":{"type":"Polygon","coordinates":[[[-59.449533,-34.442792],[-59.450368,-34.442529],[-59.450312,-34.44237],[-59.449475,-34.442627],[-59.449533,-34.442792]]]}},{"type":"Feature","properties":{"propietar":"COPPA, A. C. DE","ocupacion":"ALAMBRADO","m2":3274},"geometry":{"type":"Polygon","coordinates":[[[-59.446913,-34.441507],[-59.447735,-34.441237],[-59.44762,-34.440907],[-59.447585,-34.440896],[-59.446817,-34.441149],[-59.446794,-34.441184],[-59.446913,-34.441507]]]}},{"type":"Feature","properties":{"propietar":"ACUÑA, T. TESTAMENTARIA","ocupacion":"MURO","m2":1593},"geometry":{"type":"Polygon","coordinates":[[[-59.447485,-34.441836],[-59.447866,-34.441716],[-59.44789,-34.441683],[-59.447781,-34.441368],[-59.447362,-34.441495],[-59.447485,-34.441836]]]}},{"type":"Feature","properties":{"propietar":"CASAS, V.","ocupacion":"MURO","m2":810},"geometry":{"type":"Polygon","coordinates":[[[-59.446505,-34.442606],[-59.446401,-34.442284],[-59.446198,-34.442339],[-59.446181,-34.44237],[-59.446276,-34.442666],[-59.446505,-34.442606]]]}},{"type":"Feature","properties":{"propietar":"BANCO PROVINCIA","ocupacion":"MURO","m2":2175},"geometry":{"type":"Polygon","coordinates":[[[-59.446401,-34.442284],[-59.446505,-34.442606],[-59.447113,-34.442446],[-59.447007,-34.442133],[-59.446983,-34.442126],[-59.446401,-34.442284]]]}},{"type":"Feature","properties":{"propietar":"SOSA, S. C. DE","ocupacion":"MURO","m2":1619},"geometry":{"type":"Polygon","coordinates":[[[-59.446736,-34.442546],[-59.446862,-34.442934],[-59.447214,-34.442836],[-59.447234,-34.442802],[-59.447113,-34.442446],[-59.446736,-34.442546]]]}},{"type":"Feature","properties":{"propietar":"CASCO, D. T. DE","ocupacion":"MURO","m2":783},"geometry":{"type":"Polygon","coordinates":[[[-59.44655,-34.442594],[-59.446684,-34.442983],[-59.446862,-34.442934],[-59.446736,-34.442546],[-59.44655,-34.442594]]]}},{"type":"Feature","properties":{"propietar":"ESCUELA AMBOS SEXOS","ocupacion":"MURO","m2":1459},"geometry":{"type":"Polygon","coordinates":[[[-59.447005,-34.44339],[-59.4474,-34.443277],[-59.447284,-34.442941],[-59.4469,-34.443056],[-59.447005,-34.44339]]]}},{"type":"Feature","properties":{"propietar":"RODRIGUEZ, M. D. DE","ocupacion":"MURO","m2":1663},"geometry":{"type":"Polygon","coordinates":[[[-59.447005,-34.44339],[-59.447124,-34.443768],[-59.447526,-34.443644],[-59.4474,-34.443277],[-59.447005,-34.44339]]]}},{"type":"Feature","properties":{"propietar":"RODRIGUEZ, M.","ocupacion":"MURO","m2":1701},"geometry":{"type":"Polygon","coordinates":[[[-59.445694,-34.445261],[-59.445938,-34.445977],[-59.44615,-34.445911],[-59.445902,-34.445193],[-59.445694,-34.445261]]]}},{"type":"Feature","properties":{"propietar":"LIMA, R.","ocupacion":"BALDIO","m2":403},"geometry":{"type":"Polygon","coordinates":[[[-59.446671,-34.444961],[-59.446722,-34.445133],[-59.446934,-34.445065],[-59.44688,-34.444894],[-59.446671,-34.444961]]]}},{"type":"Feature","properties":{"propietar":"DIAZ, F.","ocupacion":"BALDIO","m2":1020},"geometry":{"type":"Polygon","coordinates":[[[-59.446398,-34.445357],[-59.446546,-34.445795],[-59.446751,-34.445729],[-59.44661,-34.445295],[-59.446398,-34.445357]]]}},{"type":"Feature","properties":{"propietar":"PEÑALVA, S. TESTAMENTARIA","ocupacion":"BALDIO","m2":778},"geometry":{"type":"Polygon","coordinates":[[[-59.446673,-34.445489],[-59.447035,-34.44538],[-59.446974,-34.445189],[-59.44661,-34.445295],[-59.446673,-34.445489]]]}},{"type":"Feature","properties":{"propietar":"DIAZ, F.","ocupacion":"MURO","m2":524},"geometry":{"type":"Polygon","coordinates":[[[-59.446949,-34.445665],[-59.446867,-34.445431],[-59.446673,-34.445489],[-59.446751,-34.445729],[-59.446949,-34.445665]]]}},{"type":"Feature","properties":{"propietar":"VAZQUEZ, B.","ocupacion":"MURO","m2":1682},"geometry":{"type":"Polygon","coordinates":[[[-59.448922,-34.442814],[-59.449353,-34.442692],[-59.449229,-34.442337],[-59.448805,-34.442469],[-59.448922,-34.442814]]]}},{"type":"Feature","properties":{"propietar":"VILLAGRA, A.","ocupacion":"MURO","m2":787},"geometry":{"type":"Polygon","coordinates":[[[-59.448441,-34.442762],[-59.448862,-34.442638],[-59.448805,-34.442469],[-59.448384,-34.442599],[-59.448441,-34.442762]]]}},{"type":"Feature","properties":{"propietar":"ROMERO, F.","ocupacion":"MURO","m2":1001},"geometry":{"type":"Polygon","coordinates":[[[-59.448561,-34.443104],[-59.448637,-34.44332],[-59.449049,-34.443189],[-59.448977,-34.442976],[-59.448561,-34.443104]]]}},{"type":"Feature","properties":{"propietar":"TISEIRA, L.","ocupacion":"MURO","m2":760},"geometry":{"type":"Polygon","coordinates":[[[-59.448503,-34.442938],[-59.448561,-34.443104],[-59.448977,-34.442976],[-59.448923,-34.442819],[-59.448503,-34.442938]]]}},{"type":"Feature","properties":{"propietar":"PELAEZ, C.","ocupacion":"MURO","m2":841},"geometry":{"type":"Polygon","coordinates":[[[-59.448503,-34.442938],[-59.448923,-34.442819],[-59.448862,-34.442638],[-59.448441,-34.442762],[-59.448503,-34.442938]]]}},{"type":"Feature","properties":{"propietar":"BUTTERFILL, M. T. DE","ocupacion":"MURO","m2":1473},"geometry":{"type":"Polygon","coordinates":[[[-59.449776,-34.44526],[-59.449667,-34.444945],[-59.449279,-34.445068],[-59.449254,-34.445103],[-59.449348,-34.445382],[-59.449776,-34.44526]]]}},{"type":"Feature","properties":{"propietar":"GARRO, J.","ocupacion":"MURO","m2":1774},"geometry":{"type":"Polygon","coordinates":[[[-59.449776,-34.44526],[-59.449909,-34.445644],[-59.450296,-34.445528],[-59.450315,-34.445489],[-59.450192,-34.445142],[-59.449776,-34.44526]]]}},{"type":"Feature","properties":{"propietar":"CASAS, I.","ocupacion":"MURO","m2":914},"geometry":{"type":"Polygon","coordinates":[[[-59.449566,-34.44532],[-59.449696,-34.445708],[-59.449909,-34.445644],[-59.449776,-34.44526],[-59.449566,-34.44532]]]}},{"type":"Feature","properties":{"propietar":"NAVARRO TESTAMENTARIA","ocupacion":"MURO","m2":725},"geometry":{"type":"Polygon","coordinates":[[[-59.449881,-34.444877],[-59.44999,-34.4452],[-59.450192,-34.445142],[-59.450084,-34.444837],[-59.450055,-34.444822],[-59.449881,-34.444877]]]}},{"type":"Feature","properties":{"propietar":"ORTIZ, A. D. DE","ocupacion":"MURO","m2":766},"geometry":{"type":"Polygon","coordinates":[[[-59.44999,-34.4452],[-59.449881,-34.444877],[-59.449667,-34.444945],[-59.449776,-34.44526],[-59.44999,-34.4452]]]}},{"type":"Feature","properties":{"propietar":"RODRIGUEZ, M.","ocupacion":"MURO","m2":597},"geometry":{"type":"Polygon","coordinates":[[[-59.447674,-34.44504],[-59.447796,-34.445392],[-59.447949,-34.445342],[-59.447819,-34.444992],[-59.447674,-34.44504]]]}},{"type":"Feature","properties":{"propietar":"QUINTEROS, P. P. TESTAMENTARIA","ocupacion":"MURO","m2":1024},"geometry":{"type":"Polygon","coordinates":[[[-59.447585,-34.444672],[-59.447707,-34.445029],[-59.447961,-34.444944],[-59.44784,-34.444592],[-59.447585,-34.444672]]]}},{"type":"Feature","properties":{"propietar":"CARBONE, V.","ocupacion":"MURO","m2":2350},"geometry":{"type":"Polygon","coordinates":[[[-59.447707,-34.445029],[-59.447585,-34.444672],[-59.447004,-34.444854],[-59.447128,-34.445214],[-59.447707,-34.445029]]]}},{"type":"Feature","properties":{"propietar":"SILVA, J. H. JUEZ DE MENORES","ocupacion":"MURO","m2":1607},"geometry":{"type":"Polygon","coordinates":[[[-59.449235,-34.443638],[-59.449104,-34.443304],[-59.44871,-34.443433],[-59.448694,-34.443463],[-59.448808,-34.443773],[-59.449235,-34.443638]]]}},{"type":"Feature","properties":{"propietar":"LOPEZ, C.","ocupacion":"ALAMBRADO","m2":775},"geometry":{"type":"Polygon","coordinates":[[[-59.449306,-34.443237],[-59.449436,-34.443575],[-59.449635,-34.443512],[-59.449515,-34.44319],[-59.449479,-34.443179],[-59.449306,-34.443237]]]}},{"type":"Feature","properties":{"propietar":"RUIZ, M. E.","ocupacion":"ALAMBRADO","m2":779},"geometry":{"type":"Polygon","coordinates":[[[-59.449436,-34.443575],[-59.449306,-34.443237],[-59.449104,-34.443304],[-59.449235,-34.443638],[-59.449436,-34.443575]]]}},{"type":"Feature","properties":{"propietar":"SOLAR, A. H.","ocupacion":"MURO","m2":1789},"geometry":{"type":"Polygon","coordinates":[[[-59.448808,-34.443773],[-59.448859,-34.443911],[-59.449475,-34.443708],[-59.449553,-34.443935],[-59.449722,-34.443881],[-59.449756,-34.443839],[-59.449635,-34.443512],[-59.448808,-34.443773]]]}},{"type":"Feature","properties":{"propietar":"CUFRE, V.","ocupacion":"ALAMBRADO","m2":3126},"geometry":{"type":"Polygon","coordinates":[[[-59.443037,-34.442769],[-59.443894,-34.442508],[-59.44382,-34.442299],[-59.443831,-34.442296],[-59.443787,-34.442196],[-59.443755,-34.442184],[-59.442945,-34.442451],[-59.442928,-34.442478],[-59.443037,-34.442769]]]}},{"type":"Feature","properties":{"propietar":"MONSALVO, F.","ocupacion":"MURO","m2":1635},"geometry":{"type":"Polygon","coordinates":[[[-59.444474,-34.44236],[-59.444603,-34.442721],[-59.444981,-34.442611],[-59.444999,-34.442581],[-59.444877,-34.442243],[-59.444474,-34.44236]]]}},{"type":"Feature","properties":{"propietar":"GALEANO, V.","ocupacion":"BALDIO","m2":1712},"geometry":{"type":"Polygon","coordinates":[[[-59.444474,-34.44236],[-59.444877,-34.442243],[-59.444748,-34.441884],[-59.444702,-34.441867],[-59.444341,-34.44199],[-59.444474,-34.44236]]]}},{"type":"Feature","properties":{"propietar":"CHAIRO, F.","ocupacion":"ALAMBRADO","m2":487},"geometry":{"type":"Polygon","coordinates":[[[-59.44397,-34.442226],[-59.444382,-34.442104],[-59.444341,-34.44199],[-59.443959,-34.442121],[-59.443943,-34.442148],[-59.44397,-34.442226]]]}},{"type":"Feature","properties":{"propietar":"LUJAN, C.","ocupacion":"ALAMBRADO","m2":615},"geometry":{"type":"Polygon","coordinates":[[[-59.444016,-34.442358],[-59.444429,-34.442236],[-59.444382,-34.442104],[-59.44397,-34.442226],[-59.444016,-34.442358]]]}},{"type":"Feature","properties":{"propietar":"REBELLE, F.","ocupacion":"BALDIO","m2":821},"geometry":{"type":"Polygon","coordinates":[[[-59.447761,-34.439559],[-59.448189,-34.439434],[-59.448127,-34.439263],[-59.447705,-34.439385],[-59.447761,-34.439559]]]}},{"type":"Feature","properties":{"propietar":"LESANI, S.","ocupacion":"MURO","m2":811},"geometry":{"type":"Polygon","coordinates":[[[-59.447347,-34.439679],[-59.447761,-34.439559],[-59.447705,-34.439385],[-59.447284,-34.439506],[-59.447347,-34.439679]]]}},{"type":"Feature","properties":{"propietar":"CASADO, A.","ocupacion":"MURO","m2":2776},"geometry":{"type":"Polygon","coordinates":[[[-59.447856,-34.441105],[-59.448692,-34.440861],[-59.448593,-34.44058],[-59.448556,-34.440566],[-59.447777,-34.440809],[-59.447764,-34.440833],[-59.447856,-34.441105]]]}},{"type":"Feature","properties":{"propietar":"CASADO, P. TESTAMENTARIA","ocupacion":"MURO","m2":935},"geometry":{"type":"Polygon","coordinates":[[[-59.447923,-34.441305],[-59.448344,-34.441178],[-59.448278,-34.440982],[-59.447856,-34.441105],[-59.447923,-34.441305]]]}},{"type":"Feature","properties":{"propietar":"DE LA PAZ, M.","ocupacion":"MURO","m2":880},"geometry":{"type":"Polygon","coordinates":[[[-59.448612,-34.441498],[-59.448888,-34.441413],[-59.448789,-34.441135],[-59.44851,-34.441213],[-59.448612,-34.441498]]]}},{"type":"Feature","properties":{"propietar":"MARMOL, M.","ocupacion":"ALAMBRADO","m2":1157},"geometry":{"type":"Polygon","coordinates":[[[-59.448344,-34.441178],[-59.44848,-34.44114],[-59.44851,-34.441213],[-59.448789,-34.441135],[-59.448692,-34.440861],[-59.448278,-34.440982],[-59.448344,-34.441178]]]}},{"type":"Feature","properties":{"propietar":"QUINTEROS, J.","ocupacion":"ALAMBRADO","m2":1119},"geometry":{"type":"Polygon","coordinates":[[[-59.444755,-34.441463],[-59.444834,-34.441689],[-59.445287,-34.441528],[-59.445212,-34.441323],[-59.444755,-34.441463]]]}},{"type":"Feature","properties":{"propietar":"ROLDAN, L.","ocupacion":"MURO","m2":791},"geometry":{"type":"Polygon","coordinates":[[[-59.449058,-34.440123],[-59.449,-34.439956],[-59.448579,-34.44009],[-59.448633,-34.440254],[-59.449058,-34.440123]]]}},{"type":"Feature","properties":{"propietar":"RAGGIO, S.","ocupacion":"MURO","m2":1060},"geometry":{"type":"Polygon","coordinates":[[[-59.448936,-34.439773],[-59.448857,-34.439548],[-59.44846,-34.439679],[-59.448448,-34.439703],[-59.448518,-34.439909],[-59.448936,-34.439773]]]}},{"type":"Feature","properties":{"propietar":"BOTTO, P.","ocupacion":"ALAMBRADO","m2":862},"geometry":{"type":"Polygon","coordinates":[[[-59.449,-34.439956],[-59.448936,-34.439773],[-59.448518,-34.439909],[-59.448579,-34.44009],[-59.449,-34.439956]]]}},{"type":"Feature","properties":{"propietar":"ESCOBAR, P.","ocupacion":"BALDIO","m2":802},"geometry":{"type":"Polygon","coordinates":[[[-59.451021,-34.443985],[-59.451237,-34.443922],[-59.451123,-34.443586],[-59.450945,-34.443641],[-59.45092,-34.443686],[-59.451021,-34.443985]]]}},{"type":"Feature","properties":{"propietar":"RUIZ, L.","ocupacion":"MURO","m2":1674},"geometry":{"type":"Polygon","coordinates":[[[-59.448371,-34.44571],[-59.448823,-34.445585],[-59.448705,-34.445247],[-59.448258,-34.445385],[-59.448371,-34.44571]]]}},{"type":"Feature","properties":{"propietar":"LARROSA, P. M. DE","ocupacion":"MURO","m2":922},"geometry":{"type":"Polygon","coordinates":[[[-59.449013,-34.44486],[-59.448783,-34.444918],[-59.448721,-34.444721],[-59.44858,-34.444762],[-59.4487,-34.445117],[-59.449062,-34.445001],[-59.449013,-34.44486]]]}},{"type":"Feature","properties":{"propietar":"PIRANZOLA, J.","ocupacion":"MURO","m2":1472},"geometry":{"type":"Polygon","coordinates":[[[-59.44858,-34.444762],[-59.448943,-34.444657],[-59.448816,-34.444291],[-59.448458,-34.4444],[-59.44858,-34.444762]]]}},{"type":"Feature","properties":{"propietar":"MOLINA, L.","ocupacion":"MURO","m2":814},"geometry":{"type":"Polygon","coordinates":[[[-59.448439,-34.4452],[-59.4487,-34.445117],[-59.448609,-34.444848],[-59.448342,-34.44492],[-59.448439,-34.4452]]]}},{"type":"Feature","properties":{"propietar":"PICHETTO, J. ESCRIBANO DEL RIO","ocupacion":"MURO","m2":1572},"geometry":{"type":"Polygon","coordinates":[[[-59.448241,-34.443909],[-59.448665,-34.443791],[-59.448552,-34.443459],[-59.448125,-34.443581],[-59.448241,-34.443909]]]}},{"type":"Feature","properties":{"propietar":"BRIOSO, N.","ocupacion":"MURO","m2":785},"geometry":{"type":"Polygon","coordinates":[[[-59.448302,-34.444079],[-59.44872,-34.443953],[-59.448665,-34.443791],[-59.448241,-34.443909],[-59.448302,-34.444079]]]}},{"type":"Feature","properties":{"propietar":"SOLAR, A.","ocupacion":"MURO","m2":998},"geometry":{"type":"Polygon","coordinates":[[[-59.448302,-34.444079],[-59.448377,-34.444291],[-59.448793,-34.444166],[-59.44872,-34.443953],[-59.448302,-34.444079]]]}},{"type":"Feature","properties":{"propietar":"ROMERO, F. CORREO","ocupacion":"MURO","m2":778},"geometry":{"type":"Polygon","coordinates":[[[-59.447757,-34.443868],[-59.448182,-34.443743],[-59.448125,-34.443581],[-59.447701,-34.443702],[-59.447757,-34.443868]]]}},{"type":"Feature","properties":{"propietar":"ROMERO, M.","ocupacion":"MURO","m2":785},"geometry":{"type":"Polygon","coordinates":[[[-59.447757,-34.443868],[-59.447812,-34.444029],[-59.448241,-34.443909],[-59.448182,-34.443743],[-59.447757,-34.443868]]]}},{"type":"Feature","properties":{"propietar":"SILVA, G. TESTAMENTARIA","ocupacion":"MURO","m2":1607},"geometry":{"type":"Polygon","coordinates":[[[-59.444961,-34.443662],[-59.445083,-34.444023],[-59.44548,-34.443908],[-59.445349,-34.443542],[-59.444961,-34.443662]]]}},{"type":"Feature","properties":{"propietar":"ALMIRON, A.","ocupacion":"MURO","m2":929},"geometry":{"type":"Polygon","coordinates":[[[-59.44797,-34.446266],[-59.447893,-34.446078],[-59.447472,-34.446204],[-59.447539,-34.4464],[-59.44797,-34.446266]]]}},{"type":"Feature","properties":{"propietar":"LACOUR, B.","ocupacion":"MURO","m2":1105},"geometry":{"type":"Polygon","coordinates":[[[-59.447811,-34.445877],[-59.447905,-34.446107],[-59.448324,-34.445975],[-59.448243,-34.445749],[-59.447811,-34.445877]]]}},{"type":"Feature","properties":{"propietar":"RODRIGUEZ, L.","ocupacion":"MURO","m2":895},"geometry":{"type":"Polygon","coordinates":[[[-59.448062,-34.445803],[-59.447941,-34.445483],[-59.447697,-34.44556],[-59.447811,-34.445877],[-59.448062,-34.445803]]]}},{"type":"Feature","properties":{"propietar":"RODRIGUEZ, F.","ocupacion":"MURO","m2":487},"geometry":{"type":"Polygon","coordinates":[[[-59.447583,-34.445595],[-59.447707,-34.44596],[-59.44783,-34.445923],[-59.447697,-34.44556],[-59.447583,-34.445595]]]}},{"type":"Feature","properties":{"propietar":"QUEVEDO, M.","ocupacion":"MURO","m2":547},"geometry":{"type":"Polygon","coordinates":[[[-59.447445,-34.445637],[-59.447575,-34.446],[-59.447707,-34.44596],[-59.44758,-34.445595],[-59.447445,-34.445637]]]}},{"type":"Feature","properties":{"propietar":"VACIO","ocupacion":"BALDIO","m2":2448},"geometry":{"type":"Polygon","coordinates":[[[-59.442335,-34.451737],[-59.442763,-34.451623],[-59.442649,-34.45135],[-59.441848,-34.451604],[-59.441951,-34.451878],[-59.442335,-34.451737]]]}},{"type":"Feature","properties":{"propietar":"BOTTO, P.","ocupacion":"ALAMBRADO","m2":987},"geometry":{"type":"Polygon","coordinates":[[[-59.442796,-34.452628],[-59.443059,-34.452544],[-59.442934,-34.452214],[-59.442689,-34.452253],[-59.442796,-34.452628]]]}},{"type":"Feature","properties":{"propietar":"CEMENTERIO VIEJO","ocupacion":"CEMENTERIO","m2":2549},"geometry":{"type":"Polygon","coordinates":[[[-59.442335,-34.451737],[-59.442556,-34.452294],[-59.442934,-34.452214],[-59.442763,-34.451623],[-59.442335,-34.451737]]]}},{"type":"Feature","properties":{"propietar":"ALMADA, L","ocupacion":"MURO","m2":1427},"geometry":{"type":"Polygon","coordinates":[[[-59.446735,-34.437939],[-59.446845,-34.438244],[-59.447261,-34.438117],[-59.447151,-34.437815],[-59.446735,-34.437939]]]}},{"type":"Feature","properties":{"propietar":"MARQUEZ F.","ocupacion":"BALDIO","m2":997},"geometry":{"type":"Polygon","coordinates":[[[-59.446184,-34.438224],[-59.446258,-34.438422],[-59.446702,-34.43827],[-59.44663,-34.438077],[-59.446184,-34.438224]]]}},{"type":"Feature","properties":{"propietar":"PEREZ J.","ocupacion":"BALDIO","m2":985},"geometry":{"type":"Polygon","coordinates":[[[-59.446258,-34.438422],[-59.446184,-34.438224],[-59.445754,-34.438367],[-59.445832,-34.438569],[-59.446258,-34.438422]]]}},{"type":"Feature","properties":{"propietar":"LARROSA P. M.","ocupacion":"BALDIO","m2":942},"geometry":{"type":"Polygon","coordinates":[[[-59.445606,-34.437987],[-59.446061,-34.437875],[-59.445996,-34.437678],[-59.44554,-34.437815],[-59.445606,-34.437987]]]}},{"type":"Feature","properties":{"propietar":"GAITE M.","ocupacion":"BALDIO","m2":776},"geometry":{"type":"Polygon","coordinates":[[[-59.448029,-34.438569],[-59.448091,-34.438722],[-59.44812,-34.438731],[-59.448499,-34.438607],[-59.44844,-34.438442],[-59.448029,-34.438569]]]}},{"type":"Feature","properties":{"propietar":"GALEANO, J.","ocupacion":"ALAMBRADO","m2":277},"geometry":{"type":"Polygon","coordinates":[[[-59.44928,-34.440054],[-59.449342,-34.440182],[-59.449497,-34.440134],[-59.449514,-34.440111],[-59.449475,-34.439993],[-59.44928,-34.440054]]]}},{"type":"Feature","properties":{"propietar":"CASADO, J. M.","ocupacion":"MURO","m2":1317},"geometry":{"type":"Polygon","coordinates":[[[-59.448612,-34.441498],[-59.44848,-34.44114],[-59.448344,-34.441178],[-59.448415,-34.441387],[-59.447992,-34.441508],[-59.448041,-34.441653],[-59.448072,-34.441664],[-59.448612,-34.441498]]]}},{"type":"Feature","properties":{"propietar":"MUNICIPAL","ocupacion":"BALDIO","m2":1849},"geometry":{"type":"Polygon","coordinates":[[[-59.451825,-34.440604],[-59.452204,-34.441272],[-59.452479,-34.441186],[-59.45225,-34.440775],[-59.452161,-34.440726],[-59.452044,-34.440687],[-59.451866,-34.440589],[-59.451825,-34.440604]]]}},{"type":"Feature","properties":{"propietar":"CALLE CERRADA","ocupacion":"CALLE CERRADA","m2":718},"geometry":{"type":"Polygon","coordinates":[[[-59.452204,-34.441272],[-59.451825,-34.440604],[-59.451765,-34.440625],[-59.452086,-34.441309],[-59.452204,-34.441272]]]}},{"type":"Feature","properties":{"propietar":"ROGGIO, S.","ocupacion":"ALAMBRADO","m2":761},"geometry":{"type":"Polygon","coordinates":[[[-59.449209,-34.44199],[-59.449689,-34.441843],[-59.44964,-34.441701],[-59.449159,-34.441851],[-59.449209,-34.44199]]]}},{"type":"Feature","properties":{"propietar":"ARATA, J.","ocupacion":"MURO","m2":729},"geometry":{"type":"Polygon","coordinates":[[[-59.448179,-34.441957],[-59.448236,-34.442118],[-59.448632,-34.442006],[-59.448577,-34.441839],[-59.448179,-34.441957]]]}},{"type":"Feature","properties":{"propietar":"GONZALEZ, V.","ocupacion":"ALAMBRADO","m2":787},"geometry":{"type":"Polygon","coordinates":[[[-59.448697,-34.4422],[-59.448751,-34.442362],[-59.449159,-34.442234],[-59.449182,-34.44221],[-59.449128,-34.442065],[-59.448697,-34.4422]]]}},{"type":"Feature","properties":{"propietar":"MIRO, E. C. DE","ocupacion":"MURO","m2":698},"geometry":{"type":"Polygon","coordinates":[[[-59.448308,-34.442322],[-59.448354,-34.442451],[-59.448417,-34.442467],[-59.448751,-34.442362],[-59.448697,-34.4422],[-59.448308,-34.442322]]]}},{"type":"Feature","properties":{"propietar":"CALLE CERRADA","ocupacion":"CALLE CERRADA","m2":1258},"geometry":{"type":"Polygon","coordinates":[[[-59.452164,-34.441424],[-59.452432,-34.442121],[-59.452591,-34.442075],[-59.452323,-34.441377],[-59.452164,-34.441424]]]}},{"type":"Feature","properties":{"propietar":"RODRIGUEZ, M.","ocupacion":"MURO","m2":554},"geometry":{"type":"Polygon","coordinates":[[[-59.448019,-34.443224],[-59.448413,-34.443109],[-59.448367,-34.442981],[-59.447977,-34.4431],[-59.448019,-34.443224]]]}},{"type":"Feature","properties":{"propietar":"CALLE CERRADA","ocupacion":"CALLE CERRADA","m2":1273},"geometry":{"type":"Polygon","coordinates":[[[-59.452592,-34.442192],[-59.452439,-34.442236],[-59.452694,-34.442967],[-59.452853,-34.442935],[-59.452592,-34.442192]]]}},{"type":"Feature","properties":{"propietar":"IRIARTE, P.","ocupacion":"BALDIO","m2":1241},"geometry":{"type":"Polygon","coordinates":[[[-59.451882,-34.442607],[-59.451944,-34.442791],[-59.452566,-34.4426],[-59.452506,-34.442429],[-59.451882,-34.442607]]]}},{"type":"Feature","properties":{"propietar":"CASTRO, F.","ocupacion":"CERCO","m2":513},"geometry":{"type":"Polygon","coordinates":[[[-59.451944,-34.442791],[-59.451882,-34.442607],[-59.451634,-34.442678],[-59.451699,-34.442866],[-59.451944,-34.442791]]]}},{"type":"Feature","properties":{"propietar":"GONZALEZ, S.","ocupacion":"MURO","m2":584},"geometry":{"type":"Polygon","coordinates":[[[-59.448267,-34.444458],[-59.448356,-34.444731],[-59.448548,-34.444667],[-59.448458,-34.4444],[-59.448267,-34.444458]]]}},{"type":"Feature","properties":{"propietar":"CANEBARI","ocupacion":"MURO","m2":866},"geometry":{"type":"Polygon","coordinates":[[[-59.448356,-34.444731],[-59.448267,-34.444458],[-59.447986,-34.444543],[-59.448081,-34.444823],[-59.448356,-34.444731]]]}},{"type":"Feature","properties":{"propietar":"RAMIREZ, A.","ocupacion":"MURO","m2":503},"geometry":{"type":"Polygon","coordinates":[[[-59.448721,-34.444721],[-59.448783,-34.444918],[-59.449013,-34.44486],[-59.448943,-34.444657],[-59.448721,-34.444721]]]}},{"type":"Feature","properties":{"propietar":"OLMOS, J.","ocupacion":"ALAMBRADO","m2":1134},"geometry":{"type":"Polygon","coordinates":[[[-59.446954,-34.441618],[-59.447781,-34.441368],[-59.447735,-34.441237],[-59.446913,-34.441507],[-59.446954,-34.441618]]]}},{"type":"Feature","properties":{"propietar":"CUCULLU, L.","ocupacion":"BALDIO","m2":1064},"geometry":{"type":"Polygon","coordinates":[[[-59.44627,-34.441312],[-59.446357,-34.441551],[-59.446746,-34.441444],[-59.446665,-34.441222],[-59.446622,-34.441203],[-59.44627,-34.441312]]]}},{"type":"Feature","properties":{"propietar":"ACUÑA, A. C. DE","ocupacion":"MURO","m2":876},"geometry":{"type":"Polygon","coordinates":[[[-59.446357,-34.441551],[-59.446431,-34.441755],[-59.446818,-34.441642],[-59.446746,-34.441444],[-59.446357,-34.441551]]]}},{"type":"Feature","properties":{"propietar":"RODRIGUEZ, M.","ocupacion":"MURO","m2":552},"geometry":{"type":"Polygon","coordinates":[[[-59.447819,-34.444992],[-59.447949,-34.445342],[-59.448083,-34.445299],[-59.447961,-34.444944],[-59.447819,-34.444992]]]}},{"type":"Feature","properties":{"propietar":"SILVA, A.","ocupacion":"MURO","m2":530},"geometry":{"type":"Polygon","coordinates":[[[-59.447796,-34.445392],[-59.447674,-34.44504],[-59.44755,-34.445081],[-59.447654,-34.445437],[-59.447796,-34.445392]]]}},{"type":"Feature","properties":{"propietar":"CARBONE, V.","ocupacion":"MURO","m2":668},"geometry":{"type":"Polygon","coordinates":[[[-59.447941,-34.445483],[-59.448062,-34.445803],[-59.448243,-34.445749],[-59.448126,-34.445425],[-59.447941,-34.445483]]]}},{"type":"Feature","properties":{"propietar":"RODRIGUEZ, P.","ocupacion":"MURO","m2":763},"geometry":{"type":"Polygon","coordinates":[[[-59.447905,-34.446107],[-59.44797,-34.446266],[-59.448383,-34.446137],[-59.448324,-34.445975],[-59.447905,-34.446107]]]}},{"type":"Feature","properties":{"propietar":"QUEVEDO, L.","ocupacion":"MURO","m2":736},"geometry":{"type":"Polygon","coordinates":[[[-59.447893,-34.446078],[-59.44783,-34.445923],[-59.447419,-34.446047],[-59.447472,-34.446204],[-59.447893,-34.446078]]]}},{"type":"Feature","properties":{"propietar":"CASAS, M. TESTAMENTARIA","ocupacion":"CERCO","m2":3016},"geometry":{"type":"Polygon","coordinates":[[[-59.451581,-34.44562],[-59.452374,-34.445378],[-59.452252,-34.445038],[-59.451462,-34.445286],[-59.451581,-34.44562]]]}},{"type":"Feature","properties":{"propietar":"QUEVEDO, B.","ocupacion":"MURO","m2":505},"geometry":{"type":"Polygon","coordinates":[[[-59.44764,-34.446697],[-59.44788,-34.446626],[-59.447815,-34.446436],[-59.447577,-34.446512],[-59.44764,-34.446697]]]}},{"type":"Feature","properties":{"propietar":"ESCOBAR, G.","ocupacion":"CERCO","m2":241},"geometry":{"type":"Polygon","coordinates":[[[-59.451012,-34.447059],[-59.451038,-34.447134],[-59.451079,-34.447143],[-59.451308,-34.447073],[-59.451269,-34.447002],[-59.451012,-34.447059]]]}},{"type":"Feature","properties":{"propietar":"MERLO, C.","ocupacion":"MURO","m2":1618},"geometry":{"type":"Polygon","coordinates":[[[-59.448977,-34.447388],[-59.449102,-34.447735],[-59.449515,-34.44761],[-59.449399,-34.447267],[-59.448977,-34.447388]]]}},{"type":"Feature","properties":{"propietar":"LOREA, P. D. JUEZ DE PAZ","ocupacion":"MURO","m2":977},"geometry":{"type":"Polygon","coordinates":[[[-59.447707,-34.448563],[-59.448102,-34.448448],[-59.448025,-34.448225],[-59.447626,-34.448353],[-59.447707,-34.448563]]]}},{"type":"Feature","properties":{"propietar":"GIMENEZ, G.","ocupacion":"MURO","m2":432},"geometry":{"type":"Polygon","coordinates":[[[-59.447862,-34.44897],[-59.447903,-34.449076],[-59.448277,-34.448954],[-59.448244,-34.448858],[-59.447862,-34.44897]]]}},{"type":"Feature","properties":{"propietar":"GALEANO, A.","ocupacion":"ALAMBRADO","m2":812},"geometry":{"type":"Polygon","coordinates":[[[-59.447377,-34.447711],[-59.44744,-34.447879],[-59.447857,-34.44775],[-59.447796,-34.447576],[-59.447377,-34.447711]]]}},{"type":"Feature","properties":{"propietar":"ALVIS, I.","ocupacion":"MURO","m2":450},"geometry":{"type":"Polygon","coordinates":[[[-59.44668,-34.447019],[-59.446874,-34.446954],[-59.446813,-34.446754],[-59.44661,-34.446818],[-59.44668,-34.447019]]]}},{"type":"Feature","properties":{"propietar":"PEÑALVA, M.","ocupacion":"BALDIO","m2":394},"geometry":{"type":"Polygon","coordinates":[[[-59.446722,-34.445133],[-59.446671,-34.444961],[-59.446463,-34.445027],[-59.446519,-34.445197],[-59.446722,-34.445133]]]}},{"type":"Feature","properties":{"propietar":"CASAS,F.","ocupacion":"MURO","m2":555},"geometry":{"type":"Polygon","coordinates":[[[-59.446519,-34.445197],[-59.446557,-34.445311],[-59.446974,-34.445189],[-59.446934,-34.445065],[-59.446519,-34.445197]]]}},{"type":"Feature","properties":{"propietar":"DIAZ, F.","ocupacion":"MURO","m2":430},"geometry":{"type":"Polygon","coordinates":[[[-59.446867,-34.445431],[-59.446949,-34.445665],[-59.447109,-34.445613],[-59.447035,-34.44538],[-59.446867,-34.445431]]]}},{"type":"Feature","properties":{"propietar":"RAODRIGUEZ, L.","ocupacion":"MURO","m2":1259},"geometry":{"type":"Polygon","coordinates":[[[-59.446557,-34.445311],[-59.446463,-34.445027],[-59.446063,-34.445155],[-59.446153,-34.445429],[-59.446557,-34.445311]]]}},{"type":"Feature","properties":{"propietar":"MONSALVO, F.","ocupacion":"ALAMBRADO","m2":597},"geometry":{"type":"Polygon","coordinates":[[[-59.444215,-34.447839],[-59.444259,-34.447971],[-59.444672,-34.447844],[-59.444629,-34.447718],[-59.444215,-34.447839]]]}},{"type":"Feature","properties":{"propietar":"BILDOSOLA, B.","ocupacion":"BALDIO","m2":790},"geometry":{"type":"Polygon","coordinates":[[[-59.441899,-34.452047],[-59.442397,-34.451894],[-59.442335,-34.451737],[-59.441875,-34.451909],[-59.441899,-34.452047]]]}},{"type":"Feature","properties":{"propietar":"ESCUELA INFANTIL","ocupacion":"MURO","m2":1100},"geometry":{"type":"Polygon","coordinates":[[[-59.440983,-34.453359],[-59.441118,-34.453733],[-59.441384,-34.45357],[-59.441266,-34.453274],[-59.440983,-34.453359]]]}},{"type":"Feature","properties":{"propietar":"RODRIGUEZ, F.","ocupacion":"ALAMBRADO","m2":7370},"geometry":{"type":"Polygon","coordinates":[[[-59.436238,-34.451032],[-59.436548,-34.451853],[-59.437342,-34.451595],[-59.437014,-34.450781],[-59.436238,-34.451032]]]}},{"type":"Feature","properties":{"propietar":"FREIRO, R.","ocupacion":"ALAMBRADO","m2":9957},"geometry":{"type":"Polygon","coordinates":[[[-59.434912,-34.456405],[-59.435277,-34.457334],[-59.436204,-34.457058],[-59.435851,-34.456112],[-59.434912,-34.456405]]]}},{"type":"Feature","properties":{"propietar":"GALEANO, F.","ocupacion":"CERCO","m2":906},"geometry":{"type":"Polygon","coordinates":[[[-59.441923,-34.445725],[-59.441992,-34.445914],[-59.442422,-34.445794],[-59.442358,-34.445608],[-59.441923,-34.445725]]]}},{"type":"Feature","properties":{"propietar":"SILVA, D. TESTAMENTARIA","ocupacion":"MURO","m2":811},"geometry":{"type":"Polygon","coordinates":[[[-59.445695,-34.443422],[-59.445829,-34.443777],[-59.446027,-34.443726],[-59.445902,-34.443364],[-59.445695,-34.443422]]]}},{"type":"Feature","properties":{"propietar":"PINTOS, M.","ocupacion":"ALAMBRADO","m2":917},"geometry":{"type":"Polygon","coordinates":[[[-59.441914,-34.444272],[-59.442355,-34.444141],[-59.442288,-34.443958],[-59.441843,-34.44409],[-59.441914,-34.444272]]]}},{"type":"Feature","properties":{"propietar":"CARBONE, V.","ocupacion":"ALAMBRADO","m2":840},"geometry":{"type":"Polygon","coordinates":[[[-59.444559,-34.443213],[-59.444691,-34.443613],[-59.444885,-34.443557],[-59.444745,-34.443165],[-59.444559,-34.443213]]]}},{"type":"Feature","properties":{"propietar":"SILVA, T.","ocupacion":"CERCO","m2":1122},"geometry":{"type":"Polygon","coordinates":[[[-59.444206,-34.4416],[-59.444304,-34.441862],[-59.444693,-34.441733],[-59.444604,-34.441492],[-59.444206,-34.4416]]]}},{"type":"Feature","properties":{"propietar":"VELOZ, A.","ocupacion":"ALAMBRADO","m2":901},"geometry":{"type":"Polygon","coordinates":[[[-59.444131,-34.441402],[-59.444206,-34.4416],[-59.444604,-34.441492],[-59.444529,-34.441288],[-59.444131,-34.441402]]]}},{"type":"Feature","properties":{"propietar":"CHAVES, F.","ocupacion":"MURO","m2":1128},"geometry":{"type":"Polygon","coordinates":[[[-59.446479,-34.4407],[-59.445691,-34.44097],[-59.445732,-34.441091],[-59.446525,-34.440831],[-59.446479,-34.4407]]]}},{"type":"Feature","properties":{"propietar":"ANDERATE, D.","ocupacion":"ALAMBRADO","m2":660},"geometry":{"type":"Polygon","coordinates":[[[-59.44556,-34.438715],[-59.445448,-34.438345],[-59.445284,-34.438384],[-59.445399,-34.438756],[-59.44556,-34.438715]]]}},{"type":"Feature","properties":{"propietar":"LEDESMA, M.","ocupacion":"CERCO","m2":609},"geometry":{"type":"Polygon","coordinates":[[[-59.445448,-34.438345],[-59.44556,-34.438715],[-59.445722,-34.438675],[-59.445587,-34.438312],[-59.445448,-34.438345]]]}}]}