{"type":"FeatureCollection","name":"poblamiento_mensuras","title":"Poblamiento dibujado en los planos de mensura","features":[{"type":"Feature","properties":{"carpeta":3,"nombre":"PASCUALA ROMERO","tipo":"CASA"},"geometry":{"type":"Point","coordinates":[-59.554786,-34.511224]}},{"type":"Feature","properties":{"carpeta":3,"nombre":"PASCUALA ROMERO","tipo":"CASA"},"geometry":{"type":"Point","coordinates":[-59.550202,-34.512723]}},{"type":"Feature","properties":{"carpeta":3,"nombre":"BRAVO","tipo":"CASA"},"geometry":{"type":"Point","coordinates":[-59.552933,-34.481312]}},{"type":"Feature","properties":{"carpeta":3,"nombre":"C. ALMIRON","tipo":"CASA"},"geometry":{"type":"Point","coordinates":[-59.52974,-34.481395]}},{"type":"Feature","properties":{"carpeta":3,"nombre":"DON GUILLERMO AGUIRRE","tipo":"CASA"},"geometry":{"type":"Point","coordinates":[-59.521929,-34.47949]}},{"type":"Feature","properties":{"carpeta":3,"nombre":"DON GUILLERMO AGUIRRE","tipo":"CASA"},"geometry":{"type":"Point","coordinates":[-59.506815,-34.494259]}},{"type":"Feature","properties":{"carpeta":3,"nombre":"DON GUILLERMO AGUIRRE","tipo":"CASA"},"geometry":{"type":"Point","coordinates":[-59.500106,-34.491562]}},{"type":"Feature","properties":{"carpeta":3,"nombre":"A. ROJAS","tipo":"CASA"},"geometry":{"type":"Point","coordinates":[-59.539221,-34.466715]}},{"type":"Feature","properties":{"carpeta":3,"nombre":"D. ALVARRACIN","tipo":"CASA"},"geometry":{"type":"Point","coordinates":[-59.542603,-34.462977]}},{"type":"Feature","properties":{"carpeta":0,"nombre":"E. ALMIRON","tipo":"CASA"},"geometry":{"type":"Point","coordinates":[-59.551738,-34.460909]}},{"type":"Feature","properties":{"carpeta":3,"nombre":"L. GALEANO","tipo":"CASA"},"geometry":{"type":"Point","coordinates":[-59.528726,-34.466504]}},{"type":"Feature","properties":{"carpeta":4,"nombre":"FELIX LESCANO","tipo":"CASA"},"geometry":{"type":"Point","coordinates":[-59.476628,-34.49343]}},{"type":"Feature","properties":{"carpeta":4,"nombre":"GERONIMO LAVALLEN","tipo":"CASA"},"geometry":{"type":"Point","coordinates":[-59.487758,-34.502619]}},{"type":"Feature","properties":{"carpeta":5,"nombre":"ANGELA CASCO DE SARAVI","tipo":"CASA"},"geometry":{"type":"Point","coordinates":[-59.463417,-34.449175]}},{"type":"Feature","properties":{"carpeta":5,"nombre":"PUESTO","tipo":"PUESTO"},"geometry":{"type":"Point","coordinates":[-59.517094,-34.42358]}},{"type":"Feature","properties":{"carpeta":5,"nombre":"RODRIGUEZ","tipo":"CASA"},"geometry":{"type":"Point","coordinates":[-59.519141,-34.402597]}},{"type":"Feature","properties":{"carpeta":0,"nombre":"IGNACIO CASCO","tipo":"CASA"},"geometry":{"type":"Point","coordinates":[-59.483653,-34.411232]}},{"type":"Feature","properties":{"carpeta":0,"nombre":"SAN JUAN","tipo":"CASA"},"geometry":{"type":"Point","coordinates":[-59.530268,-34.392983]}},{"type":"Feature","properties":{"carpeta":5,"nombre":"CELESTINO ANDRADE","tipo":"CASA"},"geometry":{"type":"Point","coordinates":[-59.504648,-34.394718]}},{"type":"Feature","properties":{"carpeta":5,"nombre":"M. C. DE GALEANO","tipo":"CASA"},"geometry":{"type":"Point","coordinates":[-59.472702,-34.461621]}},{"type":"Feature","properties":{"carpeta":5,"nombre":"B. GALEANO","tipo":"CASA"},"geometry":{"type":"Point","coordinates":[-59.47413,-34.458574]}},{"type":"Feature","properties":{"carpeta":5,"nombre":"MANUEL","tipo":"CASA"},"geometry":{"type":"Point","coordinates":[-59.549675,-34.419594]}},{"type":"Feature","properties":{"carpeta":6,"nombre":"PALOMA","tipo":"CASA"},"geometry":{"type":"Point","coordinates":[-59.389213,-34.34636]}},{"type":"Feature","properties":{"carpeta":6,"nombre":"TESEIRA","tipo":"CASA"},"geometry":{"type":"Point","coordinates":[-59.387433,-34.339598]}},{"type":"Feature","properties":{"carpeta":6,"nombre":"PASCUAL SOSA","tipo":"CASA"},"geometry":{"type":"Point","coordinates":[-59.341787,-34.390742]}},{"type":"Feature","properties":{"carpeta":6,"nombre":"J. J. SOSA","tipo":"CASA"},"geometry":{"type":"Point","coordinates":[-59.334679,-34.401322]}},{"type":"Feature","properties":{"carpeta":6,"nombre":"CORONEL","tipo":"CASA"},"geometry":{"type":"Point","coordinates":[-59.305556,-34.410702]}},{"type":"Feature","properties":{"carpeta":0,"nombre":"ANTONIO ORMAECHEA","tipo":"CASA"},"geometry":{"type":"Point","coordinates":[-59.29661,-34.41437]}},{"type":"Feature","properties":{"carpeta":7,"nombre":"LORENZA LA MADRID","tipo":"CASA"},"geometry":{"type":"Point","coordinates":[-59.26694,-34.424705]}},{"type":"Feature","properties":{"carpeta":9,"nombre":"POB. DE ANTONIO ORMECHEA","tipo":"POBLACION"},"geometry":{"type":"Point","coordinates":[-59.297719,-34.41403]}},{"type":"Feature","properties":{"carpeta":0,"nombre":"POB. DE DON FRANCISCO MALDONADO","tipo":"POBLACION"},"geometry":{"type":"Point","coordinates":[-59.291503,-34.404681]}},{"type":"Feature","properties":{"carpeta":9,"nombre":"ARRENDATARIO DE DOÑA AGUSTINA MONSALVO","tipo":"ARRENDATARIO"},"geometry":{"type":"Point","coordinates":[-59.312253,-34.379028]}},{"type":"Feature","properties":{"carpeta":10,"nombre":"PEDRO A RODRIGUEZ","tipo":"CASA"},"geometry":{"type":"Point","coordinates":[-59.386831,-34.342835]}},{"type":"Feature","properties":{"carpeta":10,"nombre":"R. DE DIOS","tipo":"CASA"},"geometry":{"type":"Point","coordinates":[-59.421312,-34.328107]}},{"type":"Feature","properties":{"carpeta":10,"nombre":"J. CARRASCO","tipo":"CASA"},"geometry":{"type":"Point","coordinates":[-59.406217,-34.324605]}},{"type":"Feature","properties":{"carpeta":10,"nombre":"REPRESENTADO POR JOSE FIGUEROA","tipo":"CASA"},"geometry":{"type":"Point","coordinates":[-59.391796,-34.326004]}},{"type":"Feature","properties":{"carpeta":10,"nombre":"VICENTE MARFIL","tipo":"CASA"},"geometry":{"type":"Point","coordinates":[-59.429983,-34.338437]}},{"type":"Feature","properties":{"carpeta":11,"nombre":"DON ZIRIACO MONSALVO","tipo":"CASA"},"geometry":{"type":"Point","coordinates":[-59.549275,-34.513125]}},{"type":"Feature","properties":{"carpeta":11,"nombre":"FRANCISO AGUILAR","tipo":"CASA"},"geometry":{"type":"Point","coordinates":[-59.521683,-34.500691]}},{"type":"Feature","properties":{"carpeta":11,"nombre":"CONCEPCION GANTA?","tipo":"CASA"},"geometry":{"type":"Point","coordinates":[-59.501999,-34.527942]}},{"type":"Feature","properties":{"carpeta":11,"nombre":"JUAN ESCOBAR","tipo":"CASA"},"geometry":{"type":"Point","coordinates":[-59.536664,-34.461309]}},{"type":"Feature","properties":{"carpeta":11,"nombre":"MARTIN GALEANO","tipo":"CASA"},"geometry":{"type":"Point","coordinates":[-59.47483,-34.481363]}},{"type":"Feature","properties":{"carpeta":11,"nombre":"JOAQUIN RODRIGUEZ","tipo":"CASA"},"geometry":{"type":"Point","coordinates":[-59.467407,-34.478502]}},{"type":"Feature","properties":{"carpeta":11,"nombre":"MICAELA MARFIL","tipo":"CASA"},"geometry":{"type":"Point","coordinates":[-59.562001,-34.490292]}},{"type":"Feature","properties":{"carpeta":12,"nombre":"MARTA MARFIL","tipo":"CASA"},"geometry":{"type":"Point","coordinates":[-59.5636,-34.485986]}},{"type":"Feature","properties":{"carpeta":12,"nombre":"JUAN ESCOBAR","tipo":"CASA"},"geometry":{"type":"Point","coordinates":[-59.539608,-34.458182]}},{"type":"Feature","properties":{"carpeta":12,"nombre":"FINADO DON ANASTACIO GANTE?","tipo":"CASA"},"geometry":{"type":"Point","coordinates":[-59.571198,-34.437941]}},{"type":"Feature","properties":{"carpeta":12,"nombre":"CELEDONIO FERNANDEZ","tipo":"CASA"},"geometry":{"type":"Point","coordinates":[-59.600754,-34.427227]}},{"type":"Feature","properties":{"carpeta":12,"nombre":"JOAQUIN LEON","tipo":"CASA"},"geometry":{"type":"Point","coordinates":[-59.61911,-34.418107]}},{"type":"Feature","properties":{"carpeta":12,"nombre":"GREGORIO BAZANDAN?","tipo":"CASA"},"geometry":{"type":"Point","coordinates":[-59.629744,-34.418685]}},{"type":"Feature","properties":{"carpeta":15,"nombre":"JOSÉ MARIA ECHEVERRIA","tipo":"CASA"},"geometry":{"type":"Point","coordinates":[-59.631143,-34.517524]}},{"type":"Feature","properties":{"carpeta":15,"nombre":"F. RODRIGUEZ","tipo":"CASA"},"geometry":{"type":"Point","coordinates":[-59.607741,-34.478406]}},{"type":"Feature","properties":{"carpeta":17,"nombre":"SR. RAFAEL","tipo":"CASA"},"geometry":{"type":"Point","coordinates":[-59.435506,-34.434165]}},{"type":"Feature","properties":{"carpeta":17,"nombre":"TRISTAN QUINTEROS","tipo":"CASA"},"geometry":{"type":"Point","coordinates":[-59.419797,-34.422737]}},{"type":"Feature","properties":{"carpeta":17,"nombre":"MANUEL SILVA","tipo":"CASA"},"geometry":{"type":"Point","coordinates":[-59.3891,-34.445312]}},{"type":"Feature","properties":{"carpeta":17,"nombre":"BERNARDINO GELVES","tipo":"CASA"},"geometry":{"type":"Point","coordinates":[-59.403952,-34.465363]}},{"type":"Feature","properties":{"carpeta":17,"nombre":"MAN. LOPEZ","tipo":"CASA"},"geometry":{"type":"Point","coordinates":[-59.42039,-34.470274]}},{"type":"Feature","properties":{"carpeta":19,"nombre":"FRAN. SOSA","tipo":"CASA"},"geometry":{"type":"Point","coordinates":[-59.665995,-34.513512]}},{"type":"Feature","properties":{"carpeta":19,"nombre":"V. AYALA","tipo":"CASA"},"geometry":{"type":"Point","coordinates":[-59.626059,-34.474757]}},{"type":"Feature","properties":{"carpeta":19,"nombre":"MATIAS ABARA","tipo":"CASA"},"geometry":{"type":"Point","coordinates":[-59.642274,-34.420552]}},{"type":"Feature","properties":{"carpeta":19,"nombre":"M. MARTINEZ","tipo":"CASA"},"geometry":{"type":"Point","coordinates":[-59.66192,-34.407673]}},{"type":"Feature","properties":{"carpeta":19,"nombre":"POSTA","tipo":"POSTA"},"geometry":{"type":"Point","coordinates":[-59.676196,-34.404975]}},{"type":"Feature","properties":{"carpeta":19,"nombre":"N. MILLARES","tipo":"CASA"},"geometry":{"type":"Point","coordinates":[-59.720449,-34.432309]}},{"type":"Feature","properties":{"carpeta":19,"nombre":"A. REINOSO","tipo":"CASA"},"geometry":{"type":"Point","coordinates":[-59.729579,-34.43537]}},{"type":"Feature","properties":{"carpeta":19,"nombre":"B. ANTIVERO","tipo":"CASA"},"geometry":{"type":"Point","coordinates":[-59.752071,-34.446747]}},{"type":"Feature","properties":{"carpeta":19,"nombre":"JOSE M. CASADO","tipo":"CASA"},"geometry":{"type":"Point","coordinates":[-59.711365,-34.474886]}},{"type":"Feature","properties":{"carpeta":19,"nombre":"LORENZO ENRIQUE","tipo":"CASA"},"geometry":{"type":"Point","coordinates":[-59.760309,-34.467353]}},{"type":"Feature","properties":{"carpeta":19,"nombre":"CAÑON","tipo":"CAÑON"},"geometry":{"type":"Point","coordinates":[-59.768028,-34.456635]}},{"type":"Feature","properties":{"carpeta":19,"nombre":"CAÑON","tipo":"CAÑON"},"geometry":{"type":"Point","coordinates":[-59.691754,-34.513912]}},{"type":"Feature","properties":{"carpeta":19,"nombre":"CAÑON","tipo":"CAÑON"},"geometry":{"type":"Point","coordinates":[-59.612744,-34.444972]}},{"type":"Feature","properties":{"carpeta":20,"nombre":"JORGE MORGAN","tipo":"CASA"},"geometry":{"type":"Point","coordinates":[-59.528055,-34.345544]}},{"type":"Feature","properties":{"carpeta":20,"nombre":"ESTANCIA DE MORGAN","tipo":"CASA"},"geometry":{"type":"Point","coordinates":[-59.478493,-34.366594]}},{"type":"Feature","properties":{"carpeta":21,"nombre":"LAVALLEN","tipo":"CASA"},"geometry":{"type":"Point","coordinates":[-59.356131,-34.321866]}},{"type":"Feature","properties":{"carpeta":21,"nombre":"ANTIGUA PULPERIA DE PASOS","tipo":"PULPERIA"},"geometry":{"type":"Point","coordinates":[-59.352556,-34.314752]}},{"type":"Feature","properties":{"carpeta":21,"nombre":"PULPERIA DE LOS FIGUEROAS","tipo":"PULPERIA"},"geometry":{"type":"Point","coordinates":[-59.378837,-34.322656]}},{"type":"Feature","properties":{"carpeta":21,"nombre":"LUIS D. CHAPEAUROUGE","tipo":"CASA"},"geometry":{"type":"Point","coordinates":[-59.363123,-34.294159]}},{"type":"Feature","properties":{"carpeta":21,"nombre":"DIONISIA A. DE SOSA","tipo":"CASA"},"geometry":{"type":"Point","coordinates":[-59.381015,-34.267965]}},{"type":"Feature","properties":{"carpeta":21,"nombre":"GREGORIO SOTA","tipo":"CASA"},"geometry":{"type":"Point","coordinates":[-59.400284,-34.279487]}},{"type":"Feature","properties":{"carpeta":19,"nombre":"JOSE RODRIGUEZ","tipo":"CASA"},"geometry":{"type":"Point","coordinates":[-59.396337,-34.300434]}},{"type":"Feature","properties":{"carpeta":21,"nombre":"SANTIAGO SOSA","tipo":"CASA"},"geometry":{"type":"Point","coordinates":[-59.381382,-34.307181]}},{"type":"Feature","properties":{"carpeta":21,"nombre":"GERONIMA SOSA","tipo":"CASA"},"geometry":{"type":"Point","coordinates":[-59.346813,-34.278893]}},{"type":"Feature","properties":{"carpeta":22,"nombre":"SAN CRISTOBAL","tipo":"CASA"},"geometry":{"type":"Point","coordinates":[-59.42937,-34.360409]}},{"type":"Feature","properties":{"carpeta":22,"nombre":"SAN GUILLERMO","tipo":"CASA"},"geometry":{"type":"Point","coordinates":[-59.456301,-34.351693]}},{"type":"Feature","properties":{"carpeta":22,"nombre":"POSTA","tipo":"POSTA"},"geometry":{"type":"Point","coordinates":[-59.434562,-34.351344]}},{"type":"Feature","properties":{"carpeta":22,"nombre":"PUESTO","tipo":"PUESTO"},"geometry":{"type":"Point","coordinates":[-59.448619,-34.365325]}},{"type":"Feature","properties":{"carpeta":22,"nombre":"PUEBLO...?","tipo":"CASA"},"geometry":{"type":"Point","coordinates":[-59.454187,-34.369344]}},{"type":"Feature","properties":{"carpeta":22,"nombre":"PUESTO","tipo":"PUESTO"},"geometry":{"type":"Point","coordinates":[-59.406768,-34.383971]}},{"type":"Feature","properties":{"carpeta":22,"nombre":"CARMEN BENITES","tipo":"CASA"},"geometry":{"type":"Point","coordinates":[-59.421015,-34.393401]}},{"type":"Feature","properties":{"carpeta":22,"nombre":"PUESTO","tipo":"PUESTO"},"geometry":{"type":"Point","coordinates":[-59.417834,-34.372959]}},{"type":"Feature","properties":{"carpeta":23,"nombre":"PALOMA","tipo":"CASA"},"geometry":{"type":"Point","coordinates":[-59.374868,-34.352562]}},{"type":"Feature","properties":{"carpeta":23,"nombre":"ESTANCIA","tipo":"CASA"},"geometry":{"type":"Point","coordinates":[-59.390135,-34.358935]}},{"type":"Feature","properties":{"carpeta":23,"nombre":"FELIX ROMERO","tipo":"CASA"},"geometry":{"type":"Point","coordinates":[-59.390533,-34.363517]}},{"type":"Feature","properties":{"carpeta":0,"nombre":"MILTON RODRIGUEZ","tipo":"CASA"},"geometry":{"type":"Point","coordinates":[-59.374068,-34.388165]}},{"type":"Feature","properties":{"carpeta":23,"nombre":"SIN IDENTIFICAR","tipo":"CASA S/I"},"geometry":{"type":"Point","coordinates":[-59.368238,-34.374361]}},{"type":"Feature","properties":{"carpeta":23,"nombre":"SIN IDENTIFICAR","tipo":"CASA S/I"},"geometry":{"type":"Point","coordinates":[-59.360791,-34.37957]}},{"type":"Feature","properties":{"carpeta":23,"nombre":"PABLO RODRIGUEZ","tipo":"CASA"},"geometry":{"type":"Point","coordinates":[-59.362399,-34.399911]}},{"type":"Feature","properties":{"carpeta":23,"nombre":"SIN IDENTIFICAR","tipo":"CASA S/I"},"geometry":{"type":"Point","coordinates":[-59.351793,-34.393906]}},{"type":"Feature","properties":{"carpeta":23,"nombre":"SIN IDENTIFICAR","tipo":"CASA S/I"},"geometry":{"type":"Point","coordinates":[-59.343502,-34.393771]}},{"type":"Feature","properties":{"carpeta":23,"nombre":"SIN IDENTIFICAR","tipo":"CASA S/I"},"geometry":{"type":"Point","coordinates":[-59.32625,-34.397708]}},{"type":"Feature","properties":{"carpeta":23,"nombre":"SIN IDENTIFICAR","tipo":"CASA S/I"},"geometry":{"type":"Point","coordinates":[-59.32065,-34.399919]}},{"type":"Feature","properties":{"carpeta":23,"nombre":"GERVACIA RODRIGUEZ","tipo":"CASA"},"geometry":{"type":"Point","coordinates":[-59.341899,-34.416635]}},{"type":"Feature","properties":{"carpeta":23,"nombre":"JOSE BELEN","tipo":"CASA"},"geometry":{"type":"Point","coordinates":[-59.330897,-34.417673]}},{"type":"Feature","properties":{"carpeta":23,"nombre":"POSTA DE LOS RODRIGUEZ","tipo":"POSTA"},"geometry":{"type":"Point","coordinates":[-59.337868,-34.429994]}},{"type":"Feature","properties":{"carpeta":23,"nombre":"SIN IDENTIFICAR","tipo":"CASA S/I"},"geometry":{"type":"Point","coordinates":[-59.308551,-34.412841]}},{"type":"Feature","properties":{"carpeta":23,"nombre":"SIN IDENTIFICAR","tipo":"CASA S/I"},"geometry":{"type":"Point","coordinates":[-59.325409,-34.437406]}},{"type":"Feature","properties":{"carpeta":24,"nombre":"ARRENDAMIENTO DE GUTIERRES","tipo":"ARRENDATARIO"},"geometry":{"type":"Point","coordinates":[-59.674618,-34.402652]}},{"type":"Feature","properties":{"carpeta":24,"nombre":"POBL. DE DON CORNELIO GUTIERRES","tipo":"CASA"},"geometry":{"type":"Point","coordinates":[-59.66174,-34.408949]}},{"type":"Feature","properties":{"carpeta":24,"nombre":"PUESTO DE GUTIERRES","tipo":"PUESTO"},"geometry":{"type":"Point","coordinates":[-59.633991,-34.410623]}},{"type":"Feature","properties":{"carpeta":24,"nombre":"POB. DE D. P. RODRIGUEZ","tipo":"CASA"},"geometry":{"type":"Point","coordinates":[-59.619599,-34.41636]}},{"type":"Feature","properties":{"carpeta":24,"nombre":"POB. DE D. B? GUTIERRES","tipo":"CASA"},"geometry":{"type":"Point","coordinates":[-59.626629,-34.419816]}},{"type":"Feature","properties":{"carpeta":24,"nombre":"POB. DE D. NORBERTO GUTIERRES","tipo":"CASA"},"geometry":{"type":"Point","coordinates":[-59.622508,-34.429936]}},{"type":"Feature","properties":{"carpeta":24,"nombre":"POB. DE D. MARIANO HEGSE","tipo":"CASA"},"geometry":{"type":"Point","coordinates":[-59.625785,-34.473597]}},{"type":"Feature","properties":{"carpeta":24,"nombre":"POB. DE D. A...? CRAIG","tipo":"CASA"},"geometry":{"type":"Point","coordinates":[-59.664644,-34.487219]}},{"type":"Feature","properties":{"carpeta":24,"nombre":"POB. DE D. GUILLERMO BECHAR","tipo":"CASA"},"geometry":{"type":"Point","coordinates":[-59.724026,-34.488016]}},{"type":"Feature","properties":{"carpeta":24,"nombre":"POB. DE JOSE M. MONTOYA","tipo":"CASA"},"geometry":{"type":"Point","coordinates":[-59.755509,-34.517849]}},{"type":"Feature","properties":{"carpeta":24,"nombre":"BLAS VELOZ","tipo":"CASA"},"geometry":{"type":"Point","coordinates":[-59.73795,-34.437429]}},{"type":"Feature","properties":{"carpeta":25,"nombre":"LA PATRIA","tipo":"CASA"},"geometry":{"type":"Point","coordinates":[-59.485447,-34.324073]}},{"type":"Feature","properties":{"carpeta":25,"nombre":"LA MARGARITA","tipo":"CASA"},"geometry":{"type":"Point","coordinates":[-59.457582,-34.329773]}},{"type":"Feature","properties":{"carpeta":25,"nombre":"STA. MARIA","tipo":"CASA"},"geometry":{"type":"Point","coordinates":[-59.504662,-34.331976]}},{"type":"Feature","properties":{"carpeta":25,"nombre":"EL ORIENTAL","tipo":"CASA"},"geometry":{"type":"Point","coordinates":[-59.473177,-34.355362]}},{"type":"Feature","properties":{"carpeta":25,"nombre":"MOZO VIVO, INES VILLALVA","tipo":"CASA"},"geometry":{"type":"Point","coordinates":[-59.461051,-34.36275]}},{"type":"Feature","properties":{"carpeta":25,"nombre":"SAN GUILLERMO","tipo":"CASA"},"geometry":{"type":"Point","coordinates":[-59.458739,-34.346521]}},{"type":"Feature","properties":{"carpeta":25,"nombre":"CAÑON","tipo":"CAÑON"},"geometry":{"type":"Point","coordinates":[-59.445193,-34.333772]}},{"type":"Feature","properties":{"carpeta":27,"nombre":"ESTANCIA","tipo":"CASA"},"geometry":{"type":"Point","coordinates":[-59.275128,-34.335973]}},{"type":"Feature","properties":{"carpeta":27,"nombre":"MIC. GARY","tipo":"CASA"},"geometry":{"type":"Point","coordinates":[-59.278027,-34.319733]}},{"type":"Feature","properties":{"carpeta":27,"nombre":"PUESTO","tipo":"PUESTO"},"geometry":{"type":"Point","coordinates":[-59.299916,-34.334171]}},{"type":"Feature","properties":{"carpeta":29,"nombre":"BONIFACIA CASCO","tipo":"CASA"},"geometry":{"type":"Point","coordinates":[-59.548541,-34.353431]}},{"type":"Feature","properties":{"carpeta":29,"nombre":"ROSALES","tipo":"CASA"},"geometry":{"type":"Point","coordinates":[-59.539788,-34.356571]}},{"type":"Feature","properties":{"carpeta":29,"nombre":"MATIAS MARTINEZ","tipo":"CASA"},"geometry":{"type":"Point","coordinates":[-59.542113,-34.352137]}},{"type":"Feature","properties":{"carpeta":29,"nombre":"F. DUBERTI","tipo":"CASA"},"geometry":{"type":"Point","coordinates":[-59.548663,-34.364237]}},{"type":"Feature","properties":{"carpeta":29,"nombre":"PATRICIO AVARE","tipo":"CASA"},"geometry":{"type":"Point","coordinates":[-59.520214,-34.371358]}},{"type":"Feature","properties":{"carpeta":29,"nombre":"LEON ROLDAN","tipo":"CASA"},"geometry":{"type":"Point","coordinates":[-59.513623,-34.382061]}},{"type":"Feature","properties":{"carpeta":29,"nombre":"TOMAS WALLASE","tipo":"CASA"},"geometry":{"type":"Point","coordinates":[-59.529771,-34.395791]}},{"type":"Feature","properties":{"carpeta":29,"nombre":"JOSE RODRIGUEZ","tipo":"CASA"},"geometry":{"type":"Point","coordinates":[-59.533934,-34.405204]}},{"type":"Feature","properties":{"carpeta":29,"nombre":"TOMAS GAINOR","tipo":"CASA"},"geometry":{"type":"Point","coordinates":[-59.531765,-34.417479]}},{"type":"Feature","properties":{"carpeta":29,"nombre":"SANTIAGO","tipo":"CASA"},"geometry":{"type":"Point","coordinates":[-59.538872,-34.425884]}},{"type":"Feature","properties":{"carpeta":29,"nombre":"SANOLETI","tipo":"CASA"},"geometry":{"type":"Point","coordinates":[-59.550939,-34.429841]}},{"type":"Feature","properties":{"carpeta":29,"nombre":"ANT. ROMERO","tipo":"CASA"},"geometry":{"type":"Point","coordinates":[-59.580364,-34.428467]}},{"type":"Feature","properties":{"carpeta":29,"nombre":"PABLO BUSTOS","tipo":"CASA"},"geometry":{"type":"Point","coordinates":[-59.571016,-34.441212]}},{"type":"Feature","properties":{"carpeta":29,"nombre":"PATRICIO SOR","tipo":"CASA"},"geometry":{"type":"Point","coordinates":[-59.558594,-34.443863]}},{"type":"Feature","properties":{"carpeta":29,"nombre":"TOMAS....","tipo":"CASA"},"geometry":{"type":"Point","coordinates":[-59.593547,-34.419756]}},{"type":"Feature","properties":{"carpeta":29,"nombre":"SARA","tipo":"CASA"},"geometry":{"type":"Point","coordinates":[-59.598573,-34.415861]}},{"type":"Feature","properties":{"carpeta":29,"nombre":"MARIA DE LOS SANTOS","tipo":"CASA"},"geometry":{"type":"Point","coordinates":[-59.598204,-34.397813]}},{"type":"Feature","properties":{"carpeta":29,"nombre":"PUESTO DE CASCO","tipo":"PUESTO"},"geometry":{"type":"Point","coordinates":[-59.587933,-34.388718]}},{"type":"Feature","properties":{"carpeta":29,"nombre":"PUESTO DE DOFI","tipo":"PUESTO"},"geometry":{"type":"Point","coordinates":[-59.574971,-34.384896]}},{"type":"Feature","properties":{"carpeta":30,"nombre":"GEGENA","tipo":"CASA"},"geometry":{"type":"Point","coordinates":[-59.353736,-34.324218]}},{"type":"Feature","properties":{"carpeta":30,"nombre":"CARRISO","tipo":"CASA"},"geometry":{"type":"Point","coordinates":[-59.363032,-34.328512]}},{"type":"Feature","properties":{"carpeta":30,"nombre":"PUESTO DE CHAPEAUROUGE","tipo":"PUESTO"},"geometry":{"type":"Point","coordinates":[-59.332681,-34.329185]}},{"type":"Feature","properties":{"carpeta":30,"nombre":"ANTONIO SARATE","tipo":"CASA"},"geometry":{"type":"Point","coordinates":[-59.340809,-34.348644]}},{"type":"Feature","properties":{"carpeta":30,"nombre":"JULIAN MONSALVO","tipo":"CASA"},"geometry":{"type":"Point","coordinates":[-59.333205,-34.357428]}},{"type":"Feature","properties":{"carpeta":30,"nombre":"DIAZ","tipo":"CASA"},"geometry":{"type":"Point","coordinates":[-59.302652,-34.351724]}},{"type":"Feature","properties":{"carpeta":30,"nombre":"JOSE MONSALVO","tipo":"CASA"},"geometry":{"type":"Point","coordinates":[-59.301794,-34.3538]}},{"type":"Feature","properties":{"carpeta":30,"nombre":"J. SOSA","tipo":"CASA"},"geometry":{"type":"Point","coordinates":[-59.302688,-34.370131]}},{"type":"Feature","properties":{"carpeta":30,"nombre":"J. MARMOL","tipo":"CASA"},"geometry":{"type":"Point","coordinates":[-59.297293,-34.375515]}},{"type":"Feature","properties":{"carpeta":30,"nombre":"TERESA NAVARRO","tipo":"CASA"},"geometry":{"type":"Point","coordinates":[-59.285199,-34.373608]}},{"type":"Feature","properties":{"carpeta":30,"nombre":"GREG. MONSALVO","tipo":"CASA"},"geometry":{"type":"Point","coordinates":[-59.266825,-34.391489]}},{"type":"Feature","properties":{"carpeta":30,"nombre":"AGUIRRE","tipo":"CASA"},"geometry":{"type":"Point","coordinates":[-59.264628,-34.391804]}},{"type":"Feature","properties":{"carpeta":30,"nombre":"BERA","tipo":"CASA"},"geometry":{"type":"Point","coordinates":[-59.276415,-34.399232]}},{"type":"Feature","properties":{"carpeta":32,"nombre":"FELIX ROMERO","tipo":"CASA"},"geometry":{"type":"Point","coordinates":[-59.3943,-34.380849]}},{"type":"Feature","properties":{"carpeta":32,"nombre":"LORENZO TORRES","tipo":"CASA"},"geometry":{"type":"Point","coordinates":[-59.395829,-34.376852]}},{"type":"Feature","properties":{"carpeta":32,"nombre":"MELITON RODRIGUEZ","tipo":"CASA"},"geometry":{"type":"Point","coordinates":[-59.380203,-34.400456]}},{"type":"Feature","properties":{"carpeta":32,"nombre":"PUESTO DE TORRES","tipo":"PUESTO"},"geometry":{"type":"Point","coordinates":[-59.363151,-34.406558]}},{"type":"Feature","properties":{"carpeta":32,"nombre":"PABLO RODRIGUEZ","tipo":"CASA"},"geometry":{"type":"Point","coordinates":[-59.371115,-34.409425]}},{"type":"Feature","properties":{"carpeta":32,"nombre":"TAPERA DE DUARTE","tipo":"TAPERA"},"geometry":{"type":"Point","coordinates":[-59.356735,-34.409064]}},{"type":"Feature","properties":{"carpeta":0,"nombre":"PUESTO DE TORRES","tipo":"PUESTO"},"geometry":{"type":"Point","coordinates":[-59.354536,-34.416551]}},{"type":"Feature","properties":{"carpeta":32,"nombre":"PUESTO DE TORRES","tipo":"PUESTO"},"geometry":{"type":"Point","coordinates":[-59.34061,-34.422029]}},{"type":"Feature","properties":{"carpeta":0,"nombre":"DOÑA GERVACIA DUARTE","tipo":"CASA"},"geometry":{"type":"Point","coordinates":[-59.353788,-34.423989]}},{"type":"Feature","properties":{"carpeta":0,"nombre":"PUESTO DE F. ROMERO","tipo":"PUESTO"},"geometry":{"type":"Point","coordinates":[-59.344725,-34.425772]}},{"type":"Feature","properties":{"carpeta":32,"nombre":"TADEO RODRIGUEZ","tipo":"CASA"},"geometry":{"type":"Point","coordinates":[-59.354043,-34.426795]}},{"type":"Feature","properties":{"carpeta":32,"nombre":"DOÑA MAURICIA DUARTE DE RODRIGUEZ","tipo":"CASA"},"geometry":{"type":"Point","coordinates":[-59.346526,-34.433968]}},{"type":"Feature","properties":{"carpeta":32,"nombre":"PASCUAL RODRIGUEZ","tipo":"CASA"},"geometry":{"type":"Point","coordinates":[-59.337966,-34.441993]}},{"type":"Feature","properties":{"carpeta":33,"nombre":"CASA ANDRADE","tipo":"CASA"},"geometry":{"type":"Point","coordinates":[-59.502368,-34.403278]}},{"type":"Feature","properties":{"carpeta":33,"nombre":"CASA SILVA","tipo":"CASA"},"geometry":{"type":"Point","coordinates":[-59.49218,-34.393934]}},{"type":"Feature","properties":{"carpeta":34,"nombre":"FLORES","tipo":"CASA"},"geometry":{"type":"Point","coordinates":[-59.531464,-34.41923]}},{"type":"Feature","properties":{"carpeta":34,"nombre":"S. NISSON","tipo":"CASA"},"geometry":{"type":"Point","coordinates":[-59.540336,-34.428446]}},{"type":"Feature","properties":{"carpeta":34,"nombre":"BUTERFIELD","tipo":"CASA"},"geometry":{"type":"Point","coordinates":[-59.556737,-34.443175]}},{"type":"Feature","properties":{"carpeta":35,"nombre":"CASA DE LA SRA. RODRIGUEZ","tipo":"CASA"},"geometry":{"type":"Point","coordinates":[-59.343177,-34.434418]}},{"type":"Feature","properties":{"carpeta":35,"nombre":"TADEO RODRIGUEZ","tipo":"CASA"},"geometry":{"type":"Point","coordinates":[-59.349926,-34.422469]}},{"type":"Feature","properties":{"carpeta":36,"nombre":"JOSEFA AREVALO DE ORMACHEA","tipo":"CASA"},"geometry":{"type":"Point","coordinates":[-59.29681,-34.415026]}},{"type":"Feature","properties":{"carpeta":36,"nombre":"ISIDORA ORMAECHEA","tipo":"CASA"},"geometry":{"type":"Point","coordinates":[-59.28978,-34.421397]}},{"type":"Feature","properties":{"carpeta":36,"nombre":"MAURICIA DUARTE","tipo":"CASA"},"geometry":{"type":"Point","coordinates":[-59.341774,-34.432735]}},{"type":"Feature","properties":{"carpeta":36,"nombre":"RAMONA M. DE ORMACHEA","tipo":"CASA"},"geometry":{"type":"Point","coordinates":[-59.270793,-34.443923]}},{"type":"Feature","properties":{"carpeta":37,"nombre":"CASA DE ACUÑA","tipo":"CASA"},"geometry":{"type":"Point","coordinates":[-59.489343,-34.548642]}},{"type":"Feature","properties":{"carpeta":37,"nombre":"CASA DE BUTTERFILL","tipo":"CASA"},"geometry":{"type":"Point","coordinates":[-59.474936,-34.483421]}},{"type":"Feature","properties":{"carpeta":37,"nombre":"ESTANCIA PRINCIPAL","tipo":"CASA"},"geometry":{"type":"Point","coordinates":[-59.551829,-34.507148]}},{"type":"Feature","properties":{"carpeta":38,"nombre":"TAPERA","tipo":"TAPERA"},"geometry":{"type":"Point","coordinates":[-59.539817,-34.356126]}},{"type":"Feature","properties":{"carpeta":38,"nombre":"PUESTO","tipo":"PUESTO"},"geometry":{"type":"Point","coordinates":[-59.561522,-34.364643]}},{"type":"Feature","properties":{"carpeta":38,"nombre":"JUAN ALARCK","tipo":"CASA"},"geometry":{"type":"Point","coordinates":[-59.582499,-34.385151]}},{"type":"Feature","properties":{"carpeta":38,"nombre":"PUESTO DUBERTY","tipo":"PUESTO"},"geometry":{"type":"Point","coordinates":[-59.562832,-34.41437]}},{"type":"Feature","properties":{"carpeta":38,"nombre":"L. LOURDES","tipo":"CASA"},"geometry":{"type":"Point","coordinates":[-59.565279,-34.408761]}},{"type":"Feature","properties":{"carpeta":38,"nombre":"JOSE RODRIGUEZ","tipo":"CASA"},"geometry":{"type":"Point","coordinates":[-59.521361,-34.402324]}},{"type":"Feature","properties":{"carpeta":38,"nombre":"J. MOROW","tipo":"CASA"},"geometry":{"type":"Point","coordinates":[-59.529454,-34.398385]}},{"type":"Feature","properties":{"carpeta":40,"nombre":"MARTINEZ","tipo":"CASA"},"geometry":{"type":"Point","coordinates":[-59.542039,-34.351049]}},{"type":"Feature","properties":{"carpeta":40,"nombre":"MARTINEZ","tipo":"CASA"},"geometry":{"type":"Point","coordinates":[-59.507662,-34.372704]}},{"type":"Feature","properties":{"carpeta":40,"nombre":"SOSA","tipo":"CASA"},"geometry":{"type":"Point","coordinates":[-59.443297,-34.423124]}},{"type":"Feature","properties":{"carpeta":40,"nombre":"FLORES","tipo":"CASA"},"geometry":{"type":"Point","coordinates":[-59.443282,-34.405736]}},{"type":"Feature","properties":{"carpeta":40,"nombre":"MORGAN","tipo":"CASA"},"geometry":{"type":"Point","coordinates":[-59.478524,-34.365027]}},{"type":"Feature","properties":{"carpeta":41,"nombre":"MARTINEZ","tipo":"CASA"},"geometry":{"type":"Point","coordinates":[-59.541729,-34.350667]}},{"type":"Feature","properties":{"carpeta":43,"nombre":"ESTANCIA BUENA FE","tipo":"CASA"},"geometry":{"type":"Point","coordinates":[-59.37974,-34.337957]}},{"type":"Feature","properties":{"carpeta":43,"nombre":"PTO. DE RUFINO CUFRE","tipo":"PUESTO"},"geometry":{"type":"Point","coordinates":[-59.377853,-34.330673]}},{"type":"Feature","properties":{"carpeta":43,"nombre":"PUESTO DE REYES","tipo":"PUESTO"},"geometry":{"type":"Point","coordinates":[-59.369537,-34.332508]}},{"type":"Feature","properties":{"carpeta":43,"nombre":"POB. DE VAL. CUFRE","tipo":"CASA"},"geometry":{"type":"Point","coordinates":[-59.367598,-34.33709]}},{"type":"Feature","properties":{"carpeta":43,"nombre":"PTO. DE CHAIRE","tipo":"PUESTO"},"geometry":{"type":"Point","coordinates":[-59.348903,-34.35175]}},{"type":"Feature","properties":{"carpeta":43,"nombre":"PTO. DE MIGUEL DILLON","tipo":"PUESTO"},"geometry":{"type":"Point","coordinates":[-59.353561,-34.358482]}},{"type":"Feature","properties":{"carpeta":43,"nombre":"PTO. DE ENRIQUE BEARD","tipo":"PUESTO"},"geometry":{"type":"Point","coordinates":[-59.338077,-34.371697]}},{"type":"Feature","properties":{"carpeta":43,"nombre":"PUESTO","tipo":"PUESTO"},"geometry":{"type":"Point","coordinates":[-59.356764,-34.365452]}},{"type":"Feature","properties":{"carpeta":43,"nombre":"PUESTO DE  ARNULFO TISEIRA","tipo":"PUESTO"},"geometry":{"type":"Point","coordinates":[-59.33763,-34.377323]}},{"type":"Feature","properties":{"carpeta":43,"nombre":"POB. DE T.B. SOSA","tipo":"CASA"},"geometry":{"type":"Point","coordinates":[-59.340823,-34.394283]}},{"type":"Feature","properties":{"carpeta":43,"nombre":"PUESTO","tipo":"PUESTO"},"geometry":{"type":"Point","coordinates":[-59.331071,-34.399418]}},{"type":"Feature","properties":{"carpeta":43,"nombre":"LA ADELINA","tipo":"CASA"},"geometry":{"type":"Point","coordinates":[-59.334284,-34.402536]}},{"type":"Feature","properties":{"carpeta":43,"nombre":"PULPERIA DE FRANCISCO MAGADAN","tipo":"PULPERIA"},"geometry":{"type":"Point","coordinates":[-59.370478,-34.353784]}},{"type":"Feature","properties":{"carpeta":44,"nombre":"STA. ELENA","tipo":"CASA"},"geometry":{"type":"Point","coordinates":[-59.392249,-34.366477]}},{"type":"Feature","properties":{"carpeta":44,"nombre":"POBLACION DE ROMERO","tipo":"CASA"},"geometry":{"type":"Point","coordinates":[-59.391734,-34.370882]}},{"type":"Feature","properties":{"carpeta":44,"nombre":"PTO. STA. ROSALIA","tipo":"PUESTO"},"geometry":{"type":"Point","coordinates":[-59.377704,-34.382489]}},{"type":"Feature","properties":{"carpeta":44,"nombre":"STA. MARIA","tipo":"CASA"},"geometry":{"type":"Point","coordinates":[-59.357129,-34.400529]}},{"type":"Feature","properties":{"carpeta":44,"nombre":"LA ADELINA","tipo":"CASA"},"geometry":{"type":"Point","coordinates":[-59.334143,-34.403567]}},{"type":"Feature","properties":{"carpeta":44,"nombre":"POB. DE P.B. SOSA","tipo":"CASA"},"geometry":{"type":"Point","coordinates":[-59.340723,-34.395231]}},{"type":"Feature","properties":{"carpeta":44,"nombre":"POB. DE FUENTES","tipo":"CASA"},"geometry":{"type":"Point","coordinates":[-59.342793,-34.402779]}},{"type":"Feature","properties":{"carpeta":44,"nombre":"STA. CLARA","tipo":"CASA"},"geometry":{"type":"Point","coordinates":[-59.330066,-34.418308]}},{"type":"Feature","properties":{"carpeta":44,"nombre":"POB. DE FLORES","tipo":"CASA"},"geometry":{"type":"Point","coordinates":[-59.319264,-34.423019]}},{"type":"Feature","properties":{"carpeta":44,"nombre":"POB. DE BELEN","tipo":"CASA"},"geometry":{"type":"Point","coordinates":[-59.33682,-34.423067]}},{"type":"Feature","properties":{"carpeta":44,"nombre":"SAN LORENZO","tipo":"CASA"},"geometry":{"type":"Point","coordinates":[-59.347321,-34.412534]}},{"type":"Feature","properties":{"carpeta":46,"nombre":"SUSANA C.","tipo":"CASA"},"geometry":{"type":"Point","coordinates":[-59.443022,-34.418481]}},{"type":"Feature","properties":{"carpeta":46,"nombre":"ESTANCIA","tipo":"CASA"},"geometry":{"type":"Point","coordinates":[-59.454717,-34.432594]}},{"type":"Feature","properties":{"carpeta":46,"nombre":"PUESTO","tipo":"PUESTO"},"geometry":{"type":"Point","coordinates":[-59.461703,-34.436405]}},{"type":"Feature","properties":{"carpeta":46,"nombre":"PUESTO","tipo":"PUESTO"},"geometry":{"type":"Point","coordinates":[-59.480704,-34.424622]}},{"type":"Feature","properties":{"carpeta":46,"nombre":"PUESTO","tipo":"PUESTO"},"geometry":{"type":"Point","coordinates":[-59.476255,-34.422575]}},{"type":"Feature","properties":{"carpeta":46,"nombre":"PUESTO DE IGNACIO C.","tipo":"PUESTO"},"geometry":{"type":"Point","coordinates":[-59.485682,-34.41069]}},{"type":"Feature","properties":{"carpeta":46,"nombre":"J. SILVA","tipo":"CASA"},"geometry":{"type":"Point","coordinates":[-59.490696,-34.390676]}},{"type":"Feature","properties":{"carpeta":46,"nombre":"S. ANDRADE","tipo":"CASA"},"geometry":{"type":"Point","coordinates":[-59.50191,-34.40384]}},{"type":"Feature","properties":{"carpeta":46,"nombre":"IS. CUCULLO","tipo":"CASA"},"geometry":{"type":"Point","coordinates":[-59.51595,-34.396877]}},{"type":"Feature","properties":{"carpeta":46,"nombre":"PUESTO","tipo":"PUESTO"},"geometry":{"type":"Point","coordinates":[-59.502146,-34.409761]}},{"type":"Feature","properties":{"carpeta":47,"nombre":"ROMANA DIAZ","tipo":"CASA"},"geometry":{"type":"Point","coordinates":[-59.350971,-34.479836]}},{"type":"Feature","properties":{"carpeta":47,"nombre":"ROM. DIAZ","tipo":"CASA"},"geometry":{"type":"Point","coordinates":[-59.357126,-34.469322]}},{"type":"Feature","properties":{"carpeta":47,"nombre":"FACUNDO CASAS","tipo":"CASA"},"geometry":{"type":"Point","coordinates":[-59.343925,-34.478182]}},{"type":"Feature","properties":{"carpeta":47,"nombre":"C. LUCERO","tipo":"CASA"},"geometry":{"type":"Point","coordinates":[-59.35147,-34.458931]}},{"type":"Feature","properties":{"carpeta":47,"nombre":"FR. AREVALO","tipo":"CASA"},"geometry":{"type":"Point","coordinates":[-59.360285,-34.453883]}},{"type":"Feature","properties":{"carpeta":47,"nombre":"GR. GONZALEZ","tipo":"CASA"},"geometry":{"type":"Point","coordinates":[-59.324437,-34.49479]}},{"type":"Feature","properties":{"carpeta":47,"nombre":"PUESTO","tipo":"PUESTO"},"geometry":{"type":"Point","coordinates":[-59.315764,-34.486679]}},{"type":"Feature","properties":{"carpeta":47,"nombre":"PRUDENCIO RODRIGUEZ","tipo":"CASA"},"geometry":{"type":"Point","coordinates":[-59.324838,-34.484526]}},{"type":"Feature","properties":{"carpeta":47,"nombre":"REMIGIO R.","tipo":"CASA"},"geometry":{"type":"Point","coordinates":[-59.340184,-34.449349]}},{"type":"Feature","properties":{"carpeta":47,"nombre":"GR. R. DE CASTRO","tipo":"CASA"},"geometry":{"type":"Point","coordinates":[-59.297414,-34.475978]}},{"type":"Feature","properties":{"carpeta":47,"nombre":"P. A. QUEVEDO","tipo":"CASA"},"geometry":{"type":"Point","coordinates":[-59.287736,-34.471021]}},{"type":"Feature","properties":{"carpeta":47,"nombre":"NICOL. CASTRO","tipo":"CASA"},"geometry":{"type":"Point","coordinates":[-59.300613,-34.461042]}},{"type":"Feature","properties":{"carpeta":47,"nombre":"PASCUAL RODRIGUEZ","tipo":"CASA"},"geometry":{"type":"Point","coordinates":[-59.330177,-34.440504]}},{"type":"Feature","properties":{"carpeta":47,"nombre":"M. DUARTE","tipo":"CASA"},"geometry":{"type":"Point","coordinates":[-59.340883,-34.433454]}},{"type":"Feature","properties":{"carpeta":49,"nombre":"PASCUAL RODRIGUEZ","tipo":"CASA"},"geometry":{"type":"Point","coordinates":[-59.318858,-34.43064]}},{"type":"Feature","properties":{"carpeta":49,"nombre":"R.P. RODRIGUEZ","tipo":"CASA"},"geometry":{"type":"Point","coordinates":[-59.313515,-34.429215]}},{"type":"Feature","properties":{"carpeta":49,"nombre":"QUEVEDO","tipo":"CASA"},"geometry":{"type":"Point","coordinates":[-59.288681,-34.468352]}},{"type":"Feature","properties":{"carpeta":49,"nombre":"SILVA","tipo":"CASA"},"geometry":{"type":"Point","coordinates":[-59.280456,-34.467064]}},{"type":"Feature","properties":{"carpeta":51,"nombre":"JOSEFA ORMACHEA","tipo":"CASA"},"geometry":{"type":"Point","coordinates":[-59.298287,-34.415433]}},{"type":"Feature","properties":{"carpeta":51,"nombre":"ISIDORA ORM...","tipo":"CASA"},"geometry":{"type":"Point","coordinates":[-59.289854,-34.427477]}},{"type":"Feature","properties":{"carpeta":51,"nombre":"BRUNO TORRES","tipo":"CASA"},"geometry":{"type":"Point","coordinates":[-59.284047,-34.440108]}},{"type":"Feature","properties":{"carpeta":51,"nombre":"PUESTO","tipo":"PUESTO"},"geometry":{"type":"Point","coordinates":[-59.304818,-34.434754]}},{"type":"Feature","properties":{"carpeta":51,"nombre":"EL TALA","tipo":"CASA"},"geometry":{"type":"Point","coordinates":[-59.281626,-34.460557]}},{"type":"Feature","properties":{"carpeta":52,"nombre":"ARRENDATARIO","tipo":"ARRENDATARIO"},"geometry":{"type":"Point","coordinates":[-59.675868,-34.463106]}},{"type":"Feature","properties":{"carpeta":52,"nombre":"ARRENDATARIO","tipo":"ARRENDATARIO"},"geometry":{"type":"Point","coordinates":[-59.652535,-34.464903]}},{"type":"Feature","properties":{"carpeta":52,"nombre":"PUESTO","tipo":"PUESTO"},"geometry":{"type":"Point","coordinates":[-59.636422,-34.455339]}},{"type":"Feature","properties":{"carpeta":52,"nombre":"PUESTO","tipo":"PUESTO"},"geometry":{"type":"Point","coordinates":[-59.644518,-34.440552]}},{"type":"Feature","properties":{"carpeta":52,"nombre":"PUESTO","tipo":"PUESTO"},"geometry":{"type":"Point","coordinates":[-59.664732,-34.439535]}},{"type":"Feature","properties":{"carpeta":52,"nombre":"ESTANCIA DE CAPRILE Y PICASSO","tipo":"CASA"},"geometry":{"type":"Point","coordinates":[-59.652508,-34.42977]}},{"type":"Feature","properties":{"carpeta":53,"nombre":"ARRENDATARIO","tipo":"ARRENDATARIO"},"geometry":{"type":"Point","coordinates":[-59.739092,-34.43943]}},{"type":"Feature","properties":{"carpeta":53,"nombre":"ARRENDATARIO","tipo":"ARRENDATARIO"},"geometry":{"type":"Point","coordinates":[-59.746751,-34.463059]}},{"type":"Feature","properties":{"carpeta":53,"nombre":"ARRENDATARIO","tipo":"ARRENDATARIO"},"geometry":{"type":"Point","coordinates":[-59.733555,-34.475159]}},{"type":"Feature","properties":{"carpeta":53,"nombre":"ARRENDATARIO","tipo":"ARRENDATARIO"},"geometry":{"type":"Point","coordinates":[-59.714865,-34.467898]}},{"type":"Feature","properties":{"carpeta":53,"nombre":"ARRENDATARIO","tipo":"ARRENDATARIO"},"geometry":{"type":"Point","coordinates":[-59.711933,-34.453652]}},{"type":"Feature","properties":{"carpeta":53,"nombre":"ARRENDATARIO","tipo":"ARRENDATARIO"},"geometry":{"type":"Point","coordinates":[-59.7306,-34.43512]}},{"type":"Feature","properties":{"carpeta":53,"nombre":"PUESTO DE CRAIG","tipo":"PUESTO"},"geometry":{"type":"Point","coordinates":[-59.749877,-34.469434]}},{"type":"Feature","properties":{"carpeta":54,"nombre":"AZOTEA DE BERNAL","tipo":"CASA"},"geometry":{"type":"Point","coordinates":[-59.592165,-34.533369]}},{"type":"Feature","properties":{"carpeta":54,"nombre":"GRASERIA","tipo":"GRASERIA"},"geometry":{"type":"Point","coordinates":[-59.549385,-34.541139]}},{"type":"Feature","properties":{"carpeta":54,"nombre":"PULPERIA","tipo":"PULPERIA"},"geometry":{"type":"Point","coordinates":[-59.54782,-34.542672]}},{"type":"Feature","properties":{"carpeta":54,"nombre":"MONTE DE AVILA","tipo":"CASA"},"geometry":{"type":"Point","coordinates":[-59.539263,-34.570318]}},{"type":"Feature","properties":{"carpeta":56,"nombre":"ESTANCIA DE ROSENDO DE DIOS","tipo":"CASA"},"geometry":{"type":"Point","coordinates":[-59.421754,-34.336941]}},{"type":"Feature","properties":{"carpeta":56,"nombre":"PUESTO DE DON JOSE FIGUEROA","tipo":"PUESTO"},"geometry":{"type":"Point","coordinates":[-59.44321,-34.32792]}},{"type":"Feature","properties":{"carpeta":56,"nombre":"PUESTO DE DON ROSENDO DE DIOS","tipo":"PUESTO"},"geometry":{"type":"Point","coordinates":[-59.402318,-34.368238]}},{"type":"Feature","properties":{"carpeta":55,"nombre":"DÑA. CARMEN","tipo":"CASA"},"geometry":{"type":"Point","coordinates":[-59.646943,-34.61618]}},{"type":"Feature","properties":{"carpeta":55,"nombre":"DÑA. TEODORA","tipo":"CASA"},"geometry":{"type":"Point","coordinates":[-59.643919,-34.606482]}},{"type":"Feature","properties":{"carpeta":55,"nombre":"LIMA","tipo":"CASA"},"geometry":{"type":"Point","coordinates":[-59.627048,-34.54919]}},{"type":"Feature","properties":{"carpeta":55,"nombre":"DON CARLOS","tipo":"CASA"},"geometry":{"type":"Point","coordinates":[-59.584852,-34.556806]}},{"type":"Feature","properties":{"carpeta":55,"nombre":"CARRASCO","tipo":"CASA"},"geometry":{"type":"Point","coordinates":[-59.669101,-34.530082]}},{"type":"Feature","properties":{"carpeta":55,"nombre":"ECHEVERRIA","tipo":"CASA"},"geometry":{"type":"Point","coordinates":[-59.629529,-34.517745]}},{"type":"Feature","properties":{"carpeta":55,"nombre":"COLMENERO","tipo":"CASA"},"geometry":{"type":"Point","coordinates":[-59.557636,-34.558499]}},{"type":"Feature","properties":{"carpeta":57,"nombre":"TAPERA DE JOSEFA ROMERO","tipo":"TAPERA"},"geometry":{"type":"Point","coordinates":[-59.401867,-34.397609]}},{"type":"Feature","properties":{"carpeta":57,"nombre":"AGUSTIN VELOZ","tipo":"CASA"},"geometry":{"type":"Point","coordinates":[-59.407893,-34.397511]}},{"type":"Feature","properties":{"carpeta":57,"nombre":"PEDRO PABLO VELOZ","tipo":"CASA"},"geometry":{"type":"Point","coordinates":[-59.419311,-34.405585]}},{"type":"Feature","properties":{"carpeta":57,"nombre":"PUESTO DE PEDRO PABLO","tipo":"PUESTO"},"geometry":{"type":"Point","coordinates":[-59.403689,-34.419182]}},{"type":"Feature","properties":{"carpeta":57,"nombre":"SIN IDENTIFICAR","tipo":"CASA S/I"},"geometry":{"type":"Point","coordinates":[-59.398774,-34.407602]}},{"type":"Feature","properties":{"carpeta":57,"nombre":"SIN IDENTIFICAR","tipo":"CASA S/I"},"geometry":{"type":"Point","coordinates":[-59.381842,-34.424833]}},{"type":"Feature","properties":{"carpeta":57,"nombre":"SIN IDENTIFICAR","tipo":"CASA S/I"},"geometry":{"type":"Point","coordinates":[-59.377906,-34.427628]}},{"type":"Feature","properties":{"carpeta":57,"nombre":"ALEJO VELOZ","tipo":"CASA"},"geometry":{"type":"Point","coordinates":[-59.377118,-34.440742]}},{"type":"Feature","properties":{"carpeta":58,"nombre":"ESTANCIA PRINCIPAL","tipo":"CASA"},"geometry":{"type":"Point","coordinates":[-59.464075,-34.447763]}},{"type":"Feature","properties":{"carpeta":58,"nombre":"PUESTO","tipo":"PUESTO"},"geometry":{"type":"Point","coordinates":[-59.471578,-34.456525]}},{"type":"Feature","properties":{"carpeta":58,"nombre":"PUESTO","tipo":"PUESTO"},"geometry":{"type":"Point","coordinates":[-59.462117,-34.436557]}},{"type":"Feature","properties":{"carpeta":58,"nombre":"PUESTO","tipo":"PUESTO"},"geometry":{"type":"Point","coordinates":[-59.501022,-34.436722]}},{"type":"Feature","properties":{"carpeta":58,"nombre":"PUESTO","tipo":"PUESTO"},"geometry":{"type":"Point","coordinates":[-59.478592,-34.426002]}},{"type":"Feature","properties":{"carpeta":58,"nombre":"PUESTO","tipo":"PUESTO"},"geometry":{"type":"Point","coordinates":[-59.516422,-34.424405]}},{"type":"Feature","properties":{"carpeta":58,"nombre":"PUESTO","tipo":"PUESTO"},"geometry":{"type":"Point","coordinates":[-59.501483,-34.410034]}},{"type":"Feature","properties":{"carpeta":58,"nombre":"PUESTO","tipo":"PUESTO"},"geometry":{"type":"Point","coordinates":[-59.521257,-34.401741]}},{"type":"Feature","properties":{"carpeta":59,"nombre":"PUESTO","tipo":"PUESTO"},"geometry":{"type":"Point","coordinates":[-59.364062,-34.502143]}},{"type":"Feature","properties":{"carpeta":59,"nombre":"PUESTO","tipo":"PUESTO"},"geometry":{"type":"Point","coordinates":[-59.349219,-34.493717]}},{"type":"Feature","properties":{"carpeta":59,"nombre":"P. DE DON FERNANDO","tipo":"PUESTO"},"geometry":{"type":"Point","coordinates":[-59.375985,-34.481431]}},{"type":"Feature","properties":{"carpeta":59,"nombre":"PUESTO","tipo":"PUESTO"},"geometry":{"type":"Point","coordinates":[-59.393949,-34.470597]}},{"type":"Feature","properties":{"carpeta":61,"nombre":"J. A ARANGUREN","tipo":"CASA"},"geometry":{"type":"Point","coordinates":[-59.695555,-34.562419]}},{"type":"Feature","properties":{"carpeta":61,"nombre":"J. F. MARTINEZ","tipo":"CASA"},"geometry":{"type":"Point","coordinates":[-59.657336,-34.52492]}},{"type":"Feature","properties":{"carpeta":62,"nombre":"PUESTO DEL INGLES","tipo":"PUESTO"},"geometry":{"type":"Point","coordinates":[-59.456093,-34.317383]}},{"type":"Feature","properties":{"carpeta":62,"nombre":"PUESTO","tipo":"PUESTO"},"geometry":{"type":"Point","coordinates":[-59.462373,-34.322017]}},{"type":"Feature","properties":{"carpeta":62,"nombre":"PUESTO DE FIGUEROA","tipo":"PUESTO"},"geometry":{"type":"Point","coordinates":[-59.430382,-34.318008]}},{"type":"Feature","properties":{"carpeta":62,"nombre":"PUESTO DE FIGUEROA","tipo":"PUESTO"},"geometry":{"type":"Point","coordinates":[-59.443641,-34.328921]}},{"type":"Feature","properties":{"carpeta":62,"nombre":"PUESTO DE DURAND","tipo":"PUESTO"},"geometry":{"type":"Point","coordinates":[-59.430325,-34.293429]}},{"type":"Feature","properties":{"carpeta":62,"nombre":"ESTANCIA DE DURAND","tipo":"CASA"},"geometry":{"type":"Point","coordinates":[-59.429262,-34.28606]}},{"type":"Feature","properties":{"carpeta":62,"nombre":"PUESTO ALMADA","tipo":"PUESTO"},"geometry":{"type":"Point","coordinates":[-59.448348,-34.298046]}},{"type":"Feature","properties":{"carpeta":63,"nombre":"PUESTO","tipo":"PUESTO"},"geometry":{"type":"Point","coordinates":[-59.742691,-34.492488]}},{"type":"Feature","properties":{"carpeta":63,"nombre":"PUESTO","tipo":"PUESTO"},"geometry":{"type":"Point","coordinates":[-59.721354,-34.498464]}},{"type":"Feature","properties":{"carpeta":63,"nombre":"PUESTO","tipo":"PUESTO"},"geometry":{"type":"Point","coordinates":[-59.767131,-34.508815]}},{"type":"Feature","properties":{"carpeta":63,"nombre":"EST. DE J. DE ALFONSIN","tipo":"CASA"},"geometry":{"type":"Point","coordinates":[-59.754832,-34.515066]}},{"type":"Feature","properties":{"carpeta":63,"nombre":"EST. DE CASADO","tipo":"CASA"},"geometry":{"type":"Point","coordinates":[-59.697825,-34.529295]}},{"type":"Feature","properties":{"carpeta":63,"nombre":"EST. DE ALFONSIN","tipo":"CASA"},"geometry":{"type":"Point","coordinates":[-59.713584,-34.487735]}},{"type":"Feature","properties":{"carpeta":63,"nombre":"EST. DE MARIA ROCHA","tipo":"CASA"},"geometry":{"type":"Point","coordinates":[-59.770697,-34.507969]}},{"type":"Feature","properties":{"carpeta":65,"nombre":"ESTANCIA DE D. GUILLERMO (ACUÑA)","tipo":"CASA"},"geometry":{"type":"Point","coordinates":[-59.467138,-34.565088]}},{"type":"Feature","properties":{"carpeta":65,"nombre":"EST. DE DÑA. VALENTINA A. DE ACUÑA","tipo":"CASA"},"geometry":{"type":"Point","coordinates":[-59.493538,-34.540515]}},{"type":"Feature","properties":{"carpeta":65,"nombre":"ESTANCIA","tipo":"CASA"},"geometry":{"type":"Point","coordinates":[-59.477529,-34.528713]}},{"type":"Feature","properties":{"carpeta":66,"nombre":"POB. DE JOSE MONSALVO","tipo":"CASA"},"geometry":{"type":"Point","coordinates":[-59.538731,-34.515722]}},{"type":"Feature","properties":{"carpeta":66,"nombre":"POBLACION","tipo":"CASA"},"geometry":{"type":"Point","coordinates":[-59.55188,-34.511192]}},{"type":"Feature","properties":{"carpeta":66,"nombre":"POB. DE FRIAS","tipo":"CASA"},"geometry":{"type":"Point","coordinates":[-59.593098,-34.499791]}},{"type":"Feature","properties":{"carpeta":66,"nombre":"ESTANCIA DE CARRY","tipo":"CASA"},"geometry":{"type":"Point","coordinates":[-59.594381,-34.493678]}},{"type":"Feature","properties":{"carpeta":66,"nombre":"POB. DE CRECENCIO MONSALVO","tipo":"CASA"},"geometry":{"type":"Point","coordinates":[-59.543824,-34.478008]}},{"type":"Feature","properties":{"carpeta":66,"nombre":"ESTANCIA","tipo":"CASA"},"geometry":{"type":"Point","coordinates":[-59.505719,-34.492779]}},{"type":"Feature","properties":{"carpeta":67,"nombre":"MORGAN","tipo":"CASA"},"geometry":{"type":"Point","coordinates":[-59.504012,-34.355664]}},{"type":"Feature","properties":{"carpeta":68,"nombre":"PULPERIA","tipo":"PULPERIA"},"geometry":{"type":"Point","coordinates":[-59.436048,-34.526866]}},{"type":"Feature","properties":{"carpeta":68,"nombre":"ESTANCIA DE NUGENT","tipo":"CASA"},"geometry":{"type":"Point","coordinates":[-59.438203,-34.51507]}},{"type":"Feature","properties":{"carpeta":68,"nombre":"POB. DE DÑA ROMUALDA","tipo":"CASA"},"geometry":{"type":"Point","coordinates":[-59.425115,-34.482382]}},{"type":"Feature","properties":{"carpeta":68,"nombre":"POB. DE CUCULLU","tipo":"CASA"},"geometry":{"type":"Point","coordinates":[-59.435331,-34.479388]}},{"type":"Feature","properties":{"carpeta":69,"nombre":"ESTANCIA","tipo":"CASA"},"geometry":{"type":"Point","coordinates":[-59.363063,-34.292946]}},{"type":"Feature","properties":{"carpeta":69,"nombre":"PUESTO","tipo":"PUESTO"},"geometry":{"type":"Point","coordinates":[-59.370473,-34.293485]}},{"type":"Feature","properties":{"carpeta":69,"nombre":"PUESTO","tipo":"PUESTO"},"geometry":{"type":"Point","coordinates":[-59.343075,-34.302214]}},{"type":"Feature","properties":{"carpeta":69,"nombre":"PUESTO","tipo":"PUESTO"},"geometry":{"type":"Point","coordinates":[-59.356016,-34.312587]}},{"type":"Feature","properties":{"carpeta":68,"nombre":"PUESTO","tipo":"PUESTO"},"geometry":{"type":"Point","coordinates":[-59.318302,-34.305657]}},{"type":"Feature","properties":{"carpeta":69,"nombre":"PUESTO","tipo":"PUESTO"},"geometry":{"type":"Point","coordinates":[-59.31082,-34.292663]}},{"type":"Feature","properties":{"carpeta":69,"nombre":"SIN IDENTIFICAR","tipo":"CASA S/I"},"geometry":{"type":"Point","coordinates":[-59.341861,-34.30092]}},{"type":"Feature","properties":{"carpeta":69,"nombre":"PUESTO","tipo":"PUESTO"},"geometry":{"type":"Point","coordinates":[-59.333106,-34.324796]}},{"type":"Feature","properties":{"carpeta":69,"nombre":"PUESTO","tipo":"PUESTO"},"geometry":{"type":"Point","coordinates":[-59.295485,-34.320054]}},{"type":"Feature","properties":{"carpeta":69,"nombre":"PUESTO","tipo":"PUESTO"},"geometry":{"type":"Point","coordinates":[-59.284346,-34.311582]}},{"type":"Feature","properties":{"carpeta":69,"nombre":"PUESTO","tipo":"PUESTO"},"geometry":{"type":"Point","coordinates":[-59.294132,-34.301442]}},{"type":"Feature","properties":{"carpeta":69,"nombre":"PUESTO","tipo":"PUESTO"},"geometry":{"type":"Point","coordinates":[-59.306725,-34.330541]}},{"type":"Feature","properties":{"carpeta":69,"nombre":"PUESTO","tipo":"PUESTO"},"geometry":{"type":"Point","coordinates":[-59.325384,-34.334163]}},{"type":"Feature","properties":{"carpeta":69,"nombre":"PUESTO","tipo":"PUESTO"},"geometry":{"type":"Point","coordinates":[-59.334417,-34.328131]}},{"type":"Feature","properties":{"carpeta":69,"nombre":"PUESTO","tipo":"PUESTO"},"geometry":{"type":"Point","coordinates":[-59.311847,-34.337129]}},{"type":"Feature","properties":{"carpeta":69,"nombre":"PUESTO","tipo":"PUESTO"},"geometry":{"type":"Point","coordinates":[-59.30894,-34.3474]}},{"type":"Feature","properties":{"carpeta":69,"nombre":"PUESTO","tipo":"PUESTO"},"geometry":{"type":"Point","coordinates":[-59.290823,-34.356002]}},{"type":"Feature","properties":{"carpeta":71,"nombre":"PUESTO","tipo":"PUESTO"},"geometry":{"type":"Point","coordinates":[-59.350333,-34.319358]}},{"type":"Feature","properties":{"carpeta":71,"nombre":"PUESTO","tipo":"PUESTO"},"geometry":{"type":"Point","coordinates":[-59.354031,-34.315085]}},{"type":"Feature","properties":{"carpeta":71,"nombre":"PULPERIA","tipo":"PULPERIA"},"geometry":{"type":"Point","coordinates":[-59.356994,-34.322315]}},{"type":"Feature","properties":{"carpeta":73,"nombre":"PUESTO","tipo":"PUESTO"},"geometry":{"type":"Point","coordinates":[-59.304537,-34.435512]}},{"type":"Feature","properties":{"carpeta":74,"nombre":"BELLO","tipo":"CASA"},"geometry":{"type":"Point","coordinates":[-59.527874,-34.607089]}},{"type":"Feature","properties":{"carpeta":74,"nombre":"COLMENERO","tipo":"CASA"},"geometry":{"type":"Point","coordinates":[-59.523777,-34.576926]}},{"type":"Feature","properties":{"carpeta":74,"nombre":"GANZETI","tipo":"CASA"},"geometry":{"type":"Point","coordinates":[-59.504731,-34.56006]}},{"type":"Feature","properties":{"carpeta":74,"nombre":"CABALLERO","tipo":"CASA"},"geometry":{"type":"Point","coordinates":[-59.469419,-34.563918]}},{"type":"Feature","properties":{"carpeta":74,"nombre":"ACUÑA","tipo":"CASA"},"geometry":{"type":"Point","coordinates":[-59.472005,-34.532351]}},{"type":"Feature","properties":{"carpeta":74,"nombre":"D. CARLOS","tipo":"CASA"},"geometry":{"type":"Point","coordinates":[-59.583391,-34.55801]}},{"type":"Feature","properties":{"carpeta":74,"nombre":"ACUÑA","tipo":"CASA"},"geometry":{"type":"Point","coordinates":[-59.591645,-34.535618]}},{"type":"Feature","properties":{"carpeta":74,"nombre":"LIMA","tipo":"CASA"},"geometry":{"type":"Point","coordinates":[-59.624911,-34.543875]}},{"type":"Feature","properties":{"carpeta":74,"nombre":"ECHEVERRIA","tipo":"CASA"},"geometry":{"type":"Point","coordinates":[-59.627639,-34.520187]}},{"type":"Feature","properties":{"carpeta":74,"nombre":"GOMEZ","tipo":"CASA"},"geometry":{"type":"Point","coordinates":[-59.54666,-34.515906]}},{"type":"Feature","properties":{"carpeta":74,"nombre":"ROMERO","tipo":"CASA"},"geometry":{"type":"Point","coordinates":[-59.554455,-34.513072]}},{"type":"Feature","properties":{"carpeta":74,"nombre":"ALMIRON","tipo":"CASA"},"geometry":{"type":"Point","coordinates":[-59.530722,-34.480606]}},{"type":"Feature","properties":{"carpeta":74,"nombre":"BRAVO","tipo":"CASA"},"geometry":{"type":"Point","coordinates":[-59.55362,-34.480513]}},{"type":"Feature","properties":{"carpeta":75,"nombre":"DÑA. JOSEFA DIAZ DE MARTINEZ","tipo":"CASA"},"geometry":{"type":"Point","coordinates":[-59.532704,-34.53825]}},{"type":"Feature","properties":{"carpeta":75,"nombre":"BRES","tipo":"CASA"},"geometry":{"type":"Point","coordinates":[-59.504547,-34.540381]}},{"type":"Feature","properties":{"carpeta":75,"nombre":"NARCISO MARTINEZ","tipo":"CASA"},"geometry":{"type":"Point","coordinates":[-59.502448,-34.558904]}},{"type":"Feature","properties":{"carpeta":75,"nombre":"CASTRO","tipo":"CASA"},"geometry":{"type":"Point","coordinates":[-59.512185,-34.579765]}},{"type":"Feature","properties":{"carpeta":75,"nombre":"MONTE DE AVILA","tipo":"CASA"},"geometry":{"type":"Point","coordinates":[-59.538701,-34.571926]}},{"type":"Feature","properties":{"carpeta":75,"nombre":"DÑA. CORNEJO","tipo":"CASA"},"geometry":{"type":"Point","coordinates":[-59.516586,-34.596597]}},{"type":"Feature","properties":{"carpeta":75,"nombre":"PUESTO","tipo":"PUESTO"},"geometry":{"type":"Point","coordinates":[-59.498412,-34.573222]}},{"type":"Feature","properties":{"carpeta":76,"nombre":"J.M. RODRIGUEZ","tipo":"CASA"},"geometry":{"type":"Point","coordinates":[-59.613646,-34.570407]}},{"type":"Feature","properties":{"carpeta":76,"nombre":"M. PONCE","tipo":"CASA"},"geometry":{"type":"Point","coordinates":[-59.65064,-34.556488]}},{"type":"Feature","properties":{"carpeta":77,"nombre":"POB. DE RODRIGUEZ","tipo":"CASA"},"geometry":{"type":"Point","coordinates":[-59.610253,-34.571529]}},{"type":"Feature","properties":{"carpeta":77,"nombre":"POB. DE ACEYTIINO","tipo":"CASA"},"geometry":{"type":"Point","coordinates":[-59.594057,-34.581732]}},{"type":"Feature","properties":{"carpeta":79,"nombre":"AZOTEA DE TORMY","tipo":"CASA"},"geometry":{"type":"Point","coordinates":[-59.201123,-34.37426]}},{"type":"Feature","properties":{"carpeta":79,"nombre":"RANCHO DE DÑA. JUSTINA MARTINEZ","tipo":"RANCHO"},"geometry":{"type":"Point","coordinates":[-59.203796,-34.379973]}},{"type":"Feature","properties":{"carpeta":77,"nombre":"DÑA. AGUEDA MONTENEGRO","tipo":"CASA"},"geometry":{"type":"Point","coordinates":[-59.200015,-34.354046]}},{"type":"Feature","properties":{"carpeta":79,"nombre":"RANCHOS DE MAURICIO SANCHEZ","tipo":"RANCHO"},"geometry":{"type":"Point","coordinates":[-59.244115,-34.333278]}},{"type":"Feature","properties":{"carpeta":79,"nombre":"RANCHO DE DN. JUAN HARINTON","tipo":"RANCHO"},"geometry":{"type":"Point","coordinates":[-59.259499,-34.328844]}},{"type":"Feature","properties":{"carpeta":79,"nombre":"RANCHO DE DN. PEDRO EGUINO","tipo":"RANCHO"},"geometry":{"type":"Point","coordinates":[-59.263334,-34.342343]}},{"type":"Feature","properties":{"carpeta":79,"nombre":"RANCHOS Y CORRAL DE DN. PEDRO TORRES","tipo":"RANCHO"},"geometry":{"type":"Point","coordinates":[-59.252995,-34.361945]}},{"type":"Feature","properties":{"carpeta":81,"nombre":"PUESTO","tipo":"PUESTO"},"geometry":{"type":"Point","coordinates":[-59.255486,-34.325299]}},{"type":"Feature","properties":{"carpeta":81,"nombre":"PUESTO","tipo":"PUESTO"},"geometry":{"type":"Point","coordinates":[-59.242518,-34.336787]}},{"type":"Feature","properties":{"carpeta":81,"nombre":"PUESTO","tipo":"PUESTO"},"geometry":{"type":"Point","coordinates":[-59.24687,-34.340451]}},{"type":"Feature","properties":{"carpeta":81,"nombre":"PUESTO","tipo":"PUESTO"},"geometry":{"type":"Point","coordinates":[-59.243403,-34.346278]}},{"type":"Feature","properties":{"carpeta":81,"nombre":"PUESTO","tipo":"PUESTO"},"geometry":{"type":"Point","coordinates":[-59.235552,-34.35032]}},{"type":"Feature","properties":{"carpeta":81,"nombre":"PUESTO","tipo":"PUESTO"},"geometry":{"type":"Point","coordinates":[-59.213866,-34.360181]}},{"type":"Feature","properties":{"carpeta":82,"nombre":"PUESTO DE ACUÑA","tipo":"PUESTO"},"geometry":{"type":"Point","coordinates":[-59.492656,-34.504589]}},{"type":"Feature","properties":{"carpeta":83,"nombre":"ANTONIO SILVA","tipo":"CASA"},"geometry":{"type":"Point","coordinates":[-59.393694,-34.399784]}},{"type":"Feature","properties":{"carpeta":83,"nombre":"MELITON RODRIGUEZ","tipo":"CASA"},"geometry":{"type":"Point","coordinates":[-59.377997,-34.396002]}},{"type":"Feature","properties":{"carpeta":84,"nombre":"NOLLAN","tipo":"CASA"},"geometry":{"type":"Point","coordinates":[-59.666271,-34.48791]}},{"type":"Feature","properties":{"carpeta":84,"nombre":"MARTINEZ","tipo":"CASA"},"geometry":{"type":"Point","coordinates":[-59.647738,-34.502676]}},{"type":"Feature","properties":{"carpeta":84,"nombre":"MARTINEZ","tipo":"CASA"},"geometry":{"type":"Point","coordinates":[-59.638546,-34.48807]}},{"type":"Feature","properties":{"carpeta":84,"nombre":"PUESTO","tipo":"PUESTO"},"geometry":{"type":"Point","coordinates":[-59.65815,-34.475217]}},{"type":"Feature","properties":{"carpeta":84,"nombre":"PUESTO","tipo":"PUESTO"},"geometry":{"type":"Point","coordinates":[-59.644299,-34.464445]}},{"type":"Feature","properties":{"carpeta":84,"nombre":"RAIT","tipo":"CASA"},"geometry":{"type":"Point","coordinates":[-59.638875,-34.461866]}},{"type":"Feature","properties":{"carpeta":84,"nombre":"ESTANCIA","tipo":"CASA"},"geometry":{"type":"Point","coordinates":[-59.625879,-34.473027]}},{"type":"Feature","properties":{"carpeta":84,"nombre":"PUESTO","tipo":"PUESTO"},"geometry":{"type":"Point","coordinates":[-59.623888,-34.449106]}},{"type":"Feature","properties":{"carpeta":84,"nombre":"CORNICK","tipo":"CASA"},"geometry":{"type":"Point","coordinates":[-59.610938,-34.454074]}},{"type":"Feature","properties":{"carpeta":84,"nombre":"PUESTO","tipo":"PUESTO"},"geometry":{"type":"Point","coordinates":[-59.59747,-34.455555]}},{"type":"Feature","properties":{"carpeta":85,"nombre":"POBLACION","tipo":"CASA"},"geometry":{"type":"Point","coordinates":[-59.634509,-34.605519]}},{"type":"Feature","properties":{"carpeta":85,"nombre":"POBLACION","tipo":"CASA"},"geometry":{"type":"Point","coordinates":[-59.650907,-34.5912]}},{"type":"Feature","properties":{"carpeta":85,"nombre":"POBLACION","tipo":"CASA"},"geometry":{"type":"Point","coordinates":[-59.654804,-34.586059]}},{"type":"Feature","properties":{"carpeta":85,"nombre":"POBLACION","tipo":"CASA"},"geometry":{"type":"Point","coordinates":[-59.667089,-34.577507]}},{"type":"Feature","properties":{"carpeta":85,"nombre":"POBLACION DE Z. COSTA","tipo":"CASA"},"geometry":{"type":"Point","coordinates":[-59.679484,-34.564408]}},{"type":"Feature","properties":{"carpeta":85,"nombre":"PUESTO DE COSTA","tipo":"PUESTO"},"geometry":{"type":"Point","coordinates":[-59.656436,-34.560231]}},{"type":"Feature","properties":{"carpeta":85,"nombre":"POBLACION","tipo":"CASA"},"geometry":{"type":"Point","coordinates":[-59.669762,-34.562236]}},{"type":"Feature","properties":{"carpeta":85,"nombre":"POB. DE HERED. DE S. LIMA","tipo":"CASA"},"geometry":{"type":"Point","coordinates":[-59.650246,-34.565145]}},{"type":"Feature","properties":{"carpeta":85,"nombre":"POBLACION","tipo":"CASA"},"geometry":{"type":"Point","coordinates":[-59.644946,-34.561225]}},{"type":"Feature","properties":{"carpeta":85,"nombre":"PUESTO DE COSTA","tipo":"PUESTO"},"geometry":{"type":"Point","coordinates":[-59.672024,-34.55363]}},{"type":"Feature","properties":{"carpeta":85,"nombre":"EVARISTO BUSTOS","tipo":"CASA"},"geometry":{"type":"Point","coordinates":[-59.669494,-34.548492]}},{"type":"Feature","properties":{"carpeta":86,"nombre":"MARCOS SARMIENTO","tipo":"CASA"},"geometry":{"type":"Point","coordinates":[-59.46907,-34.502064]}},{"type":"Feature","properties":{"carpeta":85,"nombre":"FELIS LESCANO","tipo":"CASA"},"geometry":{"type":"Point","coordinates":[-59.465227,-34.487224]}},{"type":"Feature","properties":{"carpeta":85,"nombre":"PULPERIA","tipo":"PULPERIA"},"geometry":{"type":"Point","coordinates":[-59.475486,-34.487359]}},{"type":"Feature","properties":{"carpeta":86,"nombre":"PUESTO DE MEZQUITA","tipo":"PUESTO"},"geometry":{"type":"Point","coordinates":[-59.444143,-34.475346]}},{"type":"Feature","properties":{"carpeta":86,"nombre":"MONTE (SIN IDENTIFICAR)","tipo":"MONTE"},"geometry":{"type":"Point","coordinates":[-59.457715,-34.472223]}},{"type":"Feature","properties":{"carpeta":86,"nombre":"PUESTO RODRIGUEZ","tipo":"PUESTO"},"geometry":{"type":"Point","coordinates":[-59.46564,-34.469146]}},{"type":"Feature","properties":{"carpeta":86,"nombre":"PUESTO DE CUCULLO","tipo":"PUESTO"},"geometry":{"type":"Point","coordinates":[-59.454666,-34.466199]}},{"type":"Feature","properties":{"carpeta":87,"nombre":"POB. DE QUEVEDO","tipo":"CASA"},"geometry":{"type":"Point","coordinates":[-59.270093,-34.464986]}},{"type":"Feature","properties":{"carpeta":87,"nombre":"P. P. QUEVEDO","tipo":"CASA"},"geometry":{"type":"Point","coordinates":[-59.281242,-34.460211]}},{"type":"Feature","properties":{"carpeta":87,"nombre":"P. DE P. FLORES DE QUEVEDO","tipo":"CASA"},"geometry":{"type":"Point","coordinates":[-59.283624,-34.451102]}},{"type":"Feature","properties":{"carpeta":88,"nombre":"RODRIGUEZ","tipo":"CASA"},"geometry":{"type":"Point","coordinates":[-59.304567,-34.416603]}},{"type":"Feature","properties":{"carpeta":88,"nombre":"CONTRERAS","tipo":"CASA"},"geometry":{"type":"Point","coordinates":[-59.304355,-34.414503]}},{"type":"Feature","properties":{"carpeta":88,"nombre":"A. ORMAECHEA","tipo":"CASA"},"geometry":{"type":"Point","coordinates":[-59.297024,-34.413579]}},{"type":"Feature","properties":{"carpeta":88,"nombre":"P. RONAN","tipo":"CASA"},"geometry":{"type":"Point","coordinates":[-59.30835,-34.41164]}},{"type":"Feature","properties":{"carpeta":88,"nombre":"PUESTO","tipo":"PUESTO"},"geometry":{"type":"Point","coordinates":[-59.321004,-34.409103]}},{"type":"Feature","properties":{"carpeta":88,"nombre":"V. GOMEZ","tipo":"CASA"},"geometry":{"type":"Point","coordinates":[-59.333214,-34.400727]}},{"type":"Feature","properties":{"carpeta":88,"nombre":"PUESTO","tipo":"PUESTO"},"geometry":{"type":"Point","coordinates":[-59.340921,-34.393995]}},{"type":"Feature","properties":{"carpeta":88,"nombre":"PUESTO DEL BASCO","tipo":"PUESTO"},"geometry":{"type":"Point","coordinates":[-59.33317,-34.384556]}},{"type":"Feature","properties":{"carpeta":88,"nombre":"S. BYRNS","tipo":"CASA"},"geometry":{"type":"Point","coordinates":[-59.331157,-34.400337]}},{"type":"Feature","properties":{"carpeta":88,"nombre":"ARNULFO TISEIRA","tipo":"CASA"},"geometry":{"type":"Point","coordinates":[-59.340124,-34.376959]}},{"type":"Feature","properties":{"carpeta":88,"nombre":"PUESTO","tipo":"PUESTO"},"geometry":{"type":"Point","coordinates":[-59.354394,-34.382282]}},{"type":"Feature","properties":{"carpeta":88,"nombre":"PUESTO (SAUCOS)","tipo":"PUESTO"},"geometry":{"type":"Point","coordinates":[-59.357945,-34.364064]}},{"type":"Feature","properties":{"carpeta":88,"nombre":"PUESTO","tipo":"PUESTO"},"geometry":{"type":"Point","coordinates":[-59.373797,-34.367409]}},{"type":"Feature","properties":{"carpeta":88,"nombre":"CHEYRA","tipo":"CASA"},"geometry":{"type":"Point","coordinates":[-59.371499,-34.37003]}},{"type":"Feature","properties":{"carpeta":88,"nombre":"MAGADAN PULPERIA","tipo":"PULPERIA"},"geometry":{"type":"Point","coordinates":[-59.37124,-34.353119]}},{"type":"Feature","properties":{"carpeta":88,"nombre":"LORENZO TISEIRA","tipo":"CASA"},"geometry":{"type":"Point","coordinates":[-59.386833,-34.340485]}},{"type":"Feature","properties":{"carpeta":88,"nombre":"LA PALOMA","tipo":"CASA"},"geometry":{"type":"Point","coordinates":[-59.38819,-34.347599]}},{"type":"Feature","properties":{"carpeta":89,"nombre":"PUESTO","tipo":"PUESTO"},"geometry":{"type":"Point","coordinates":[-59.633598,-34.409787]}},{"type":"Feature","properties":{"carpeta":89,"nombre":"ESTANCIA SALA","tipo":"CASA"},"geometry":{"type":"Point","coordinates":[-59.627338,-34.419642]}},{"type":"Feature","properties":{"carpeta":89,"nombre":"PUESTO","tipo":"PUESTO"},"geometry":{"type":"Point","coordinates":[-59.646495,-34.422514]}},{"type":"Feature","properties":{"carpeta":89,"nombre":"ESTANCIA CAPRILE Y PICASO","tipo":"CASA"},"geometry":{"type":"Point","coordinates":[-59.651818,-34.429875]}},{"type":"Feature","properties":{"carpeta":89,"nombre":"PUESTO","tipo":"PUESTO"},"geometry":{"type":"Point","coordinates":[-59.641267,-34.433422]}},{"type":"Feature","properties":{"carpeta":89,"nombre":"PUESTO","tipo":"PUESTO"},"geometry":{"type":"Point","coordinates":[-59.61115,-34.434857]}},{"type":"Feature","properties":{"carpeta":89,"nombre":"PUESTO","tipo":"PUESTO"},"geometry":{"type":"Point","coordinates":[-59.624157,-34.448731]}},{"type":"Feature","properties":{"carpeta":89,"nombre":"ESTANCIA MAXWELL","tipo":"CASA"},"geometry":{"type":"Point","coordinates":[-59.602534,-34.442891]}},{"type":"Feature","properties":{"carpeta":89,"nombre":"ESTANCIA RODRIGUEZ","tipo":"CASA"},"geometry":{"type":"Point","coordinates":[-59.620387,-34.416495]}},{"type":"Feature","properties":{"carpeta":90,"nombre":"PUESTO","tipo":"PUESTO"},"geometry":{"type":"Point","coordinates":[-59.307079,-34.33515]}},{"type":"Feature","properties":{"carpeta":90,"nombre":"PUESTO","tipo":"PUESTO"},"geometry":{"type":"Point","coordinates":[-59.306391,-34.338376]}},{"type":"Feature","properties":{"carpeta":90,"nombre":"ESTANCIA","tipo":"CASA"},"geometry":{"type":"Point","coordinates":[-59.275143,-34.335884]}},{"type":"Feature","properties":{"carpeta":90,"nombre":"PUESTO DE NOLA","tipo":"PUESTO"},"geometry":{"type":"Point","coordinates":[-59.277168,-34.32135]}},{"type":"Feature","properties":{"carpeta":90,"nombre":"PUESTO DE LENNON","tipo":"PUESTO"},"geometry":{"type":"Point","coordinates":[-59.259842,-34.319462]}},{"type":"Feature","properties":{"carpeta":90,"nombre":"PUESTO DE ROCCA","tipo":"PUESTO"},"geometry":{"type":"Point","coordinates":[-59.257045,-34.323667]}},{"type":"Feature","properties":{"carpeta":90,"nombre":"PUESTO","tipo":"PUESTO"},"geometry":{"type":"Point","coordinates":[-59.275709,-34.314512]}},{"type":"Feature","properties":{"carpeta":91,"nombre":"ESTANCIA","tipo":"CASA"},"geometry":{"type":"Point","coordinates":[-59.431649,-34.435688]}},{"type":"Feature","properties":{"carpeta":91,"nombre":"J. SILVA","tipo":"CASA"},"geometry":{"type":"Point","coordinates":[-59.389119,-34.445262]}},{"type":"Feature","properties":{"carpeta":92,"nombre":"RAMON GONZALEZ","tipo":"CASA"},"geometry":{"type":"Point","coordinates":[-59.707124,-34.555804]}},{"type":"Feature","properties":{"carpeta":92,"nombre":"VICTOR GONZALEZ","tipo":"CASA"},"geometry":{"type":"Point","coordinates":[-59.683476,-34.543056]}},{"type":"Feature","properties":{"carpeta":92,"nombre":"AGUSTIN CASADO","tipo":"CASA"},"geometry":{"type":"Point","coordinates":[-59.665294,-34.532973]}},{"type":"Feature","properties":{"carpeta":92,"nombre":"JULIAN RIVAD...RA","tipo":"CASA"},"geometry":{"type":"Point","coordinates":[-59.673862,-34.534267]}},{"type":"Feature","properties":{"carpeta":93,"nombre":"ANICETA VELOZ","tipo":"CASA"},"geometry":{"type":"Point","coordinates":[-59.4199,-34.423554]}},{"type":"Feature","properties":{"carpeta":93,"nombre":"TAPERA","tipo":"TAPERA"},"geometry":{"type":"Point","coordinates":[-59.42831,-34.416815]}},{"type":"Feature","properties":{"carpeta":95,"nombre":"PUESTO OJUEZ","tipo":"PUESTO"},"geometry":{"type":"Point","coordinates":[-59.437493,-34.536429]}},{"type":"Feature","properties":{"carpeta":95,"nombre":"ESTANCIA","tipo":"CASA"},"geometry":{"type":"Point","coordinates":[-59.445711,-34.512382]}},{"type":"Feature","properties":{"carpeta":95,"nombre":"C. NAVARRO","tipo":"CASA"},"geometry":{"type":"Point","coordinates":[-59.459258,-34.508035]}},{"type":"Feature","properties":{"carpeta":96,"nombre":"POB. BOTANA","tipo":"CASA"},"geometry":{"type":"Point","coordinates":[-59.516928,-34.42404]}},{"type":"Feature","properties":{"carpeta":96,"nombre":"PUESTO","tipo":"PUESTO"},"geometry":{"type":"Point","coordinates":[-59.502298,-34.410887]}},{"type":"Feature","properties":{"carpeta":96,"nombre":"PUESTO","tipo":"PUESTO"},"geometry":{"type":"Point","coordinates":[-59.508136,-34.411459]}},{"type":"Feature","properties":{"carpeta":97,"nombre":"PUESTO LA BONITA","tipo":"PUESTO"},"geometry":{"type":"Point","coordinates":[-59.251633,-34.421486]}},{"type":"Feature","properties":{"carpeta":97,"nombre":"PUESTO DEL OMBU","tipo":"PUESTO"},"geometry":{"type":"Point","coordinates":[-59.251593,-34.40841]}},{"type":"Feature","properties":{"carpeta":97,"nombre":"PUESTO DEL PESCADOR","tipo":"PUESTO"},"geometry":{"type":"Point","coordinates":[-59.239053,-34.398172]}},{"type":"Feature","properties":{"carpeta":98,"nombre":"PUESTO DE CASTRO","tipo":"PUESTO"},"geometry":{"type":"Point","coordinates":[-59.238471,-34.44616]}},{"type":"Feature","properties":{"carpeta":98,"nombre":"ESTANCIA DE S. SAUCE","tipo":"CASA"},"geometry":{"type":"Point","coordinates":[-59.266767,-34.403879]}},{"type":"Feature","properties":{"carpeta":100,"nombre":"ESTANCIA DE ACUÑA","tipo":"CASA"},"geometry":{"type":"Point","coordinates":[-59.573123,-34.509157]}},{"type":"Feature","properties":{"carpeta":100,"nombre":"E. BUSTOS","tipo":"CASA"},"geometry":{"type":"Point","coordinates":[-59.562823,-34.473202]}},{"type":"Feature","properties":{"carpeta":100,"nombre":"ESTANCIA DE CAREY","tipo":"CASA"},"geometry":{"type":"Point","coordinates":[-59.602173,-34.471285]}},{"type":"Feature","properties":{"carpeta":100,"nombre":"BUSTOS","tipo":"CASA"},"geometry":{"type":"Point","coordinates":[-59.571856,-34.441416]}},{"type":"Feature","properties":{"carpeta":100,"nombre":"PUESTO","tipo":"PUESTO"},"geometry":{"type":"Point","coordinates":[-59.586674,-34.425582]}},{"type":"Feature","properties":{"carpeta":100,"nombre":"PUESTO","tipo":"PUESTO"},"geometry":{"type":"Point","coordinates":[-59.602348,-34.434268]}},{"type":"Feature","properties":{"carpeta":100,"nombre":"ESTANCIA MAXWELL","tipo":"CASA"},"geometry":{"type":"Point","coordinates":[-59.602135,-34.442878]}},{"type":"Feature","properties":{"carpeta":101,"nombre":"SIN IDENTIFICAR","tipo":"CASA S/I"},"geometry":{"type":"Point","coordinates":[-59.290746,-34.404873]}},{"type":"Feature","properties":{"carpeta":101,"nombre":"SIN IDENTIFICAR","tipo":"CASA S/I"},"geometry":{"type":"Point","coordinates":[-59.319283,-34.370452]}},{"type":"Feature","properties":{"carpeta":104,"nombre":"SIN IDENTIFICAR","tipo":"CASA S/I"},"geometry":{"type":"Point","coordinates":[-59.23433,-34.418624]}},{"type":"Feature","properties":{"carpeta":104,"nombre":"CATALANES","tipo":"CASA"},"geometry":{"type":"Point","coordinates":[-59.240074,-34.423096]}},{"type":"Feature","properties":{"carpeta":104,"nombre":"ORMAECHEA","tipo":"CASA"},"geometry":{"type":"Point","coordinates":[-59.227553,-34.437328]}},{"type":"Feature","properties":{"carpeta":105,"nombre":"SILVA","tipo":"CASA"},"geometry":{"type":"Point","coordinates":[-59.388854,-34.445321]}},{"type":"Feature","properties":{"carpeta":106,"nombre":"SIN IDENTIFICAR","tipo":"CASA S/I"},"geometry":{"type":"Point","coordinates":[-59.318076,-34.439307]}},{"type":"Feature","properties":{"carpeta":106,"nombre":"SIN IDENTIFICAR","tipo":"CASA S/I"},"geometry":{"type":"Point","coordinates":[-59.310608,-34.448481]}},{"type":"Feature","properties":{"carpeta":106,"nombre":"SIN IDENTIFICAR","tipo":"CASA S/I"},"geometry":{"type":"Point","coordinates":[-59.303121,-34.459715]}},{"type":"Feature","properties":{"carpeta":106,"nombre":"SIN IDENTIFICAR","tipo":"CASA S/I"},"geometry":{"type":"Point","coordinates":[-59.296747,-34.47811]}},{"type":"Feature","properties":{"carpeta":107,"nombre":"COSTA","tipo":"CASA"},"geometry":{"type":"Point","coordinates":[-59.671875,-34.553647]}},{"type":"Feature","properties":{"carpeta":107,"nombre":"COSTA","tipo":"CASA"},"geometry":{"type":"Point","coordinates":[-59.679581,-34.56455]}},{"type":"Feature","properties":{"carpeta":107,"nombre":"COSTA","tipo":"CASA"},"geometry":{"type":"Point","coordinates":[-59.670004,-34.56205]}},{"type":"Feature","properties":{"carpeta":107,"nombre":"HEREDEROS DE S. LIMA","tipo":"CASA"},"geometry":{"type":"Point","coordinates":[-59.650999,-34.565157]}},{"type":"Feature","properties":{"carpeta":107,"nombre":"F. LIMA","tipo":"CASA"},"geometry":{"type":"Point","coordinates":[-59.656253,-34.58458]}},{"type":"Feature","properties":{"carpeta":108,"nombre":"ESTANCIA","tipo":"CASA"},"geometry":{"type":"Point","coordinates":[-59.477085,-34.531807]}},{"type":"Feature","properties":{"carpeta":108,"nombre":"PUESTO","tipo":"PUESTO"},"geometry":{"type":"Point","coordinates":[-59.463085,-34.55103]}},{"type":"Feature","properties":{"carpeta":110,"nombre":"VASQUEZ","tipo":"PUESTO"},"geometry":{"type":"Point","coordinates":[-59.44224,-34.406651]}},{"type":"Feature","properties":{"carpeta":110,"nombre":"SIN IDENTIFICAR","tipo":"CASA S/I"},"geometry":{"type":"Point","coordinates":[-59.422645,-34.393776]}},{"type":"Feature","properties":{"carpeta":110,"nombre":"PONCE","tipo":"CASA"},"geometry":{"type":"Point","coordinates":[-59.447977,-34.374383]}},{"type":"Feature","properties":{"carpeta":110,"nombre":"MORGAN","tipo":"CASA"},"geometry":{"type":"Point","coordinates":[-59.477592,-34.367358]}},{"type":"Feature","properties":{"carpeta":111,"nombre":"PUESTO","tipo":"PUESTO"},"geometry":{"type":"Point","coordinates":[-59.610106,-34.435697]}},{"type":"Feature","properties":{"carpeta":110,"nombre":"PUESTO","tipo":"PUESTO"},"geometry":{"type":"Point","coordinates":[-59.601959,-34.434525]}},{"type":"Feature","properties":{"carpeta":111,"nombre":"PUESTO","tipo":"PUESTO"},"geometry":{"type":"Point","coordinates":[-59.607916,-34.436052]}},{"type":"Feature","properties":{"carpeta":111,"nombre":"PUESTO","tipo":"PUESTO"},"geometry":{"type":"Point","coordinates":[-59.592093,-34.42147]}},{"type":"Feature","properties":{"carpeta":111,"nombre":"PUESTO","tipo":"PUESTO"},"geometry":{"type":"Point","coordinates":[-59.588523,-34.424177]}},{"type":"Feature","properties":{"carpeta":111,"nombre":"POBLACION DE A.H. SALA","tipo":"CASA"},"geometry":{"type":"Point","coordinates":[-59.626423,-34.420191]}},{"type":"Feature","properties":{"carpeta":111,"nombre":"POBLACION DE PETRONA B. DE RODRIGUEZ","tipo":"CASA"},"geometry":{"type":"Point","coordinates":[-59.619071,-34.416676]}},{"type":"Feature","properties":{"carpeta":111,"nombre":"PUESTO","tipo":"PUESTO"},"geometry":{"type":"Point","coordinates":[-59.6278,-34.406289]}},{"type":"Feature","properties":{"carpeta":111,"nombre":"PUESTO","tipo":"PUESTO"},"geometry":{"type":"Point","coordinates":[-59.60764,-34.406763]}},{"type":"Feature","properties":{"carpeta":111,"nombre":"POBLACION DE KENNY","tipo":"CASA"},"geometry":{"type":"Point","coordinates":[-59.588628,-34.415306]}},{"type":"Feature","properties":{"carpeta":112,"nombre":"E. MORGAN","tipo":"CASA"},"geometry":{"type":"Point","coordinates":[-59.52752,-34.346455]}},{"type":"Feature","properties":{"carpeta":112,"nombre":"J. MORGAN","tipo":"CASA"},"geometry":{"type":"Point","coordinates":[-59.481544,-34.366309]}},{"type":"Feature","properties":{"carpeta":113,"nombre":"L. DE GELVES","tipo":"CASA"},"geometry":{"type":"Point","coordinates":[-59.405368,-34.529702]}},{"type":"Feature","properties":{"carpeta":113,"nombre":"LUNA","tipo":"CASA"},"geometry":{"type":"Point","coordinates":[-59.409357,-34.523878]}},{"type":"Feature","properties":{"carpeta":116,"nombre":"PUESTO","tipo":"PUESTO"},"geometry":{"type":"Point","coordinates":[-59.439339,-34.463044]}},{"type":"Feature","properties":{"carpeta":116,"nombre":"PUESTO","tipo":"PUESTO"},"geometry":{"type":"Point","coordinates":[-59.437284,-34.464608]}},{"type":"Feature","properties":{"carpeta":117,"nombre":"LIMA","tipo":"CASA"},"geometry":{"type":"Point","coordinates":[-59.609942,-34.562818]}},{"type":"Feature","properties":{"carpeta":117,"nombre":"GUZMAN","tipo":"CASA"},"geometry":{"type":"Point","coordinates":[-59.608858,-34.563411]}},{"type":"Feature","properties":{"carpeta":117,"nombre":"ESTANCIA","tipo":"CASA"},"geometry":{"type":"Point","coordinates":[-59.611995,-34.570874]}},{"type":"Feature","properties":{"carpeta":118,"nombre":"SIN IDENTIFICAR","tipo":"CASA S/I"},"geometry":{"type":"Point","coordinates":[-59.560091,-34.534039]}},{"type":"Feature","properties":{"carpeta":119,"nombre":"PUESTO","tipo":"PUESTO"},"geometry":{"type":"Point","coordinates":[-59.367477,-34.333472]}},{"type":"Feature","properties":{"carpeta":119,"nombre":"PUESTO","tipo":"PUESTO"},"geometry":{"type":"Point","coordinates":[-59.362497,-34.336189]}},{"type":"Feature","properties":{"carpeta":119,"nombre":"PUESTO","tipo":"PUESTO"},"geometry":{"type":"Point","coordinates":[-59.358573,-34.337003]}},{"type":"Feature","properties":{"carpeta":119,"nombre":"ESTANCIA","tipo":"CASA"},"geometry":{"type":"Point","coordinates":[-59.341044,-34.349432]}},{"type":"Feature","properties":{"carpeta":119,"nombre":"ESTANCIA","tipo":"CASA"},"geometry":{"type":"Point","coordinates":[-59.332874,-34.346287]}},{"type":"Feature","properties":{"carpeta":119,"nombre":"ESTANCIA","tipo":"CASA"},"geometry":{"type":"Point","coordinates":[-59.333489,-34.359349]}},{"type":"Feature","properties":{"carpeta":119,"nombre":"ESTANCIA","tipo":"CASA"},"geometry":{"type":"Point","coordinates":[-59.324715,-34.341711]}},{"type":"Feature","properties":{"carpeta":119,"nombre":"SIN IDENTIFICAR","tipo":"CASA S/I"},"geometry":{"type":"Point","coordinates":[-59.319397,-34.341503]}},{"type":"Feature","properties":{"carpeta":119,"nombre":"SIN IDENTIFICAR","tipo":"CASA S/I"},"geometry":{"type":"Point","coordinates":[-59.312666,-34.34707]}},{"type":"Feature","properties":{"carpeta":119,"nombre":"PUESTO","tipo":"PUESTO"},"geometry":{"type":"Point","coordinates":[-59.314403,-34.358886]}},{"type":"Feature","properties":{"carpeta":119,"nombre":"ESTANCIA","tipo":"CASA"},"geometry":{"type":"Point","coordinates":[-59.32077,-34.362857]}},{"type":"Feature","properties":{"carpeta":119,"nombre":"A. ORTIZ","tipo":"CASA"},"geometry":{"type":"Point","coordinates":[-59.321287,-34.370104]}},{"type":"Feature","properties":{"carpeta":119,"nombre":"PUESTO","tipo":"PUESTO"},"geometry":{"type":"Point","coordinates":[-59.299675,-34.366226]}},{"type":"Feature","properties":{"carpeta":119,"nombre":"PULPERIA","tipo":"PULPERIA"},"geometry":{"type":"Point","coordinates":[-59.299187,-34.368668]}},{"type":"Feature","properties":{"carpeta":119,"nombre":"SIN IDENTIFICAR","tipo":"CASA S/I"},"geometry":{"type":"Point","coordinates":[-59.305873,-34.373208]}},{"type":"Feature","properties":{"carpeta":119,"nombre":"ESTANCIA","tipo":"CASA"},"geometry":{"type":"Point","coordinates":[-59.300476,-34.377948]}},{"type":"Feature","properties":{"carpeta":119,"nombre":"ESTANCIA","tipo":"CASA"},"geometry":{"type":"Point","coordinates":[-59.288442,-34.372303]}},{"type":"Feature","properties":{"carpeta":119,"nombre":"PUESTO","tipo":"PUESTO"},"geometry":{"type":"Point","coordinates":[-59.301967,-34.384575]}},{"type":"Feature","properties":{"carpeta":119,"nombre":"F. GOMEZ","tipo":"CASA"},"geometry":{"type":"Point","coordinates":[-59.291548,-34.391938]}},{"type":"Feature","properties":{"carpeta":119,"nombre":"PUESTO","tipo":"PUESTO"},"geometry":{"type":"Point","coordinates":[-59.281713,-34.398112]}},{"type":"Feature","properties":{"carpeta":119,"nombre":"BERA","tipo":"CASA"},"geometry":{"type":"Point","coordinates":[-59.274179,-34.400155]}},{"type":"Feature","properties":{"carpeta":119,"nombre":"SIN IDENTIFICAR","tipo":"CASA S/I"},"geometry":{"type":"Point","coordinates":[-59.260377,-34.390889]}},{"type":"Feature","properties":{"carpeta":119,"nombre":"SIN IDENTIFICAR","tipo":"CASA S/I"},"geometry":{"type":"Point","coordinates":[-59.273611,-34.382591]}},{"type":"Feature","properties":{"carpeta":119,"nombre":"SIN IDENTIFICAR","tipo":"CASA S/I"},"geometry":{"type":"Point","coordinates":[-59.298994,-34.357278]}},{"type":"Feature","properties":{"carpeta":121,"nombre":"PUESTO","tipo":"PUESTO"},"geometry":{"type":"Point","coordinates":[-59.284142,-34.417609]}},{"type":"Feature","properties":{"carpeta":121,"nombre":"POBLACION DE JUAN RODRIGUEZ","tipo":"CASA"},"geometry":{"type":"Point","coordinates":[-59.283065,-34.416935]}},{"type":"Feature","properties":{"carpeta":121,"nombre":"PULPERIA","tipo":"PULPERIA"},"geometry":{"type":"Point","coordinates":[-59.264443,-34.437489]}},{"type":"Feature","properties":{"carpeta":121,"nombre":"POBLACION DE N. GARIBOTTI","tipo":"CASA"},"geometry":{"type":"Point","coordinates":[-59.252566,-34.456314]}},{"type":"Feature","properties":{"carpeta":122,"nombre":"PUESTO SANTA ROSALIA","tipo":"PUESTO"},"geometry":{"type":"Point","coordinates":[-59.377277,-34.381295]}},{"type":"Feature","properties":{"carpeta":122,"nombre":"PUESTO","tipo":"PUESTO"},"geometry":{"type":"Point","coordinates":[-59.372349,-34.382462]}},{"type":"Feature","properties":{"carpeta":122,"nombre":"POBLACION DE CATALINA","tipo":"CASA"},"geometry":{"type":"Point","coordinates":[-59.3539,-34.394401]}},{"type":"Feature","properties":{"carpeta":122,"nombre":"P.B. SOSA","tipo":"CASA"},"geometry":{"type":"Point","coordinates":[-59.341607,-34.393471]}},{"type":"Feature","properties":{"carpeta":122,"nombre":"PUESTO C. ESTRADA","tipo":"PUESTO"},"geometry":{"type":"Point","coordinates":[-59.348072,-34.39923]}},{"type":"Feature","properties":{"carpeta":122,"nombre":"POBLACION DE FUENTES","tipo":"CASA"},"geometry":{"type":"Point","coordinates":[-59.344063,-34.401355]}},{"type":"Feature","properties":{"carpeta":122,"nombre":"PUESTO SANTA MARIA","tipo":"PUESTO"},"geometry":{"type":"Point","coordinates":[-59.358073,-34.398985]}},{"type":"Feature","properties":{"carpeta":122,"nombre":"ESTANCIA LA ADELINA","tipo":"CASA"},"geometry":{"type":"Point","coordinates":[-59.335209,-34.402142]}},{"type":"Feature","properties":{"carpeta":122,"nombre":"PUESTO","tipo":"PUESTO"},"geometry":{"type":"Point","coordinates":[-59.330803,-34.399763]}},{"type":"Feature","properties":{"carpeta":122,"nombre":"MARIA LERDON","tipo":"CASA"},"geometry":{"type":"Point","coordinates":[-59.320512,-34.409217]}},{"type":"Feature","properties":{"carpeta":122,"nombre":"MONSALVO","tipo":"CASA"},"geometry":{"type":"Point","coordinates":[-59.33295,-34.410329]}},{"type":"Feature","properties":{"carpeta":122,"nombre":"PUESTO SANTA CLARA","tipo":"PUESTO"},"geometry":{"type":"Point","coordinates":[-59.33135,-34.416968]}},{"type":"Feature","properties":{"carpeta":122,"nombre":"ROMERO","tipo":"CASA"},"geometry":{"type":"Point","coordinates":[-59.324952,-34.416277]}},{"type":"Feature","properties":{"carpeta":123,"nombre":"POBLACION DE MANCILLA","tipo":"CASA"},"geometry":{"type":"Point","coordinates":[-59.679758,-34.4333]}},{"type":"Feature","properties":{"carpeta":123,"nombre":"PUESTO","tipo":"PUESTO"},"geometry":{"type":"Point","coordinates":[-59.680668,-34.421091]}},{"type":"Feature","properties":{"carpeta":123,"nombre":"ESTANCIA","tipo":"CASA"},"geometry":{"type":"Point","coordinates":[-59.663152,-34.410931]}},{"type":"Feature","properties":{"carpeta":123,"nombre":"ESTANCIA CAPRILE Y PICASO","tipo":"CASA"},"geometry":{"type":"Point","coordinates":[-59.652237,-34.430088]}},{"type":"Feature","properties":{"carpeta":124,"nombre":"PUESTO","tipo":"PUESTO"},"geometry":{"type":"Point","coordinates":[-59.677917,-34.575757]}},{"type":"Feature","properties":{"carpeta":124,"nombre":"PUESTO","tipo":"PUESTO"},"geometry":{"type":"Point","coordinates":[-59.654296,-34.592998]}},{"type":"Feature","properties":{"carpeta":124,"nombre":"MONTOYA","tipo":"CASA"},"geometry":{"type":"Point","coordinates":[-59.661198,-34.598055]}},{"type":"Feature","properties":{"carpeta":125,"nombre":"E. MARTINEZ","tipo":"CASA"},"geometry":{"type":"Point","coordinates":[-59.633812,-34.531123]}},{"type":"Feature","properties":{"carpeta":125,"nombre":"ASPIN","tipo":"CASA"},"geometry":{"type":"Point","coordinates":[-59.625517,-34.533275]}},{"type":"Feature","properties":{"carpeta":125,"nombre":"P. MARTINEZ","tipo":"CASA"},"geometry":{"type":"Point","coordinates":[-59.635045,-34.52102]}},{"type":"Feature","properties":{"carpeta":125,"nombre":"M. LIMA","tipo":"CASA"},"geometry":{"type":"Point","coordinates":[-59.626785,-34.541327]}},{"type":"Feature","properties":{"carpeta":125,"nombre":"D. MARTINEZ","tipo":"CASA"},"geometry":{"type":"Point","coordinates":[-59.613251,-34.546499]}},{"type":"Feature","properties":{"carpeta":125,"nombre":"J. ACUÑA","tipo":"CASA"},"geometry":{"type":"Point","coordinates":[-59.595327,-34.551402]}},{"type":"Feature","properties":{"carpeta":125,"nombre":"O. MARTINEZ","tipo":"CASA"},"geometry":{"type":"Point","coordinates":[-59.608115,-34.553757]}},{"type":"Feature","properties":{"carpeta":125,"nombre":"C. LIMA","tipo":"CASA"},"geometry":{"type":"Point","coordinates":[-59.647115,-34.540813]}},{"type":"Feature","properties":{"carpeta":126,"nombre":"ESTANCIA R. LASOTA","tipo":"CASA"},"geometry":{"type":"Point","coordinates":[-59.397413,-34.281052]}},{"type":"Feature","properties":{"carpeta":128,"nombre":"P. CASADO","tipo":"CASA"},"geometry":{"type":"Point","coordinates":[-59.690758,-34.517166]}},{"type":"Feature","properties":{"carpeta":128,"nombre":"R. CASADO","tipo":"CASA"},"geometry":{"type":"Point","coordinates":[-59.669771,-34.504947]}},{"type":"Feature","properties":{"carpeta":128,"nombre":"C. CASADO","tipo":"CASA"},"geometry":{"type":"Point","coordinates":[-59.662859,-34.49515]}},{"type":"Feature","properties":{"carpeta":129,"nombre":"SIN IDENTIFICAR","tipo":"CASA S/I"},"geometry":{"type":"Point","coordinates":[-59.646924,-34.541594]}},{"type":"Feature","properties":{"carpeta":130,"nombre":"ESTANCIA","tipo":"CASA"},"geometry":{"type":"Point","coordinates":[-59.626296,-34.541454]}},{"type":"Feature","properties":{"carpeta":130,"nombre":"SIN IDENTIFICAR","tipo":"CASA S/I"},"geometry":{"type":"Point","coordinates":[-59.606936,-34.555379]}},{"type":"Feature","properties":{"carpeta":130,"nombre":"SIN IDENTIFICAR","tipo":"CASA S/I"},"geometry":{"type":"Point","coordinates":[-59.610361,-34.562769]}},{"type":"Feature","properties":{"carpeta":133,"nombre":"BORDENAVE","tipo":"CASA"},"geometry":{"type":"Point","coordinates":[-59.310967,-34.340142]}},{"type":"Feature","properties":{"carpeta":133,"nombre":"GUEVARA","tipo":"CASA"},"geometry":{"type":"Point","coordinates":[-59.32377,-34.335634]}},{"type":"Feature","properties":{"carpeta":133,"nombre":"HIGUERET","tipo":"CASA"},"geometry":{"type":"Point","coordinates":[-59.302256,-34.329646]}},{"type":"Feature","properties":{"carpeta":133,"nombre":"ROCHA","tipo":"CASA"},"geometry":{"type":"Point","coordinates":[-59.297058,-34.32196]}},{"type":"Feature","properties":{"carpeta":133,"nombre":"SCULLY","tipo":"CASA"},"geometry":{"type":"Point","coordinates":[-59.338199,-34.321617]}},{"type":"Feature","properties":{"carpeta":133,"nombre":"BERGARI","tipo":"CASA"},"geometry":{"type":"Point","coordinates":[-59.323477,-34.307727]}},{"type":"Feature","properties":{"carpeta":133,"nombre":"VIVANCO","tipo":"CASA"},"geometry":{"type":"Point","coordinates":[-59.350885,-34.32054]}},{"type":"Feature","properties":{"carpeta":133,"nombre":"F. DEVALIX","tipo":"CASA"},"geometry":{"type":"Point","coordinates":[-59.357419,-34.32315]}},{"type":"Feature","properties":{"carpeta":133,"nombre":"ECHARTE","tipo":"CASA"},"geometry":{"type":"Point","coordinates":[-59.341274,-34.303316]}},{"type":"Feature","properties":{"carpeta":133,"nombre":"ESTANCIA","tipo":"CASA"},"geometry":{"type":"Point","coordinates":[-59.366017,-34.292212]}},{"type":"Feature","properties":{"carpeta":133,"nombre":"GREGORIO PEREZ","tipo":"CASA"},"geometry":{"type":"Point","coordinates":[-59.383996,-34.285864]}},{"type":"Feature","properties":{"carpeta":133,"nombre":"T. DUFFY","tipo":"CASA"},"geometry":{"type":"Point","coordinates":[-59.309452,-34.293481]}},{"type":"Feature","properties":{"carpeta":133,"nombre":"JUAN M. BEGARI","tipo":"CASA"},"geometry":{"type":"Point","coordinates":[-59.296608,-34.299758]}},{"type":"Feature","properties":{"carpeta":133,"nombre":"PUESTO","tipo":"PUESTO"},"geometry":{"type":"Point","coordinates":[-59.282547,-34.310696]}},{"type":"Feature","properties":{"carpeta":134,"nombre":"ESTANCIA DE ECHEVERRIA","tipo":"CASA"},"geometry":{"type":"Point","coordinates":[-59.630316,-34.517092]}},{"type":"Feature","properties":{"carpeta":134,"nombre":"ARRENDATARIO","tipo":"ARRENDATARIO"},"geometry":{"type":"Point","coordinates":[-59.599784,-34.507187]}},{"type":"Feature","properties":{"carpeta":134,"nombre":"ARRENDATARIO","tipo":"ARRENDATARIO"},"geometry":{"type":"Point","coordinates":[-59.614672,-34.511946]}},{"type":"Feature","properties":{"carpeta":134,"nombre":"ARRENDATARIO","tipo":"ARRENDATARIO"},"geometry":{"type":"Point","coordinates":[-59.617824,-34.499851]}},{"type":"Feature","properties":{"carpeta":134,"nombre":"ARRENDATARIO","tipo":"ARRENDATARIO"},"geometry":{"type":"Point","coordinates":[-59.645892,-34.504825]}},{"type":"Feature","properties":{"carpeta":135,"nombre":"O´BRIEN","tipo":"CASA"},"geometry":{"type":"Point","coordinates":[-59.306025,-34.333954]}},{"type":"Feature","properties":{"carpeta":135,"nombre":"PUESTO","tipo":"PUESTO"},"geometry":{"type":"Point","coordinates":[-59.294019,-34.345284]}},{"type":"Feature","properties":{"carpeta":135,"nombre":"ANA","tipo":"CASA"},"geometry":{"type":"Point","coordinates":[-59.2849,-34.347449]}},{"type":"Feature","properties":{"carpeta":135,"nombre":"ESTANCIA","tipo":"CASA"},"geometry":{"type":"Point","coordinates":[-59.275766,-34.336161]}},{"type":"Feature","properties":{"carpeta":135,"nombre":"PUESTO","tipo":"PUESTO"},"geometry":{"type":"Point","coordinates":[-59.279417,-34.322838]}},{"type":"Feature","properties":{"carpeta":136,"nombre":"SIN IDENTIFICAR","tipo":"CASA S/I"},"geometry":{"type":"Point","coordinates":[-59.648949,-34.601637]}},{"type":"Feature","properties":{"carpeta":139,"nombre":"CASA DE NEGOCIO DE ADOLFO LOREA","tipo":"NEGOCIO"},"geometry":{"type":"Point","coordinates":[-59.426173,-34.546498]}},{"type":"Feature","properties":{"carpeta":139,"nombre":"POBLACION DE LLERA","tipo":"CASA"},"geometry":{"type":"Point","coordinates":[-59.406456,-34.543509]}},{"type":"Feature","properties":{"carpeta":140,"nombre":"PUESTO DE ELIZALDE","tipo":"PUESTO"},"geometry":{"type":"Point","coordinates":[-59.671351,-34.55303]}},{"type":"Feature","properties":{"carpeta":140,"nombre":"PUESTO","tipo":"PUESTO"},"geometry":{"type":"Point","coordinates":[-59.68134,-34.56057]}},{"type":"Feature","properties":{"carpeta":141,"nombre":"ESTANCIA DE GAYNOR","tipo":"CASA"},"geometry":{"type":"Point","coordinates":[-59.442003,-34.534855]}},{"type":"Feature","properties":{"carpeta":141,"nombre":"SIN IDENTIFICAR","tipo":"CASA S/I"},"geometry":{"type":"Point","coordinates":[-59.438109,-34.535338]}},{"type":"Feature","properties":{"carpeta":142,"nombre":"ESTANCIA","tipo":"CASA"},"geometry":{"type":"Point","coordinates":[-59.288328,-34.468824]}},{"type":"Feature","properties":{"carpeta":144,"nombre":"SIN IDENTIFICAR","tipo":"CASA S/I"},"geometry":{"type":"Point","coordinates":[-59.419203,-34.406338]}},{"type":"Feature","properties":{"carpeta":144,"nombre":"SIN IDENTIFICAR","tipo":"CASA S/I"},"geometry":{"type":"Point","coordinates":[-59.407451,-34.407963]}},{"type":"Feature","properties":{"carpeta":144,"nombre":"PUESTO","tipo":"PUESTO"},"geometry":{"type":"Point","coordinates":[-59.390145,-34.413387]}},{"type":"Feature","properties":{"carpeta":146,"nombre":"TORIBIO RODRIGUEZ","tipo":"CASA"},"geometry":{"type":"Point","coordinates":[-59.366855,-34.404969]}},{"type":"Feature","properties":{"carpeta":146,"nombre":"F. LOPEZ","tipo":"CASA"},"geometry":{"type":"Point","coordinates":[-59.331539,-34.426694]}},{"type":"Feature","properties":{"carpeta":146,"nombre":"ESTANCIA","tipo":"CASA"},"geometry":{"type":"Point","coordinates":[-59.342964,-34.433404]}},{"type":"Feature","properties":{"carpeta":147,"nombre":"E. LOPEZ","tipo":"CASA"},"geometry":{"type":"Point","coordinates":[-59.339685,-34.420249]}},{"type":"Feature","properties":{"carpeta":148,"nombre":"SIN IDENTIFICAR","tipo":"CASA S/I"},"geometry":{"type":"Point","coordinates":[-59.445256,-34.373129]}},{"type":"Feature","properties":{"carpeta":148,"nombre":"SIN IDENTIFICAR","tipo":"CASA S/I"},"geometry":{"type":"Point","coordinates":[-59.422439,-34.391704]}},{"type":"Feature","properties":{"carpeta":148,"nombre":"SIN IDENTIFICAR","tipo":"CASA S/I"},"geometry":{"type":"Point","coordinates":[-59.424046,-34.395661]}},{"type":"Feature","properties":{"carpeta":150,"nombre":"ESTANCIA NUEVA","tipo":"CASA"},"geometry":{"type":"Point","coordinates":[-59.361734,-34.246092]}},{"type":"Feature","properties":{"carpeta":150,"nombre":"ESTANCIA VIEJA","tipo":"CASA"},"geometry":{"type":"Point","coordinates":[-59.347269,-34.278096]}},{"type":"Feature","properties":{"carpeta":151,"nombre":"PUESTO","tipo":"PUESTO"},"geometry":{"type":"Point","coordinates":[-59.250574,-34.422769]}},{"type":"Feature","properties":{"carpeta":151,"nombre":"PUESTO","tipo":"PUESTO"},"geometry":{"type":"Point","coordinates":[-59.249026,-34.418884]}},{"type":"Feature","properties":{"carpeta":151,"nombre":"ESTANCIA DEL SAR","tipo":"CASA"},"geometry":{"type":"Point","coordinates":[-59.251791,-34.389219]}},{"type":"Feature","properties":{"carpeta":151,"nombre":"LA PATERNA","tipo":"CASA"},"geometry":{"type":"Point","coordinates":[-59.207405,-34.380582]}},{"type":"Feature","properties":{"carpeta":151,"nombre":"PUESTO","tipo":"PUESTO"},"geometry":{"type":"Point","coordinates":[-59.270129,-34.336838]}},{"type":"Feature","properties":{"carpeta":151,"nombre":"PUESTO","tipo":"PUESTO"},"geometry":{"type":"Point","coordinates":[-59.284154,-34.35106]}},{"type":"Feature","properties":{"carpeta":151,"nombre":"PUESTO","tipo":"PUESTO"},"geometry":{"type":"Point","coordinates":[-59.285495,-34.36389]}},{"type":"Feature","properties":{"carpeta":151,"nombre":"PUESTO","tipo":"PUESTO"},"geometry":{"type":"Point","coordinates":[-59.267423,-34.378833]}},{"type":"Feature","properties":{"carpeta":152,"nombre":"ESTANCIA","tipo":"CASA"},"geometry":{"type":"Point","coordinates":[-59.716512,-34.478329]}},{"type":"Feature","properties":{"carpeta":153,"nombre":"PUESTO","tipo":"PUESTO"},"geometry":{"type":"Point","coordinates":[-59.55844,-34.531786]}},{"type":"Feature","properties":{"carpeta":153,"nombre":"SIN IDENTIFICAR","tipo":"CASA S/I"},"geometry":{"type":"Point","coordinates":[-59.560836,-34.53375]}},{"type":"Feature","properties":{"carpeta":153,"nombre":"ESTANCIA","tipo":"CASA"},"geometry":{"type":"Point","coordinates":[-59.566323,-34.519813]}},{"type":"Feature","properties":{"carpeta":154,"nombre":"SIN IDENTIFICAR","tipo":"CASA S/I"},"geometry":{"type":"Point","coordinates":[-59.36649,-34.404902]}},{"type":"Feature","properties":{"carpeta":154,"nombre":"ESTANCIA DE G. RODRIGUEZ","tipo":"CASA"},"geometry":{"type":"Point","coordinates":[-59.342784,-34.433703]}},{"type":"Feature","properties":{"carpeta":157,"nombre":"LESCANO","tipo":"CASA"},"geometry":{"type":"Point","coordinates":[-59.367477,-34.514925]}},{"type":"Feature","properties":{"carpeta":157,"nombre":"PUESTO","tipo":"PUESTO"},"geometry":{"type":"Point","coordinates":[-59.376574,-34.509877]}},{"type":"Feature","properties":{"carpeta":158,"nombre":"TAPERA","tipo":"TAPERA"},"geometry":{"type":"Point","coordinates":[-59.425204,-34.546115]}},{"type":"Feature","properties":{"carpeta":158,"nombre":"MARGARITA CASEY","tipo":"CASA"},"geometry":{"type":"Point","coordinates":[-59.420962,-34.546037]}},{"type":"Feature","properties":{"carpeta":158,"nombre":"TAPERA","tipo":"TAPERA"},"geometry":{"type":"Point","coordinates":[-59.422819,-34.54763]}},{"type":"Feature","properties":{"carpeta":159,"nombre":"FACUNDO CANE","tipo":"CASA"},"geometry":{"type":"Point","coordinates":[-59.535808,-34.449531]}},{"type":"Feature","properties":{"carpeta":159,"nombre":"BUTTERFILL","tipo":"CASA"},"geometry":{"type":"Point","coordinates":[-59.526983,-34.452187]}},{"type":"Feature","properties":{"carpeta":159,"nombre":"J. Y. J. DE LA TORRE","tipo":"CASA"},"geometry":{"type":"Point","coordinates":[-59.54218,-34.470954]}},{"type":"Feature","properties":{"carpeta":159,"nombre":"RAFAEL CANE","tipo":"CASA"},"geometry":{"type":"Point","coordinates":[-59.527693,-34.476034]}},{"type":"Feature","properties":{"carpeta":159,"nombre":"DE LA TESTAMENTARIA (TORRE DE BUTTERFILL)","tipo":"CASA"},"geometry":{"type":"Point","coordinates":[-59.517525,-34.471272]}},{"type":"Feature","properties":{"carpeta":159,"nombre":"L. CONTRERAS","tipo":"CASA"},"geometry":{"type":"Point","coordinates":[-59.507369,-34.469574]}},{"type":"Feature","properties":{"carpeta":159,"nombre":"L. CONTRERAS","tipo":"CASA"},"geometry":{"type":"Point","coordinates":[-59.482237,-34.479809]}},{"type":"Feature","properties":{"carpeta":159,"nombre":"L. CANE","tipo":"CASA"},"geometry":{"type":"Point","coordinates":[-59.495691,-34.487509]}},{"type":"Feature","properties":{"carpeta":161,"nombre":"PUESTO DE FIGUEROA","tipo":"PUESTO"},"geometry":{"type":"Point","coordinates":[-59.431519,-34.319074]}},{"type":"Feature","properties":{"carpeta":161,"nombre":"PUESTO DE FIGUEROA","tipo":"PUESTO"},"geometry":{"type":"Point","coordinates":[-59.4561,-34.319039]}},{"type":"Feature","properties":{"carpeta":161,"nombre":"PUESTO DE FIGUEROA","tipo":"PUESTO"},"geometry":{"type":"Point","coordinates":[-59.449341,-34.306326]}},{"type":"Feature","properties":{"carpeta":161,"nombre":"JOSE RODRIGUEZ","tipo":"CASA"},"geometry":{"type":"Point","coordinates":[-59.390449,-34.304076]}},{"type":"Feature","properties":{"carpeta":161,"nombre":"PUESTO","tipo":"PUESTO"},"geometry":{"type":"Point","coordinates":[-59.407625,-34.283744]}},{"type":"Feature","properties":{"carpeta":161,"nombre":"DURAN","tipo":"CASA"},"geometry":{"type":"Point","coordinates":[-59.42973,-34.282584]}},{"type":"Feature","properties":{"carpeta":161,"nombre":"ESTANCIA DE FIGUEROA","tipo":"CASA"},"geometry":{"type":"Point","coordinates":[-59.389201,-34.324613]}},{"type":"Feature","properties":{"carpeta":161,"nombre":"RABIRIAN","tipo":"CASA"},"geometry":{"type":"Point","coordinates":[-59.37268,-34.327153]}},{"type":"Feature","properties":{"carpeta":161,"nombre":"IGLESIA DE ARECO","tipo":"IGLESIA"},"geometry":{"type":"Point","coordinates":[-59.477507,-34.242622]}},{"type":"Feature","properties":{"carpeta":162,"nombre":"ESTANCIA","tipo":"CASA"},"geometry":{"type":"Point","coordinates":[-59.38377,-34.268516]}},{"type":"Feature","properties":{"carpeta":164,"nombre":"SIN IDENTIFICAR","tipo":"CASA S/I"},"geometry":{"type":"Point","coordinates":[-59.38169,-34.476429]}},{"type":"Feature","properties":{"carpeta":164,"nombre":"SIN IDENTIFICAR","tipo":"CASA S/I"},"geometry":{"type":"Point","coordinates":[-59.367441,-34.468504]}},{"type":"Feature","properties":{"carpeta":164,"nombre":"SIN IDENTIFICAR","tipo":"CASA S/I"},"geometry":{"type":"Point","coordinates":[-59.371396,-34.484934]}},{"type":"Feature","properties":{"carpeta":164,"nombre":"SIN IDENTIFICAR","tipo":"CASA S/I"},"geometry":{"type":"Point","coordinates":[-59.371899,-34.485471]}},{"type":"Feature","properties":{"carpeta":164,"nombre":"SIN IDENTIFICAR","tipo":"CASA S/I"},"geometry":{"type":"Point","coordinates":[-59.360997,-34.488772]}},{"type":"Feature","properties":{"carpeta":164,"nombre":"SIN IDENTIFICAR","tipo":"CASA S/I"},"geometry":{"type":"Point","coordinates":[-59.353898,-34.49196]}},{"type":"Feature","properties":{"carpeta":166,"nombre":"ESTANCIA","tipo":"CASA"},"geometry":{"type":"Point","coordinates":[-59.732881,-34.447232]}},{"type":"Feature","properties":{"carpeta":166,"nombre":"PUESTO","tipo":"PUESTO"},"geometry":{"type":"Point","coordinates":[-59.750187,-34.443849]}},{"type":"Feature","properties":{"carpeta":166,"nombre":"TAPERA","tipo":"TAPERA"},"geometry":{"type":"Point","coordinates":[-59.755184,-34.448045]}},{"type":"Feature","properties":{"carpeta":166,"nombre":"TAPERA","tipo":"TAPERA"},"geometry":{"type":"Point","coordinates":[-59.73879,-34.461177]}},{"type":"Feature","properties":{"carpeta":166,"nombre":"TAPERA","tipo":"TAPERA"},"geometry":{"type":"Point","coordinates":[-59.736513,-34.46178]}},{"type":"Feature","properties":{"carpeta":171,"nombre":"POBLACION","tipo":"CASA"},"geometry":{"type":"Point","coordinates":[-59.570475,-34.441837]}},{"type":"Feature","properties":{"carpeta":171,"nombre":"PUESTO","tipo":"PUESTO"},"geometry":{"type":"Point","coordinates":[-59.59367,-34.455832]}},{"type":"Feature","properties":{"carpeta":173,"nombre":"POBLACION","tipo":"CASA"},"geometry":{"type":"Point","coordinates":[-59.358513,-34.448317]}},{"type":"Feature","properties":{"carpeta":173,"nombre":"POBLACION","tipo":"CASA"},"geometry":{"type":"Point","coordinates":[-59.345803,-34.465508]}},{"type":"Feature","properties":{"carpeta":173,"nombre":"POBLACION","tipo":"CASA"},"geometry":{"type":"Point","coordinates":[-59.342442,-34.469988]}},{"type":"Feature","properties":{"carpeta":173,"nombre":"POBLACION","tipo":"CASA"},"geometry":{"type":"Point","coordinates":[-59.336416,-34.478208]}},{"type":"Feature","properties":{"carpeta":173,"nombre":"POBLACION","tipo":"CASA"},"geometry":{"type":"Point","coordinates":[-59.323975,-34.495563]}},{"type":"Feature","properties":{"carpeta":174,"nombre":"ESTANCIA","tipo":"CASA"},"geometry":{"type":"Point","coordinates":[-59.46719,-34.565687]}},{"type":"Feature","properties":{"carpeta":174,"nombre":"RANCHO","tipo":"RANCHO"},"geometry":{"type":"Point","coordinates":[-59.458672,-34.550982]}},{"type":"Feature","properties":{"carpeta":179,"nombre":"PUESTO","tipo":"PUESTO"},"geometry":{"type":"Point","coordinates":[-59.506244,-34.332123]}},{"type":"Feature","properties":{"carpeta":179,"nombre":"PUESTO","tipo":"PUESTO"},"geometry":{"type":"Point","coordinates":[-59.471276,-34.359567]}},{"type":"Feature","properties":{"carpeta":179,"nombre":"EL PARAISO","tipo":"CASA"},"geometry":{"type":"Point","coordinates":[-59.458661,-34.347795]}},{"type":"Feature","properties":{"carpeta":179,"nombre":"JAGUEL","tipo":"JAGUEL"},"geometry":{"type":"Point","coordinates":[-59.456731,-34.346117]}},{"type":"Feature","properties":{"carpeta":179,"nombre":"PUESTO","tipo":"PUESTO"},"geometry":{"type":"Point","coordinates":[-59.445123,-34.334885]}},{"type":"Feature","properties":{"carpeta":179,"nombre":"CAÑON","tipo":"CAÑON"},"geometry":{"type":"Point","coordinates":[-59.444625,-34.333988]}},{"type":"Feature","properties":{"carpeta":179,"nombre":"PUESTO","tipo":"PUESTO"},"geometry":{"type":"Point","coordinates":[-59.482046,-34.31519]}},{"type":"Feature","properties":{"carpeta":179,"nombre":"JAGUEL","tipo":"JAGUEL"},"geometry":{"type":"Point","coordinates":[-59.481405,-34.320137]}},{"type":"Feature","properties":{"carpeta":181,"nombre":"ESTANCIA","tipo":"CASA"},"geometry":{"type":"Point","coordinates":[-59.714123,-34.486904]}},{"type":"Feature","properties":{"carpeta":181,"nombre":"PUESTO","tipo":"PUESTO"},"geometry":{"type":"Point","coordinates":[-59.707958,-34.4789]}},{"type":"Feature","properties":{"carpeta":181,"nombre":"PUESTO","tipo":"PUESTO"},"geometry":{"type":"Point","coordinates":[-59.670934,-34.482383]}},{"type":"Feature","properties":{"carpeta":183,"nombre":"ESTANCIA","tipo":"CASA"},"geometry":{"type":"Point","coordinates":[-59.412015,-34.286867]}},{"type":"Feature","properties":{"carpeta":183,"nombre":"ESTANCIA","tipo":"CASA"},"geometry":{"type":"Point","coordinates":[-59.396999,-34.280999]}},{"type":"Feature","properties":{"carpeta":183,"nombre":"TAPERA MONSALVO","tipo":"TAPERA"},"geometry":{"type":"Point","coordinates":[-59.381421,-34.30983]}},{"type":"Feature","properties":{"carpeta":183,"nombre":"ESTANCIA","tipo":"CASA"},"geometry":{"type":"Point","coordinates":[-59.390592,-34.320359]}},{"type":"Feature","properties":{"carpeta":183,"nombre":"PUENTE","tipo":"PUENTE"},"geometry":{"type":"Point","coordinates":[-59.384557,-34.326017]}},{"type":"Feature","properties":{"carpeta":183,"nombre":"PUESTO","tipo":"PUESTO"},"geometry":{"type":"Point","coordinates":[-59.382645,-34.322036]}},{"type":"Feature","properties":{"carpeta":187,"nombre":"POBLACION","tipo":"CASA"},"geometry":{"type":"Point","coordinates":[-59.453272,-34.50744]}},{"type":"Feature","properties":{"carpeta":188,"nombre":"POBLACION","tipo":"CASA"},"geometry":{"type":"Point","coordinates":[-59.449711,-34.524963]}},{"type":"Feature","properties":{"carpeta":188,"nombre":"POBLACION","tipo":"CASA"},"geometry":{"type":"Point","coordinates":[-59.462385,-34.529446]}},{"type":"Feature","properties":{"carpeta":188,"nombre":"POBLACION","tipo":"CASA"},"geometry":{"type":"Point","coordinates":[-59.428299,-34.546581]}},{"type":"Feature","properties":{"carpeta":188,"nombre":"POBLACION","tipo":"CASA"},"geometry":{"type":"Point","coordinates":[-59.43075,-34.543864]}},{"type":"Feature","properties":{"carpeta":188,"nombre":"PUESTO","tipo":"PUESTO"},"geometry":{"type":"Point","coordinates":[-59.438408,-34.53461]}},{"type":"Feature","properties":{"carpeta":188,"nombre":"ESTANCIA SANTA  MARIA","tipo":"CASA"},"geometry":{"type":"Point","coordinates":[-59.442505,-34.531754]}},{"type":"Feature","properties":{"carpeta":189,"nombre":"ESTANCIA SAN FELIPE","tipo":"CASA"},"geometry":{"type":"Point","coordinates":[-59.389241,-34.329522]}},{"type":"Feature","properties":{"carpeta":189,"nombre":"PUENTE","tipo":"PUENTE"},"geometry":{"type":"Point","coordinates":[-59.384859,-34.329142]}},{"type":"Feature","properties":{"carpeta":189,"nombre":"POBLACION DE I. FIGUEROA","tipo":"CASA"},"geometry":{"type":"Point","coordinates":[-59.408038,-34.329227]}},{"type":"Feature","properties":{"carpeta":189,"nombre":"TRANQUERA","tipo":"TRANQUERA"},"geometry":{"type":"Point","coordinates":[-59.406567,-34.328951]}},{"type":"Feature","properties":{"carpeta":189,"nombre":"POBLACION","tipo":"CASA"},"geometry":{"type":"Point","coordinates":[-59.418925,-34.319202]}},{"type":"Feature","properties":{"carpeta":189,"nombre":"PUESTO","tipo":"PUESTO"},"geometry":{"type":"Point","coordinates":[-59.41649,-34.312721]}},{"type":"Feature","properties":{"carpeta":189,"nombre":"POBLACION","tipo":"CASA"},"geometry":{"type":"Point","coordinates":[-59.40744,-34.307072]}},{"type":"Feature","properties":{"carpeta":189,"nombre":"POBLACION","tipo":"CASA"},"geometry":{"type":"Point","coordinates":[-59.432017,-34.317355]}},{"type":"Feature","properties":{"carpeta":189,"nombre":"POBLACION LABAYEN","tipo":"CASA"},"geometry":{"type":"Point","coordinates":[-59.433932,-34.326428]}},{"type":"Feature","properties":{"carpeta":189,"nombre":"POBLACION","tipo":"CASA"},"geometry":{"type":"Point","coordinates":[-59.445026,-34.328148]}},{"type":"Feature","properties":{"carpeta":189,"nombre":"POBLACION","tipo":"CASA"},"geometry":{"type":"Point","coordinates":[-59.440291,-34.332121]}},{"type":"Feature","properties":{"carpeta":189,"nombre":"MOJON DE CAÑON","tipo":"CAÑON"},"geometry":{"type":"Point","coordinates":[-59.445887,-34.333697]}},{"type":"Feature","properties":{"carpeta":189,"nombre":"POBLACION","tipo":"CASA"},"geometry":{"type":"Point","coordinates":[-59.448284,-34.335497]}},{"type":"Feature","properties":{"carpeta":190,"nombre":"MONTE DE LOS GALLEGOS","tipo":"CASA"},"geometry":{"type":"Point","coordinates":[-59.535912,-34.571326]}},{"type":"Feature","properties":{"carpeta":190,"nombre":"MARTINEZ","tipo":"CASA"},"geometry":{"type":"Point","coordinates":[-59.503953,-34.563615]}},{"type":"Feature","properties":{"carpeta":190,"nombre":"MOLINA","tipo":"CASA"},"geometry":{"type":"Point","coordinates":[-59.503496,-34.582217]}},{"type":"Feature","properties":{"carpeta":191,"nombre":"BERNAL","tipo":"CASA"},"geometry":{"type":"Point","coordinates":[-59.588237,-34.532016]}},{"type":"Feature","properties":{"carpeta":191,"nombre":"MONTE DE AVILA","tipo":"CASA"},"geometry":{"type":"Point","coordinates":[-59.536688,-34.569253]}},{"type":"Feature","properties":{"carpeta":191,"nombre":"CASTRO","tipo":"CASA"},"geometry":{"type":"Point","coordinates":[-59.503863,-34.573847]}}]}