<?xml version="1.0" encoding="UTF-8"?>
<kml xmlns="http://www.opengis.net/kml/2.2"><Document><name>Poblamiento dibujado en los planos de mensura</name>
<Style id="s"><LineStyle><color>ff794e1f</color><width>1.5</width></LineStyle><PolyStyle><color>33794e1f</color></PolyStyle></Style>
<Placemark><name>PASCUALA ROMERO</name><styleUrl>#s</styleUrl><ExtendedData><Data name="carpeta"><value>3</value></Data><Data name="nombre"><value>PASCUALA ROMERO</value></Data><Data name="tipo"><value>CASA</value></Data></ExtendedData><Point><coordinates>-59.554786,-34.511224</coordinates></Point></Placemark>
<Placemark><name>PASCUALA ROMERO</name><styleUrl>#s</styleUrl><ExtendedData><Data name="carpeta"><value>3</value></Data><Data name="nombre"><value>PASCUALA ROMERO</value></Data><Data name="tipo"><value>CASA</value></Data></ExtendedData><Point><coordinates>-59.550202,-34.512723</coordinates></Point></Placemark>
<Placemark><name>BRAVO</name><styleUrl>#s</styleUrl><ExtendedData><Data name="carpeta"><value>3</value></Data><Data name="nombre"><value>BRAVO</value></Data><Data name="tipo"><value>CASA</value></Data></ExtendedData><Point><coordinates>-59.552933,-34.481312</coordinates></Point></Placemark>
<Placemark><name>C. ALMIRON</name><styleUrl>#s</styleUrl><ExtendedData><Data name="carpeta"><value>3</value></Data><Data name="nombre"><value>C. ALMIRON</value></Data><Data name="tipo"><value>CASA</value></Data></ExtendedData><Point><coordinates>-59.529740,-34.481395</coordinates></Point></Placemark>
<Placemark><name>DON GUILLERMO AGUIRRE</name><styleUrl>#s</styleUrl><ExtendedData><Data name="carpeta"><value>3</value></Data><Data name="nombre"><value>DON GUILLERMO AGUIRRE</value></Data><Data name="tipo"><value>CASA</value></Data></ExtendedData><Point><coordinates>-59.521929,-34.479490</coordinates></Point></Placemark>
<Placemark><name>DON GUILLERMO AGUIRRE</name><styleUrl>#s</styleUrl><ExtendedData><Data name="carpeta"><value>3</value></Data><Data name="nombre"><value>DON GUILLERMO AGUIRRE</value></Data><Data name="tipo"><value>CASA</value></Data></ExtendedData><Point><coordinates>-59.506815,-34.494259</coordinates></Point></Placemark>
<Placemark><name>DON GUILLERMO AGUIRRE</name><styleUrl>#s</styleUrl><ExtendedData><Data name="carpeta"><value>3</value></Data><Data name="nombre"><value>DON GUILLERMO AGUIRRE</value></Data><Data name="tipo"><value>CASA</value></Data></ExtendedData><Point><coordinates>-59.500106,-34.491562</coordinates></Point></Placemark>
<Placemark><name>A. ROJAS</name><styleUrl>#s</styleUrl><ExtendedData><Data name="carpeta"><value>3</value></Data><Data name="nombre"><value>A. ROJAS</value></Data><Data name="tipo"><value>CASA</value></Data></ExtendedData><Point><coordinates>-59.539221,-34.466715</coordinates></Point></Placemark>
<Placemark><name>D. ALVARRACIN</name><styleUrl>#s</styleUrl><ExtendedData><Data name="carpeta"><value>3</value></Data><Data name="nombre"><value>D. ALVARRACIN</value></Data><Data name="tipo"><value>CASA</value></Data></ExtendedData><Point><coordinates>-59.542603,-34.462977</coordinates></Point></Placemark>
<Placemark><name>E. ALMIRON</name><styleUrl>#s</styleUrl><ExtendedData><Data name="carpeta"><value>0</value></Data><Data name="nombre"><value>E. ALMIRON</value></Data><Data name="tipo"><value>CASA</value></Data></ExtendedData><Point><coordinates>-59.551738,-34.460909</coordinates></Point></Placemark>
<Placemark><name>L. GALEANO</name><styleUrl>#s</styleUrl><ExtendedData><Data name="carpeta"><value>3</value></Data><Data name="nombre"><value>L. GALEANO</value></Data><Data name="tipo"><value>CASA</value></Data></ExtendedData><Point><coordinates>-59.528726,-34.466504</coordinates></Point></Placemark>
<Placemark><name>FELIX LESCANO</name><styleUrl>#s</styleUrl><ExtendedData><Data name="carpeta"><value>4</value></Data><Data name="nombre"><value>FELIX LESCANO</value></Data><Data name="tipo"><value>CASA</value></Data></ExtendedData><Point><coordinates>-59.476628,-34.493430</coordinates></Point></Placemark>
<Placemark><name>GERONIMO LAVALLEN</name><styleUrl>#s</styleUrl><ExtendedData><Data name="carpeta"><value>4</value></Data><Data name="nombre"><value>GERONIMO LAVALLEN</value></Data><Data name="tipo"><value>CASA</value></Data></ExtendedData><Point><coordinates>-59.487758,-34.502619</coordinates></Point></Placemark>
<Placemark><name>ANGELA CASCO DE SARAVI</name><styleUrl>#s</styleUrl><ExtendedData><Data name="carpeta"><value>5</value></Data><Data name="nombre"><value>ANGELA CASCO DE SARAVI</value></Data><Data name="tipo"><value>CASA</value></Data></ExtendedData><Point><coordinates>-59.463417,-34.449175</coordinates></Point></Placemark>
<Placemark><name>PUESTO</name><styleUrl>#s</styleUrl><ExtendedData><Data name="carpeta"><value>5</value></Data><Data name="nombre"><value>PUESTO</value></Data><Data name="tipo"><value>PUESTO</value></Data></ExtendedData><Point><coordinates>-59.517094,-34.423580</coordinates></Point></Placemark>
<Placemark><name>RODRIGUEZ</name><styleUrl>#s</styleUrl><ExtendedData><Data name="carpeta"><value>5</value></Data><Data name="nombre"><value>RODRIGUEZ</value></Data><Data name="tipo"><value>CASA</value></Data></ExtendedData><Point><coordinates>-59.519141,-34.402597</coordinates></Point></Placemark>
<Placemark><name>IGNACIO CASCO</name><styleUrl>#s</styleUrl><ExtendedData><Data name="carpeta"><value>0</value></Data><Data name="nombre"><value>IGNACIO CASCO</value></Data><Data name="tipo"><value>CASA</value></Data></ExtendedData><Point><coordinates>-59.483653,-34.411232</coordinates></Point></Placemark>
<Placemark><name>SAN JUAN</name><styleUrl>#s</styleUrl><ExtendedData><Data name="carpeta"><value>0</value></Data><Data name="nombre"><value>SAN JUAN</value></Data><Data name="tipo"><value>CASA</value></Data></ExtendedData><Point><coordinates>-59.530268,-34.392983</coordinates></Point></Placemark>
<Placemark><name>CELESTINO ANDRADE</name><styleUrl>#s</styleUrl><ExtendedData><Data name="carpeta"><value>5</value></Data><Data name="nombre"><value>CELESTINO ANDRADE</value></Data><Data name="tipo"><value>CASA</value></Data></ExtendedData><Point><coordinates>-59.504648,-34.394718</coordinates></Point></Placemark>
<Placemark><name>M. C. DE GALEANO</name><styleUrl>#s</styleUrl><ExtendedData><Data name="carpeta"><value>5</value></Data><Data name="nombre"><value>M. C. DE GALEANO</value></Data><Data name="tipo"><value>CASA</value></Data></ExtendedData><Point><coordinates>-59.472702,-34.461621</coordinates></Point></Placemark>
<Placemark><name>B. GALEANO</name><styleUrl>#s</styleUrl><ExtendedData><Data name="carpeta"><value>5</value></Data><Data name="nombre"><value>B. GALEANO</value></Data><Data name="tipo"><value>CASA</value></Data></ExtendedData><Point><coordinates>-59.474130,-34.458574</coordinates></Point></Placemark>
<Placemark><name>MANUEL</name><styleUrl>#s</styleUrl><ExtendedData><Data name="carpeta"><value>5</value></Data><Data name="nombre"><value>MANUEL</value></Data><Data name="tipo"><value>CASA</value></Data></ExtendedData><Point><coordinates>-59.549675,-34.419594</coordinates></Point></Placemark>
<Placemark><name>PALOMA</name><styleUrl>#s</styleUrl><ExtendedData><Data name="carpeta"><value>6</value></Data><Data name="nombre"><value>PALOMA</value></Data><Data name="tipo"><value>CASA</value></Data></ExtendedData><Point><coordinates>-59.389213,-34.346360</coordinates></Point></Placemark>
<Placemark><name>TESEIRA</name><styleUrl>#s</styleUrl><ExtendedData><Data name="carpeta"><value>6</value></Data><Data name="nombre"><value>TESEIRA</value></Data><Data name="tipo"><value>CASA</value></Data></ExtendedData><Point><coordinates>-59.387433,-34.339598</coordinates></Point></Placemark>
<Placemark><name>PASCUAL SOSA</name><styleUrl>#s</styleUrl><ExtendedData><Data name="carpeta"><value>6</value></Data><Data name="nombre"><value>PASCUAL SOSA</value></Data><Data name="tipo"><value>CASA</value></Data></ExtendedData><Point><coordinates>-59.341787,-34.390742</coordinates></Point></Placemark>
<Placemark><name>J. J. SOSA</name><styleUrl>#s</styleUrl><ExtendedData><Data name="carpeta"><value>6</value></Data><Data name="nombre"><value>J. J. SOSA</value></Data><Data name="tipo"><value>CASA</value></Data></ExtendedData><Point><coordinates>-59.334679,-34.401322</coordinates></Point></Placemark>
<Placemark><name>CORONEL</name><styleUrl>#s</styleUrl><ExtendedData><Data name="carpeta"><value>6</value></Data><Data name="nombre"><value>CORONEL</value></Data><Data name="tipo"><value>CASA</value></Data></ExtendedData><Point><coordinates>-59.305556,-34.410702</coordinates></Point></Placemark>
<Placemark><name>ANTONIO ORMAECHEA</name><styleUrl>#s</styleUrl><ExtendedData><Data name="carpeta"><value>0</value></Data><Data name="nombre"><value>ANTONIO ORMAECHEA</value></Data><Data name="tipo"><value>CASA</value></Data></ExtendedData><Point><coordinates>-59.296610,-34.414370</coordinates></Point></Placemark>
<Placemark><name>LORENZA LA MADRID</name><styleUrl>#s</styleUrl><ExtendedData><Data name="carpeta"><value>7</value></Data><Data name="nombre"><value>LORENZA LA MADRID</value></Data><Data name="tipo"><value>CASA</value></Data></ExtendedData><Point><coordinates>-59.266940,-34.424705</coordinates></Point></Placemark>
<Placemark><name>POB. DE ANTONIO ORMECHEA</name><styleUrl>#s</styleUrl><ExtendedData><Data name="carpeta"><value>9</value></Data><Data name="nombre"><value>POB. DE ANTONIO ORMECHEA</value></Data><Data name="tipo"><value>POBLACION</value></Data></ExtendedData><Point><coordinates>-59.297719,-34.414030</coordinates></Point></Placemark>
<Placemark><name>POB. DE DON FRANCISCO MALDONADO</name><styleUrl>#s</styleUrl><ExtendedData><Data name="carpeta"><value>0</value></Data><Data name="nombre"><value>POB. DE DON FRANCISCO MALDONADO</value></Data><Data name="tipo"><value>POBLACION</value></Data></ExtendedData><Point><coordinates>-59.291503,-34.404681</coordinates></Point></Placemark>
<Placemark><name>ARRENDATARIO DE DOÑA AGUSTINA MONSALVO</name><styleUrl>#s</styleUrl><ExtendedData><Data name="carpeta"><value>9</value></Data><Data name="nombre"><value>ARRENDATARIO DE DOÑA AGUSTINA MONSALVO</value></Data><Data name="tipo"><value>ARRENDATARIO</value></Data></ExtendedData><Point><coordinates>-59.312253,-34.379028</coordinates></Point></Placemark>
<Placemark><name>PEDRO A RODRIGUEZ</name><styleUrl>#s</styleUrl><ExtendedData><Data name="carpeta"><value>10</value></Data><Data name="nombre"><value>PEDRO A RODRIGUEZ</value></Data><Data name="tipo"><value>CASA</value></Data></ExtendedData><Point><coordinates>-59.386831,-34.342835</coordinates></Point></Placemark>
<Placemark><name>R. DE DIOS</name><styleUrl>#s</styleUrl><ExtendedData><Data name="carpeta"><value>10</value></Data><Data name="nombre"><value>R. DE DIOS</value></Data><Data name="tipo"><value>CASA</value></Data></ExtendedData><Point><coordinates>-59.421312,-34.328107</coordinates></Point></Placemark>
<Placemark><name>J. CARRASCO</name><styleUrl>#s</styleUrl><ExtendedData><Data name="carpeta"><value>10</value></Data><Data name="nombre"><value>J. CARRASCO</value></Data><Data name="tipo"><value>CASA</value></Data></ExtendedData><Point><coordinates>-59.406217,-34.324605</coordinates></Point></Placemark>
<Placemark><name>REPRESENTADO POR JOSE FIGUEROA</name><styleUrl>#s</styleUrl><ExtendedData><Data name="carpeta"><value>10</value></Data><Data name="nombre"><value>REPRESENTADO POR JOSE FIGUEROA</value></Data><Data name="tipo"><value>CASA</value></Data></ExtendedData><Point><coordinates>-59.391796,-34.326004</coordinates></Point></Placemark>
<Placemark><name>VICENTE MARFIL</name><styleUrl>#s</styleUrl><ExtendedData><Data name="carpeta"><value>10</value></Data><Data name="nombre"><value>VICENTE MARFIL</value></Data><Data name="tipo"><value>CASA</value></Data></ExtendedData><Point><coordinates>-59.429983,-34.338437</coordinates></Point></Placemark>
<Placemark><name>DON ZIRIACO MONSALVO</name><styleUrl>#s</styleUrl><ExtendedData><Data name="carpeta"><value>11</value></Data><Data name="nombre"><value>DON ZIRIACO MONSALVO</value></Data><Data name="tipo"><value>CASA</value></Data></ExtendedData><Point><coordinates>-59.549275,-34.513125</coordinates></Point></Placemark>
<Placemark><name>FRANCISO AGUILAR</name><styleUrl>#s</styleUrl><ExtendedData><Data name="carpeta"><value>11</value></Data><Data name="nombre"><value>FRANCISO AGUILAR</value></Data><Data name="tipo"><value>CASA</value></Data></ExtendedData><Point><coordinates>-59.521683,-34.500691</coordinates></Point></Placemark>
<Placemark><name>CONCEPCION GANTA?</name><styleUrl>#s</styleUrl><ExtendedData><Data name="carpeta"><value>11</value></Data><Data name="nombre"><value>CONCEPCION GANTA?</value></Data><Data name="tipo"><value>CASA</value></Data></ExtendedData><Point><coordinates>-59.501999,-34.527942</coordinates></Point></Placemark>
<Placemark><name>JUAN ESCOBAR</name><styleUrl>#s</styleUrl><ExtendedData><Data name="carpeta"><value>11</value></Data><Data name="nombre"><value>JUAN ESCOBAR</value></Data><Data name="tipo"><value>CASA</value></Data></ExtendedData><Point><coordinates>-59.536664,-34.461309</coordinates></Point></Placemark>
<Placemark><name>MARTIN GALEANO</name><styleUrl>#s</styleUrl><ExtendedData><Data name="carpeta"><value>11</value></Data><Data name="nombre"><value>MARTIN GALEANO</value></Data><Data name="tipo"><value>CASA</value></Data></ExtendedData><Point><coordinates>-59.474830,-34.481363</coordinates></Point></Placemark>
<Placemark><name>JOAQUIN RODRIGUEZ</name><styleUrl>#s</styleUrl><ExtendedData><Data name="carpeta"><value>11</value></Data><Data name="nombre"><value>JOAQUIN RODRIGUEZ</value></Data><Data name="tipo"><value>CASA</value></Data></ExtendedData><Point><coordinates>-59.467407,-34.478502</coordinates></Point></Placemark>
<Placemark><name>MICAELA MARFIL</name><styleUrl>#s</styleUrl><ExtendedData><Data name="carpeta"><value>11</value></Data><Data name="nombre"><value>MICAELA MARFIL</value></Data><Data name="tipo"><value>CASA</value></Data></ExtendedData><Point><coordinates>-59.562001,-34.490292</coordinates></Point></Placemark>
<Placemark><name>MARTA MARFIL</name><styleUrl>#s</styleUrl><ExtendedData><Data name="carpeta"><value>12</value></Data><Data name="nombre"><value>MARTA MARFIL</value></Data><Data name="tipo"><value>CASA</value></Data></ExtendedData><Point><coordinates>-59.563600,-34.485986</coordinates></Point></Placemark>
<Placemark><name>JUAN ESCOBAR</name><styleUrl>#s</styleUrl><ExtendedData><Data name="carpeta"><value>12</value></Data><Data name="nombre"><value>JUAN ESCOBAR</value></Data><Data name="tipo"><value>CASA</value></Data></ExtendedData><Point><coordinates>-59.539608,-34.458182</coordinates></Point></Placemark>
<Placemark><name>FINADO DON ANASTACIO GANTE?</name><styleUrl>#s</styleUrl><ExtendedData><Data name="carpeta"><value>12</value></Data><Data name="nombre"><value>FINADO DON ANASTACIO GANTE?</value></Data><Data name="tipo"><value>CASA</value></Data></ExtendedData><Point><coordinates>-59.571198,-34.437941</coordinates></Point></Placemark>
<Placemark><name>CELEDONIO FERNANDEZ</name><styleUrl>#s</styleUrl><ExtendedData><Data name="carpeta"><value>12</value></Data><Data name="nombre"><value>CELEDONIO FERNANDEZ</value></Data><Data name="tipo"><value>CASA</value></Data></ExtendedData><Point><coordinates>-59.600754,-34.427227</coordinates></Point></Placemark>
<Placemark><name>JOAQUIN LEON</name><styleUrl>#s</styleUrl><ExtendedData><Data name="carpeta"><value>12</value></Data><Data name="nombre"><value>JOAQUIN LEON</value></Data><Data name="tipo"><value>CASA</value></Data></ExtendedData><Point><coordinates>-59.619110,-34.418107</coordinates></Point></Placemark>
<Placemark><name>GREGORIO BAZANDAN?</name><styleUrl>#s</styleUrl><ExtendedData><Data name="carpeta"><value>12</value></Data><Data name="nombre"><value>GREGORIO BAZANDAN?</value></Data><Data name="tipo"><value>CASA</value></Data></ExtendedData><Point><coordinates>-59.629744,-34.418685</coordinates></Point></Placemark>
<Placemark><name>JOSÉ MARIA ECHEVERRIA</name><styleUrl>#s</styleUrl><ExtendedData><Data name="carpeta"><value>15</value></Data><Data name="nombre"><value>JOSÉ MARIA ECHEVERRIA</value></Data><Data name="tipo"><value>CASA</value></Data></ExtendedData><Point><coordinates>-59.631143,-34.517524</coordinates></Point></Placemark>
<Placemark><name>F. RODRIGUEZ</name><styleUrl>#s</styleUrl><ExtendedData><Data name="carpeta"><value>15</value></Data><Data name="nombre"><value>F. RODRIGUEZ</value></Data><Data name="tipo"><value>CASA</value></Data></ExtendedData><Point><coordinates>-59.607741,-34.478406</coordinates></Point></Placemark>
<Placemark><name>SR. RAFAEL</name><styleUrl>#s</styleUrl><ExtendedData><Data name="carpeta"><value>17</value></Data><Data name="nombre"><value>SR. RAFAEL</value></Data><Data name="tipo"><value>CASA</value></Data></ExtendedData><Point><coordinates>-59.435506,-34.434165</coordinates></Point></Placemark>
<Placemark><name>TRISTAN QUINTEROS</name><styleUrl>#s</styleUrl><ExtendedData><Data name="carpeta"><value>17</value></Data><Data name="nombre"><value>TRISTAN QUINTEROS</value></Data><Data name="tipo"><value>CASA</value></Data></ExtendedData><Point><coordinates>-59.419797,-34.422737</coordinates></Point></Placemark>
<Placemark><name>MANUEL SILVA</name><styleUrl>#s</styleUrl><ExtendedData><Data name="carpeta"><value>17</value></Data><Data name="nombre"><value>MANUEL SILVA</value></Data><Data name="tipo"><value>CASA</value></Data></ExtendedData><Point><coordinates>-59.389100,-34.445312</coordinates></Point></Placemark>
<Placemark><name>BERNARDINO GELVES</name><styleUrl>#s</styleUrl><ExtendedData><Data name="carpeta"><value>17</value></Data><Data name="nombre"><value>BERNARDINO GELVES</value></Data><Data name="tipo"><value>CASA</value></Data></ExtendedData><Point><coordinates>-59.403952,-34.465363</coordinates></Point></Placemark>
<Placemark><name>MAN. LOPEZ</name><styleUrl>#s</styleUrl><ExtendedData><Data name="carpeta"><value>17</value></Data><Data name="nombre"><value>MAN. LOPEZ</value></Data><Data name="tipo"><value>CASA</value></Data></ExtendedData><Point><coordinates>-59.420390,-34.470274</coordinates></Point></Placemark>
<Placemark><name>FRAN. SOSA</name><styleUrl>#s</styleUrl><ExtendedData><Data name="carpeta"><value>19</value></Data><Data name="nombre"><value>FRAN. SOSA</value></Data><Data name="tipo"><value>CASA</value></Data></ExtendedData><Point><coordinates>-59.665995,-34.513512</coordinates></Point></Placemark>
<Placemark><name>V. AYALA</name><styleUrl>#s</styleUrl><ExtendedData><Data name="carpeta"><value>19</value></Data><Data name="nombre"><value>V. AYALA</value></Data><Data name="tipo"><value>CASA</value></Data></ExtendedData><Point><coordinates>-59.626059,-34.474757</coordinates></Point></Placemark>
<Placemark><name>MATIAS ABARA</name><styleUrl>#s</styleUrl><ExtendedData><Data name="carpeta"><value>19</value></Data><Data name="nombre"><value>MATIAS ABARA</value></Data><Data name="tipo"><value>CASA</value></Data></ExtendedData><Point><coordinates>-59.642274,-34.420552</coordinates></Point></Placemark>
<Placemark><name>M. MARTINEZ</name><styleUrl>#s</styleUrl><ExtendedData><Data name="carpeta"><value>19</value></Data><Data name="nombre"><value>M. MARTINEZ</value></Data><Data name="tipo"><value>CASA</value></Data></ExtendedData><Point><coordinates>-59.661920,-34.407673</coordinates></Point></Placemark>
<Placemark><name>POSTA</name><styleUrl>#s</styleUrl><ExtendedData><Data name="carpeta"><value>19</value></Data><Data name="nombre"><value>POSTA</value></Data><Data name="tipo"><value>POSTA</value></Data></ExtendedData><Point><coordinates>-59.676196,-34.404975</coordinates></Point></Placemark>
<Placemark><name>N. MILLARES</name><styleUrl>#s</styleUrl><ExtendedData><Data name="carpeta"><value>19</value></Data><Data name="nombre"><value>N. MILLARES</value></Data><Data name="tipo"><value>CASA</value></Data></ExtendedData><Point><coordinates>-59.720449,-34.432309</coordinates></Point></Placemark>
<Placemark><name>A. REINOSO</name><styleUrl>#s</styleUrl><ExtendedData><Data name="carpeta"><value>19</value></Data><Data name="nombre"><value>A. REINOSO</value></Data><Data name="tipo"><value>CASA</value></Data></ExtendedData><Point><coordinates>-59.729579,-34.435370</coordinates></Point></Placemark>
<Placemark><name>B. ANTIVERO</name><styleUrl>#s</styleUrl><ExtendedData><Data name="carpeta"><value>19</value></Data><Data name="nombre"><value>B. ANTIVERO</value></Data><Data name="tipo"><value>CASA</value></Data></ExtendedData><Point><coordinates>-59.752071,-34.446747</coordinates></Point></Placemark>
<Placemark><name>JOSE M. CASADO</name><styleUrl>#s</styleUrl><ExtendedData><Data name="carpeta"><value>19</value></Data><Data name="nombre"><value>JOSE M. CASADO</value></Data><Data name="tipo"><value>CASA</value></Data></ExtendedData><Point><coordinates>-59.711365,-34.474886</coordinates></Point></Placemark>
<Placemark><name>LORENZO ENRIQUE</name><styleUrl>#s</styleUrl><ExtendedData><Data name="carpeta"><value>19</value></Data><Data name="nombre"><value>LORENZO ENRIQUE</value></Data><Data name="tipo"><value>CASA</value></Data></ExtendedData><Point><coordinates>-59.760309,-34.467353</coordinates></Point></Placemark>
<Placemark><name>CAÑON</name><styleUrl>#s</styleUrl><ExtendedData><Data name="carpeta"><value>19</value></Data><Data name="nombre"><value>CAÑON</value></Data><Data name="tipo"><value>CAÑON</value></Data></ExtendedData><Point><coordinates>-59.768028,-34.456635</coordinates></Point></Placemark>
<Placemark><name>CAÑON</name><styleUrl>#s</styleUrl><ExtendedData><Data name="carpeta"><value>19</value></Data><Data name="nombre"><value>CAÑON</value></Data><Data name="tipo"><value>CAÑON</value></Data></ExtendedData><Point><coordinates>-59.691754,-34.513912</coordinates></Point></Placemark>
<Placemark><name>CAÑON</name><styleUrl>#s</styleUrl><ExtendedData><Data name="carpeta"><value>19</value></Data><Data name="nombre"><value>CAÑON</value></Data><Data name="tipo"><value>CAÑON</value></Data></ExtendedData><Point><coordinates>-59.612744,-34.444972</coordinates></Point></Placemark>
<Placemark><name>JORGE MORGAN</name><styleUrl>#s</styleUrl><ExtendedData><Data name="carpeta"><value>20</value></Data><Data name="nombre"><value>JORGE MORGAN</value></Data><Data name="tipo"><value>CASA</value></Data></ExtendedData><Point><coordinates>-59.528055,-34.345544</coordinates></Point></Placemark>
<Placemark><name>ESTANCIA DE MORGAN</name><styleUrl>#s</styleUrl><ExtendedData><Data name="carpeta"><value>20</value></Data><Data name="nombre"><value>ESTANCIA DE MORGAN</value></Data><Data name="tipo"><value>CASA</value></Data></ExtendedData><Point><coordinates>-59.478493,-34.366594</coordinates></Point></Placemark>
<Placemark><name>LAVALLEN</name><styleUrl>#s</styleUrl><ExtendedData><Data name="carpeta"><value>21</value></Data><Data name="nombre"><value>LAVALLEN</value></Data><Data name="tipo"><value>CASA</value></Data></ExtendedData><Point><coordinates>-59.356131,-34.321866</coordinates></Point></Placemark>
<Placemark><name>ANTIGUA PULPERIA DE PASOS</name><styleUrl>#s</styleUrl><ExtendedData><Data name="carpeta"><value>21</value></Data><Data name="nombre"><value>ANTIGUA PULPERIA DE PASOS</value></Data><Data name="tipo"><value>PULPERIA</value></Data></ExtendedData><Point><coordinates>-59.352556,-34.314752</coordinates></Point></Placemark>
<Placemark><name>PULPERIA DE LOS FIGUEROAS</name><styleUrl>#s</styleUrl><ExtendedData><Data name="carpeta"><value>21</value></Data><Data name="nombre"><value>PULPERIA DE LOS FIGUEROAS</value></Data><Data name="tipo"><value>PULPERIA</value></Data></ExtendedData><Point><coordinates>-59.378837,-34.322656</coordinates></Point></Placemark>
<Placemark><name>LUIS D. CHAPEAUROUGE</name><styleUrl>#s</styleUrl><ExtendedData><Data name="carpeta"><value>21</value></Data><Data name="nombre"><value>LUIS D. CHAPEAUROUGE</value></Data><Data name="tipo"><value>CASA</value></Data></ExtendedData><Point><coordinates>-59.363123,-34.294159</coordinates></Point></Placemark>
<Placemark><name>DIONISIA A. DE SOSA</name><styleUrl>#s</styleUrl><ExtendedData><Data name="carpeta"><value>21</value></Data><Data name="nombre"><value>DIONISIA A. DE SOSA</value></Data><Data name="tipo"><value>CASA</value></Data></ExtendedData><Point><coordinates>-59.381015,-34.267965</coordinates></Point></Placemark>
<Placemark><name>GREGORIO SOTA</name><styleUrl>#s</styleUrl><ExtendedData><Data name="carpeta"><value>21</value></Data><Data name="nombre"><value>GREGORIO SOTA</value></Data><Data name="tipo"><value>CASA</value></Data></ExtendedData><Point><coordinates>-59.400284,-34.279487</coordinates></Point></Placemark>
<Placemark><name>JOSE RODRIGUEZ</name><styleUrl>#s</styleUrl><ExtendedData><Data name="carpeta"><value>19</value></Data><Data name="nombre"><value>JOSE RODRIGUEZ</value></Data><Data name="tipo"><value>CASA</value></Data></ExtendedData><Point><coordinates>-59.396337,-34.300434</coordinates></Point></Placemark>
<Placemark><name>SANTIAGO SOSA</name><styleUrl>#s</styleUrl><ExtendedData><Data name="carpeta"><value>21</value></Data><Data name="nombre"><value>SANTIAGO SOSA</value></Data><Data name="tipo"><value>CASA</value></Data></ExtendedData><Point><coordinates>-59.381382,-34.307181</coordinates></Point></Placemark>
<Placemark><name>GERONIMA SOSA</name><styleUrl>#s</styleUrl><ExtendedData><Data name="carpeta"><value>21</value></Data><Data name="nombre"><value>GERONIMA SOSA</value></Data><Data name="tipo"><value>CASA</value></Data></ExtendedData><Point><coordinates>-59.346813,-34.278893</coordinates></Point></Placemark>
<Placemark><name>SAN CRISTOBAL</name><styleUrl>#s</styleUrl><ExtendedData><Data name="carpeta"><value>22</value></Data><Data name="nombre"><value>SAN CRISTOBAL</value></Data><Data name="tipo"><value>CASA</value></Data></ExtendedData><Point><coordinates>-59.429370,-34.360409</coordinates></Point></Placemark>
<Placemark><name>SAN GUILLERMO</name><styleUrl>#s</styleUrl><ExtendedData><Data name="carpeta"><value>22</value></Data><Data name="nombre"><value>SAN GUILLERMO</value></Data><Data name="tipo"><value>CASA</value></Data></ExtendedData><Point><coordinates>-59.456301,-34.351693</coordinates></Point></Placemark>
<Placemark><name>POSTA</name><styleUrl>#s</styleUrl><ExtendedData><Data name="carpeta"><value>22</value></Data><Data name="nombre"><value>POSTA</value></Data><Data name="tipo"><value>POSTA</value></Data></ExtendedData><Point><coordinates>-59.434562,-34.351344</coordinates></Point></Placemark>
<Placemark><name>PUESTO</name><styleUrl>#s</styleUrl><ExtendedData><Data name="carpeta"><value>22</value></Data><Data name="nombre"><value>PUESTO</value></Data><Data name="tipo"><value>PUESTO</value></Data></ExtendedData><Point><coordinates>-59.448619,-34.365325</coordinates></Point></Placemark>
<Placemark><name>PUEBLO...?</name><styleUrl>#s</styleUrl><ExtendedData><Data name="carpeta"><value>22</value></Data><Data name="nombre"><value>PUEBLO...?</value></Data><Data name="tipo"><value>CASA</value></Data></ExtendedData><Point><coordinates>-59.454187,-34.369344</coordinates></Point></Placemark>
<Placemark><name>PUESTO</name><styleUrl>#s</styleUrl><ExtendedData><Data name="carpeta"><value>22</value></Data><Data name="nombre"><value>PUESTO</value></Data><Data name="tipo"><value>PUESTO</value></Data></ExtendedData><Point><coordinates>-59.406768,-34.383971</coordinates></Point></Placemark>
<Placemark><name>CARMEN BENITES</name><styleUrl>#s</styleUrl><ExtendedData><Data name="carpeta"><value>22</value></Data><Data name="nombre"><value>CARMEN BENITES</value></Data><Data name="tipo"><value>CASA</value></Data></ExtendedData><Point><coordinates>-59.421015,-34.393401</coordinates></Point></Placemark>
<Placemark><name>PUESTO</name><styleUrl>#s</styleUrl><ExtendedData><Data name="carpeta"><value>22</value></Data><Data name="nombre"><value>PUESTO</value></Data><Data name="tipo"><value>PUESTO</value></Data></ExtendedData><Point><coordinates>-59.417834,-34.372959</coordinates></Point></Placemark>
<Placemark><name>PALOMA</name><styleUrl>#s</styleUrl><ExtendedData><Data name="carpeta"><value>23</value></Data><Data name="nombre"><value>PALOMA</value></Data><Data name="tipo"><value>CASA</value></Data></ExtendedData><Point><coordinates>-59.374868,-34.352562</coordinates></Point></Placemark>
<Placemark><name>ESTANCIA</name><styleUrl>#s</styleUrl><ExtendedData><Data name="carpeta"><value>23</value></Data><Data name="nombre"><value>ESTANCIA</value></Data><Data name="tipo"><value>CASA</value></Data></ExtendedData><Point><coordinates>-59.390135,-34.358935</coordinates></Point></Placemark>
<Placemark><name>FELIX ROMERO</name><styleUrl>#s</styleUrl><ExtendedData><Data name="carpeta"><value>23</value></Data><Data name="nombre"><value>FELIX ROMERO</value></Data><Data name="tipo"><value>CASA</value></Data></ExtendedData><Point><coordinates>-59.390533,-34.363517</coordinates></Point></Placemark>
<Placemark><name>MILTON RODRIGUEZ</name><styleUrl>#s</styleUrl><ExtendedData><Data name="carpeta"><value>0</value></Data><Data name="nombre"><value>MILTON RODRIGUEZ</value></Data><Data name="tipo"><value>CASA</value></Data></ExtendedData><Point><coordinates>-59.374068,-34.388165</coordinates></Point></Placemark>
<Placemark><name>SIN IDENTIFICAR</name><styleUrl>#s</styleUrl><ExtendedData><Data name="carpeta"><value>23</value></Data><Data name="nombre"><value>SIN IDENTIFICAR</value></Data><Data name="tipo"><value>CASA S/I</value></Data></ExtendedData><Point><coordinates>-59.368238,-34.374361</coordinates></Point></Placemark>
<Placemark><name>SIN IDENTIFICAR</name><styleUrl>#s</styleUrl><ExtendedData><Data name="carpeta"><value>23</value></Data><Data name="nombre"><value>SIN IDENTIFICAR</value></Data><Data name="tipo"><value>CASA S/I</value></Data></ExtendedData><Point><coordinates>-59.360791,-34.379570</coordinates></Point></Placemark>
<Placemark><name>PABLO RODRIGUEZ</name><styleUrl>#s</styleUrl><ExtendedData><Data name="carpeta"><value>23</value></Data><Data name="nombre"><value>PABLO RODRIGUEZ</value></Data><Data name="tipo"><value>CASA</value></Data></ExtendedData><Point><coordinates>-59.362399,-34.399911</coordinates></Point></Placemark>
<Placemark><name>SIN IDENTIFICAR</name><styleUrl>#s</styleUrl><ExtendedData><Data name="carpeta"><value>23</value></Data><Data name="nombre"><value>SIN IDENTIFICAR</value></Data><Data name="tipo"><value>CASA S/I</value></Data></ExtendedData><Point><coordinates>-59.351793,-34.393906</coordinates></Point></Placemark>
<Placemark><name>SIN IDENTIFICAR</name><styleUrl>#s</styleUrl><ExtendedData><Data name="carpeta"><value>23</value></Data><Data name="nombre"><value>SIN IDENTIFICAR</value></Data><Data name="tipo"><value>CASA S/I</value></Data></ExtendedData><Point><coordinates>-59.343502,-34.393771</coordinates></Point></Placemark>
<Placemark><name>SIN IDENTIFICAR</name><styleUrl>#s</styleUrl><ExtendedData><Data name="carpeta"><value>23</value></Data><Data name="nombre"><value>SIN IDENTIFICAR</value></Data><Data name="tipo"><value>CASA S/I</value></Data></ExtendedData><Point><coordinates>-59.326250,-34.397708</coordinates></Point></Placemark>
<Placemark><name>SIN IDENTIFICAR</name><styleUrl>#s</styleUrl><ExtendedData><Data name="carpeta"><value>23</value></Data><Data name="nombre"><value>SIN IDENTIFICAR</value></Data><Data name="tipo"><value>CASA S/I</value></Data></ExtendedData><Point><coordinates>-59.320650,-34.399919</coordinates></Point></Placemark>
<Placemark><name>GERVACIA RODRIGUEZ</name><styleUrl>#s</styleUrl><ExtendedData><Data name="carpeta"><value>23</value></Data><Data name="nombre"><value>GERVACIA RODRIGUEZ</value></Data><Data name="tipo"><value>CASA</value></Data></ExtendedData><Point><coordinates>-59.341899,-34.416635</coordinates></Point></Placemark>
<Placemark><name>JOSE BELEN</name><styleUrl>#s</styleUrl><ExtendedData><Data name="carpeta"><value>23</value></Data><Data name="nombre"><value>JOSE BELEN</value></Data><Data name="tipo"><value>CASA</value></Data></ExtendedData><Point><coordinates>-59.330897,-34.417673</coordinates></Point></Placemark>
<Placemark><name>POSTA DE LOS RODRIGUEZ</name><styleUrl>#s</styleUrl><ExtendedData><Data name="carpeta"><value>23</value></Data><Data name="nombre"><value>POSTA DE LOS RODRIGUEZ</value></Data><Data name="tipo"><value>POSTA</value></Data></ExtendedData><Point><coordinates>-59.337868,-34.429994</coordinates></Point></Placemark>
<Placemark><name>SIN IDENTIFICAR</name><styleUrl>#s</styleUrl><ExtendedData><Data name="carpeta"><value>23</value></Data><Data name="nombre"><value>SIN IDENTIFICAR</value></Data><Data name="tipo"><value>CASA S/I</value></Data></ExtendedData><Point><coordinates>-59.308551,-34.412841</coordinates></Point></Placemark>
<Placemark><name>SIN IDENTIFICAR</name><styleUrl>#s</styleUrl><ExtendedData><Data name="carpeta"><value>23</value></Data><Data name="nombre"><value>SIN IDENTIFICAR</value></Data><Data name="tipo"><value>CASA S/I</value></Data></ExtendedData><Point><coordinates>-59.325409,-34.437406</coordinates></Point></Placemark>
<Placemark><name>ARRENDAMIENTO DE GUTIERRES</name><styleUrl>#s</styleUrl><ExtendedData><Data name="carpeta"><value>24</value></Data><Data name="nombre"><value>ARRENDAMIENTO DE GUTIERRES</value></Data><Data name="tipo"><value>ARRENDATARIO</value></Data></ExtendedData><Point><coordinates>-59.674618,-34.402652</coordinates></Point></Placemark>
<Placemark><name>POBL. DE DON CORNELIO GUTIERRES</name><styleUrl>#s</styleUrl><ExtendedData><Data name="carpeta"><value>24</value></Data><Data name="nombre"><value>POBL. DE DON CORNELIO GUTIERRES</value></Data><Data name="tipo"><value>CASA</value></Data></ExtendedData><Point><coordinates>-59.661740,-34.408949</coordinates></Point></Placemark>
<Placemark><name>PUESTO DE GUTIERRES</name><styleUrl>#s</styleUrl><ExtendedData><Data name="carpeta"><value>24</value></Data><Data name="nombre"><value>PUESTO DE GUTIERRES</value></Data><Data name="tipo"><value>PUESTO</value></Data></ExtendedData><Point><coordinates>-59.633991,-34.410623</coordinates></Point></Placemark>
<Placemark><name>POB. DE D. P. RODRIGUEZ</name><styleUrl>#s</styleUrl><ExtendedData><Data name="carpeta"><value>24</value></Data><Data name="nombre"><value>POB. DE D. P. RODRIGUEZ</value></Data><Data name="tipo"><value>CASA</value></Data></ExtendedData><Point><coordinates>-59.619599,-34.416360</coordinates></Point></Placemark>
<Placemark><name>POB. DE D. B? GUTIERRES</name><styleUrl>#s</styleUrl><ExtendedData><Data name="carpeta"><value>24</value></Data><Data name="nombre"><value>POB. DE D. B? GUTIERRES</value></Data><Data name="tipo"><value>CASA</value></Data></ExtendedData><Point><coordinates>-59.626629,-34.419816</coordinates></Point></Placemark>
<Placemark><name>POB. DE D. NORBERTO GUTIERRES</name><styleUrl>#s</styleUrl><ExtendedData><Data name="carpeta"><value>24</value></Data><Data name="nombre"><value>POB. DE D. NORBERTO GUTIERRES</value></Data><Data name="tipo"><value>CASA</value></Data></ExtendedData><Point><coordinates>-59.622508,-34.429936</coordinates></Point></Placemark>
<Placemark><name>POB. DE D. MARIANO HEGSE</name><styleUrl>#s</styleUrl><ExtendedData><Data name="carpeta"><value>24</value></Data><Data name="nombre"><value>POB. DE D. MARIANO HEGSE</value></Data><Data name="tipo"><value>CASA</value></Data></ExtendedData><Point><coordinates>-59.625785,-34.473597</coordinates></Point></Placemark>
<Placemark><name>POB. DE D. A...? CRAIG</name><styleUrl>#s</styleUrl><ExtendedData><Data name="carpeta"><value>24</value></Data><Data name="nombre"><value>POB. DE D. A...? CRAIG</value></Data><Data name="tipo"><value>CASA</value></Data></ExtendedData><Point><coordinates>-59.664644,-34.487219</coordinates></Point></Placemark>
<Placemark><name>POB. DE D. GUILLERMO BECHAR</name><styleUrl>#s</styleUrl><ExtendedData><Data name="carpeta"><value>24</value></Data><Data name="nombre"><value>POB. DE D. GUILLERMO BECHAR</value></Data><Data name="tipo"><value>CASA</value></Data></ExtendedData><Point><coordinates>-59.724026,-34.488016</coordinates></Point></Placemark>
<Placemark><name>POB. DE JOSE M. MONTOYA</name><styleUrl>#s</styleUrl><ExtendedData><Data name="carpeta"><value>24</value></Data><Data name="nombre"><value>POB. DE JOSE M. MONTOYA</value></Data><Data name="tipo"><value>CASA</value></Data></ExtendedData><Point><coordinates>-59.755509,-34.517849</coordinates></Point></Placemark>
<Placemark><name>BLAS VELOZ</name><styleUrl>#s</styleUrl><ExtendedData><Data name="carpeta"><value>24</value></Data><Data name="nombre"><value>BLAS VELOZ</value></Data><Data name="tipo"><value>CASA</value></Data></ExtendedData><Point><coordinates>-59.737950,-34.437429</coordinates></Point></Placemark>
<Placemark><name>LA PATRIA</name><styleUrl>#s</styleUrl><ExtendedData><Data name="carpeta"><value>25</value></Data><Data name="nombre"><value>LA PATRIA</value></Data><Data name="tipo"><value>CASA</value></Data></ExtendedData><Point><coordinates>-59.485447,-34.324073</coordinates></Point></Placemark>
<Placemark><name>LA MARGARITA</name><styleUrl>#s</styleUrl><ExtendedData><Data name="carpeta"><value>25</value></Data><Data name="nombre"><value>LA MARGARITA</value></Data><Data name="tipo"><value>CASA</value></Data></ExtendedData><Point><coordinates>-59.457582,-34.329773</coordinates></Point></Placemark>
<Placemark><name>STA. MARIA</name><styleUrl>#s</styleUrl><ExtendedData><Data name="carpeta"><value>25</value></Data><Data name="nombre"><value>STA. MARIA</value></Data><Data name="tipo"><value>CASA</value></Data></ExtendedData><Point><coordinates>-59.504662,-34.331976</coordinates></Point></Placemark>
<Placemark><name>EL ORIENTAL</name><styleUrl>#s</styleUrl><ExtendedData><Data name="carpeta"><value>25</value></Data><Data name="nombre"><value>EL ORIENTAL</value></Data><Data name="tipo"><value>CASA</value></Data></ExtendedData><Point><coordinates>-59.473177,-34.355362</coordinates></Point></Placemark>
<Placemark><name>MOZO VIVO, INES VILLALVA</name><styleUrl>#s</styleUrl><ExtendedData><Data name="carpeta"><value>25</value></Data><Data name="nombre"><value>MOZO VIVO, INES VILLALVA</value></Data><Data name="tipo"><value>CASA</value></Data></ExtendedData><Point><coordinates>-59.461051,-34.362750</coordinates></Point></Placemark>
<Placemark><name>SAN GUILLERMO</name><styleUrl>#s</styleUrl><ExtendedData><Data name="carpeta"><value>25</value></Data><Data name="nombre"><value>SAN GUILLERMO</value></Data><Data name="tipo"><value>CASA</value></Data></ExtendedData><Point><coordinates>-59.458739,-34.346521</coordinates></Point></Placemark>
<Placemark><name>CAÑON</name><styleUrl>#s</styleUrl><ExtendedData><Data name="carpeta"><value>25</value></Data><Data name="nombre"><value>CAÑON</value></Data><Data name="tipo"><value>CAÑON</value></Data></ExtendedData><Point><coordinates>-59.445193,-34.333772</coordinates></Point></Placemark>
<Placemark><name>ESTANCIA</name><styleUrl>#s</styleUrl><ExtendedData><Data name="carpeta"><value>27</value></Data><Data name="nombre"><value>ESTANCIA</value></Data><Data name="tipo"><value>CASA</value></Data></ExtendedData><Point><coordinates>-59.275128,-34.335973</coordinates></Point></Placemark>
<Placemark><name>MIC. GARY</name><styleUrl>#s</styleUrl><ExtendedData><Data name="carpeta"><value>27</value></Data><Data name="nombre"><value>MIC. GARY</value></Data><Data name="tipo"><value>CASA</value></Data></ExtendedData><Point><coordinates>-59.278027,-34.319733</coordinates></Point></Placemark>
<Placemark><name>PUESTO</name><styleUrl>#s</styleUrl><ExtendedData><Data name="carpeta"><value>27</value></Data><Data name="nombre"><value>PUESTO</value></Data><Data name="tipo"><value>PUESTO</value></Data></ExtendedData><Point><coordinates>-59.299916,-34.334171</coordinates></Point></Placemark>
<Placemark><name>BONIFACIA CASCO</name><styleUrl>#s</styleUrl><ExtendedData><Data name="carpeta"><value>29</value></Data><Data name="nombre"><value>BONIFACIA CASCO</value></Data><Data name="tipo"><value>CASA</value></Data></ExtendedData><Point><coordinates>-59.548541,-34.353431</coordinates></Point></Placemark>
<Placemark><name>ROSALES</name><styleUrl>#s</styleUrl><ExtendedData><Data name="carpeta"><value>29</value></Data><Data name="nombre"><value>ROSALES</value></Data><Data name="tipo"><value>CASA</value></Data></ExtendedData><Point><coordinates>-59.539788,-34.356571</coordinates></Point></Placemark>
<Placemark><name>MATIAS MARTINEZ</name><styleUrl>#s</styleUrl><ExtendedData><Data name="carpeta"><value>29</value></Data><Data name="nombre"><value>MATIAS MARTINEZ</value></Data><Data name="tipo"><value>CASA</value></Data></ExtendedData><Point><coordinates>-59.542113,-34.352137</coordinates></Point></Placemark>
<Placemark><name>F. DUBERTI</name><styleUrl>#s</styleUrl><ExtendedData><Data name="carpeta"><value>29</value></Data><Data name="nombre"><value>F. DUBERTI</value></Data><Data name="tipo"><value>CASA</value></Data></ExtendedData><Point><coordinates>-59.548663,-34.364237</coordinates></Point></Placemark>
<Placemark><name>PATRICIO AVARE</name><styleUrl>#s</styleUrl><ExtendedData><Data name="carpeta"><value>29</value></Data><Data name="nombre"><value>PATRICIO AVARE</value></Data><Data name="tipo"><value>CASA</value></Data></ExtendedData><Point><coordinates>-59.520214,-34.371358</coordinates></Point></Placemark>
<Placemark><name>LEON ROLDAN</name><styleUrl>#s</styleUrl><ExtendedData><Data name="carpeta"><value>29</value></Data><Data name="nombre"><value>LEON ROLDAN</value></Data><Data name="tipo"><value>CASA</value></Data></ExtendedData><Point><coordinates>-59.513623,-34.382061</coordinates></Point></Placemark>
<Placemark><name>TOMAS WALLASE</name><styleUrl>#s</styleUrl><ExtendedData><Data name="carpeta"><value>29</value></Data><Data name="nombre"><value>TOMAS WALLASE</value></Data><Data name="tipo"><value>CASA</value></Data></ExtendedData><Point><coordinates>-59.529771,-34.395791</coordinates></Point></Placemark>
<Placemark><name>JOSE RODRIGUEZ</name><styleUrl>#s</styleUrl><ExtendedData><Data name="carpeta"><value>29</value></Data><Data name="nombre"><value>JOSE RODRIGUEZ</value></Data><Data name="tipo"><value>CASA</value></Data></ExtendedData><Point><coordinates>-59.533934,-34.405204</coordinates></Point></Placemark>
<Placemark><name>TOMAS GAINOR</name><styleUrl>#s</styleUrl><ExtendedData><Data name="carpeta"><value>29</value></Data><Data name="nombre"><value>TOMAS GAINOR</value></Data><Data name="tipo"><value>CASA</value></Data></ExtendedData><Point><coordinates>-59.531765,-34.417479</coordinates></Point></Placemark>
<Placemark><name>SANTIAGO</name><styleUrl>#s</styleUrl><ExtendedData><Data name="carpeta"><value>29</value></Data><Data name="nombre"><value>SANTIAGO</value></Data><Data name="tipo"><value>CASA</value></Data></ExtendedData><Point><coordinates>-59.538872,-34.425884</coordinates></Point></Placemark>
<Placemark><name>SANOLETI</name><styleUrl>#s</styleUrl><ExtendedData><Data name="carpeta"><value>29</value></Data><Data name="nombre"><value>SANOLETI</value></Data><Data name="tipo"><value>CASA</value></Data></ExtendedData><Point><coordinates>-59.550939,-34.429841</coordinates></Point></Placemark>
<Placemark><name>ANT. ROMERO</name><styleUrl>#s</styleUrl><ExtendedData><Data name="carpeta"><value>29</value></Data><Data name="nombre"><value>ANT. ROMERO</value></Data><Data name="tipo"><value>CASA</value></Data></ExtendedData><Point><coordinates>-59.580364,-34.428467</coordinates></Point></Placemark>
<Placemark><name>PABLO BUSTOS</name><styleUrl>#s</styleUrl><ExtendedData><Data name="carpeta"><value>29</value></Data><Data name="nombre"><value>PABLO BUSTOS</value></Data><Data name="tipo"><value>CASA</value></Data></ExtendedData><Point><coordinates>-59.571016,-34.441212</coordinates></Point></Placemark>
<Placemark><name>PATRICIO SOR</name><styleUrl>#s</styleUrl><ExtendedData><Data name="carpeta"><value>29</value></Data><Data name="nombre"><value>PATRICIO SOR</value></Data><Data name="tipo"><value>CASA</value></Data></ExtendedData><Point><coordinates>-59.558594,-34.443863</coordinates></Point></Placemark>
<Placemark><name>TOMAS....</name><styleUrl>#s</styleUrl><ExtendedData><Data name="carpeta"><value>29</value></Data><Data name="nombre"><value>TOMAS....</value></Data><Data name="tipo"><value>CASA</value></Data></ExtendedData><Point><coordinates>-59.593547,-34.419756</coordinates></Point></Placemark>
<Placemark><name>SARA</name><styleUrl>#s</styleUrl><ExtendedData><Data name="carpeta"><value>29</value></Data><Data name="nombre"><value>SARA</value></Data><Data name="tipo"><value>CASA</value></Data></ExtendedData><Point><coordinates>-59.598573,-34.415861</coordinates></Point></Placemark>
<Placemark><name>MARIA DE LOS SANTOS</name><styleUrl>#s</styleUrl><ExtendedData><Data name="carpeta"><value>29</value></Data><Data name="nombre"><value>MARIA DE LOS SANTOS</value></Data><Data name="tipo"><value>CASA</value></Data></ExtendedData><Point><coordinates>-59.598204,-34.397813</coordinates></Point></Placemark>
<Placemark><name>PUESTO DE CASCO</name><styleUrl>#s</styleUrl><ExtendedData><Data name="carpeta"><value>29</value></Data><Data name="nombre"><value>PUESTO DE CASCO</value></Data><Data name="tipo"><value>PUESTO</value></Data></ExtendedData><Point><coordinates>-59.587933,-34.388718</coordinates></Point></Placemark>
<Placemark><name>PUESTO DE DOFI</name><styleUrl>#s</styleUrl><ExtendedData><Data name="carpeta"><value>29</value></Data><Data name="nombre"><value>PUESTO DE DOFI</value></Data><Data name="tipo"><value>PUESTO</value></Data></ExtendedData><Point><coordinates>-59.574971,-34.384896</coordinates></Point></Placemark>
<Placemark><name>GEGENA</name><styleUrl>#s</styleUrl><ExtendedData><Data name="carpeta"><value>30</value></Data><Data name="nombre"><value>GEGENA</value></Data><Data name="tipo"><value>CASA</value></Data></ExtendedData><Point><coordinates>-59.353736,-34.324218</coordinates></Point></Placemark>
<Placemark><name>CARRISO</name><styleUrl>#s</styleUrl><ExtendedData><Data name="carpeta"><value>30</value></Data><Data name="nombre"><value>CARRISO</value></Data><Data name="tipo"><value>CASA</value></Data></ExtendedData><Point><coordinates>-59.363032,-34.328512</coordinates></Point></Placemark>
<Placemark><name>PUESTO DE CHAPEAUROUGE</name><styleUrl>#s</styleUrl><ExtendedData><Data name="carpeta"><value>30</value></Data><Data name="nombre"><value>PUESTO DE CHAPEAUROUGE</value></Data><Data name="tipo"><value>PUESTO</value></Data></ExtendedData><Point><coordinates>-59.332681,-34.329185</coordinates></Point></Placemark>
<Placemark><name>ANTONIO SARATE</name><styleUrl>#s</styleUrl><ExtendedData><Data name="carpeta"><value>30</value></Data><Data name="nombre"><value>ANTONIO SARATE</value></Data><Data name="tipo"><value>CASA</value></Data></ExtendedData><Point><coordinates>-59.340809,-34.348644</coordinates></Point></Placemark>
<Placemark><name>JULIAN MONSALVO</name><styleUrl>#s</styleUrl><ExtendedData><Data name="carpeta"><value>30</value></Data><Data name="nombre"><value>JULIAN MONSALVO</value></Data><Data name="tipo"><value>CASA</value></Data></ExtendedData><Point><coordinates>-59.333205,-34.357428</coordinates></Point></Placemark>
<Placemark><name>DIAZ</name><styleUrl>#s</styleUrl><ExtendedData><Data name="carpeta"><value>30</value></Data><Data name="nombre"><value>DIAZ</value></Data><Data name="tipo"><value>CASA</value></Data></ExtendedData><Point><coordinates>-59.302652,-34.351724</coordinates></Point></Placemark>
<Placemark><name>JOSE MONSALVO</name><styleUrl>#s</styleUrl><ExtendedData><Data name="carpeta"><value>30</value></Data><Data name="nombre"><value>JOSE MONSALVO</value></Data><Data name="tipo"><value>CASA</value></Data></ExtendedData><Point><coordinates>-59.301794,-34.353800</coordinates></Point></Placemark>
<Placemark><name>J. SOSA</name><styleUrl>#s</styleUrl><ExtendedData><Data name="carpeta"><value>30</value></Data><Data name="nombre"><value>J. SOSA</value></Data><Data name="tipo"><value>CASA</value></Data></ExtendedData><Point><coordinates>-59.302688,-34.370131</coordinates></Point></Placemark>
<Placemark><name>J. MARMOL</name><styleUrl>#s</styleUrl><ExtendedData><Data name="carpeta"><value>30</value></Data><Data name="nombre"><value>J. MARMOL</value></Data><Data name="tipo"><value>CASA</value></Data></ExtendedData><Point><coordinates>-59.297293,-34.375515</coordinates></Point></Placemark>
<Placemark><name>TERESA NAVARRO</name><styleUrl>#s</styleUrl><ExtendedData><Data name="carpeta"><value>30</value></Data><Data name="nombre"><value>TERESA NAVARRO</value></Data><Data name="tipo"><value>CASA</value></Data></ExtendedData><Point><coordinates>-59.285199,-34.373608</coordinates></Point></Placemark>
<Placemark><name>GREG. MONSALVO</name><styleUrl>#s</styleUrl><ExtendedData><Data name="carpeta"><value>30</value></Data><Data name="nombre"><value>GREG. MONSALVO</value></Data><Data name="tipo"><value>CASA</value></Data></ExtendedData><Point><coordinates>-59.266825,-34.391489</coordinates></Point></Placemark>
<Placemark><name>AGUIRRE</name><styleUrl>#s</styleUrl><ExtendedData><Data name="carpeta"><value>30</value></Data><Data name="nombre"><value>AGUIRRE</value></Data><Data name="tipo"><value>CASA</value></Data></ExtendedData><Point><coordinates>-59.264628,-34.391804</coordinates></Point></Placemark>
<Placemark><name>BERA</name><styleUrl>#s</styleUrl><ExtendedData><Data name="carpeta"><value>30</value></Data><Data name="nombre"><value>BERA</value></Data><Data name="tipo"><value>CASA</value></Data></ExtendedData><Point><coordinates>-59.276415,-34.399232</coordinates></Point></Placemark>
<Placemark><name>FELIX ROMERO</name><styleUrl>#s</styleUrl><ExtendedData><Data name="carpeta"><value>32</value></Data><Data name="nombre"><value>FELIX ROMERO</value></Data><Data name="tipo"><value>CASA</value></Data></ExtendedData><Point><coordinates>-59.394300,-34.380849</coordinates></Point></Placemark>
<Placemark><name>LORENZO TORRES</name><styleUrl>#s</styleUrl><ExtendedData><Data name="carpeta"><value>32</value></Data><Data name="nombre"><value>LORENZO TORRES</value></Data><Data name="tipo"><value>CASA</value></Data></ExtendedData><Point><coordinates>-59.395829,-34.376852</coordinates></Point></Placemark>
<Placemark><name>MELITON RODRIGUEZ</name><styleUrl>#s</styleUrl><ExtendedData><Data name="carpeta"><value>32</value></Data><Data name="nombre"><value>MELITON RODRIGUEZ</value></Data><Data name="tipo"><value>CASA</value></Data></ExtendedData><Point><coordinates>-59.380203,-34.400456</coordinates></Point></Placemark>
<Placemark><name>PUESTO DE TORRES</name><styleUrl>#s</styleUrl><ExtendedData><Data name="carpeta"><value>32</value></Data><Data name="nombre"><value>PUESTO DE TORRES</value></Data><Data name="tipo"><value>PUESTO</value></Data></ExtendedData><Point><coordinates>-59.363151,-34.406558</coordinates></Point></Placemark>
<Placemark><name>PABLO RODRIGUEZ</name><styleUrl>#s</styleUrl><ExtendedData><Data name="carpeta"><value>32</value></Data><Data name="nombre"><value>PABLO RODRIGUEZ</value></Data><Data name="tipo"><value>CASA</value></Data></ExtendedData><Point><coordinates>-59.371115,-34.409425</coordinates></Point></Placemark>
<Placemark><name>TAPERA DE DUARTE</name><styleUrl>#s</styleUrl><ExtendedData><Data name="carpeta"><value>32</value></Data><Data name="nombre"><value>TAPERA DE DUARTE</value></Data><Data name="tipo"><value>TAPERA</value></Data></ExtendedData><Point><coordinates>-59.356735,-34.409064</coordinates></Point></Placemark>
<Placemark><name>PUESTO DE TORRES</name><styleUrl>#s</styleUrl><ExtendedData><Data name="carpeta"><value>0</value></Data><Data name="nombre"><value>PUESTO DE TORRES</value></Data><Data name="tipo"><value>PUESTO</value></Data></ExtendedData><Point><coordinates>-59.354536,-34.416551</coordinates></Point></Placemark>
<Placemark><name>PUESTO DE TORRES</name><styleUrl>#s</styleUrl><ExtendedData><Data name="carpeta"><value>32</value></Data><Data name="nombre"><value>PUESTO DE TORRES</value></Data><Data name="tipo"><value>PUESTO</value></Data></ExtendedData><Point><coordinates>-59.340610,-34.422029</coordinates></Point></Placemark>
<Placemark><name>DOÑA GERVACIA DUARTE</name><styleUrl>#s</styleUrl><ExtendedData><Data name="carpeta"><value>0</value></Data><Data name="nombre"><value>DOÑA GERVACIA DUARTE</value></Data><Data name="tipo"><value>CASA</value></Data></ExtendedData><Point><coordinates>-59.353788,-34.423989</coordinates></Point></Placemark>
<Placemark><name>PUESTO DE F. ROMERO</name><styleUrl>#s</styleUrl><ExtendedData><Data name="carpeta"><value>0</value></Data><Data name="nombre"><value>PUESTO DE F. ROMERO</value></Data><Data name="tipo"><value>PUESTO</value></Data></ExtendedData><Point><coordinates>-59.344725,-34.425772</coordinates></Point></Placemark>
<Placemark><name>TADEO RODRIGUEZ</name><styleUrl>#s</styleUrl><ExtendedData><Data name="carpeta"><value>32</value></Data><Data name="nombre"><value>TADEO RODRIGUEZ</value></Data><Data name="tipo"><value>CASA</value></Data></ExtendedData><Point><coordinates>-59.354043,-34.426795</coordinates></Point></Placemark>
<Placemark><name>DOÑA MAURICIA DUARTE DE RODRIGUEZ</name><styleUrl>#s</styleUrl><ExtendedData><Data name="carpeta"><value>32</value></Data><Data name="nombre"><value>DOÑA MAURICIA DUARTE DE RODRIGUEZ</value></Data><Data name="tipo"><value>CASA</value></Data></ExtendedData><Point><coordinates>-59.346526,-34.433968</coordinates></Point></Placemark>
<Placemark><name>PASCUAL RODRIGUEZ</name><styleUrl>#s</styleUrl><ExtendedData><Data name="carpeta"><value>32</value></Data><Data name="nombre"><value>PASCUAL RODRIGUEZ</value></Data><Data name="tipo"><value>CASA</value></Data></ExtendedData><Point><coordinates>-59.337966,-34.441993</coordinates></Point></Placemark>
<Placemark><name>CASA ANDRADE</name><styleUrl>#s</styleUrl><ExtendedData><Data name="carpeta"><value>33</value></Data><Data name="nombre"><value>CASA ANDRADE</value></Data><Data name="tipo"><value>CASA</value></Data></ExtendedData><Point><coordinates>-59.502368,-34.403278</coordinates></Point></Placemark>
<Placemark><name>CASA SILVA</name><styleUrl>#s</styleUrl><ExtendedData><Data name="carpeta"><value>33</value></Data><Data name="nombre"><value>CASA SILVA</value></Data><Data name="tipo"><value>CASA</value></Data></ExtendedData><Point><coordinates>-59.492180,-34.393934</coordinates></Point></Placemark>
<Placemark><name>FLORES</name><styleUrl>#s</styleUrl><ExtendedData><Data name="carpeta"><value>34</value></Data><Data name="nombre"><value>FLORES</value></Data><Data name="tipo"><value>CASA</value></Data></ExtendedData><Point><coordinates>-59.531464,-34.419230</coordinates></Point></Placemark>
<Placemark><name>S. NISSON</name><styleUrl>#s</styleUrl><ExtendedData><Data name="carpeta"><value>34</value></Data><Data name="nombre"><value>S. NISSON</value></Data><Data name="tipo"><value>CASA</value></Data></ExtendedData><Point><coordinates>-59.540336,-34.428446</coordinates></Point></Placemark>
<Placemark><name>BUTERFIELD</name><styleUrl>#s</styleUrl><ExtendedData><Data name="carpeta"><value>34</value></Data><Data name="nombre"><value>BUTERFIELD</value></Data><Data name="tipo"><value>CASA</value></Data></ExtendedData><Point><coordinates>-59.556737,-34.443175</coordinates></Point></Placemark>
<Placemark><name>CASA DE LA SRA. RODRIGUEZ</name><styleUrl>#s</styleUrl><ExtendedData><Data name="carpeta"><value>35</value></Data><Data name="nombre"><value>CASA DE LA SRA. RODRIGUEZ</value></Data><Data name="tipo"><value>CASA</value></Data></ExtendedData><Point><coordinates>-59.343177,-34.434418</coordinates></Point></Placemark>
<Placemark><name>TADEO RODRIGUEZ</name><styleUrl>#s</styleUrl><ExtendedData><Data name="carpeta"><value>35</value></Data><Data name="nombre"><value>TADEO RODRIGUEZ</value></Data><Data name="tipo"><value>CASA</value></Data></ExtendedData><Point><coordinates>-59.349926,-34.422469</coordinates></Point></Placemark>
<Placemark><name>JOSEFA AREVALO DE ORMACHEA</name><styleUrl>#s</styleUrl><ExtendedData><Data name="carpeta"><value>36</value></Data><Data name="nombre"><value>JOSEFA AREVALO DE ORMACHEA</value></Data><Data name="tipo"><value>CASA</value></Data></ExtendedData><Point><coordinates>-59.296810,-34.415026</coordinates></Point></Placemark>
<Placemark><name>ISIDORA ORMAECHEA</name><styleUrl>#s</styleUrl><ExtendedData><Data name="carpeta"><value>36</value></Data><Data name="nombre"><value>ISIDORA ORMAECHEA</value></Data><Data name="tipo"><value>CASA</value></Data></ExtendedData><Point><coordinates>-59.289780,-34.421397</coordinates></Point></Placemark>
<Placemark><name>MAURICIA DUARTE</name><styleUrl>#s</styleUrl><ExtendedData><Data name="carpeta"><value>36</value></Data><Data name="nombre"><value>MAURICIA DUARTE</value></Data><Data name="tipo"><value>CASA</value></Data></ExtendedData><Point><coordinates>-59.341774,-34.432735</coordinates></Point></Placemark>
<Placemark><name>RAMONA M. DE ORMACHEA</name><styleUrl>#s</styleUrl><ExtendedData><Data name="carpeta"><value>36</value></Data><Data name="nombre"><value>RAMONA M. DE ORMACHEA</value></Data><Data name="tipo"><value>CASA</value></Data></ExtendedData><Point><coordinates>-59.270793,-34.443923</coordinates></Point></Placemark>
<Placemark><name>CASA DE ACUÑA</name><styleUrl>#s</styleUrl><ExtendedData><Data name="carpeta"><value>37</value></Data><Data name="nombre"><value>CASA DE ACUÑA</value></Data><Data name="tipo"><value>CASA</value></Data></ExtendedData><Point><coordinates>-59.489343,-34.548642</coordinates></Point></Placemark>
<Placemark><name>CASA DE BUTTERFILL</name><styleUrl>#s</styleUrl><ExtendedData><Data name="carpeta"><value>37</value></Data><Data name="nombre"><value>CASA DE BUTTERFILL</value></Data><Data name="tipo"><value>CASA</value></Data></ExtendedData><Point><coordinates>-59.474936,-34.483421</coordinates></Point></Placemark>
<Placemark><name>ESTANCIA PRINCIPAL</name><styleUrl>#s</styleUrl><ExtendedData><Data name="carpeta"><value>37</value></Data><Data name="nombre"><value>ESTANCIA PRINCIPAL</value></Data><Data name="tipo"><value>CASA</value></Data></ExtendedData><Point><coordinates>-59.551829,-34.507148</coordinates></Point></Placemark>
<Placemark><name>TAPERA</name><styleUrl>#s</styleUrl><ExtendedData><Data name="carpeta"><value>38</value></Data><Data name="nombre"><value>TAPERA</value></Data><Data name="tipo"><value>TAPERA</value></Data></ExtendedData><Point><coordinates>-59.539817,-34.356126</coordinates></Point></Placemark>
<Placemark><name>PUESTO</name><styleUrl>#s</styleUrl><ExtendedData><Data name="carpeta"><value>38</value></Data><Data name="nombre"><value>PUESTO</value></Data><Data name="tipo"><value>PUESTO</value></Data></ExtendedData><Point><coordinates>-59.561522,-34.364643</coordinates></Point></Placemark>
<Placemark><name>JUAN ALARCK</name><styleUrl>#s</styleUrl><ExtendedData><Data name="carpeta"><value>38</value></Data><Data name="nombre"><value>JUAN ALARCK</value></Data><Data name="tipo"><value>CASA</value></Data></ExtendedData><Point><coordinates>-59.582499,-34.385151</coordinates></Point></Placemark>
<Placemark><name>PUESTO DUBERTY</name><styleUrl>#s</styleUrl><ExtendedData><Data name="carpeta"><value>38</value></Data><Data name="nombre"><value>PUESTO DUBERTY</value></Data><Data name="tipo"><value>PUESTO</value></Data></ExtendedData><Point><coordinates>-59.562832,-34.414370</coordinates></Point></Placemark>
<Placemark><name>L. LOURDES</name><styleUrl>#s</styleUrl><ExtendedData><Data name="carpeta"><value>38</value></Data><Data name="nombre"><value>L. LOURDES</value></Data><Data name="tipo"><value>CASA</value></Data></ExtendedData><Point><coordinates>-59.565279,-34.408761</coordinates></Point></Placemark>
<Placemark><name>JOSE RODRIGUEZ</name><styleUrl>#s</styleUrl><ExtendedData><Data name="carpeta"><value>38</value></Data><Data name="nombre"><value>JOSE RODRIGUEZ</value></Data><Data name="tipo"><value>CASA</value></Data></ExtendedData><Point><coordinates>-59.521361,-34.402324</coordinates></Point></Placemark>
<Placemark><name>J. MOROW</name><styleUrl>#s</styleUrl><ExtendedData><Data name="carpeta"><value>38</value></Data><Data name="nombre"><value>J. MOROW</value></Data><Data name="tipo"><value>CASA</value></Data></ExtendedData><Point><coordinates>-59.529454,-34.398385</coordinates></Point></Placemark>
<Placemark><name>MARTINEZ</name><styleUrl>#s</styleUrl><ExtendedData><Data name="carpeta"><value>40</value></Data><Data name="nombre"><value>MARTINEZ</value></Data><Data name="tipo"><value>CASA</value></Data></ExtendedData><Point><coordinates>-59.542039,-34.351049</coordinates></Point></Placemark>
<Placemark><name>MARTINEZ</name><styleUrl>#s</styleUrl><ExtendedData><Data name="carpeta"><value>40</value></Data><Data name="nombre"><value>MARTINEZ</value></Data><Data name="tipo"><value>CASA</value></Data></ExtendedData><Point><coordinates>-59.507662,-34.372704</coordinates></Point></Placemark>
<Placemark><name>SOSA</name><styleUrl>#s</styleUrl><ExtendedData><Data name="carpeta"><value>40</value></Data><Data name="nombre"><value>SOSA</value></Data><Data name="tipo"><value>CASA</value></Data></ExtendedData><Point><coordinates>-59.443297,-34.423124</coordinates></Point></Placemark>
<Placemark><name>FLORES</name><styleUrl>#s</styleUrl><ExtendedData><Data name="carpeta"><value>40</value></Data><Data name="nombre"><value>FLORES</value></Data><Data name="tipo"><value>CASA</value></Data></ExtendedData><Point><coordinates>-59.443282,-34.405736</coordinates></Point></Placemark>
<Placemark><name>MORGAN</name><styleUrl>#s</styleUrl><ExtendedData><Data name="carpeta"><value>40</value></Data><Data name="nombre"><value>MORGAN</value></Data><Data name="tipo"><value>CASA</value></Data></ExtendedData><Point><coordinates>-59.478524,-34.365027</coordinates></Point></Placemark>
<Placemark><name>MARTINEZ</name><styleUrl>#s</styleUrl><ExtendedData><Data name="carpeta"><value>41</value></Data><Data name="nombre"><value>MARTINEZ</value></Data><Data name="tipo"><value>CASA</value></Data></ExtendedData><Point><coordinates>-59.541729,-34.350667</coordinates></Point></Placemark>
<Placemark><name>ESTANCIA BUENA FE</name><styleUrl>#s</styleUrl><ExtendedData><Data name="carpeta"><value>43</value></Data><Data name="nombre"><value>ESTANCIA BUENA FE</value></Data><Data name="tipo"><value>CASA</value></Data></ExtendedData><Point><coordinates>-59.379740,-34.337957</coordinates></Point></Placemark>
<Placemark><name>PTO. DE RUFINO CUFRE</name><styleUrl>#s</styleUrl><ExtendedData><Data name="carpeta"><value>43</value></Data><Data name="nombre"><value>PTO. DE RUFINO CUFRE</value></Data><Data name="tipo"><value>PUESTO</value></Data></ExtendedData><Point><coordinates>-59.377853,-34.330673</coordinates></Point></Placemark>
<Placemark><name>PUESTO DE REYES</name><styleUrl>#s</styleUrl><ExtendedData><Data name="carpeta"><value>43</value></Data><Data name="nombre"><value>PUESTO DE REYES</value></Data><Data name="tipo"><value>PUESTO</value></Data></ExtendedData><Point><coordinates>-59.369537,-34.332508</coordinates></Point></Placemark>
<Placemark><name>POB. DE VAL. CUFRE</name><styleUrl>#s</styleUrl><ExtendedData><Data name="carpeta"><value>43</value></Data><Data name="nombre"><value>POB. DE VAL. CUFRE</value></Data><Data name="tipo"><value>CASA</value></Data></ExtendedData><Point><coordinates>-59.367598,-34.337090</coordinates></Point></Placemark>
<Placemark><name>PTO. DE CHAIRE</name><styleUrl>#s</styleUrl><ExtendedData><Data name="carpeta"><value>43</value></Data><Data name="nombre"><value>PTO. DE CHAIRE</value></Data><Data name="tipo"><value>PUESTO</value></Data></ExtendedData><Point><coordinates>-59.348903,-34.351750</coordinates></Point></Placemark>
<Placemark><name>PTO. DE MIGUEL DILLON</name><styleUrl>#s</styleUrl><ExtendedData><Data name="carpeta"><value>43</value></Data><Data name="nombre"><value>PTO. DE MIGUEL DILLON</value></Data><Data name="tipo"><value>PUESTO</value></Data></ExtendedData><Point><coordinates>-59.353561,-34.358482</coordinates></Point></Placemark>
<Placemark><name>PTO. DE ENRIQUE BEARD</name><styleUrl>#s</styleUrl><ExtendedData><Data name="carpeta"><value>43</value></Data><Data name="nombre"><value>PTO. DE ENRIQUE BEARD</value></Data><Data name="tipo"><value>PUESTO</value></Data></ExtendedData><Point><coordinates>-59.338077,-34.371697</coordinates></Point></Placemark>
<Placemark><name>PUESTO</name><styleUrl>#s</styleUrl><ExtendedData><Data name="carpeta"><value>43</value></Data><Data name="nombre"><value>PUESTO</value></Data><Data name="tipo"><value>PUESTO</value></Data></ExtendedData><Point><coordinates>-59.356764,-34.365452</coordinates></Point></Placemark>
<Placemark><name>PUESTO DE  ARNULFO TISEIRA</name><styleUrl>#s</styleUrl><ExtendedData><Data name="carpeta"><value>43</value></Data><Data name="nombre"><value>PUESTO DE  ARNULFO TISEIRA</value></Data><Data name="tipo"><value>PUESTO</value></Data></ExtendedData><Point><coordinates>-59.337630,-34.377323</coordinates></Point></Placemark>
<Placemark><name>POB. DE T.B. SOSA</name><styleUrl>#s</styleUrl><ExtendedData><Data name="carpeta"><value>43</value></Data><Data name="nombre"><value>POB. DE T.B. SOSA</value></Data><Data name="tipo"><value>CASA</value></Data></ExtendedData><Point><coordinates>-59.340823,-34.394283</coordinates></Point></Placemark>
<Placemark><name>PUESTO</name><styleUrl>#s</styleUrl><ExtendedData><Data name="carpeta"><value>43</value></Data><Data name="nombre"><value>PUESTO</value></Data><Data name="tipo"><value>PUESTO</value></Data></ExtendedData><Point><coordinates>-59.331071,-34.399418</coordinates></Point></Placemark>
<Placemark><name>LA ADELINA</name><styleUrl>#s</styleUrl><ExtendedData><Data name="carpeta"><value>43</value></Data><Data name="nombre"><value>LA ADELINA</value></Data><Data name="tipo"><value>CASA</value></Data></ExtendedData><Point><coordinates>-59.334284,-34.402536</coordinates></Point></Placemark>
<Placemark><name>PULPERIA DE FRANCISCO MAGADAN</name><styleUrl>#s</styleUrl><ExtendedData><Data name="carpeta"><value>43</value></Data><Data name="nombre"><value>PULPERIA DE FRANCISCO MAGADAN</value></Data><Data name="tipo"><value>PULPERIA</value></Data></ExtendedData><Point><coordinates>-59.370478,-34.353784</coordinates></Point></Placemark>
<Placemark><name>STA. ELENA</name><styleUrl>#s</styleUrl><ExtendedData><Data name="carpeta"><value>44</value></Data><Data name="nombre"><value>STA. ELENA</value></Data><Data name="tipo"><value>CASA</value></Data></ExtendedData><Point><coordinates>-59.392249,-34.366477</coordinates></Point></Placemark>
<Placemark><name>POBLACION DE ROMERO</name><styleUrl>#s</styleUrl><ExtendedData><Data name="carpeta"><value>44</value></Data><Data name="nombre"><value>POBLACION DE ROMERO</value></Data><Data name="tipo"><value>CASA</value></Data></ExtendedData><Point><coordinates>-59.391734,-34.370882</coordinates></Point></Placemark>
<Placemark><name>PTO. STA. ROSALIA</name><styleUrl>#s</styleUrl><ExtendedData><Data name="carpeta"><value>44</value></Data><Data name="nombre"><value>PTO. STA. ROSALIA</value></Data><Data name="tipo"><value>PUESTO</value></Data></ExtendedData><Point><coordinates>-59.377704,-34.382489</coordinates></Point></Placemark>
<Placemark><name>STA. MARIA</name><styleUrl>#s</styleUrl><ExtendedData><Data name="carpeta"><value>44</value></Data><Data name="nombre"><value>STA. MARIA</value></Data><Data name="tipo"><value>CASA</value></Data></ExtendedData><Point><coordinates>-59.357129,-34.400529</coordinates></Point></Placemark>
<Placemark><name>LA ADELINA</name><styleUrl>#s</styleUrl><ExtendedData><Data name="carpeta"><value>44</value></Data><Data name="nombre"><value>LA ADELINA</value></Data><Data name="tipo"><value>CASA</value></Data></ExtendedData><Point><coordinates>-59.334143,-34.403567</coordinates></Point></Placemark>
<Placemark><name>POB. DE P.B. SOSA</name><styleUrl>#s</styleUrl><ExtendedData><Data name="carpeta"><value>44</value></Data><Data name="nombre"><value>POB. DE P.B. SOSA</value></Data><Data name="tipo"><value>CASA</value></Data></ExtendedData><Point><coordinates>-59.340723,-34.395231</coordinates></Point></Placemark>
<Placemark><name>POB. DE FUENTES</name><styleUrl>#s</styleUrl><ExtendedData><Data name="carpeta"><value>44</value></Data><Data name="nombre"><value>POB. DE FUENTES</value></Data><Data name="tipo"><value>CASA</value></Data></ExtendedData><Point><coordinates>-59.342793,-34.402779</coordinates></Point></Placemark>
<Placemark><name>STA. CLARA</name><styleUrl>#s</styleUrl><ExtendedData><Data name="carpeta"><value>44</value></Data><Data name="nombre"><value>STA. CLARA</value></Data><Data name="tipo"><value>CASA</value></Data></ExtendedData><Point><coordinates>-59.330066,-34.418308</coordinates></Point></Placemark>
<Placemark><name>POB. DE FLORES</name><styleUrl>#s</styleUrl><ExtendedData><Data name="carpeta"><value>44</value></Data><Data name="nombre"><value>POB. DE FLORES</value></Data><Data name="tipo"><value>CASA</value></Data></ExtendedData><Point><coordinates>-59.319264,-34.423019</coordinates></Point></Placemark>
<Placemark><name>POB. DE BELEN</name><styleUrl>#s</styleUrl><ExtendedData><Data name="carpeta"><value>44</value></Data><Data name="nombre"><value>POB. DE BELEN</value></Data><Data name="tipo"><value>CASA</value></Data></ExtendedData><Point><coordinates>-59.336820,-34.423067</coordinates></Point></Placemark>
<Placemark><name>SAN LORENZO</name><styleUrl>#s</styleUrl><ExtendedData><Data name="carpeta"><value>44</value></Data><Data name="nombre"><value>SAN LORENZO</value></Data><Data name="tipo"><value>CASA</value></Data></ExtendedData><Point><coordinates>-59.347321,-34.412534</coordinates></Point></Placemark>
<Placemark><name>SUSANA C.</name><styleUrl>#s</styleUrl><ExtendedData><Data name="carpeta"><value>46</value></Data><Data name="nombre"><value>SUSANA C.</value></Data><Data name="tipo"><value>CASA</value></Data></ExtendedData><Point><coordinates>-59.443022,-34.418481</coordinates></Point></Placemark>
<Placemark><name>ESTANCIA</name><styleUrl>#s</styleUrl><ExtendedData><Data name="carpeta"><value>46</value></Data><Data name="nombre"><value>ESTANCIA</value></Data><Data name="tipo"><value>CASA</value></Data></ExtendedData><Point><coordinates>-59.454717,-34.432594</coordinates></Point></Placemark>
<Placemark><name>PUESTO</name><styleUrl>#s</styleUrl><ExtendedData><Data name="carpeta"><value>46</value></Data><Data name="nombre"><value>PUESTO</value></Data><Data name="tipo"><value>PUESTO</value></Data></ExtendedData><Point><coordinates>-59.461703,-34.436405</coordinates></Point></Placemark>
<Placemark><name>PUESTO</name><styleUrl>#s</styleUrl><ExtendedData><Data name="carpeta"><value>46</value></Data><Data name="nombre"><value>PUESTO</value></Data><Data name="tipo"><value>PUESTO</value></Data></ExtendedData><Point><coordinates>-59.480704,-34.424622</coordinates></Point></Placemark>
<Placemark><name>PUESTO</name><styleUrl>#s</styleUrl><ExtendedData><Data name="carpeta"><value>46</value></Data><Data name="nombre"><value>PUESTO</value></Data><Data name="tipo"><value>PUESTO</value></Data></ExtendedData><Point><coordinates>-59.476255,-34.422575</coordinates></Point></Placemark>
<Placemark><name>PUESTO DE IGNACIO C.</name><styleUrl>#s</styleUrl><ExtendedData><Data name="carpeta"><value>46</value></Data><Data name="nombre"><value>PUESTO DE IGNACIO C.</value></Data><Data name="tipo"><value>PUESTO</value></Data></ExtendedData><Point><coordinates>-59.485682,-34.410690</coordinates></Point></Placemark>
<Placemark><name>J. SILVA</name><styleUrl>#s</styleUrl><ExtendedData><Data name="carpeta"><value>46</value></Data><Data name="nombre"><value>J. SILVA</value></Data><Data name="tipo"><value>CASA</value></Data></ExtendedData><Point><coordinates>-59.490696,-34.390676</coordinates></Point></Placemark>
<Placemark><name>S. ANDRADE</name><styleUrl>#s</styleUrl><ExtendedData><Data name="carpeta"><value>46</value></Data><Data name="nombre"><value>S. ANDRADE</value></Data><Data name="tipo"><value>CASA</value></Data></ExtendedData><Point><coordinates>-59.501910,-34.403840</coordinates></Point></Placemark>
<Placemark><name>IS. CUCULLO</name><styleUrl>#s</styleUrl><ExtendedData><Data name="carpeta"><value>46</value></Data><Data name="nombre"><value>IS. CUCULLO</value></Data><Data name="tipo"><value>CASA</value></Data></ExtendedData><Point><coordinates>-59.515950,-34.396877</coordinates></Point></Placemark>
<Placemark><name>PUESTO</name><styleUrl>#s</styleUrl><ExtendedData><Data name="carpeta"><value>46</value></Data><Data name="nombre"><value>PUESTO</value></Data><Data name="tipo"><value>PUESTO</value></Data></ExtendedData><Point><coordinates>-59.502146,-34.409761</coordinates></Point></Placemark>
<Placemark><name>ROMANA DIAZ</name><styleUrl>#s</styleUrl><ExtendedData><Data name="carpeta"><value>47</value></Data><Data name="nombre"><value>ROMANA DIAZ</value></Data><Data name="tipo"><value>CASA</value></Data></ExtendedData><Point><coordinates>-59.350971,-34.479836</coordinates></Point></Placemark>
<Placemark><name>ROM. DIAZ</name><styleUrl>#s</styleUrl><ExtendedData><Data name="carpeta"><value>47</value></Data><Data name="nombre"><value>ROM. DIAZ</value></Data><Data name="tipo"><value>CASA</value></Data></ExtendedData><Point><coordinates>-59.357126,-34.469322</coordinates></Point></Placemark>
<Placemark><name>FACUNDO CASAS</name><styleUrl>#s</styleUrl><ExtendedData><Data name="carpeta"><value>47</value></Data><Data name="nombre"><value>FACUNDO CASAS</value></Data><Data name="tipo"><value>CASA</value></Data></ExtendedData><Point><coordinates>-59.343925,-34.478182</coordinates></Point></Placemark>
<Placemark><name>C. LUCERO</name><styleUrl>#s</styleUrl><ExtendedData><Data name="carpeta"><value>47</value></Data><Data name="nombre"><value>C. LUCERO</value></Data><Data name="tipo"><value>CASA</value></Data></ExtendedData><Point><coordinates>-59.351470,-34.458931</coordinates></Point></Placemark>
<Placemark><name>FR. AREVALO</name><styleUrl>#s</styleUrl><ExtendedData><Data name="carpeta"><value>47</value></Data><Data name="nombre"><value>FR. AREVALO</value></Data><Data name="tipo"><value>CASA</value></Data></ExtendedData><Point><coordinates>-59.360285,-34.453883</coordinates></Point></Placemark>
<Placemark><name>GR. GONZALEZ</name><styleUrl>#s</styleUrl><ExtendedData><Data name="carpeta"><value>47</value></Data><Data name="nombre"><value>GR. GONZALEZ</value></Data><Data name="tipo"><value>CASA</value></Data></ExtendedData><Point><coordinates>-59.324437,-34.494790</coordinates></Point></Placemark>
<Placemark><name>PUESTO</name><styleUrl>#s</styleUrl><ExtendedData><Data name="carpeta"><value>47</value></Data><Data name="nombre"><value>PUESTO</value></Data><Data name="tipo"><value>PUESTO</value></Data></ExtendedData><Point><coordinates>-59.315764,-34.486679</coordinates></Point></Placemark>
<Placemark><name>PRUDENCIO RODRIGUEZ</name><styleUrl>#s</styleUrl><ExtendedData><Data name="carpeta"><value>47</value></Data><Data name="nombre"><value>PRUDENCIO RODRIGUEZ</value></Data><Data name="tipo"><value>CASA</value></Data></ExtendedData><Point><coordinates>-59.324838,-34.484526</coordinates></Point></Placemark>
<Placemark><name>REMIGIO R.</name><styleUrl>#s</styleUrl><ExtendedData><Data name="carpeta"><value>47</value></Data><Data name="nombre"><value>REMIGIO R.</value></Data><Data name="tipo"><value>CASA</value></Data></ExtendedData><Point><coordinates>-59.340184,-34.449349</coordinates></Point></Placemark>
<Placemark><name>GR. R. DE CASTRO</name><styleUrl>#s</styleUrl><ExtendedData><Data name="carpeta"><value>47</value></Data><Data name="nombre"><value>GR. R. DE CASTRO</value></Data><Data name="tipo"><value>CASA</value></Data></ExtendedData><Point><coordinates>-59.297414,-34.475978</coordinates></Point></Placemark>
<Placemark><name>P. A. QUEVEDO</name><styleUrl>#s</styleUrl><ExtendedData><Data name="carpeta"><value>47</value></Data><Data name="nombre"><value>P. A. QUEVEDO</value></Data><Data name="tipo"><value>CASA</value></Data></ExtendedData><Point><coordinates>-59.287736,-34.471021</coordinates></Point></Placemark>
<Placemark><name>NICOL. CASTRO</name><styleUrl>#s</styleUrl><ExtendedData><Data name="carpeta"><value>47</value></Data><Data name="nombre"><value>NICOL. CASTRO</value></Data><Data name="tipo"><value>CASA</value></Data></ExtendedData><Point><coordinates>-59.300613,-34.461042</coordinates></Point></Placemark>
<Placemark><name>PASCUAL RODRIGUEZ</name><styleUrl>#s</styleUrl><ExtendedData><Data name="carpeta"><value>47</value></Data><Data name="nombre"><value>PASCUAL RODRIGUEZ</value></Data><Data name="tipo"><value>CASA</value></Data></ExtendedData><Point><coordinates>-59.330177,-34.440504</coordinates></Point></Placemark>
<Placemark><name>M. DUARTE</name><styleUrl>#s</styleUrl><ExtendedData><Data name="carpeta"><value>47</value></Data><Data name="nombre"><value>M. DUARTE</value></Data><Data name="tipo"><value>CASA</value></Data></ExtendedData><Point><coordinates>-59.340883,-34.433454</coordinates></Point></Placemark>
<Placemark><name>PASCUAL RODRIGUEZ</name><styleUrl>#s</styleUrl><ExtendedData><Data name="carpeta"><value>49</value></Data><Data name="nombre"><value>PASCUAL RODRIGUEZ</value></Data><Data name="tipo"><value>CASA</value></Data></ExtendedData><Point><coordinates>-59.318858,-34.430640</coordinates></Point></Placemark>
<Placemark><name>R.P. RODRIGUEZ</name><styleUrl>#s</styleUrl><ExtendedData><Data name="carpeta"><value>49</value></Data><Data name="nombre"><value>R.P. RODRIGUEZ</value></Data><Data name="tipo"><value>CASA</value></Data></ExtendedData><Point><coordinates>-59.313515,-34.429215</coordinates></Point></Placemark>
<Placemark><name>QUEVEDO</name><styleUrl>#s</styleUrl><ExtendedData><Data name="carpeta"><value>49</value></Data><Data name="nombre"><value>QUEVEDO</value></Data><Data name="tipo"><value>CASA</value></Data></ExtendedData><Point><coordinates>-59.288681,-34.468352</coordinates></Point></Placemark>
<Placemark><name>SILVA</name><styleUrl>#s</styleUrl><ExtendedData><Data name="carpeta"><value>49</value></Data><Data name="nombre"><value>SILVA</value></Data><Data name="tipo"><value>CASA</value></Data></ExtendedData><Point><coordinates>-59.280456,-34.467064</coordinates></Point></Placemark>
<Placemark><name>JOSEFA ORMACHEA</name><styleUrl>#s</styleUrl><ExtendedData><Data name="carpeta"><value>51</value></Data><Data name="nombre"><value>JOSEFA ORMACHEA</value></Data><Data name="tipo"><value>CASA</value></Data></ExtendedData><Point><coordinates>-59.298287,-34.415433</coordinates></Point></Placemark>
<Placemark><name>ISIDORA ORM...</name><styleUrl>#s</styleUrl><ExtendedData><Data name="carpeta"><value>51</value></Data><Data name="nombre"><value>ISIDORA ORM...</value></Data><Data name="tipo"><value>CASA</value></Data></ExtendedData><Point><coordinates>-59.289854,-34.427477</coordinates></Point></Placemark>
<Placemark><name>BRUNO TORRES</name><styleUrl>#s</styleUrl><ExtendedData><Data name="carpeta"><value>51</value></Data><Data name="nombre"><value>BRUNO TORRES</value></Data><Data name="tipo"><value>CASA</value></Data></ExtendedData><Point><coordinates>-59.284047,-34.440108</coordinates></Point></Placemark>
<Placemark><name>PUESTO</name><styleUrl>#s</styleUrl><ExtendedData><Data name="carpeta"><value>51</value></Data><Data name="nombre"><value>PUESTO</value></Data><Data name="tipo"><value>PUESTO</value></Data></ExtendedData><Point><coordinates>-59.304818,-34.434754</coordinates></Point></Placemark>
<Placemark><name>EL TALA</name><styleUrl>#s</styleUrl><ExtendedData><Data name="carpeta"><value>51</value></Data><Data name="nombre"><value>EL TALA</value></Data><Data name="tipo"><value>CASA</value></Data></ExtendedData><Point><coordinates>-59.281626,-34.460557</coordinates></Point></Placemark>
<Placemark><name>ARRENDATARIO</name><styleUrl>#s</styleUrl><ExtendedData><Data name="carpeta"><value>52</value></Data><Data name="nombre"><value>ARRENDATARIO</value></Data><Data name="tipo"><value>ARRENDATARIO</value></Data></ExtendedData><Point><coordinates>-59.675868,-34.463106</coordinates></Point></Placemark>
<Placemark><name>ARRENDATARIO</name><styleUrl>#s</styleUrl><ExtendedData><Data name="carpeta"><value>52</value></Data><Data name="nombre"><value>ARRENDATARIO</value></Data><Data name="tipo"><value>ARRENDATARIO</value></Data></ExtendedData><Point><coordinates>-59.652535,-34.464903</coordinates></Point></Placemark>
<Placemark><name>PUESTO</name><styleUrl>#s</styleUrl><ExtendedData><Data name="carpeta"><value>52</value></Data><Data name="nombre"><value>PUESTO</value></Data><Data name="tipo"><value>PUESTO</value></Data></ExtendedData><Point><coordinates>-59.636422,-34.455339</coordinates></Point></Placemark>
<Placemark><name>PUESTO</name><styleUrl>#s</styleUrl><ExtendedData><Data name="carpeta"><value>52</value></Data><Data name="nombre"><value>PUESTO</value></Data><Data name="tipo"><value>PUESTO</value></Data></ExtendedData><Point><coordinates>-59.644518,-34.440552</coordinates></Point></Placemark>
<Placemark><name>PUESTO</name><styleUrl>#s</styleUrl><ExtendedData><Data name="carpeta"><value>52</value></Data><Data name="nombre"><value>PUESTO</value></Data><Data name="tipo"><value>PUESTO</value></Data></ExtendedData><Point><coordinates>-59.664732,-34.439535</coordinates></Point></Placemark>
<Placemark><name>ESTANCIA DE CAPRILE Y PICASSO</name><styleUrl>#s</styleUrl><ExtendedData><Data name="carpeta"><value>52</value></Data><Data name="nombre"><value>ESTANCIA DE CAPRILE Y PICASSO</value></Data><Data name="tipo"><value>CASA</value></Data></ExtendedData><Point><coordinates>-59.652508,-34.429770</coordinates></Point></Placemark>
<Placemark><name>ARRENDATARIO</name><styleUrl>#s</styleUrl><ExtendedData><Data name="carpeta"><value>53</value></Data><Data name="nombre"><value>ARRENDATARIO</value></Data><Data name="tipo"><value>ARRENDATARIO</value></Data></ExtendedData><Point><coordinates>-59.739092,-34.439430</coordinates></Point></Placemark>
<Placemark><name>ARRENDATARIO</name><styleUrl>#s</styleUrl><ExtendedData><Data name="carpeta"><value>53</value></Data><Data name="nombre"><value>ARRENDATARIO</value></Data><Data name="tipo"><value>ARRENDATARIO</value></Data></ExtendedData><Point><coordinates>-59.746751,-34.463059</coordinates></Point></Placemark>
<Placemark><name>ARRENDATARIO</name><styleUrl>#s</styleUrl><ExtendedData><Data name="carpeta"><value>53</value></Data><Data name="nombre"><value>ARRENDATARIO</value></Data><Data name="tipo"><value>ARRENDATARIO</value></Data></ExtendedData><Point><coordinates>-59.733555,-34.475159</coordinates></Point></Placemark>
<Placemark><name>ARRENDATARIO</name><styleUrl>#s</styleUrl><ExtendedData><Data name="carpeta"><value>53</value></Data><Data name="nombre"><value>ARRENDATARIO</value></Data><Data name="tipo"><value>ARRENDATARIO</value></Data></ExtendedData><Point><coordinates>-59.714865,-34.467898</coordinates></Point></Placemark>
<Placemark><name>ARRENDATARIO</name><styleUrl>#s</styleUrl><ExtendedData><Data name="carpeta"><value>53</value></Data><Data name="nombre"><value>ARRENDATARIO</value></Data><Data name="tipo"><value>ARRENDATARIO</value></Data></ExtendedData><Point><coordinates>-59.711933,-34.453652</coordinates></Point></Placemark>
<Placemark><name>ARRENDATARIO</name><styleUrl>#s</styleUrl><ExtendedData><Data name="carpeta"><value>53</value></Data><Data name="nombre"><value>ARRENDATARIO</value></Data><Data name="tipo"><value>ARRENDATARIO</value></Data></ExtendedData><Point><coordinates>-59.730600,-34.435120</coordinates></Point></Placemark>
<Placemark><name>PUESTO DE CRAIG</name><styleUrl>#s</styleUrl><ExtendedData><Data name="carpeta"><value>53</value></Data><Data name="nombre"><value>PUESTO DE CRAIG</value></Data><Data name="tipo"><value>PUESTO</value></Data></ExtendedData><Point><coordinates>-59.749877,-34.469434</coordinates></Point></Placemark>
<Placemark><name>AZOTEA DE BERNAL</name><styleUrl>#s</styleUrl><ExtendedData><Data name="carpeta"><value>54</value></Data><Data name="nombre"><value>AZOTEA DE BERNAL</value></Data><Data name="tipo"><value>CASA</value></Data></ExtendedData><Point><coordinates>-59.592165,-34.533369</coordinates></Point></Placemark>
<Placemark><name>GRASERIA</name><styleUrl>#s</styleUrl><ExtendedData><Data name="carpeta"><value>54</value></Data><Data name="nombre"><value>GRASERIA</value></Data><Data name="tipo"><value>GRASERIA</value></Data></ExtendedData><Point><coordinates>-59.549385,-34.541139</coordinates></Point></Placemark>
<Placemark><name>PULPERIA</name><styleUrl>#s</styleUrl><ExtendedData><Data name="carpeta"><value>54</value></Data><Data name="nombre"><value>PULPERIA</value></Data><Data name="tipo"><value>PULPERIA</value></Data></ExtendedData><Point><coordinates>-59.547820,-34.542672</coordinates></Point></Placemark>
<Placemark><name>MONTE DE AVILA</name><styleUrl>#s</styleUrl><ExtendedData><Data name="carpeta"><value>54</value></Data><Data name="nombre"><value>MONTE DE AVILA</value></Data><Data name="tipo"><value>CASA</value></Data></ExtendedData><Point><coordinates>-59.539263,-34.570318</coordinates></Point></Placemark>
<Placemark><name>ESTANCIA DE ROSENDO DE DIOS</name><styleUrl>#s</styleUrl><ExtendedData><Data name="carpeta"><value>56</value></Data><Data name="nombre"><value>ESTANCIA DE ROSENDO DE DIOS</value></Data><Data name="tipo"><value>CASA</value></Data></ExtendedData><Point><coordinates>-59.421754,-34.336941</coordinates></Point></Placemark>
<Placemark><name>PUESTO DE DON JOSE FIGUEROA</name><styleUrl>#s</styleUrl><ExtendedData><Data name="carpeta"><value>56</value></Data><Data name="nombre"><value>PUESTO DE DON JOSE FIGUEROA</value></Data><Data name="tipo"><value>PUESTO</value></Data></ExtendedData><Point><coordinates>-59.443210,-34.327920</coordinates></Point></Placemark>
<Placemark><name>PUESTO DE DON ROSENDO DE DIOS</name><styleUrl>#s</styleUrl><ExtendedData><Data name="carpeta"><value>56</value></Data><Data name="nombre"><value>PUESTO DE DON ROSENDO DE DIOS</value></Data><Data name="tipo"><value>PUESTO</value></Data></ExtendedData><Point><coordinates>-59.402318,-34.368238</coordinates></Point></Placemark>
<Placemark><name>DÑA. CARMEN</name><styleUrl>#s</styleUrl><ExtendedData><Data name="carpeta"><value>55</value></Data><Data name="nombre"><value>DÑA. CARMEN</value></Data><Data name="tipo"><value>CASA</value></Data></ExtendedData><Point><coordinates>-59.646943,-34.616180</coordinates></Point></Placemark>
<Placemark><name>DÑA. TEODORA</name><styleUrl>#s</styleUrl><ExtendedData><Data name="carpeta"><value>55</value></Data><Data name="nombre"><value>DÑA. TEODORA</value></Data><Data name="tipo"><value>CASA</value></Data></ExtendedData><Point><coordinates>-59.643919,-34.606482</coordinates></Point></Placemark>
<Placemark><name>LIMA</name><styleUrl>#s</styleUrl><ExtendedData><Data name="carpeta"><value>55</value></Data><Data name="nombre"><value>LIMA</value></Data><Data name="tipo"><value>CASA</value></Data></ExtendedData><Point><coordinates>-59.627048,-34.549190</coordinates></Point></Placemark>
<Placemark><name>DON CARLOS</name><styleUrl>#s</styleUrl><ExtendedData><Data name="carpeta"><value>55</value></Data><Data name="nombre"><value>DON CARLOS</value></Data><Data name="tipo"><value>CASA</value></Data></ExtendedData><Point><coordinates>-59.584852,-34.556806</coordinates></Point></Placemark>
<Placemark><name>CARRASCO</name><styleUrl>#s</styleUrl><ExtendedData><Data name="carpeta"><value>55</value></Data><Data name="nombre"><value>CARRASCO</value></Data><Data name="tipo"><value>CASA</value></Data></ExtendedData><Point><coordinates>-59.669101,-34.530082</coordinates></Point></Placemark>
<Placemark><name>ECHEVERRIA</name><styleUrl>#s</styleUrl><ExtendedData><Data name="carpeta"><value>55</value></Data><Data name="nombre"><value>ECHEVERRIA</value></Data><Data name="tipo"><value>CASA</value></Data></ExtendedData><Point><coordinates>-59.629529,-34.517745</coordinates></Point></Placemark>
<Placemark><name>COLMENERO</name><styleUrl>#s</styleUrl><ExtendedData><Data name="carpeta"><value>55</value></Data><Data name="nombre"><value>COLMENERO</value></Data><Data name="tipo"><value>CASA</value></Data></ExtendedData><Point><coordinates>-59.557636,-34.558499</coordinates></Point></Placemark>
<Placemark><name>TAPERA DE JOSEFA ROMERO</name><styleUrl>#s</styleUrl><ExtendedData><Data name="carpeta"><value>57</value></Data><Data name="nombre"><value>TAPERA DE JOSEFA ROMERO</value></Data><Data name="tipo"><value>TAPERA</value></Data></ExtendedData><Point><coordinates>-59.401867,-34.397609</coordinates></Point></Placemark>
<Placemark><name>AGUSTIN VELOZ</name><styleUrl>#s</styleUrl><ExtendedData><Data name="carpeta"><value>57</value></Data><Data name="nombre"><value>AGUSTIN VELOZ</value></Data><Data name="tipo"><value>CASA</value></Data></ExtendedData><Point><coordinates>-59.407893,-34.397511</coordinates></Point></Placemark>
<Placemark><name>PEDRO PABLO VELOZ</name><styleUrl>#s</styleUrl><ExtendedData><Data name="carpeta"><value>57</value></Data><Data name="nombre"><value>PEDRO PABLO VELOZ</value></Data><Data name="tipo"><value>CASA</value></Data></ExtendedData><Point><coordinates>-59.419311,-34.405585</coordinates></Point></Placemark>
<Placemark><name>PUESTO DE PEDRO PABLO</name><styleUrl>#s</styleUrl><ExtendedData><Data name="carpeta"><value>57</value></Data><Data name="nombre"><value>PUESTO DE PEDRO PABLO</value></Data><Data name="tipo"><value>PUESTO</value></Data></ExtendedData><Point><coordinates>-59.403689,-34.419182</coordinates></Point></Placemark>
<Placemark><name>SIN IDENTIFICAR</name><styleUrl>#s</styleUrl><ExtendedData><Data name="carpeta"><value>57</value></Data><Data name="nombre"><value>SIN IDENTIFICAR</value></Data><Data name="tipo"><value>CASA S/I</value></Data></ExtendedData><Point><coordinates>-59.398774,-34.407602</coordinates></Point></Placemark>
<Placemark><name>SIN IDENTIFICAR</name><styleUrl>#s</styleUrl><ExtendedData><Data name="carpeta"><value>57</value></Data><Data name="nombre"><value>SIN IDENTIFICAR</value></Data><Data name="tipo"><value>CASA S/I</value></Data></ExtendedData><Point><coordinates>-59.381842,-34.424833</coordinates></Point></Placemark>
<Placemark><name>SIN IDENTIFICAR</name><styleUrl>#s</styleUrl><ExtendedData><Data name="carpeta"><value>57</value></Data><Data name="nombre"><value>SIN IDENTIFICAR</value></Data><Data name="tipo"><value>CASA S/I</value></Data></ExtendedData><Point><coordinates>-59.377906,-34.427628</coordinates></Point></Placemark>
<Placemark><name>ALEJO VELOZ</name><styleUrl>#s</styleUrl><ExtendedData><Data name="carpeta"><value>57</value></Data><Data name="nombre"><value>ALEJO VELOZ</value></Data><Data name="tipo"><value>CASA</value></Data></ExtendedData><Point><coordinates>-59.377118,-34.440742</coordinates></Point></Placemark>
<Placemark><name>ESTANCIA PRINCIPAL</name><styleUrl>#s</styleUrl><ExtendedData><Data name="carpeta"><value>58</value></Data><Data name="nombre"><value>ESTANCIA PRINCIPAL</value></Data><Data name="tipo"><value>CASA</value></Data></ExtendedData><Point><coordinates>-59.464075,-34.447763</coordinates></Point></Placemark>
<Placemark><name>PUESTO</name><styleUrl>#s</styleUrl><ExtendedData><Data name="carpeta"><value>58</value></Data><Data name="nombre"><value>PUESTO</value></Data><Data name="tipo"><value>PUESTO</value></Data></ExtendedData><Point><coordinates>-59.471578,-34.456525</coordinates></Point></Placemark>
<Placemark><name>PUESTO</name><styleUrl>#s</styleUrl><ExtendedData><Data name="carpeta"><value>58</value></Data><Data name="nombre"><value>PUESTO</value></Data><Data name="tipo"><value>PUESTO</value></Data></ExtendedData><Point><coordinates>-59.462117,-34.436557</coordinates></Point></Placemark>
<Placemark><name>PUESTO</name><styleUrl>#s</styleUrl><ExtendedData><Data name="carpeta"><value>58</value></Data><Data name="nombre"><value>PUESTO</value></Data><Data name="tipo"><value>PUESTO</value></Data></ExtendedData><Point><coordinates>-59.501022,-34.436722</coordinates></Point></Placemark>
<Placemark><name>PUESTO</name><styleUrl>#s</styleUrl><ExtendedData><Data name="carpeta"><value>58</value></Data><Data name="nombre"><value>PUESTO</value></Data><Data name="tipo"><value>PUESTO</value></Data></ExtendedData><Point><coordinates>-59.478592,-34.426002</coordinates></Point></Placemark>
<Placemark><name>PUESTO</name><styleUrl>#s</styleUrl><ExtendedData><Data name="carpeta"><value>58</value></Data><Data name="nombre"><value>PUESTO</value></Data><Data name="tipo"><value>PUESTO</value></Data></ExtendedData><Point><coordinates>-59.516422,-34.424405</coordinates></Point></Placemark>
<Placemark><name>PUESTO</name><styleUrl>#s</styleUrl><ExtendedData><Data name="carpeta"><value>58</value></Data><Data name="nombre"><value>PUESTO</value></Data><Data name="tipo"><value>PUESTO</value></Data></ExtendedData><Point><coordinates>-59.501483,-34.410034</coordinates></Point></Placemark>
<Placemark><name>PUESTO</name><styleUrl>#s</styleUrl><ExtendedData><Data name="carpeta"><value>58</value></Data><Data name="nombre"><value>PUESTO</value></Data><Data name="tipo"><value>PUESTO</value></Data></ExtendedData><Point><coordinates>-59.521257,-34.401741</coordinates></Point></Placemark>
<Placemark><name>PUESTO</name><styleUrl>#s</styleUrl><ExtendedData><Data name="carpeta"><value>59</value></Data><Data name="nombre"><value>PUESTO</value></Data><Data name="tipo"><value>PUESTO</value></Data></ExtendedData><Point><coordinates>-59.364062,-34.502143</coordinates></Point></Placemark>
<Placemark><name>PUESTO</name><styleUrl>#s</styleUrl><ExtendedData><Data name="carpeta"><value>59</value></Data><Data name="nombre"><value>PUESTO</value></Data><Data name="tipo"><value>PUESTO</value></Data></ExtendedData><Point><coordinates>-59.349219,-34.493717</coordinates></Point></Placemark>
<Placemark><name>P. DE DON FERNANDO</name><styleUrl>#s</styleUrl><ExtendedData><Data name="carpeta"><value>59</value></Data><Data name="nombre"><value>P. DE DON FERNANDO</value></Data><Data name="tipo"><value>PUESTO</value></Data></ExtendedData><Point><coordinates>-59.375985,-34.481431</coordinates></Point></Placemark>
<Placemark><name>PUESTO</name><styleUrl>#s</styleUrl><ExtendedData><Data name="carpeta"><value>59</value></Data><Data name="nombre"><value>PUESTO</value></Data><Data name="tipo"><value>PUESTO</value></Data></ExtendedData><Point><coordinates>-59.393949,-34.470597</coordinates></Point></Placemark>
<Placemark><name>J. A ARANGUREN</name><styleUrl>#s</styleUrl><ExtendedData><Data name="carpeta"><value>61</value></Data><Data name="nombre"><value>J. A ARANGUREN</value></Data><Data name="tipo"><value>CASA</value></Data></ExtendedData><Point><coordinates>-59.695555,-34.562419</coordinates></Point></Placemark>
<Placemark><name>J. F. MARTINEZ</name><styleUrl>#s</styleUrl><ExtendedData><Data name="carpeta"><value>61</value></Data><Data name="nombre"><value>J. F. MARTINEZ</value></Data><Data name="tipo"><value>CASA</value></Data></ExtendedData><Point><coordinates>-59.657336,-34.524920</coordinates></Point></Placemark>
<Placemark><name>PUESTO DEL INGLES</name><styleUrl>#s</styleUrl><ExtendedData><Data name="carpeta"><value>62</value></Data><Data name="nombre"><value>PUESTO DEL INGLES</value></Data><Data name="tipo"><value>PUESTO</value></Data></ExtendedData><Point><coordinates>-59.456093,-34.317383</coordinates></Point></Placemark>
<Placemark><name>PUESTO</name><styleUrl>#s</styleUrl><ExtendedData><Data name="carpeta"><value>62</value></Data><Data name="nombre"><value>PUESTO</value></Data><Data name="tipo"><value>PUESTO</value></Data></ExtendedData><Point><coordinates>-59.462373,-34.322017</coordinates></Point></Placemark>
<Placemark><name>PUESTO DE FIGUEROA</name><styleUrl>#s</styleUrl><ExtendedData><Data name="carpeta"><value>62</value></Data><Data name="nombre"><value>PUESTO DE FIGUEROA</value></Data><Data name="tipo"><value>PUESTO</value></Data></ExtendedData><Point><coordinates>-59.430382,-34.318008</coordinates></Point></Placemark>
<Placemark><name>PUESTO DE FIGUEROA</name><styleUrl>#s</styleUrl><ExtendedData><Data name="carpeta"><value>62</value></Data><Data name="nombre"><value>PUESTO DE FIGUEROA</value></Data><Data name="tipo"><value>PUESTO</value></Data></ExtendedData><Point><coordinates>-59.443641,-34.328921</coordinates></Point></Placemark>
<Placemark><name>PUESTO DE DURAND</name><styleUrl>#s</styleUrl><ExtendedData><Data name="carpeta"><value>62</value></Data><Data name="nombre"><value>PUESTO DE DURAND</value></Data><Data name="tipo"><value>PUESTO</value></Data></ExtendedData><Point><coordinates>-59.430325,-34.293429</coordinates></Point></Placemark>
<Placemark><name>ESTANCIA DE DURAND</name><styleUrl>#s</styleUrl><ExtendedData><Data name="carpeta"><value>62</value></Data><Data name="nombre"><value>ESTANCIA DE DURAND</value></Data><Data name="tipo"><value>CASA</value></Data></ExtendedData><Point><coordinates>-59.429262,-34.286060</coordinates></Point></Placemark>
<Placemark><name>PUESTO ALMADA</name><styleUrl>#s</styleUrl><ExtendedData><Data name="carpeta"><value>62</value></Data><Data name="nombre"><value>PUESTO ALMADA</value></Data><Data name="tipo"><value>PUESTO</value></Data></ExtendedData><Point><coordinates>-59.448348,-34.298046</coordinates></Point></Placemark>
<Placemark><name>PUESTO</name><styleUrl>#s</styleUrl><ExtendedData><Data name="carpeta"><value>63</value></Data><Data name="nombre"><value>PUESTO</value></Data><Data name="tipo"><value>PUESTO</value></Data></ExtendedData><Point><coordinates>-59.742691,-34.492488</coordinates></Point></Placemark>
<Placemark><name>PUESTO</name><styleUrl>#s</styleUrl><ExtendedData><Data name="carpeta"><value>63</value></Data><Data name="nombre"><value>PUESTO</value></Data><Data name="tipo"><value>PUESTO</value></Data></ExtendedData><Point><coordinates>-59.721354,-34.498464</coordinates></Point></Placemark>
<Placemark><name>PUESTO</name><styleUrl>#s</styleUrl><ExtendedData><Data name="carpeta"><value>63</value></Data><Data name="nombre"><value>PUESTO</value></Data><Data name="tipo"><value>PUESTO</value></Data></ExtendedData><Point><coordinates>-59.767131,-34.508815</coordinates></Point></Placemark>
<Placemark><name>EST. DE J. DE ALFONSIN</name><styleUrl>#s</styleUrl><ExtendedData><Data name="carpeta"><value>63</value></Data><Data name="nombre"><value>EST. DE J. DE ALFONSIN</value></Data><Data name="tipo"><value>CASA</value></Data></ExtendedData><Point><coordinates>-59.754832,-34.515066</coordinates></Point></Placemark>
<Placemark><name>EST. DE CASADO</name><styleUrl>#s</styleUrl><ExtendedData><Data name="carpeta"><value>63</value></Data><Data name="nombre"><value>EST. DE CASADO</value></Data><Data name="tipo"><value>CASA</value></Data></ExtendedData><Point><coordinates>-59.697825,-34.529295</coordinates></Point></Placemark>
<Placemark><name>EST. DE ALFONSIN</name><styleUrl>#s</styleUrl><ExtendedData><Data name="carpeta"><value>63</value></Data><Data name="nombre"><value>EST. DE ALFONSIN</value></Data><Data name="tipo"><value>CASA</value></Data></ExtendedData><Point><coordinates>-59.713584,-34.487735</coordinates></Point></Placemark>
<Placemark><name>EST. DE MARIA ROCHA</name><styleUrl>#s</styleUrl><ExtendedData><Data name="carpeta"><value>63</value></Data><Data name="nombre"><value>EST. DE MARIA ROCHA</value></Data><Data name="tipo"><value>CASA</value></Data></ExtendedData><Point><coordinates>-59.770697,-34.507969</coordinates></Point></Placemark>
<Placemark><name>ESTANCIA DE D. GUILLERMO (ACUÑA)</name><styleUrl>#s</styleUrl><ExtendedData><Data name="carpeta"><value>65</value></Data><Data name="nombre"><value>ESTANCIA DE D. GUILLERMO (ACUÑA)</value></Data><Data name="tipo"><value>CASA</value></Data></ExtendedData><Point><coordinates>-59.467138,-34.565088</coordinates></Point></Placemark>
<Placemark><name>EST. DE DÑA. VALENTINA A. DE ACUÑA</name><styleUrl>#s</styleUrl><ExtendedData><Data name="carpeta"><value>65</value></Data><Data name="nombre"><value>EST. DE DÑA. VALENTINA A. DE ACUÑA</value></Data><Data name="tipo"><value>CASA</value></Data></ExtendedData><Point><coordinates>-59.493538,-34.540515</coordinates></Point></Placemark>
<Placemark><name>ESTANCIA</name><styleUrl>#s</styleUrl><ExtendedData><Data name="carpeta"><value>65</value></Data><Data name="nombre"><value>ESTANCIA</value></Data><Data name="tipo"><value>CASA</value></Data></ExtendedData><Point><coordinates>-59.477529,-34.528713</coordinates></Point></Placemark>
<Placemark><name>POB. DE JOSE MONSALVO</name><styleUrl>#s</styleUrl><ExtendedData><Data name="carpeta"><value>66</value></Data><Data name="nombre"><value>POB. DE JOSE MONSALVO</value></Data><Data name="tipo"><value>CASA</value></Data></ExtendedData><Point><coordinates>-59.538731,-34.515722</coordinates></Point></Placemark>
<Placemark><name>POBLACION</name><styleUrl>#s</styleUrl><ExtendedData><Data name="carpeta"><value>66</value></Data><Data name="nombre"><value>POBLACION</value></Data><Data name="tipo"><value>CASA</value></Data></ExtendedData><Point><coordinates>-59.551880,-34.511192</coordinates></Point></Placemark>
<Placemark><name>POB. DE FRIAS</name><styleUrl>#s</styleUrl><ExtendedData><Data name="carpeta"><value>66</value></Data><Data name="nombre"><value>POB. DE FRIAS</value></Data><Data name="tipo"><value>CASA</value></Data></ExtendedData><Point><coordinates>-59.593098,-34.499791</coordinates></Point></Placemark>
<Placemark><name>ESTANCIA DE CARRY</name><styleUrl>#s</styleUrl><ExtendedData><Data name="carpeta"><value>66</value></Data><Data name="nombre"><value>ESTANCIA DE CARRY</value></Data><Data name="tipo"><value>CASA</value></Data></ExtendedData><Point><coordinates>-59.594381,-34.493678</coordinates></Point></Placemark>
<Placemark><name>POB. DE CRECENCIO MONSALVO</name><styleUrl>#s</styleUrl><ExtendedData><Data name="carpeta"><value>66</value></Data><Data name="nombre"><value>POB. DE CRECENCIO MONSALVO</value></Data><Data name="tipo"><value>CASA</value></Data></ExtendedData><Point><coordinates>-59.543824,-34.478008</coordinates></Point></Placemark>
<Placemark><name>ESTANCIA</name><styleUrl>#s</styleUrl><ExtendedData><Data name="carpeta"><value>66</value></Data><Data name="nombre"><value>ESTANCIA</value></Data><Data name="tipo"><value>CASA</value></Data></ExtendedData><Point><coordinates>-59.505719,-34.492779</coordinates></Point></Placemark>
<Placemark><name>MORGAN</name><styleUrl>#s</styleUrl><ExtendedData><Data name="carpeta"><value>67</value></Data><Data name="nombre"><value>MORGAN</value></Data><Data name="tipo"><value>CASA</value></Data></ExtendedData><Point><coordinates>-59.504012,-34.355664</coordinates></Point></Placemark>
<Placemark><name>PULPERIA</name><styleUrl>#s</styleUrl><ExtendedData><Data name="carpeta"><value>68</value></Data><Data name="nombre"><value>PULPERIA</value></Data><Data name="tipo"><value>PULPERIA</value></Data></ExtendedData><Point><coordinates>-59.436048,-34.526866</coordinates></Point></Placemark>
<Placemark><name>ESTANCIA DE NUGENT</name><styleUrl>#s</styleUrl><ExtendedData><Data name="carpeta"><value>68</value></Data><Data name="nombre"><value>ESTANCIA DE NUGENT</value></Data><Data name="tipo"><value>CASA</value></Data></ExtendedData><Point><coordinates>-59.438203,-34.515070</coordinates></Point></Placemark>
<Placemark><name>POB. DE DÑA ROMUALDA</name><styleUrl>#s</styleUrl><ExtendedData><Data name="carpeta"><value>68</value></Data><Data name="nombre"><value>POB. DE DÑA ROMUALDA</value></Data><Data name="tipo"><value>CASA</value></Data></ExtendedData><Point><coordinates>-59.425115,-34.482382</coordinates></Point></Placemark>
<Placemark><name>POB. DE CUCULLU</name><styleUrl>#s</styleUrl><ExtendedData><Data name="carpeta"><value>68</value></Data><Data name="nombre"><value>POB. DE CUCULLU</value></Data><Data name="tipo"><value>CASA</value></Data></ExtendedData><Point><coordinates>-59.435331,-34.479388</coordinates></Point></Placemark>
<Placemark><name>ESTANCIA</name><styleUrl>#s</styleUrl><ExtendedData><Data name="carpeta"><value>69</value></Data><Data name="nombre"><value>ESTANCIA</value></Data><Data name="tipo"><value>CASA</value></Data></ExtendedData><Point><coordinates>-59.363063,-34.292946</coordinates></Point></Placemark>
<Placemark><name>PUESTO</name><styleUrl>#s</styleUrl><ExtendedData><Data name="carpeta"><value>69</value></Data><Data name="nombre"><value>PUESTO</value></Data><Data name="tipo"><value>PUESTO</value></Data></ExtendedData><Point><coordinates>-59.370473,-34.293485</coordinates></Point></Placemark>
<Placemark><name>PUESTO</name><styleUrl>#s</styleUrl><ExtendedData><Data name="carpeta"><value>69</value></Data><Data name="nombre"><value>PUESTO</value></Data><Data name="tipo"><value>PUESTO</value></Data></ExtendedData><Point><coordinates>-59.343075,-34.302214</coordinates></Point></Placemark>
<Placemark><name>PUESTO</name><styleUrl>#s</styleUrl><ExtendedData><Data name="carpeta"><value>69</value></Data><Data name="nombre"><value>PUESTO</value></Data><Data name="tipo"><value>PUESTO</value></Data></ExtendedData><Point><coordinates>-59.356016,-34.312587</coordinates></Point></Placemark>
<Placemark><name>PUESTO</name><styleUrl>#s</styleUrl><ExtendedData><Data name="carpeta"><value>68</value></Data><Data name="nombre"><value>PUESTO</value></Data><Data name="tipo"><value>PUESTO</value></Data></ExtendedData><Point><coordinates>-59.318302,-34.305657</coordinates></Point></Placemark>
<Placemark><name>PUESTO</name><styleUrl>#s</styleUrl><ExtendedData><Data name="carpeta"><value>69</value></Data><Data name="nombre"><value>PUESTO</value></Data><Data name="tipo"><value>PUESTO</value></Data></ExtendedData><Point><coordinates>-59.310820,-34.292663</coordinates></Point></Placemark>
<Placemark><name>SIN IDENTIFICAR</name><styleUrl>#s</styleUrl><ExtendedData><Data name="carpeta"><value>69</value></Data><Data name="nombre"><value>SIN IDENTIFICAR</value></Data><Data name="tipo"><value>CASA S/I</value></Data></ExtendedData><Point><coordinates>-59.341861,-34.300920</coordinates></Point></Placemark>
<Placemark><name>PUESTO</name><styleUrl>#s</styleUrl><ExtendedData><Data name="carpeta"><value>69</value></Data><Data name="nombre"><value>PUESTO</value></Data><Data name="tipo"><value>PUESTO</value></Data></ExtendedData><Point><coordinates>-59.333106,-34.324796</coordinates></Point></Placemark>
<Placemark><name>PUESTO</name><styleUrl>#s</styleUrl><ExtendedData><Data name="carpeta"><value>69</value></Data><Data name="nombre"><value>PUESTO</value></Data><Data name="tipo"><value>PUESTO</value></Data></ExtendedData><Point><coordinates>-59.295485,-34.320054</coordinates></Point></Placemark>
<Placemark><name>PUESTO</name><styleUrl>#s</styleUrl><ExtendedData><Data name="carpeta"><value>69</value></Data><Data name="nombre"><value>PUESTO</value></Data><Data name="tipo"><value>PUESTO</value></Data></ExtendedData><Point><coordinates>-59.284346,-34.311582</coordinates></Point></Placemark>
<Placemark><name>PUESTO</name><styleUrl>#s</styleUrl><ExtendedData><Data name="carpeta"><value>69</value></Data><Data name="nombre"><value>PUESTO</value></Data><Data name="tipo"><value>PUESTO</value></Data></ExtendedData><Point><coordinates>-59.294132,-34.301442</coordinates></Point></Placemark>
<Placemark><name>PUESTO</name><styleUrl>#s</styleUrl><ExtendedData><Data name="carpeta"><value>69</value></Data><Data name="nombre"><value>PUESTO</value></Data><Data name="tipo"><value>PUESTO</value></Data></ExtendedData><Point><coordinates>-59.306725,-34.330541</coordinates></Point></Placemark>
<Placemark><name>PUESTO</name><styleUrl>#s</styleUrl><ExtendedData><Data name="carpeta"><value>69</value></Data><Data name="nombre"><value>PUESTO</value></Data><Data name="tipo"><value>PUESTO</value></Data></ExtendedData><Point><coordinates>-59.325384,-34.334163</coordinates></Point></Placemark>
<Placemark><name>PUESTO</name><styleUrl>#s</styleUrl><ExtendedData><Data name="carpeta"><value>69</value></Data><Data name="nombre"><value>PUESTO</value></Data><Data name="tipo"><value>PUESTO</value></Data></ExtendedData><Point><coordinates>-59.334417,-34.328131</coordinates></Point></Placemark>
<Placemark><name>PUESTO</name><styleUrl>#s</styleUrl><ExtendedData><Data name="carpeta"><value>69</value></Data><Data name="nombre"><value>PUESTO</value></Data><Data name="tipo"><value>PUESTO</value></Data></ExtendedData><Point><coordinates>-59.311847,-34.337129</coordinates></Point></Placemark>
<Placemark><name>PUESTO</name><styleUrl>#s</styleUrl><ExtendedData><Data name="carpeta"><value>69</value></Data><Data name="nombre"><value>PUESTO</value></Data><Data name="tipo"><value>PUESTO</value></Data></ExtendedData><Point><coordinates>-59.308940,-34.347400</coordinates></Point></Placemark>
<Placemark><name>PUESTO</name><styleUrl>#s</styleUrl><ExtendedData><Data name="carpeta"><value>69</value></Data><Data name="nombre"><value>PUESTO</value></Data><Data name="tipo"><value>PUESTO</value></Data></ExtendedData><Point><coordinates>-59.290823,-34.356002</coordinates></Point></Placemark>
<Placemark><name>PUESTO</name><styleUrl>#s</styleUrl><ExtendedData><Data name="carpeta"><value>71</value></Data><Data name="nombre"><value>PUESTO</value></Data><Data name="tipo"><value>PUESTO</value></Data></ExtendedData><Point><coordinates>-59.350333,-34.319358</coordinates></Point></Placemark>
<Placemark><name>PUESTO</name><styleUrl>#s</styleUrl><ExtendedData><Data name="carpeta"><value>71</value></Data><Data name="nombre"><value>PUESTO</value></Data><Data name="tipo"><value>PUESTO</value></Data></ExtendedData><Point><coordinates>-59.354031,-34.315085</coordinates></Point></Placemark>
<Placemark><name>PULPERIA</name><styleUrl>#s</styleUrl><ExtendedData><Data name="carpeta"><value>71</value></Data><Data name="nombre"><value>PULPERIA</value></Data><Data name="tipo"><value>PULPERIA</value></Data></ExtendedData><Point><coordinates>-59.356994,-34.322315</coordinates></Point></Placemark>
<Placemark><name>PUESTO</name><styleUrl>#s</styleUrl><ExtendedData><Data name="carpeta"><value>73</value></Data><Data name="nombre"><value>PUESTO</value></Data><Data name="tipo"><value>PUESTO</value></Data></ExtendedData><Point><coordinates>-59.304537,-34.435512</coordinates></Point></Placemark>
<Placemark><name>BELLO</name><styleUrl>#s</styleUrl><ExtendedData><Data name="carpeta"><value>74</value></Data><Data name="nombre"><value>BELLO</value></Data><Data name="tipo"><value>CASA</value></Data></ExtendedData><Point><coordinates>-59.527874,-34.607089</coordinates></Point></Placemark>
<Placemark><name>COLMENERO</name><styleUrl>#s</styleUrl><ExtendedData><Data name="carpeta"><value>74</value></Data><Data name="nombre"><value>COLMENERO</value></Data><Data name="tipo"><value>CASA</value></Data></ExtendedData><Point><coordinates>-59.523777,-34.576926</coordinates></Point></Placemark>
<Placemark><name>GANZETI</name><styleUrl>#s</styleUrl><ExtendedData><Data name="carpeta"><value>74</value></Data><Data name="nombre"><value>GANZETI</value></Data><Data name="tipo"><value>CASA</value></Data></ExtendedData><Point><coordinates>-59.504731,-34.560060</coordinates></Point></Placemark>
<Placemark><name>CABALLERO</name><styleUrl>#s</styleUrl><ExtendedData><Data name="carpeta"><value>74</value></Data><Data name="nombre"><value>CABALLERO</value></Data><Data name="tipo"><value>CASA</value></Data></ExtendedData><Point><coordinates>-59.469419,-34.563918</coordinates></Point></Placemark>
<Placemark><name>ACUÑA</name><styleUrl>#s</styleUrl><ExtendedData><Data name="carpeta"><value>74</value></Data><Data name="nombre"><value>ACUÑA</value></Data><Data name="tipo"><value>CASA</value></Data></ExtendedData><Point><coordinates>-59.472005,-34.532351</coordinates></Point></Placemark>
<Placemark><name>D. CARLOS</name><styleUrl>#s</styleUrl><ExtendedData><Data name="carpeta"><value>74</value></Data><Data name="nombre"><value>D. CARLOS</value></Data><Data name="tipo"><value>CASA</value></Data></ExtendedData><Point><coordinates>-59.583391,-34.558010</coordinates></Point></Placemark>
<Placemark><name>ACUÑA</name><styleUrl>#s</styleUrl><ExtendedData><Data name="carpeta"><value>74</value></Data><Data name="nombre"><value>ACUÑA</value></Data><Data name="tipo"><value>CASA</value></Data></ExtendedData><Point><coordinates>-59.591645,-34.535618</coordinates></Point></Placemark>
<Placemark><name>LIMA</name><styleUrl>#s</styleUrl><ExtendedData><Data name="carpeta"><value>74</value></Data><Data name="nombre"><value>LIMA</value></Data><Data name="tipo"><value>CASA</value></Data></ExtendedData><Point><coordinates>-59.624911,-34.543875</coordinates></Point></Placemark>
<Placemark><name>ECHEVERRIA</name><styleUrl>#s</styleUrl><ExtendedData><Data name="carpeta"><value>74</value></Data><Data name="nombre"><value>ECHEVERRIA</value></Data><Data name="tipo"><value>CASA</value></Data></ExtendedData><Point><coordinates>-59.627639,-34.520187</coordinates></Point></Placemark>
<Placemark><name>GOMEZ</name><styleUrl>#s</styleUrl><ExtendedData><Data name="carpeta"><value>74</value></Data><Data name="nombre"><value>GOMEZ</value></Data><Data name="tipo"><value>CASA</value></Data></ExtendedData><Point><coordinates>-59.546660,-34.515906</coordinates></Point></Placemark>
<Placemark><name>ROMERO</name><styleUrl>#s</styleUrl><ExtendedData><Data name="carpeta"><value>74</value></Data><Data name="nombre"><value>ROMERO</value></Data><Data name="tipo"><value>CASA</value></Data></ExtendedData><Point><coordinates>-59.554455,-34.513072</coordinates></Point></Placemark>
<Placemark><name>ALMIRON</name><styleUrl>#s</styleUrl><ExtendedData><Data name="carpeta"><value>74</value></Data><Data name="nombre"><value>ALMIRON</value></Data><Data name="tipo"><value>CASA</value></Data></ExtendedData><Point><coordinates>-59.530722,-34.480606</coordinates></Point></Placemark>
<Placemark><name>BRAVO</name><styleUrl>#s</styleUrl><ExtendedData><Data name="carpeta"><value>74</value></Data><Data name="nombre"><value>BRAVO</value></Data><Data name="tipo"><value>CASA</value></Data></ExtendedData><Point><coordinates>-59.553620,-34.480513</coordinates></Point></Placemark>
<Placemark><name>DÑA. JOSEFA DIAZ DE MARTINEZ</name><styleUrl>#s</styleUrl><ExtendedData><Data name="carpeta"><value>75</value></Data><Data name="nombre"><value>DÑA. JOSEFA DIAZ DE MARTINEZ</value></Data><Data name="tipo"><value>CASA</value></Data></ExtendedData><Point><coordinates>-59.532704,-34.538250</coordinates></Point></Placemark>
<Placemark><name>BRES</name><styleUrl>#s</styleUrl><ExtendedData><Data name="carpeta"><value>75</value></Data><Data name="nombre"><value>BRES</value></Data><Data name="tipo"><value>CASA</value></Data></ExtendedData><Point><coordinates>-59.504547,-34.540381</coordinates></Point></Placemark>
<Placemark><name>NARCISO MARTINEZ</name><styleUrl>#s</styleUrl><ExtendedData><Data name="carpeta"><value>75</value></Data><Data name="nombre"><value>NARCISO MARTINEZ</value></Data><Data name="tipo"><value>CASA</value></Data></ExtendedData><Point><coordinates>-59.502448,-34.558904</coordinates></Point></Placemark>
<Placemark><name>CASTRO</name><styleUrl>#s</styleUrl><ExtendedData><Data name="carpeta"><value>75</value></Data><Data name="nombre"><value>CASTRO</value></Data><Data name="tipo"><value>CASA</value></Data></ExtendedData><Point><coordinates>-59.512185,-34.579765</coordinates></Point></Placemark>
<Placemark><name>MONTE DE AVILA</name><styleUrl>#s</styleUrl><ExtendedData><Data name="carpeta"><value>75</value></Data><Data name="nombre"><value>MONTE DE AVILA</value></Data><Data name="tipo"><value>CASA</value></Data></ExtendedData><Point><coordinates>-59.538701,-34.571926</coordinates></Point></Placemark>
<Placemark><name>DÑA. CORNEJO</name><styleUrl>#s</styleUrl><ExtendedData><Data name="carpeta"><value>75</value></Data><Data name="nombre"><value>DÑA. CORNEJO</value></Data><Data name="tipo"><value>CASA</value></Data></ExtendedData><Point><coordinates>-59.516586,-34.596597</coordinates></Point></Placemark>
<Placemark><name>PUESTO</name><styleUrl>#s</styleUrl><ExtendedData><Data name="carpeta"><value>75</value></Data><Data name="nombre"><value>PUESTO</value></Data><Data name="tipo"><value>PUESTO</value></Data></ExtendedData><Point><coordinates>-59.498412,-34.573222</coordinates></Point></Placemark>
<Placemark><name>J.M. RODRIGUEZ</name><styleUrl>#s</styleUrl><ExtendedData><Data name="carpeta"><value>76</value></Data><Data name="nombre"><value>J.M. RODRIGUEZ</value></Data><Data name="tipo"><value>CASA</value></Data></ExtendedData><Point><coordinates>-59.613646,-34.570407</coordinates></Point></Placemark>
<Placemark><name>M. PONCE</name><styleUrl>#s</styleUrl><ExtendedData><Data name="carpeta"><value>76</value></Data><Data name="nombre"><value>M. PONCE</value></Data><Data name="tipo"><value>CASA</value></Data></ExtendedData><Point><coordinates>-59.650640,-34.556488</coordinates></Point></Placemark>
<Placemark><name>POB. DE RODRIGUEZ</name><styleUrl>#s</styleUrl><ExtendedData><Data name="carpeta"><value>77</value></Data><Data name="nombre"><value>POB. DE RODRIGUEZ</value></Data><Data name="tipo"><value>CASA</value></Data></ExtendedData><Point><coordinates>-59.610253,-34.571529</coordinates></Point></Placemark>
<Placemark><name>POB. DE ACEYTIINO</name><styleUrl>#s</styleUrl><ExtendedData><Data name="carpeta"><value>77</value></Data><Data name="nombre"><value>POB. DE ACEYTIINO</value></Data><Data name="tipo"><value>CASA</value></Data></ExtendedData><Point><coordinates>-59.594057,-34.581732</coordinates></Point></Placemark>
<Placemark><name>AZOTEA DE TORMY</name><styleUrl>#s</styleUrl><ExtendedData><Data name="carpeta"><value>79</value></Data><Data name="nombre"><value>AZOTEA DE TORMY</value></Data><Data name="tipo"><value>CASA</value></Data></ExtendedData><Point><coordinates>-59.201123,-34.374260</coordinates></Point></Placemark>
<Placemark><name>RANCHO DE DÑA. JUSTINA MARTINEZ</name><styleUrl>#s</styleUrl><ExtendedData><Data name="carpeta"><value>79</value></Data><Data name="nombre"><value>RANCHO DE DÑA. JUSTINA MARTINEZ</value></Data><Data name="tipo"><value>RANCHO</value></Data></ExtendedData><Point><coordinates>-59.203796,-34.379973</coordinates></Point></Placemark>
<Placemark><name>DÑA. AGUEDA MONTENEGRO</name><styleUrl>#s</styleUrl><ExtendedData><Data name="carpeta"><value>77</value></Data><Data name="nombre"><value>DÑA. AGUEDA MONTENEGRO</value></Data><Data name="tipo"><value>CASA</value></Data></ExtendedData><Point><coordinates>-59.200015,-34.354046</coordinates></Point></Placemark>
<Placemark><name>RANCHOS DE MAURICIO SANCHEZ</name><styleUrl>#s</styleUrl><ExtendedData><Data name="carpeta"><value>79</value></Data><Data name="nombre"><value>RANCHOS DE MAURICIO SANCHEZ</value></Data><Data name="tipo"><value>RANCHO</value></Data></ExtendedData><Point><coordinates>-59.244115,-34.333278</coordinates></Point></Placemark>
<Placemark><name>RANCHO DE DN. JUAN HARINTON</name><styleUrl>#s</styleUrl><ExtendedData><Data name="carpeta"><value>79</value></Data><Data name="nombre"><value>RANCHO DE DN. JUAN HARINTON</value></Data><Data name="tipo"><value>RANCHO</value></Data></ExtendedData><Point><coordinates>-59.259499,-34.328844</coordinates></Point></Placemark>
<Placemark><name>RANCHO DE DN. PEDRO EGUINO</name><styleUrl>#s</styleUrl><ExtendedData><Data name="carpeta"><value>79</value></Data><Data name="nombre"><value>RANCHO DE DN. PEDRO EGUINO</value></Data><Data name="tipo"><value>RANCHO</value></Data></ExtendedData><Point><coordinates>-59.263334,-34.342343</coordinates></Point></Placemark>
<Placemark><name>RANCHOS Y CORRAL DE DN. PEDRO TORRES</name><styleUrl>#s</styleUrl><ExtendedData><Data name="carpeta"><value>79</value></Data><Data name="nombre"><value>RANCHOS Y CORRAL DE DN. PEDRO TORRES</value></Data><Data name="tipo"><value>RANCHO</value></Data></ExtendedData><Point><coordinates>-59.252995,-34.361945</coordinates></Point></Placemark>
<Placemark><name>PUESTO</name><styleUrl>#s</styleUrl><ExtendedData><Data name="carpeta"><value>81</value></Data><Data name="nombre"><value>PUESTO</value></Data><Data name="tipo"><value>PUESTO</value></Data></ExtendedData><Point><coordinates>-59.255486,-34.325299</coordinates></Point></Placemark>
<Placemark><name>PUESTO</name><styleUrl>#s</styleUrl><ExtendedData><Data name="carpeta"><value>81</value></Data><Data name="nombre"><value>PUESTO</value></Data><Data name="tipo"><value>PUESTO</value></Data></ExtendedData><Point><coordinates>-59.242518,-34.336787</coordinates></Point></Placemark>
<Placemark><name>PUESTO</name><styleUrl>#s</styleUrl><ExtendedData><Data name="carpeta"><value>81</value></Data><Data name="nombre"><value>PUESTO</value></Data><Data name="tipo"><value>PUESTO</value></Data></ExtendedData><Point><coordinates>-59.246870,-34.340451</coordinates></Point></Placemark>
<Placemark><name>PUESTO</name><styleUrl>#s</styleUrl><ExtendedData><Data name="carpeta"><value>81</value></Data><Data name="nombre"><value>PUESTO</value></Data><Data name="tipo"><value>PUESTO</value></Data></ExtendedData><Point><coordinates>-59.243403,-34.346278</coordinates></Point></Placemark>
<Placemark><name>PUESTO</name><styleUrl>#s</styleUrl><ExtendedData><Data name="carpeta"><value>81</value></Data><Data name="nombre"><value>PUESTO</value></Data><Data name="tipo"><value>PUESTO</value></Data></ExtendedData><Point><coordinates>-59.235552,-34.350320</coordinates></Point></Placemark>
<Placemark><name>PUESTO</name><styleUrl>#s</styleUrl><ExtendedData><Data name="carpeta"><value>81</value></Data><Data name="nombre"><value>PUESTO</value></Data><Data name="tipo"><value>PUESTO</value></Data></ExtendedData><Point><coordinates>-59.213866,-34.360181</coordinates></Point></Placemark>
<Placemark><name>PUESTO DE ACUÑA</name><styleUrl>#s</styleUrl><ExtendedData><Data name="carpeta"><value>82</value></Data><Data name="nombre"><value>PUESTO DE ACUÑA</value></Data><Data name="tipo"><value>PUESTO</value></Data></ExtendedData><Point><coordinates>-59.492656,-34.504589</coordinates></Point></Placemark>
<Placemark><name>ANTONIO SILVA</name><styleUrl>#s</styleUrl><ExtendedData><Data name="carpeta"><value>83</value></Data><Data name="nombre"><value>ANTONIO SILVA</value></Data><Data name="tipo"><value>CASA</value></Data></ExtendedData><Point><coordinates>-59.393694,-34.399784</coordinates></Point></Placemark>
<Placemark><name>MELITON RODRIGUEZ</name><styleUrl>#s</styleUrl><ExtendedData><Data name="carpeta"><value>83</value></Data><Data name="nombre"><value>MELITON RODRIGUEZ</value></Data><Data name="tipo"><value>CASA</value></Data></ExtendedData><Point><coordinates>-59.377997,-34.396002</coordinates></Point></Placemark>
<Placemark><name>NOLLAN</name><styleUrl>#s</styleUrl><ExtendedData><Data name="carpeta"><value>84</value></Data><Data name="nombre"><value>NOLLAN</value></Data><Data name="tipo"><value>CASA</value></Data></ExtendedData><Point><coordinates>-59.666271,-34.487910</coordinates></Point></Placemark>
<Placemark><name>MARTINEZ</name><styleUrl>#s</styleUrl><ExtendedData><Data name="carpeta"><value>84</value></Data><Data name="nombre"><value>MARTINEZ</value></Data><Data name="tipo"><value>CASA</value></Data></ExtendedData><Point><coordinates>-59.647738,-34.502676</coordinates></Point></Placemark>
<Placemark><name>MARTINEZ</name><styleUrl>#s</styleUrl><ExtendedData><Data name="carpeta"><value>84</value></Data><Data name="nombre"><value>MARTINEZ</value></Data><Data name="tipo"><value>CASA</value></Data></ExtendedData><Point><coordinates>-59.638546,-34.488070</coordinates></Point></Placemark>
<Placemark><name>PUESTO</name><styleUrl>#s</styleUrl><ExtendedData><Data name="carpeta"><value>84</value></Data><Data name="nombre"><value>PUESTO</value></Data><Data name="tipo"><value>PUESTO</value></Data></ExtendedData><Point><coordinates>-59.658150,-34.475217</coordinates></Point></Placemark>
<Placemark><name>PUESTO</name><styleUrl>#s</styleUrl><ExtendedData><Data name="carpeta"><value>84</value></Data><Data name="nombre"><value>PUESTO</value></Data><Data name="tipo"><value>PUESTO</value></Data></ExtendedData><Point><coordinates>-59.644299,-34.464445</coordinates></Point></Placemark>
<Placemark><name>RAIT</name><styleUrl>#s</styleUrl><ExtendedData><Data name="carpeta"><value>84</value></Data><Data name="nombre"><value>RAIT</value></Data><Data name="tipo"><value>CASA</value></Data></ExtendedData><Point><coordinates>-59.638875,-34.461866</coordinates></Point></Placemark>
<Placemark><name>ESTANCIA</name><styleUrl>#s</styleUrl><ExtendedData><Data name="carpeta"><value>84</value></Data><Data name="nombre"><value>ESTANCIA</value></Data><Data name="tipo"><value>CASA</value></Data></ExtendedData><Point><coordinates>-59.625879,-34.473027</coordinates></Point></Placemark>
<Placemark><name>PUESTO</name><styleUrl>#s</styleUrl><ExtendedData><Data name="carpeta"><value>84</value></Data><Data name="nombre"><value>PUESTO</value></Data><Data name="tipo"><value>PUESTO</value></Data></ExtendedData><Point><coordinates>-59.623888,-34.449106</coordinates></Point></Placemark>
<Placemark><name>CORNICK</name><styleUrl>#s</styleUrl><ExtendedData><Data name="carpeta"><value>84</value></Data><Data name="nombre"><value>CORNICK</value></Data><Data name="tipo"><value>CASA</value></Data></ExtendedData><Point><coordinates>-59.610938,-34.454074</coordinates></Point></Placemark>
<Placemark><name>PUESTO</name><styleUrl>#s</styleUrl><ExtendedData><Data name="carpeta"><value>84</value></Data><Data name="nombre"><value>PUESTO</value></Data><Data name="tipo"><value>PUESTO</value></Data></ExtendedData><Point><coordinates>-59.597470,-34.455555</coordinates></Point></Placemark>
<Placemark><name>POBLACION</name><styleUrl>#s</styleUrl><ExtendedData><Data name="carpeta"><value>85</value></Data><Data name="nombre"><value>POBLACION</value></Data><Data name="tipo"><value>CASA</value></Data></ExtendedData><Point><coordinates>-59.634509,-34.605519</coordinates></Point></Placemark>
<Placemark><name>POBLACION</name><styleUrl>#s</styleUrl><ExtendedData><Data name="carpeta"><value>85</value></Data><Data name="nombre"><value>POBLACION</value></Data><Data name="tipo"><value>CASA</value></Data></ExtendedData><Point><coordinates>-59.650907,-34.591200</coordinates></Point></Placemark>
<Placemark><name>POBLACION</name><styleUrl>#s</styleUrl><ExtendedData><Data name="carpeta"><value>85</value></Data><Data name="nombre"><value>POBLACION</value></Data><Data name="tipo"><value>CASA</value></Data></ExtendedData><Point><coordinates>-59.654804,-34.586059</coordinates></Point></Placemark>
<Placemark><name>POBLACION</name><styleUrl>#s</styleUrl><ExtendedData><Data name="carpeta"><value>85</value></Data><Data name="nombre"><value>POBLACION</value></Data><Data name="tipo"><value>CASA</value></Data></ExtendedData><Point><coordinates>-59.667089,-34.577507</coordinates></Point></Placemark>
<Placemark><name>POBLACION DE Z. COSTA</name><styleUrl>#s</styleUrl><ExtendedData><Data name="carpeta"><value>85</value></Data><Data name="nombre"><value>POBLACION DE Z. COSTA</value></Data><Data name="tipo"><value>CASA</value></Data></ExtendedData><Point><coordinates>-59.679484,-34.564408</coordinates></Point></Placemark>
<Placemark><name>PUESTO DE COSTA</name><styleUrl>#s</styleUrl><ExtendedData><Data name="carpeta"><value>85</value></Data><Data name="nombre"><value>PUESTO DE COSTA</value></Data><Data name="tipo"><value>PUESTO</value></Data></ExtendedData><Point><coordinates>-59.656436,-34.560231</coordinates></Point></Placemark>
<Placemark><name>POBLACION</name><styleUrl>#s</styleUrl><ExtendedData><Data name="carpeta"><value>85</value></Data><Data name="nombre"><value>POBLACION</value></Data><Data name="tipo"><value>CASA</value></Data></ExtendedData><Point><coordinates>-59.669762,-34.562236</coordinates></Point></Placemark>
<Placemark><name>POB. DE HERED. DE S. LIMA</name><styleUrl>#s</styleUrl><ExtendedData><Data name="carpeta"><value>85</value></Data><Data name="nombre"><value>POB. DE HERED. DE S. LIMA</value></Data><Data name="tipo"><value>CASA</value></Data></ExtendedData><Point><coordinates>-59.650246,-34.565145</coordinates></Point></Placemark>
<Placemark><name>POBLACION</name><styleUrl>#s</styleUrl><ExtendedData><Data name="carpeta"><value>85</value></Data><Data name="nombre"><value>POBLACION</value></Data><Data name="tipo"><value>CASA</value></Data></ExtendedData><Point><coordinates>-59.644946,-34.561225</coordinates></Point></Placemark>
<Placemark><name>PUESTO DE COSTA</name><styleUrl>#s</styleUrl><ExtendedData><Data name="carpeta"><value>85</value></Data><Data name="nombre"><value>PUESTO DE COSTA</value></Data><Data name="tipo"><value>PUESTO</value></Data></ExtendedData><Point><coordinates>-59.672024,-34.553630</coordinates></Point></Placemark>
<Placemark><name>EVARISTO BUSTOS</name><styleUrl>#s</styleUrl><ExtendedData><Data name="carpeta"><value>85</value></Data><Data name="nombre"><value>EVARISTO BUSTOS</value></Data><Data name="tipo"><value>CASA</value></Data></ExtendedData><Point><coordinates>-59.669494,-34.548492</coordinates></Point></Placemark>
<Placemark><name>MARCOS SARMIENTO</name><styleUrl>#s</styleUrl><ExtendedData><Data name="carpeta"><value>86</value></Data><Data name="nombre"><value>MARCOS SARMIENTO</value></Data><Data name="tipo"><value>CASA</value></Data></ExtendedData><Point><coordinates>-59.469070,-34.502064</coordinates></Point></Placemark>
<Placemark><name>FELIS LESCANO</name><styleUrl>#s</styleUrl><ExtendedData><Data name="carpeta"><value>85</value></Data><Data name="nombre"><value>FELIS LESCANO</value></Data><Data name="tipo"><value>CASA</value></Data></ExtendedData><Point><coordinates>-59.465227,-34.487224</coordinates></Point></Placemark>
<Placemark><name>PULPERIA</name><styleUrl>#s</styleUrl><ExtendedData><Data name="carpeta"><value>85</value></Data><Data name="nombre"><value>PULPERIA</value></Data><Data name="tipo"><value>PULPERIA</value></Data></ExtendedData><Point><coordinates>-59.475486,-34.487359</coordinates></Point></Placemark>
<Placemark><name>PUESTO DE MEZQUITA</name><styleUrl>#s</styleUrl><ExtendedData><Data name="carpeta"><value>86</value></Data><Data name="nombre"><value>PUESTO DE MEZQUITA</value></Data><Data name="tipo"><value>PUESTO</value></Data></ExtendedData><Point><coordinates>-59.444143,-34.475346</coordinates></Point></Placemark>
<Placemark><name>MONTE (SIN IDENTIFICAR)</name><styleUrl>#s</styleUrl><ExtendedData><Data name="carpeta"><value>86</value></Data><Data name="nombre"><value>MONTE (SIN IDENTIFICAR)</value></Data><Data name="tipo"><value>MONTE</value></Data></ExtendedData><Point><coordinates>-59.457715,-34.472223</coordinates></Point></Placemark>
<Placemark><name>PUESTO RODRIGUEZ</name><styleUrl>#s</styleUrl><ExtendedData><Data name="carpeta"><value>86</value></Data><Data name="nombre"><value>PUESTO RODRIGUEZ</value></Data><Data name="tipo"><value>PUESTO</value></Data></ExtendedData><Point><coordinates>-59.465640,-34.469146</coordinates></Point></Placemark>
<Placemark><name>PUESTO DE CUCULLO</name><styleUrl>#s</styleUrl><ExtendedData><Data name="carpeta"><value>86</value></Data><Data name="nombre"><value>PUESTO DE CUCULLO</value></Data><Data name="tipo"><value>PUESTO</value></Data></ExtendedData><Point><coordinates>-59.454666,-34.466199</coordinates></Point></Placemark>
<Placemark><name>POB. DE QUEVEDO</name><styleUrl>#s</styleUrl><ExtendedData><Data name="carpeta"><value>87</value></Data><Data name="nombre"><value>POB. DE QUEVEDO</value></Data><Data name="tipo"><value>CASA</value></Data></ExtendedData><Point><coordinates>-59.270093,-34.464986</coordinates></Point></Placemark>
<Placemark><name>P. P. QUEVEDO</name><styleUrl>#s</styleUrl><ExtendedData><Data name="carpeta"><value>87</value></Data><Data name="nombre"><value>P. P. QUEVEDO</value></Data><Data name="tipo"><value>CASA</value></Data></ExtendedData><Point><coordinates>-59.281242,-34.460211</coordinates></Point></Placemark>
<Placemark><name>P. DE P. FLORES DE QUEVEDO</name><styleUrl>#s</styleUrl><ExtendedData><Data name="carpeta"><value>87</value></Data><Data name="nombre"><value>P. DE P. FLORES DE QUEVEDO</value></Data><Data name="tipo"><value>CASA</value></Data></ExtendedData><Point><coordinates>-59.283624,-34.451102</coordinates></Point></Placemark>
<Placemark><name>RODRIGUEZ</name><styleUrl>#s</styleUrl><ExtendedData><Data name="carpeta"><value>88</value></Data><Data name="nombre"><value>RODRIGUEZ</value></Data><Data name="tipo"><value>CASA</value></Data></ExtendedData><Point><coordinates>-59.304567,-34.416603</coordinates></Point></Placemark>
<Placemark><name>CONTRERAS</name><styleUrl>#s</styleUrl><ExtendedData><Data name="carpeta"><value>88</value></Data><Data name="nombre"><value>CONTRERAS</value></Data><Data name="tipo"><value>CASA</value></Data></ExtendedData><Point><coordinates>-59.304355,-34.414503</coordinates></Point></Placemark>
<Placemark><name>A. ORMAECHEA</name><styleUrl>#s</styleUrl><ExtendedData><Data name="carpeta"><value>88</value></Data><Data name="nombre"><value>A. ORMAECHEA</value></Data><Data name="tipo"><value>CASA</value></Data></ExtendedData><Point><coordinates>-59.297024,-34.413579</coordinates></Point></Placemark>
<Placemark><name>P. RONAN</name><styleUrl>#s</styleUrl><ExtendedData><Data name="carpeta"><value>88</value></Data><Data name="nombre"><value>P. RONAN</value></Data><Data name="tipo"><value>CASA</value></Data></ExtendedData><Point><coordinates>-59.308350,-34.411640</coordinates></Point></Placemark>
<Placemark><name>PUESTO</name><styleUrl>#s</styleUrl><ExtendedData><Data name="carpeta"><value>88</value></Data><Data name="nombre"><value>PUESTO</value></Data><Data name="tipo"><value>PUESTO</value></Data></ExtendedData><Point><coordinates>-59.321004,-34.409103</coordinates></Point></Placemark>
<Placemark><name>V. GOMEZ</name><styleUrl>#s</styleUrl><ExtendedData><Data name="carpeta"><value>88</value></Data><Data name="nombre"><value>V. GOMEZ</value></Data><Data name="tipo"><value>CASA</value></Data></ExtendedData><Point><coordinates>-59.333214,-34.400727</coordinates></Point></Placemark>
<Placemark><name>PUESTO</name><styleUrl>#s</styleUrl><ExtendedData><Data name="carpeta"><value>88</value></Data><Data name="nombre"><value>PUESTO</value></Data><Data name="tipo"><value>PUESTO</value></Data></ExtendedData><Point><coordinates>-59.340921,-34.393995</coordinates></Point></Placemark>
<Placemark><name>PUESTO DEL BASCO</name><styleUrl>#s</styleUrl><ExtendedData><Data name="carpeta"><value>88</value></Data><Data name="nombre"><value>PUESTO DEL BASCO</value></Data><Data name="tipo"><value>PUESTO</value></Data></ExtendedData><Point><coordinates>-59.333170,-34.384556</coordinates></Point></Placemark>
<Placemark><name>S. BYRNS</name><styleUrl>#s</styleUrl><ExtendedData><Data name="carpeta"><value>88</value></Data><Data name="nombre"><value>S. BYRNS</value></Data><Data name="tipo"><value>CASA</value></Data></ExtendedData><Point><coordinates>-59.331157,-34.400337</coordinates></Point></Placemark>
<Placemark><name>ARNULFO TISEIRA</name><styleUrl>#s</styleUrl><ExtendedData><Data name="carpeta"><value>88</value></Data><Data name="nombre"><value>ARNULFO TISEIRA</value></Data><Data name="tipo"><value>CASA</value></Data></ExtendedData><Point><coordinates>-59.340124,-34.376959</coordinates></Point></Placemark>
<Placemark><name>PUESTO</name><styleUrl>#s</styleUrl><ExtendedData><Data name="carpeta"><value>88</value></Data><Data name="nombre"><value>PUESTO</value></Data><Data name="tipo"><value>PUESTO</value></Data></ExtendedData><Point><coordinates>-59.354394,-34.382282</coordinates></Point></Placemark>
<Placemark><name>PUESTO (SAUCOS)</name><styleUrl>#s</styleUrl><ExtendedData><Data name="carpeta"><value>88</value></Data><Data name="nombre"><value>PUESTO (SAUCOS)</value></Data><Data name="tipo"><value>PUESTO</value></Data></ExtendedData><Point><coordinates>-59.357945,-34.364064</coordinates></Point></Placemark>
<Placemark><name>PUESTO</name><styleUrl>#s</styleUrl><ExtendedData><Data name="carpeta"><value>88</value></Data><Data name="nombre"><value>PUESTO</value></Data><Data name="tipo"><value>PUESTO</value></Data></ExtendedData><Point><coordinates>-59.373797,-34.367409</coordinates></Point></Placemark>
<Placemark><name>CHEYRA</name><styleUrl>#s</styleUrl><ExtendedData><Data name="carpeta"><value>88</value></Data><Data name="nombre"><value>CHEYRA</value></Data><Data name="tipo"><value>CASA</value></Data></ExtendedData><Point><coordinates>-59.371499,-34.370030</coordinates></Point></Placemark>
<Placemark><name>MAGADAN PULPERIA</name><styleUrl>#s</styleUrl><ExtendedData><Data name="carpeta"><value>88</value></Data><Data name="nombre"><value>MAGADAN PULPERIA</value></Data><Data name="tipo"><value>PULPERIA</value></Data></ExtendedData><Point><coordinates>-59.371240,-34.353119</coordinates></Point></Placemark>
<Placemark><name>LORENZO TISEIRA</name><styleUrl>#s</styleUrl><ExtendedData><Data name="carpeta"><value>88</value></Data><Data name="nombre"><value>LORENZO TISEIRA</value></Data><Data name="tipo"><value>CASA</value></Data></ExtendedData><Point><coordinates>-59.386833,-34.340485</coordinates></Point></Placemark>
<Placemark><name>LA PALOMA</name><styleUrl>#s</styleUrl><ExtendedData><Data name="carpeta"><value>88</value></Data><Data name="nombre"><value>LA PALOMA</value></Data><Data name="tipo"><value>CASA</value></Data></ExtendedData><Point><coordinates>-59.388190,-34.347599</coordinates></Point></Placemark>
<Placemark><name>PUESTO</name><styleUrl>#s</styleUrl><ExtendedData><Data name="carpeta"><value>89</value></Data><Data name="nombre"><value>PUESTO</value></Data><Data name="tipo"><value>PUESTO</value></Data></ExtendedData><Point><coordinates>-59.633598,-34.409787</coordinates></Point></Placemark>
<Placemark><name>ESTANCIA SALA</name><styleUrl>#s</styleUrl><ExtendedData><Data name="carpeta"><value>89</value></Data><Data name="nombre"><value>ESTANCIA SALA</value></Data><Data name="tipo"><value>CASA</value></Data></ExtendedData><Point><coordinates>-59.627338,-34.419642</coordinates></Point></Placemark>
<Placemark><name>PUESTO</name><styleUrl>#s</styleUrl><ExtendedData><Data name="carpeta"><value>89</value></Data><Data name="nombre"><value>PUESTO</value></Data><Data name="tipo"><value>PUESTO</value></Data></ExtendedData><Point><coordinates>-59.646495,-34.422514</coordinates></Point></Placemark>
<Placemark><name>ESTANCIA CAPRILE Y PICASO</name><styleUrl>#s</styleUrl><ExtendedData><Data name="carpeta"><value>89</value></Data><Data name="nombre"><value>ESTANCIA CAPRILE Y PICASO</value></Data><Data name="tipo"><value>CASA</value></Data></ExtendedData><Point><coordinates>-59.651818,-34.429875</coordinates></Point></Placemark>
<Placemark><name>PUESTO</name><styleUrl>#s</styleUrl><ExtendedData><Data name="carpeta"><value>89</value></Data><Data name="nombre"><value>PUESTO</value></Data><Data name="tipo"><value>PUESTO</value></Data></ExtendedData><Point><coordinates>-59.641267,-34.433422</coordinates></Point></Placemark>
<Placemark><name>PUESTO</name><styleUrl>#s</styleUrl><ExtendedData><Data name="carpeta"><value>89</value></Data><Data name="nombre"><value>PUESTO</value></Data><Data name="tipo"><value>PUESTO</value></Data></ExtendedData><Point><coordinates>-59.611150,-34.434857</coordinates></Point></Placemark>
<Placemark><name>PUESTO</name><styleUrl>#s</styleUrl><ExtendedData><Data name="carpeta"><value>89</value></Data><Data name="nombre"><value>PUESTO</value></Data><Data name="tipo"><value>PUESTO</value></Data></ExtendedData><Point><coordinates>-59.624157,-34.448731</coordinates></Point></Placemark>
<Placemark><name>ESTANCIA MAXWELL</name><styleUrl>#s</styleUrl><ExtendedData><Data name="carpeta"><value>89</value></Data><Data name="nombre"><value>ESTANCIA MAXWELL</value></Data><Data name="tipo"><value>CASA</value></Data></ExtendedData><Point><coordinates>-59.602534,-34.442891</coordinates></Point></Placemark>
<Placemark><name>ESTANCIA RODRIGUEZ</name><styleUrl>#s</styleUrl><ExtendedData><Data name="carpeta"><value>89</value></Data><Data name="nombre"><value>ESTANCIA RODRIGUEZ</value></Data><Data name="tipo"><value>CASA</value></Data></ExtendedData><Point><coordinates>-59.620387,-34.416495</coordinates></Point></Placemark>
<Placemark><name>PUESTO</name><styleUrl>#s</styleUrl><ExtendedData><Data name="carpeta"><value>90</value></Data><Data name="nombre"><value>PUESTO</value></Data><Data name="tipo"><value>PUESTO</value></Data></ExtendedData><Point><coordinates>-59.307079,-34.335150</coordinates></Point></Placemark>
<Placemark><name>PUESTO</name><styleUrl>#s</styleUrl><ExtendedData><Data name="carpeta"><value>90</value></Data><Data name="nombre"><value>PUESTO</value></Data><Data name="tipo"><value>PUESTO</value></Data></ExtendedData><Point><coordinates>-59.306391,-34.338376</coordinates></Point></Placemark>
<Placemark><name>ESTANCIA</name><styleUrl>#s</styleUrl><ExtendedData><Data name="carpeta"><value>90</value></Data><Data name="nombre"><value>ESTANCIA</value></Data><Data name="tipo"><value>CASA</value></Data></ExtendedData><Point><coordinates>-59.275143,-34.335884</coordinates></Point></Placemark>
<Placemark><name>PUESTO DE NOLA</name><styleUrl>#s</styleUrl><ExtendedData><Data name="carpeta"><value>90</value></Data><Data name="nombre"><value>PUESTO DE NOLA</value></Data><Data name="tipo"><value>PUESTO</value></Data></ExtendedData><Point><coordinates>-59.277168,-34.321350</coordinates></Point></Placemark>
<Placemark><name>PUESTO DE LENNON</name><styleUrl>#s</styleUrl><ExtendedData><Data name="carpeta"><value>90</value></Data><Data name="nombre"><value>PUESTO DE LENNON</value></Data><Data name="tipo"><value>PUESTO</value></Data></ExtendedData><Point><coordinates>-59.259842,-34.319462</coordinates></Point></Placemark>
<Placemark><name>PUESTO DE ROCCA</name><styleUrl>#s</styleUrl><ExtendedData><Data name="carpeta"><value>90</value></Data><Data name="nombre"><value>PUESTO DE ROCCA</value></Data><Data name="tipo"><value>PUESTO</value></Data></ExtendedData><Point><coordinates>-59.257045,-34.323667</coordinates></Point></Placemark>
<Placemark><name>PUESTO</name><styleUrl>#s</styleUrl><ExtendedData><Data name="carpeta"><value>90</value></Data><Data name="nombre"><value>PUESTO</value></Data><Data name="tipo"><value>PUESTO</value></Data></ExtendedData><Point><coordinates>-59.275709,-34.314512</coordinates></Point></Placemark>
<Placemark><name>ESTANCIA</name><styleUrl>#s</styleUrl><ExtendedData><Data name="carpeta"><value>91</value></Data><Data name="nombre"><value>ESTANCIA</value></Data><Data name="tipo"><value>CASA</value></Data></ExtendedData><Point><coordinates>-59.431649,-34.435688</coordinates></Point></Placemark>
<Placemark><name>J. SILVA</name><styleUrl>#s</styleUrl><ExtendedData><Data name="carpeta"><value>91</value></Data><Data name="nombre"><value>J. SILVA</value></Data><Data name="tipo"><value>CASA</value></Data></ExtendedData><Point><coordinates>-59.389119,-34.445262</coordinates></Point></Placemark>
<Placemark><name>RAMON GONZALEZ</name><styleUrl>#s</styleUrl><ExtendedData><Data name="carpeta"><value>92</value></Data><Data name="nombre"><value>RAMON GONZALEZ</value></Data><Data name="tipo"><value>CASA</value></Data></ExtendedData><Point><coordinates>-59.707124,-34.555804</coordinates></Point></Placemark>
<Placemark><name>VICTOR GONZALEZ</name><styleUrl>#s</styleUrl><ExtendedData><Data name="carpeta"><value>92</value></Data><Data name="nombre"><value>VICTOR GONZALEZ</value></Data><Data name="tipo"><value>CASA</value></Data></ExtendedData><Point><coordinates>-59.683476,-34.543056</coordinates></Point></Placemark>
<Placemark><name>AGUSTIN CASADO</name><styleUrl>#s</styleUrl><ExtendedData><Data name="carpeta"><value>92</value></Data><Data name="nombre"><value>AGUSTIN CASADO</value></Data><Data name="tipo"><value>CASA</value></Data></ExtendedData><Point><coordinates>-59.665294,-34.532973</coordinates></Point></Placemark>
<Placemark><name>JULIAN RIVAD...RA</name><styleUrl>#s</styleUrl><ExtendedData><Data name="carpeta"><value>92</value></Data><Data name="nombre"><value>JULIAN RIVAD...RA</value></Data><Data name="tipo"><value>CASA</value></Data></ExtendedData><Point><coordinates>-59.673862,-34.534267</coordinates></Point></Placemark>
<Placemark><name>ANICETA VELOZ</name><styleUrl>#s</styleUrl><ExtendedData><Data name="carpeta"><value>93</value></Data><Data name="nombre"><value>ANICETA VELOZ</value></Data><Data name="tipo"><value>CASA</value></Data></ExtendedData><Point><coordinates>-59.419900,-34.423554</coordinates></Point></Placemark>
<Placemark><name>TAPERA</name><styleUrl>#s</styleUrl><ExtendedData><Data name="carpeta"><value>93</value></Data><Data name="nombre"><value>TAPERA</value></Data><Data name="tipo"><value>TAPERA</value></Data></ExtendedData><Point><coordinates>-59.428310,-34.416815</coordinates></Point></Placemark>
<Placemark><name>PUESTO OJUEZ</name><styleUrl>#s</styleUrl><ExtendedData><Data name="carpeta"><value>95</value></Data><Data name="nombre"><value>PUESTO OJUEZ</value></Data><Data name="tipo"><value>PUESTO</value></Data></ExtendedData><Point><coordinates>-59.437493,-34.536429</coordinates></Point></Placemark>
<Placemark><name>ESTANCIA</name><styleUrl>#s</styleUrl><ExtendedData><Data name="carpeta"><value>95</value></Data><Data name="nombre"><value>ESTANCIA</value></Data><Data name="tipo"><value>CASA</value></Data></ExtendedData><Point><coordinates>-59.445711,-34.512382</coordinates></Point></Placemark>
<Placemark><name>C. NAVARRO</name><styleUrl>#s</styleUrl><ExtendedData><Data name="carpeta"><value>95</value></Data><Data name="nombre"><value>C. NAVARRO</value></Data><Data name="tipo"><value>CASA</value></Data></ExtendedData><Point><coordinates>-59.459258,-34.508035</coordinates></Point></Placemark>
<Placemark><name>POB. BOTANA</name><styleUrl>#s</styleUrl><ExtendedData><Data name="carpeta"><value>96</value></Data><Data name="nombre"><value>POB. BOTANA</value></Data><Data name="tipo"><value>CASA</value></Data></ExtendedData><Point><coordinates>-59.516928,-34.424040</coordinates></Point></Placemark>
<Placemark><name>PUESTO</name><styleUrl>#s</styleUrl><ExtendedData><Data name="carpeta"><value>96</value></Data><Data name="nombre"><value>PUESTO</value></Data><Data name="tipo"><value>PUESTO</value></Data></ExtendedData><Point><coordinates>-59.502298,-34.410887</coordinates></Point></Placemark>
<Placemark><name>PUESTO</name><styleUrl>#s</styleUrl><ExtendedData><Data name="carpeta"><value>96</value></Data><Data name="nombre"><value>PUESTO</value></Data><Data name="tipo"><value>PUESTO</value></Data></ExtendedData><Point><coordinates>-59.508136,-34.411459</coordinates></Point></Placemark>
<Placemark><name>PUESTO LA BONITA</name><styleUrl>#s</styleUrl><ExtendedData><Data name="carpeta"><value>97</value></Data><Data name="nombre"><value>PUESTO LA BONITA</value></Data><Data name="tipo"><value>PUESTO</value></Data></ExtendedData><Point><coordinates>-59.251633,-34.421486</coordinates></Point></Placemark>
<Placemark><name>PUESTO DEL OMBU</name><styleUrl>#s</styleUrl><ExtendedData><Data name="carpeta"><value>97</value></Data><Data name="nombre"><value>PUESTO DEL OMBU</value></Data><Data name="tipo"><value>PUESTO</value></Data></ExtendedData><Point><coordinates>-59.251593,-34.408410</coordinates></Point></Placemark>
<Placemark><name>PUESTO DEL PESCADOR</name><styleUrl>#s</styleUrl><ExtendedData><Data name="carpeta"><value>97</value></Data><Data name="nombre"><value>PUESTO DEL PESCADOR</value></Data><Data name="tipo"><value>PUESTO</value></Data></ExtendedData><Point><coordinates>-59.239053,-34.398172</coordinates></Point></Placemark>
<Placemark><name>PUESTO DE CASTRO</name><styleUrl>#s</styleUrl><ExtendedData><Data name="carpeta"><value>98</value></Data><Data name="nombre"><value>PUESTO DE CASTRO</value></Data><Data name="tipo"><value>PUESTO</value></Data></ExtendedData><Point><coordinates>-59.238471,-34.446160</coordinates></Point></Placemark>
<Placemark><name>ESTANCIA DE S. SAUCE</name><styleUrl>#s</styleUrl><ExtendedData><Data name="carpeta"><value>98</value></Data><Data name="nombre"><value>ESTANCIA DE S. SAUCE</value></Data><Data name="tipo"><value>CASA</value></Data></ExtendedData><Point><coordinates>-59.266767,-34.403879</coordinates></Point></Placemark>
<Placemark><name>ESTANCIA DE ACUÑA</name><styleUrl>#s</styleUrl><ExtendedData><Data name="carpeta"><value>100</value></Data><Data name="nombre"><value>ESTANCIA DE ACUÑA</value></Data><Data name="tipo"><value>CASA</value></Data></ExtendedData><Point><coordinates>-59.573123,-34.509157</coordinates></Point></Placemark>
<Placemark><name>E. BUSTOS</name><styleUrl>#s</styleUrl><ExtendedData><Data name="carpeta"><value>100</value></Data><Data name="nombre"><value>E. BUSTOS</value></Data><Data name="tipo"><value>CASA</value></Data></ExtendedData><Point><coordinates>-59.562823,-34.473202</coordinates></Point></Placemark>
<Placemark><name>ESTANCIA DE CAREY</name><styleUrl>#s</styleUrl><ExtendedData><Data name="carpeta"><value>100</value></Data><Data name="nombre"><value>ESTANCIA DE CAREY</value></Data><Data name="tipo"><value>CASA</value></Data></ExtendedData><Point><coordinates>-59.602173,-34.471285</coordinates></Point></Placemark>
<Placemark><name>BUSTOS</name><styleUrl>#s</styleUrl><ExtendedData><Data name="carpeta"><value>100</value></Data><Data name="nombre"><value>BUSTOS</value></Data><Data name="tipo"><value>CASA</value></Data></ExtendedData><Point><coordinates>-59.571856,-34.441416</coordinates></Point></Placemark>
<Placemark><name>PUESTO</name><styleUrl>#s</styleUrl><ExtendedData><Data name="carpeta"><value>100</value></Data><Data name="nombre"><value>PUESTO</value></Data><Data name="tipo"><value>PUESTO</value></Data></ExtendedData><Point><coordinates>-59.586674,-34.425582</coordinates></Point></Placemark>
<Placemark><name>PUESTO</name><styleUrl>#s</styleUrl><ExtendedData><Data name="carpeta"><value>100</value></Data><Data name="nombre"><value>PUESTO</value></Data><Data name="tipo"><value>PUESTO</value></Data></ExtendedData><Point><coordinates>-59.602348,-34.434268</coordinates></Point></Placemark>
<Placemark><name>ESTANCIA MAXWELL</name><styleUrl>#s</styleUrl><ExtendedData><Data name="carpeta"><value>100</value></Data><Data name="nombre"><value>ESTANCIA MAXWELL</value></Data><Data name="tipo"><value>CASA</value></Data></ExtendedData><Point><coordinates>-59.602135,-34.442878</coordinates></Point></Placemark>
<Placemark><name>SIN IDENTIFICAR</name><styleUrl>#s</styleUrl><ExtendedData><Data name="carpeta"><value>101</value></Data><Data name="nombre"><value>SIN IDENTIFICAR</value></Data><Data name="tipo"><value>CASA S/I</value></Data></ExtendedData><Point><coordinates>-59.290746,-34.404873</coordinates></Point></Placemark>
<Placemark><name>SIN IDENTIFICAR</name><styleUrl>#s</styleUrl><ExtendedData><Data name="carpeta"><value>101</value></Data><Data name="nombre"><value>SIN IDENTIFICAR</value></Data><Data name="tipo"><value>CASA S/I</value></Data></ExtendedData><Point><coordinates>-59.319283,-34.370452</coordinates></Point></Placemark>
<Placemark><name>SIN IDENTIFICAR</name><styleUrl>#s</styleUrl><ExtendedData><Data name="carpeta"><value>104</value></Data><Data name="nombre"><value>SIN IDENTIFICAR</value></Data><Data name="tipo"><value>CASA S/I</value></Data></ExtendedData><Point><coordinates>-59.234330,-34.418624</coordinates></Point></Placemark>
<Placemark><name>CATALANES</name><styleUrl>#s</styleUrl><ExtendedData><Data name="carpeta"><value>104</value></Data><Data name="nombre"><value>CATALANES</value></Data><Data name="tipo"><value>CASA</value></Data></ExtendedData><Point><coordinates>-59.240074,-34.423096</coordinates></Point></Placemark>
<Placemark><name>ORMAECHEA</name><styleUrl>#s</styleUrl><ExtendedData><Data name="carpeta"><value>104</value></Data><Data name="nombre"><value>ORMAECHEA</value></Data><Data name="tipo"><value>CASA</value></Data></ExtendedData><Point><coordinates>-59.227553,-34.437328</coordinates></Point></Placemark>
<Placemark><name>SILVA</name><styleUrl>#s</styleUrl><ExtendedData><Data name="carpeta"><value>105</value></Data><Data name="nombre"><value>SILVA</value></Data><Data name="tipo"><value>CASA</value></Data></ExtendedData><Point><coordinates>-59.388854,-34.445321</coordinates></Point></Placemark>
<Placemark><name>SIN IDENTIFICAR</name><styleUrl>#s</styleUrl><ExtendedData><Data name="carpeta"><value>106</value></Data><Data name="nombre"><value>SIN IDENTIFICAR</value></Data><Data name="tipo"><value>CASA S/I</value></Data></ExtendedData><Point><coordinates>-59.318076,-34.439307</coordinates></Point></Placemark>
<Placemark><name>SIN IDENTIFICAR</name><styleUrl>#s</styleUrl><ExtendedData><Data name="carpeta"><value>106</value></Data><Data name="nombre"><value>SIN IDENTIFICAR</value></Data><Data name="tipo"><value>CASA S/I</value></Data></ExtendedData><Point><coordinates>-59.310608,-34.448481</coordinates></Point></Placemark>
<Placemark><name>SIN IDENTIFICAR</name><styleUrl>#s</styleUrl><ExtendedData><Data name="carpeta"><value>106</value></Data><Data name="nombre"><value>SIN IDENTIFICAR</value></Data><Data name="tipo"><value>CASA S/I</value></Data></ExtendedData><Point><coordinates>-59.303121,-34.459715</coordinates></Point></Placemark>
<Placemark><name>SIN IDENTIFICAR</name><styleUrl>#s</styleUrl><ExtendedData><Data name="carpeta"><value>106</value></Data><Data name="nombre"><value>SIN IDENTIFICAR</value></Data><Data name="tipo"><value>CASA S/I</value></Data></ExtendedData><Point><coordinates>-59.296747,-34.478110</coordinates></Point></Placemark>
<Placemark><name>COSTA</name><styleUrl>#s</styleUrl><ExtendedData><Data name="carpeta"><value>107</value></Data><Data name="nombre"><value>COSTA</value></Data><Data name="tipo"><value>CASA</value></Data></ExtendedData><Point><coordinates>-59.671875,-34.553647</coordinates></Point></Placemark>
<Placemark><name>COSTA</name><styleUrl>#s</styleUrl><ExtendedData><Data name="carpeta"><value>107</value></Data><Data name="nombre"><value>COSTA</value></Data><Data name="tipo"><value>CASA</value></Data></ExtendedData><Point><coordinates>-59.679581,-34.564550</coordinates></Point></Placemark>
<Placemark><name>COSTA</name><styleUrl>#s</styleUrl><ExtendedData><Data name="carpeta"><value>107</value></Data><Data name="nombre"><value>COSTA</value></Data><Data name="tipo"><value>CASA</value></Data></ExtendedData><Point><coordinates>-59.670004,-34.562050</coordinates></Point></Placemark>
<Placemark><name>HEREDEROS DE S. LIMA</name><styleUrl>#s</styleUrl><ExtendedData><Data name="carpeta"><value>107</value></Data><Data name="nombre"><value>HEREDEROS DE S. LIMA</value></Data><Data name="tipo"><value>CASA</value></Data></ExtendedData><Point><coordinates>-59.650999,-34.565157</coordinates></Point></Placemark>
<Placemark><name>F. LIMA</name><styleUrl>#s</styleUrl><ExtendedData><Data name="carpeta"><value>107</value></Data><Data name="nombre"><value>F. LIMA</value></Data><Data name="tipo"><value>CASA</value></Data></ExtendedData><Point><coordinates>-59.656253,-34.584580</coordinates></Point></Placemark>
<Placemark><name>ESTANCIA</name><styleUrl>#s</styleUrl><ExtendedData><Data name="carpeta"><value>108</value></Data><Data name="nombre"><value>ESTANCIA</value></Data><Data name="tipo"><value>CASA</value></Data></ExtendedData><Point><coordinates>-59.477085,-34.531807</coordinates></Point></Placemark>
<Placemark><name>PUESTO</name><styleUrl>#s</styleUrl><ExtendedData><Data name="carpeta"><value>108</value></Data><Data name="nombre"><value>PUESTO</value></Data><Data name="tipo"><value>PUESTO</value></Data></ExtendedData><Point><coordinates>-59.463085,-34.551030</coordinates></Point></Placemark>
<Placemark><name>VASQUEZ</name><styleUrl>#s</styleUrl><ExtendedData><Data name="carpeta"><value>110</value></Data><Data name="nombre"><value>VASQUEZ</value></Data><Data name="tipo"><value>PUESTO</value></Data></ExtendedData><Point><coordinates>-59.442240,-34.406651</coordinates></Point></Placemark>
<Placemark><name>SIN IDENTIFICAR</name><styleUrl>#s</styleUrl><ExtendedData><Data name="carpeta"><value>110</value></Data><Data name="nombre"><value>SIN IDENTIFICAR</value></Data><Data name="tipo"><value>CASA S/I</value></Data></ExtendedData><Point><coordinates>-59.422645,-34.393776</coordinates></Point></Placemark>
<Placemark><name>PONCE</name><styleUrl>#s</styleUrl><ExtendedData><Data name="carpeta"><value>110</value></Data><Data name="nombre"><value>PONCE</value></Data><Data name="tipo"><value>CASA</value></Data></ExtendedData><Point><coordinates>-59.447977,-34.374383</coordinates></Point></Placemark>
<Placemark><name>MORGAN</name><styleUrl>#s</styleUrl><ExtendedData><Data name="carpeta"><value>110</value></Data><Data name="nombre"><value>MORGAN</value></Data><Data name="tipo"><value>CASA</value></Data></ExtendedData><Point><coordinates>-59.477592,-34.367358</coordinates></Point></Placemark>
<Placemark><name>PUESTO</name><styleUrl>#s</styleUrl><ExtendedData><Data name="carpeta"><value>111</value></Data><Data name="nombre"><value>PUESTO</value></Data><Data name="tipo"><value>PUESTO</value></Data></ExtendedData><Point><coordinates>-59.610106,-34.435697</coordinates></Point></Placemark>
<Placemark><name>PUESTO</name><styleUrl>#s</styleUrl><ExtendedData><Data name="carpeta"><value>110</value></Data><Data name="nombre"><value>PUESTO</value></Data><Data name="tipo"><value>PUESTO</value></Data></ExtendedData><Point><coordinates>-59.601959,-34.434525</coordinates></Point></Placemark>
<Placemark><name>PUESTO</name><styleUrl>#s</styleUrl><ExtendedData><Data name="carpeta"><value>111</value></Data><Data name="nombre"><value>PUESTO</value></Data><Data name="tipo"><value>PUESTO</value></Data></ExtendedData><Point><coordinates>-59.607916,-34.436052</coordinates></Point></Placemark>
<Placemark><name>PUESTO</name><styleUrl>#s</styleUrl><ExtendedData><Data name="carpeta"><value>111</value></Data><Data name="nombre"><value>PUESTO</value></Data><Data name="tipo"><value>PUESTO</value></Data></ExtendedData><Point><coordinates>-59.592093,-34.421470</coordinates></Point></Placemark>
<Placemark><name>PUESTO</name><styleUrl>#s</styleUrl><ExtendedData><Data name="carpeta"><value>111</value></Data><Data name="nombre"><value>PUESTO</value></Data><Data name="tipo"><value>PUESTO</value></Data></ExtendedData><Point><coordinates>-59.588523,-34.424177</coordinates></Point></Placemark>
<Placemark><name>POBLACION DE A.H. SALA</name><styleUrl>#s</styleUrl><ExtendedData><Data name="carpeta"><value>111</value></Data><Data name="nombre"><value>POBLACION DE A.H. SALA</value></Data><Data name="tipo"><value>CASA</value></Data></ExtendedData><Point><coordinates>-59.626423,-34.420191</coordinates></Point></Placemark>
<Placemark><name>POBLACION DE PETRONA B. DE RODRIGUEZ</name><styleUrl>#s</styleUrl><ExtendedData><Data name="carpeta"><value>111</value></Data><Data name="nombre"><value>POBLACION DE PETRONA B. DE RODRIGUEZ</value></Data><Data name="tipo"><value>CASA</value></Data></ExtendedData><Point><coordinates>-59.619071,-34.416676</coordinates></Point></Placemark>
<Placemark><name>PUESTO</name><styleUrl>#s</styleUrl><ExtendedData><Data name="carpeta"><value>111</value></Data><Data name="nombre"><value>PUESTO</value></Data><Data name="tipo"><value>PUESTO</value></Data></ExtendedData><Point><coordinates>-59.627800,-34.406289</coordinates></Point></Placemark>
<Placemark><name>PUESTO</name><styleUrl>#s</styleUrl><ExtendedData><Data name="carpeta"><value>111</value></Data><Data name="nombre"><value>PUESTO</value></Data><Data name="tipo"><value>PUESTO</value></Data></ExtendedData><Point><coordinates>-59.607640,-34.406763</coordinates></Point></Placemark>
<Placemark><name>POBLACION DE KENNY</name><styleUrl>#s</styleUrl><ExtendedData><Data name="carpeta"><value>111</value></Data><Data name="nombre"><value>POBLACION DE KENNY</value></Data><Data name="tipo"><value>CASA</value></Data></ExtendedData><Point><coordinates>-59.588628,-34.415306</coordinates></Point></Placemark>
<Placemark><name>E. MORGAN</name><styleUrl>#s</styleUrl><ExtendedData><Data name="carpeta"><value>112</value></Data><Data name="nombre"><value>E. MORGAN</value></Data><Data name="tipo"><value>CASA</value></Data></ExtendedData><Point><coordinates>-59.527520,-34.346455</coordinates></Point></Placemark>
<Placemark><name>J. MORGAN</name><styleUrl>#s</styleUrl><ExtendedData><Data name="carpeta"><value>112</value></Data><Data name="nombre"><value>J. MORGAN</value></Data><Data name="tipo"><value>CASA</value></Data></ExtendedData><Point><coordinates>-59.481544,-34.366309</coordinates></Point></Placemark>
<Placemark><name>L. DE GELVES</name><styleUrl>#s</styleUrl><ExtendedData><Data name="carpeta"><value>113</value></Data><Data name="nombre"><value>L. DE GELVES</value></Data><Data name="tipo"><value>CASA</value></Data></ExtendedData><Point><coordinates>-59.405368,-34.529702</coordinates></Point></Placemark>
<Placemark><name>LUNA</name><styleUrl>#s</styleUrl><ExtendedData><Data name="carpeta"><value>113</value></Data><Data name="nombre"><value>LUNA</value></Data><Data name="tipo"><value>CASA</value></Data></ExtendedData><Point><coordinates>-59.409357,-34.523878</coordinates></Point></Placemark>
<Placemark><name>PUESTO</name><styleUrl>#s</styleUrl><ExtendedData><Data name="carpeta"><value>116</value></Data><Data name="nombre"><value>PUESTO</value></Data><Data name="tipo"><value>PUESTO</value></Data></ExtendedData><Point><coordinates>-59.439339,-34.463044</coordinates></Point></Placemark>
<Placemark><name>PUESTO</name><styleUrl>#s</styleUrl><ExtendedData><Data name="carpeta"><value>116</value></Data><Data name="nombre"><value>PUESTO</value></Data><Data name="tipo"><value>PUESTO</value></Data></ExtendedData><Point><coordinates>-59.437284,-34.464608</coordinates></Point></Placemark>
<Placemark><name>LIMA</name><styleUrl>#s</styleUrl><ExtendedData><Data name="carpeta"><value>117</value></Data><Data name="nombre"><value>LIMA</value></Data><Data name="tipo"><value>CASA</value></Data></ExtendedData><Point><coordinates>-59.609942,-34.562818</coordinates></Point></Placemark>
<Placemark><name>GUZMAN</name><styleUrl>#s</styleUrl><ExtendedData><Data name="carpeta"><value>117</value></Data><Data name="nombre"><value>GUZMAN</value></Data><Data name="tipo"><value>CASA</value></Data></ExtendedData><Point><coordinates>-59.608858,-34.563411</coordinates></Point></Placemark>
<Placemark><name>ESTANCIA</name><styleUrl>#s</styleUrl><ExtendedData><Data name="carpeta"><value>117</value></Data><Data name="nombre"><value>ESTANCIA</value></Data><Data name="tipo"><value>CASA</value></Data></ExtendedData><Point><coordinates>-59.611995,-34.570874</coordinates></Point></Placemark>
<Placemark><name>SIN IDENTIFICAR</name><styleUrl>#s</styleUrl><ExtendedData><Data name="carpeta"><value>118</value></Data><Data name="nombre"><value>SIN IDENTIFICAR</value></Data><Data name="tipo"><value>CASA S/I</value></Data></ExtendedData><Point><coordinates>-59.560091,-34.534039</coordinates></Point></Placemark>
<Placemark><name>PUESTO</name><styleUrl>#s</styleUrl><ExtendedData><Data name="carpeta"><value>119</value></Data><Data name="nombre"><value>PUESTO</value></Data><Data name="tipo"><value>PUESTO</value></Data></ExtendedData><Point><coordinates>-59.367477,-34.333472</coordinates></Point></Placemark>
<Placemark><name>PUESTO</name><styleUrl>#s</styleUrl><ExtendedData><Data name="carpeta"><value>119</value></Data><Data name="nombre"><value>PUESTO</value></Data><Data name="tipo"><value>PUESTO</value></Data></ExtendedData><Point><coordinates>-59.362497,-34.336189</coordinates></Point></Placemark>
<Placemark><name>PUESTO</name><styleUrl>#s</styleUrl><ExtendedData><Data name="carpeta"><value>119</value></Data><Data name="nombre"><value>PUESTO</value></Data><Data name="tipo"><value>PUESTO</value></Data></ExtendedData><Point><coordinates>-59.358573,-34.337003</coordinates></Point></Placemark>
<Placemark><name>ESTANCIA</name><styleUrl>#s</styleUrl><ExtendedData><Data name="carpeta"><value>119</value></Data><Data name="nombre"><value>ESTANCIA</value></Data><Data name="tipo"><value>CASA</value></Data></ExtendedData><Point><coordinates>-59.341044,-34.349432</coordinates></Point></Placemark>
<Placemark><name>ESTANCIA</name><styleUrl>#s</styleUrl><ExtendedData><Data name="carpeta"><value>119</value></Data><Data name="nombre"><value>ESTANCIA</value></Data><Data name="tipo"><value>CASA</value></Data></ExtendedData><Point><coordinates>-59.332874,-34.346287</coordinates></Point></Placemark>
<Placemark><name>ESTANCIA</name><styleUrl>#s</styleUrl><ExtendedData><Data name="carpeta"><value>119</value></Data><Data name="nombre"><value>ESTANCIA</value></Data><Data name="tipo"><value>CASA</value></Data></ExtendedData><Point><coordinates>-59.333489,-34.359349</coordinates></Point></Placemark>
<Placemark><name>ESTANCIA</name><styleUrl>#s</styleUrl><ExtendedData><Data name="carpeta"><value>119</value></Data><Data name="nombre"><value>ESTANCIA</value></Data><Data name="tipo"><value>CASA</value></Data></ExtendedData><Point><coordinates>-59.324715,-34.341711</coordinates></Point></Placemark>
<Placemark><name>SIN IDENTIFICAR</name><styleUrl>#s</styleUrl><ExtendedData><Data name="carpeta"><value>119</value></Data><Data name="nombre"><value>SIN IDENTIFICAR</value></Data><Data name="tipo"><value>CASA S/I</value></Data></ExtendedData><Point><coordinates>-59.319397,-34.341503</coordinates></Point></Placemark>
<Placemark><name>SIN IDENTIFICAR</name><styleUrl>#s</styleUrl><ExtendedData><Data name="carpeta"><value>119</value></Data><Data name="nombre"><value>SIN IDENTIFICAR</value></Data><Data name="tipo"><value>CASA S/I</value></Data></ExtendedData><Point><coordinates>-59.312666,-34.347070</coordinates></Point></Placemark>
<Placemark><name>PUESTO</name><styleUrl>#s</styleUrl><ExtendedData><Data name="carpeta"><value>119</value></Data><Data name="nombre"><value>PUESTO</value></Data><Data name="tipo"><value>PUESTO</value></Data></ExtendedData><Point><coordinates>-59.314403,-34.358886</coordinates></Point></Placemark>
<Placemark><name>ESTANCIA</name><styleUrl>#s</styleUrl><ExtendedData><Data name="carpeta"><value>119</value></Data><Data name="nombre"><value>ESTANCIA</value></Data><Data name="tipo"><value>CASA</value></Data></ExtendedData><Point><coordinates>-59.320770,-34.362857</coordinates></Point></Placemark>
<Placemark><name>A. ORTIZ</name><styleUrl>#s</styleUrl><ExtendedData><Data name="carpeta"><value>119</value></Data><Data name="nombre"><value>A. ORTIZ</value></Data><Data name="tipo"><value>CASA</value></Data></ExtendedData><Point><coordinates>-59.321287,-34.370104</coordinates></Point></Placemark>
<Placemark><name>PUESTO</name><styleUrl>#s</styleUrl><ExtendedData><Data name="carpeta"><value>119</value></Data><Data name="nombre"><value>PUESTO</value></Data><Data name="tipo"><value>PUESTO</value></Data></ExtendedData><Point><coordinates>-59.299675,-34.366226</coordinates></Point></Placemark>
<Placemark><name>PULPERIA</name><styleUrl>#s</styleUrl><ExtendedData><Data name="carpeta"><value>119</value></Data><Data name="nombre"><value>PULPERIA</value></Data><Data name="tipo"><value>PULPERIA</value></Data></ExtendedData><Point><coordinates>-59.299187,-34.368668</coordinates></Point></Placemark>
<Placemark><name>SIN IDENTIFICAR</name><styleUrl>#s</styleUrl><ExtendedData><Data name="carpeta"><value>119</value></Data><Data name="nombre"><value>SIN IDENTIFICAR</value></Data><Data name="tipo"><value>CASA S/I</value></Data></ExtendedData><Point><coordinates>-59.305873,-34.373208</coordinates></Point></Placemark>
<Placemark><name>ESTANCIA</name><styleUrl>#s</styleUrl><ExtendedData><Data name="carpeta"><value>119</value></Data><Data name="nombre"><value>ESTANCIA</value></Data><Data name="tipo"><value>CASA</value></Data></ExtendedData><Point><coordinates>-59.300476,-34.377948</coordinates></Point></Placemark>
<Placemark><name>ESTANCIA</name><styleUrl>#s</styleUrl><ExtendedData><Data name="carpeta"><value>119</value></Data><Data name="nombre"><value>ESTANCIA</value></Data><Data name="tipo"><value>CASA</value></Data></ExtendedData><Point><coordinates>-59.288442,-34.372303</coordinates></Point></Placemark>
<Placemark><name>PUESTO</name><styleUrl>#s</styleUrl><ExtendedData><Data name="carpeta"><value>119</value></Data><Data name="nombre"><value>PUESTO</value></Data><Data name="tipo"><value>PUESTO</value></Data></ExtendedData><Point><coordinates>-59.301967,-34.384575</coordinates></Point></Placemark>
<Placemark><name>F. GOMEZ</name><styleUrl>#s</styleUrl><ExtendedData><Data name="carpeta"><value>119</value></Data><Data name="nombre"><value>F. GOMEZ</value></Data><Data name="tipo"><value>CASA</value></Data></ExtendedData><Point><coordinates>-59.291548,-34.391938</coordinates></Point></Placemark>
<Placemark><name>PUESTO</name><styleUrl>#s</styleUrl><ExtendedData><Data name="carpeta"><value>119</value></Data><Data name="nombre"><value>PUESTO</value></Data><Data name="tipo"><value>PUESTO</value></Data></ExtendedData><Point><coordinates>-59.281713,-34.398112</coordinates></Point></Placemark>
<Placemark><name>BERA</name><styleUrl>#s</styleUrl><ExtendedData><Data name="carpeta"><value>119</value></Data><Data name="nombre"><value>BERA</value></Data><Data name="tipo"><value>CASA</value></Data></ExtendedData><Point><coordinates>-59.274179,-34.400155</coordinates></Point></Placemark>
<Placemark><name>SIN IDENTIFICAR</name><styleUrl>#s</styleUrl><ExtendedData><Data name="carpeta"><value>119</value></Data><Data name="nombre"><value>SIN IDENTIFICAR</value></Data><Data name="tipo"><value>CASA S/I</value></Data></ExtendedData><Point><coordinates>-59.260377,-34.390889</coordinates></Point></Placemark>
<Placemark><name>SIN IDENTIFICAR</name><styleUrl>#s</styleUrl><ExtendedData><Data name="carpeta"><value>119</value></Data><Data name="nombre"><value>SIN IDENTIFICAR</value></Data><Data name="tipo"><value>CASA S/I</value></Data></ExtendedData><Point><coordinates>-59.273611,-34.382591</coordinates></Point></Placemark>
<Placemark><name>SIN IDENTIFICAR</name><styleUrl>#s</styleUrl><ExtendedData><Data name="carpeta"><value>119</value></Data><Data name="nombre"><value>SIN IDENTIFICAR</value></Data><Data name="tipo"><value>CASA S/I</value></Data></ExtendedData><Point><coordinates>-59.298994,-34.357278</coordinates></Point></Placemark>
<Placemark><name>PUESTO</name><styleUrl>#s</styleUrl><ExtendedData><Data name="carpeta"><value>121</value></Data><Data name="nombre"><value>PUESTO</value></Data><Data name="tipo"><value>PUESTO</value></Data></ExtendedData><Point><coordinates>-59.284142,-34.417609</coordinates></Point></Placemark>
<Placemark><name>POBLACION DE JUAN RODRIGUEZ</name><styleUrl>#s</styleUrl><ExtendedData><Data name="carpeta"><value>121</value></Data><Data name="nombre"><value>POBLACION DE JUAN RODRIGUEZ</value></Data><Data name="tipo"><value>CASA</value></Data></ExtendedData><Point><coordinates>-59.283065,-34.416935</coordinates></Point></Placemark>
<Placemark><name>PULPERIA</name><styleUrl>#s</styleUrl><ExtendedData><Data name="carpeta"><value>121</value></Data><Data name="nombre"><value>PULPERIA</value></Data><Data name="tipo"><value>PULPERIA</value></Data></ExtendedData><Point><coordinates>-59.264443,-34.437489</coordinates></Point></Placemark>
<Placemark><name>POBLACION DE N. GARIBOTTI</name><styleUrl>#s</styleUrl><ExtendedData><Data name="carpeta"><value>121</value></Data><Data name="nombre"><value>POBLACION DE N. GARIBOTTI</value></Data><Data name="tipo"><value>CASA</value></Data></ExtendedData><Point><coordinates>-59.252566,-34.456314</coordinates></Point></Placemark>
<Placemark><name>PUESTO SANTA ROSALIA</name><styleUrl>#s</styleUrl><ExtendedData><Data name="carpeta"><value>122</value></Data><Data name="nombre"><value>PUESTO SANTA ROSALIA</value></Data><Data name="tipo"><value>PUESTO</value></Data></ExtendedData><Point><coordinates>-59.377277,-34.381295</coordinates></Point></Placemark>
<Placemark><name>PUESTO</name><styleUrl>#s</styleUrl><ExtendedData><Data name="carpeta"><value>122</value></Data><Data name="nombre"><value>PUESTO</value></Data><Data name="tipo"><value>PUESTO</value></Data></ExtendedData><Point><coordinates>-59.372349,-34.382462</coordinates></Point></Placemark>
<Placemark><name>POBLACION DE CATALINA</name><styleUrl>#s</styleUrl><ExtendedData><Data name="carpeta"><value>122</value></Data><Data name="nombre"><value>POBLACION DE CATALINA</value></Data><Data name="tipo"><value>CASA</value></Data></ExtendedData><Point><coordinates>-59.353900,-34.394401</coordinates></Point></Placemark>
<Placemark><name>P.B. SOSA</name><styleUrl>#s</styleUrl><ExtendedData><Data name="carpeta"><value>122</value></Data><Data name="nombre"><value>P.B. SOSA</value></Data><Data name="tipo"><value>CASA</value></Data></ExtendedData><Point><coordinates>-59.341607,-34.393471</coordinates></Point></Placemark>
<Placemark><name>PUESTO C. ESTRADA</name><styleUrl>#s</styleUrl><ExtendedData><Data name="carpeta"><value>122</value></Data><Data name="nombre"><value>PUESTO C. ESTRADA</value></Data><Data name="tipo"><value>PUESTO</value></Data></ExtendedData><Point><coordinates>-59.348072,-34.399230</coordinates></Point></Placemark>
<Placemark><name>POBLACION DE FUENTES</name><styleUrl>#s</styleUrl><ExtendedData><Data name="carpeta"><value>122</value></Data><Data name="nombre"><value>POBLACION DE FUENTES</value></Data><Data name="tipo"><value>CASA</value></Data></ExtendedData><Point><coordinates>-59.344063,-34.401355</coordinates></Point></Placemark>
<Placemark><name>PUESTO SANTA MARIA</name><styleUrl>#s</styleUrl><ExtendedData><Data name="carpeta"><value>122</value></Data><Data name="nombre"><value>PUESTO SANTA MARIA</value></Data><Data name="tipo"><value>PUESTO</value></Data></ExtendedData><Point><coordinates>-59.358073,-34.398985</coordinates></Point></Placemark>
<Placemark><name>ESTANCIA LA ADELINA</name><styleUrl>#s</styleUrl><ExtendedData><Data name="carpeta"><value>122</value></Data><Data name="nombre"><value>ESTANCIA LA ADELINA</value></Data><Data name="tipo"><value>CASA</value></Data></ExtendedData><Point><coordinates>-59.335209,-34.402142</coordinates></Point></Placemark>
<Placemark><name>PUESTO</name><styleUrl>#s</styleUrl><ExtendedData><Data name="carpeta"><value>122</value></Data><Data name="nombre"><value>PUESTO</value></Data><Data name="tipo"><value>PUESTO</value></Data></ExtendedData><Point><coordinates>-59.330803,-34.399763</coordinates></Point></Placemark>
<Placemark><name>MARIA LERDON</name><styleUrl>#s</styleUrl><ExtendedData><Data name="carpeta"><value>122</value></Data><Data name="nombre"><value>MARIA LERDON</value></Data><Data name="tipo"><value>CASA</value></Data></ExtendedData><Point><coordinates>-59.320512,-34.409217</coordinates></Point></Placemark>
<Placemark><name>MONSALVO</name><styleUrl>#s</styleUrl><ExtendedData><Data name="carpeta"><value>122</value></Data><Data name="nombre"><value>MONSALVO</value></Data><Data name="tipo"><value>CASA</value></Data></ExtendedData><Point><coordinates>-59.332950,-34.410329</coordinates></Point></Placemark>
<Placemark><name>PUESTO SANTA CLARA</name><styleUrl>#s</styleUrl><ExtendedData><Data name="carpeta"><value>122</value></Data><Data name="nombre"><value>PUESTO SANTA CLARA</value></Data><Data name="tipo"><value>PUESTO</value></Data></ExtendedData><Point><coordinates>-59.331350,-34.416968</coordinates></Point></Placemark>
<Placemark><name>ROMERO</name><styleUrl>#s</styleUrl><ExtendedData><Data name="carpeta"><value>122</value></Data><Data name="nombre"><value>ROMERO</value></Data><Data name="tipo"><value>CASA</value></Data></ExtendedData><Point><coordinates>-59.324952,-34.416277</coordinates></Point></Placemark>
<Placemark><name>POBLACION DE MANCILLA</name><styleUrl>#s</styleUrl><ExtendedData><Data name="carpeta"><value>123</value></Data><Data name="nombre"><value>POBLACION DE MANCILLA</value></Data><Data name="tipo"><value>CASA</value></Data></ExtendedData><Point><coordinates>-59.679758,-34.433300</coordinates></Point></Placemark>
<Placemark><name>PUESTO</name><styleUrl>#s</styleUrl><ExtendedData><Data name="carpeta"><value>123</value></Data><Data name="nombre"><value>PUESTO</value></Data><Data name="tipo"><value>PUESTO</value></Data></ExtendedData><Point><coordinates>-59.680668,-34.421091</coordinates></Point></Placemark>
<Placemark><name>ESTANCIA</name><styleUrl>#s</styleUrl><ExtendedData><Data name="carpeta"><value>123</value></Data><Data name="nombre"><value>ESTANCIA</value></Data><Data name="tipo"><value>CASA</value></Data></ExtendedData><Point><coordinates>-59.663152,-34.410931</coordinates></Point></Placemark>
<Placemark><name>ESTANCIA CAPRILE Y PICASO</name><styleUrl>#s</styleUrl><ExtendedData><Data name="carpeta"><value>123</value></Data><Data name="nombre"><value>ESTANCIA CAPRILE Y PICASO</value></Data><Data name="tipo"><value>CASA</value></Data></ExtendedData><Point><coordinates>-59.652237,-34.430088</coordinates></Point></Placemark>
<Placemark><name>PUESTO</name><styleUrl>#s</styleUrl><ExtendedData><Data name="carpeta"><value>124</value></Data><Data name="nombre"><value>PUESTO</value></Data><Data name="tipo"><value>PUESTO</value></Data></ExtendedData><Point><coordinates>-59.677917,-34.575757</coordinates></Point></Placemark>
<Placemark><name>PUESTO</name><styleUrl>#s</styleUrl><ExtendedData><Data name="carpeta"><value>124</value></Data><Data name="nombre"><value>PUESTO</value></Data><Data name="tipo"><value>PUESTO</value></Data></ExtendedData><Point><coordinates>-59.654296,-34.592998</coordinates></Point></Placemark>
<Placemark><name>MONTOYA</name><styleUrl>#s</styleUrl><ExtendedData><Data name="carpeta"><value>124</value></Data><Data name="nombre"><value>MONTOYA</value></Data><Data name="tipo"><value>CASA</value></Data></ExtendedData><Point><coordinates>-59.661198,-34.598055</coordinates></Point></Placemark>
<Placemark><name>E. MARTINEZ</name><styleUrl>#s</styleUrl><ExtendedData><Data name="carpeta"><value>125</value></Data><Data name="nombre"><value>E. MARTINEZ</value></Data><Data name="tipo"><value>CASA</value></Data></ExtendedData><Point><coordinates>-59.633812,-34.531123</coordinates></Point></Placemark>
<Placemark><name>ASPIN</name><styleUrl>#s</styleUrl><ExtendedData><Data name="carpeta"><value>125</value></Data><Data name="nombre"><value>ASPIN</value></Data><Data name="tipo"><value>CASA</value></Data></ExtendedData><Point><coordinates>-59.625517,-34.533275</coordinates></Point></Placemark>
<Placemark><name>P. MARTINEZ</name><styleUrl>#s</styleUrl><ExtendedData><Data name="carpeta"><value>125</value></Data><Data name="nombre"><value>P. MARTINEZ</value></Data><Data name="tipo"><value>CASA</value></Data></ExtendedData><Point><coordinates>-59.635045,-34.521020</coordinates></Point></Placemark>
<Placemark><name>M. LIMA</name><styleUrl>#s</styleUrl><ExtendedData><Data name="carpeta"><value>125</value></Data><Data name="nombre"><value>M. LIMA</value></Data><Data name="tipo"><value>CASA</value></Data></ExtendedData><Point><coordinates>-59.626785,-34.541327</coordinates></Point></Placemark>
<Placemark><name>D. MARTINEZ</name><styleUrl>#s</styleUrl><ExtendedData><Data name="carpeta"><value>125</value></Data><Data name="nombre"><value>D. MARTINEZ</value></Data><Data name="tipo"><value>CASA</value></Data></ExtendedData><Point><coordinates>-59.613251,-34.546499</coordinates></Point></Placemark>
<Placemark><name>J. ACUÑA</name><styleUrl>#s</styleUrl><ExtendedData><Data name="carpeta"><value>125</value></Data><Data name="nombre"><value>J. ACUÑA</value></Data><Data name="tipo"><value>CASA</value></Data></ExtendedData><Point><coordinates>-59.595327,-34.551402</coordinates></Point></Placemark>
<Placemark><name>O. MARTINEZ</name><styleUrl>#s</styleUrl><ExtendedData><Data name="carpeta"><value>125</value></Data><Data name="nombre"><value>O. MARTINEZ</value></Data><Data name="tipo"><value>CASA</value></Data></ExtendedData><Point><coordinates>-59.608115,-34.553757</coordinates></Point></Placemark>
<Placemark><name>C. LIMA</name><styleUrl>#s</styleUrl><ExtendedData><Data name="carpeta"><value>125</value></Data><Data name="nombre"><value>C. LIMA</value></Data><Data name="tipo"><value>CASA</value></Data></ExtendedData><Point><coordinates>-59.647115,-34.540813</coordinates></Point></Placemark>
<Placemark><name>ESTANCIA R. LASOTA</name><styleUrl>#s</styleUrl><ExtendedData><Data name="carpeta"><value>126</value></Data><Data name="nombre"><value>ESTANCIA R. LASOTA</value></Data><Data name="tipo"><value>CASA</value></Data></ExtendedData><Point><coordinates>-59.397413,-34.281052</coordinates></Point></Placemark>
<Placemark><name>P. CASADO</name><styleUrl>#s</styleUrl><ExtendedData><Data name="carpeta"><value>128</value></Data><Data name="nombre"><value>P. CASADO</value></Data><Data name="tipo"><value>CASA</value></Data></ExtendedData><Point><coordinates>-59.690758,-34.517166</coordinates></Point></Placemark>
<Placemark><name>R. CASADO</name><styleUrl>#s</styleUrl><ExtendedData><Data name="carpeta"><value>128</value></Data><Data name="nombre"><value>R. CASADO</value></Data><Data name="tipo"><value>CASA</value></Data></ExtendedData><Point><coordinates>-59.669771,-34.504947</coordinates></Point></Placemark>
<Placemark><name>C. CASADO</name><styleUrl>#s</styleUrl><ExtendedData><Data name="carpeta"><value>128</value></Data><Data name="nombre"><value>C. CASADO</value></Data><Data name="tipo"><value>CASA</value></Data></ExtendedData><Point><coordinates>-59.662859,-34.495150</coordinates></Point></Placemark>
<Placemark><name>SIN IDENTIFICAR</name><styleUrl>#s</styleUrl><ExtendedData><Data name="carpeta"><value>129</value></Data><Data name="nombre"><value>SIN IDENTIFICAR</value></Data><Data name="tipo"><value>CASA S/I</value></Data></ExtendedData><Point><coordinates>-59.646924,-34.541594</coordinates></Point></Placemark>
<Placemark><name>ESTANCIA</name><styleUrl>#s</styleUrl><ExtendedData><Data name="carpeta"><value>130</value></Data><Data name="nombre"><value>ESTANCIA</value></Data><Data name="tipo"><value>CASA</value></Data></ExtendedData><Point><coordinates>-59.626296,-34.541454</coordinates></Point></Placemark>
<Placemark><name>SIN IDENTIFICAR</name><styleUrl>#s</styleUrl><ExtendedData><Data name="carpeta"><value>130</value></Data><Data name="nombre"><value>SIN IDENTIFICAR</value></Data><Data name="tipo"><value>CASA S/I</value></Data></ExtendedData><Point><coordinates>-59.606936,-34.555379</coordinates></Point></Placemark>
<Placemark><name>SIN IDENTIFICAR</name><styleUrl>#s</styleUrl><ExtendedData><Data name="carpeta"><value>130</value></Data><Data name="nombre"><value>SIN IDENTIFICAR</value></Data><Data name="tipo"><value>CASA S/I</value></Data></ExtendedData><Point><coordinates>-59.610361,-34.562769</coordinates></Point></Placemark>
<Placemark><name>BORDENAVE</name><styleUrl>#s</styleUrl><ExtendedData><Data name="carpeta"><value>133</value></Data><Data name="nombre"><value>BORDENAVE</value></Data><Data name="tipo"><value>CASA</value></Data></ExtendedData><Point><coordinates>-59.310967,-34.340142</coordinates></Point></Placemark>
<Placemark><name>GUEVARA</name><styleUrl>#s</styleUrl><ExtendedData><Data name="carpeta"><value>133</value></Data><Data name="nombre"><value>GUEVARA</value></Data><Data name="tipo"><value>CASA</value></Data></ExtendedData><Point><coordinates>-59.323770,-34.335634</coordinates></Point></Placemark>
<Placemark><name>HIGUERET</name><styleUrl>#s</styleUrl><ExtendedData><Data name="carpeta"><value>133</value></Data><Data name="nombre"><value>HIGUERET</value></Data><Data name="tipo"><value>CASA</value></Data></ExtendedData><Point><coordinates>-59.302256,-34.329646</coordinates></Point></Placemark>
<Placemark><name>ROCHA</name><styleUrl>#s</styleUrl><ExtendedData><Data name="carpeta"><value>133</value></Data><Data name="nombre"><value>ROCHA</value></Data><Data name="tipo"><value>CASA</value></Data></ExtendedData><Point><coordinates>-59.297058,-34.321960</coordinates></Point></Placemark>
<Placemark><name>SCULLY</name><styleUrl>#s</styleUrl><ExtendedData><Data name="carpeta"><value>133</value></Data><Data name="nombre"><value>SCULLY</value></Data><Data name="tipo"><value>CASA</value></Data></ExtendedData><Point><coordinates>-59.338199,-34.321617</coordinates></Point></Placemark>
<Placemark><name>BERGARI</name><styleUrl>#s</styleUrl><ExtendedData><Data name="carpeta"><value>133</value></Data><Data name="nombre"><value>BERGARI</value></Data><Data name="tipo"><value>CASA</value></Data></ExtendedData><Point><coordinates>-59.323477,-34.307727</coordinates></Point></Placemark>
<Placemark><name>VIVANCO</name><styleUrl>#s</styleUrl><ExtendedData><Data name="carpeta"><value>133</value></Data><Data name="nombre"><value>VIVANCO</value></Data><Data name="tipo"><value>CASA</value></Data></ExtendedData><Point><coordinates>-59.350885,-34.320540</coordinates></Point></Placemark>
<Placemark><name>F. DEVALIX</name><styleUrl>#s</styleUrl><ExtendedData><Data name="carpeta"><value>133</value></Data><Data name="nombre"><value>F. DEVALIX</value></Data><Data name="tipo"><value>CASA</value></Data></ExtendedData><Point><coordinates>-59.357419,-34.323150</coordinates></Point></Placemark>
<Placemark><name>ECHARTE</name><styleUrl>#s</styleUrl><ExtendedData><Data name="carpeta"><value>133</value></Data><Data name="nombre"><value>ECHARTE</value></Data><Data name="tipo"><value>CASA</value></Data></ExtendedData><Point><coordinates>-59.341274,-34.303316</coordinates></Point></Placemark>
<Placemark><name>ESTANCIA</name><styleUrl>#s</styleUrl><ExtendedData><Data name="carpeta"><value>133</value></Data><Data name="nombre"><value>ESTANCIA</value></Data><Data name="tipo"><value>CASA</value></Data></ExtendedData><Point><coordinates>-59.366017,-34.292212</coordinates></Point></Placemark>
<Placemark><name>GREGORIO PEREZ</name><styleUrl>#s</styleUrl><ExtendedData><Data name="carpeta"><value>133</value></Data><Data name="nombre"><value>GREGORIO PEREZ</value></Data><Data name="tipo"><value>CASA</value></Data></ExtendedData><Point><coordinates>-59.383996,-34.285864</coordinates></Point></Placemark>
<Placemark><name>T. DUFFY</name><styleUrl>#s</styleUrl><ExtendedData><Data name="carpeta"><value>133</value></Data><Data name="nombre"><value>T. DUFFY</value></Data><Data name="tipo"><value>CASA</value></Data></ExtendedData><Point><coordinates>-59.309452,-34.293481</coordinates></Point></Placemark>
<Placemark><name>JUAN M. BEGARI</name><styleUrl>#s</styleUrl><ExtendedData><Data name="carpeta"><value>133</value></Data><Data name="nombre"><value>JUAN M. BEGARI</value></Data><Data name="tipo"><value>CASA</value></Data></ExtendedData><Point><coordinates>-59.296608,-34.299758</coordinates></Point></Placemark>
<Placemark><name>PUESTO</name><styleUrl>#s</styleUrl><ExtendedData><Data name="carpeta"><value>133</value></Data><Data name="nombre"><value>PUESTO</value></Data><Data name="tipo"><value>PUESTO</value></Data></ExtendedData><Point><coordinates>-59.282547,-34.310696</coordinates></Point></Placemark>
<Placemark><name>ESTANCIA DE ECHEVERRIA</name><styleUrl>#s</styleUrl><ExtendedData><Data name="carpeta"><value>134</value></Data><Data name="nombre"><value>ESTANCIA DE ECHEVERRIA</value></Data><Data name="tipo"><value>CASA</value></Data></ExtendedData><Point><coordinates>-59.630316,-34.517092</coordinates></Point></Placemark>
<Placemark><name>ARRENDATARIO</name><styleUrl>#s</styleUrl><ExtendedData><Data name="carpeta"><value>134</value></Data><Data name="nombre"><value>ARRENDATARIO</value></Data><Data name="tipo"><value>ARRENDATARIO</value></Data></ExtendedData><Point><coordinates>-59.599784,-34.507187</coordinates></Point></Placemark>
<Placemark><name>ARRENDATARIO</name><styleUrl>#s</styleUrl><ExtendedData><Data name="carpeta"><value>134</value></Data><Data name="nombre"><value>ARRENDATARIO</value></Data><Data name="tipo"><value>ARRENDATARIO</value></Data></ExtendedData><Point><coordinates>-59.614672,-34.511946</coordinates></Point></Placemark>
<Placemark><name>ARRENDATARIO</name><styleUrl>#s</styleUrl><ExtendedData><Data name="carpeta"><value>134</value></Data><Data name="nombre"><value>ARRENDATARIO</value></Data><Data name="tipo"><value>ARRENDATARIO</value></Data></ExtendedData><Point><coordinates>-59.617824,-34.499851</coordinates></Point></Placemark>
<Placemark><name>ARRENDATARIO</name><styleUrl>#s</styleUrl><ExtendedData><Data name="carpeta"><value>134</value></Data><Data name="nombre"><value>ARRENDATARIO</value></Data><Data name="tipo"><value>ARRENDATARIO</value></Data></ExtendedData><Point><coordinates>-59.645892,-34.504825</coordinates></Point></Placemark>
<Placemark><name>O´BRIEN</name><styleUrl>#s</styleUrl><ExtendedData><Data name="carpeta"><value>135</value></Data><Data name="nombre"><value>O´BRIEN</value></Data><Data name="tipo"><value>CASA</value></Data></ExtendedData><Point><coordinates>-59.306025,-34.333954</coordinates></Point></Placemark>
<Placemark><name>PUESTO</name><styleUrl>#s</styleUrl><ExtendedData><Data name="carpeta"><value>135</value></Data><Data name="nombre"><value>PUESTO</value></Data><Data name="tipo"><value>PUESTO</value></Data></ExtendedData><Point><coordinates>-59.294019,-34.345284</coordinates></Point></Placemark>
<Placemark><name>ANA</name><styleUrl>#s</styleUrl><ExtendedData><Data name="carpeta"><value>135</value></Data><Data name="nombre"><value>ANA</value></Data><Data name="tipo"><value>CASA</value></Data></ExtendedData><Point><coordinates>-59.284900,-34.347449</coordinates></Point></Placemark>
<Placemark><name>ESTANCIA</name><styleUrl>#s</styleUrl><ExtendedData><Data name="carpeta"><value>135</value></Data><Data name="nombre"><value>ESTANCIA</value></Data><Data name="tipo"><value>CASA</value></Data></ExtendedData><Point><coordinates>-59.275766,-34.336161</coordinates></Point></Placemark>
<Placemark><name>PUESTO</name><styleUrl>#s</styleUrl><ExtendedData><Data name="carpeta"><value>135</value></Data><Data name="nombre"><value>PUESTO</value></Data><Data name="tipo"><value>PUESTO</value></Data></ExtendedData><Point><coordinates>-59.279417,-34.322838</coordinates></Point></Placemark>
<Placemark><name>SIN IDENTIFICAR</name><styleUrl>#s</styleUrl><ExtendedData><Data name="carpeta"><value>136</value></Data><Data name="nombre"><value>SIN IDENTIFICAR</value></Data><Data name="tipo"><value>CASA S/I</value></Data></ExtendedData><Point><coordinates>-59.648949,-34.601637</coordinates></Point></Placemark>
<Placemark><name>CASA DE NEGOCIO DE ADOLFO LOREA</name><styleUrl>#s</styleUrl><ExtendedData><Data name="carpeta"><value>139</value></Data><Data name="nombre"><value>CASA DE NEGOCIO DE ADOLFO LOREA</value></Data><Data name="tipo"><value>NEGOCIO</value></Data></ExtendedData><Point><coordinates>-59.426173,-34.546498</coordinates></Point></Placemark>
<Placemark><name>POBLACION DE LLERA</name><styleUrl>#s</styleUrl><ExtendedData><Data name="carpeta"><value>139</value></Data><Data name="nombre"><value>POBLACION DE LLERA</value></Data><Data name="tipo"><value>CASA</value></Data></ExtendedData><Point><coordinates>-59.406456,-34.543509</coordinates></Point></Placemark>
<Placemark><name>PUESTO DE ELIZALDE</name><styleUrl>#s</styleUrl><ExtendedData><Data name="carpeta"><value>140</value></Data><Data name="nombre"><value>PUESTO DE ELIZALDE</value></Data><Data name="tipo"><value>PUESTO</value></Data></ExtendedData><Point><coordinates>-59.671351,-34.553030</coordinates></Point></Placemark>
<Placemark><name>PUESTO</name><styleUrl>#s</styleUrl><ExtendedData><Data name="carpeta"><value>140</value></Data><Data name="nombre"><value>PUESTO</value></Data><Data name="tipo"><value>PUESTO</value></Data></ExtendedData><Point><coordinates>-59.681340,-34.560570</coordinates></Point></Placemark>
<Placemark><name>ESTANCIA DE GAYNOR</name><styleUrl>#s</styleUrl><ExtendedData><Data name="carpeta"><value>141</value></Data><Data name="nombre"><value>ESTANCIA DE GAYNOR</value></Data><Data name="tipo"><value>CASA</value></Data></ExtendedData><Point><coordinates>-59.442003,-34.534855</coordinates></Point></Placemark>
<Placemark><name>SIN IDENTIFICAR</name><styleUrl>#s</styleUrl><ExtendedData><Data name="carpeta"><value>141</value></Data><Data name="nombre"><value>SIN IDENTIFICAR</value></Data><Data name="tipo"><value>CASA S/I</value></Data></ExtendedData><Point><coordinates>-59.438109,-34.535338</coordinates></Point></Placemark>
<Placemark><name>ESTANCIA</name><styleUrl>#s</styleUrl><ExtendedData><Data name="carpeta"><value>142</value></Data><Data name="nombre"><value>ESTANCIA</value></Data><Data name="tipo"><value>CASA</value></Data></ExtendedData><Point><coordinates>-59.288328,-34.468824</coordinates></Point></Placemark>
<Placemark><name>SIN IDENTIFICAR</name><styleUrl>#s</styleUrl><ExtendedData><Data name="carpeta"><value>144</value></Data><Data name="nombre"><value>SIN IDENTIFICAR</value></Data><Data name="tipo"><value>CASA S/I</value></Data></ExtendedData><Point><coordinates>-59.419203,-34.406338</coordinates></Point></Placemark>
<Placemark><name>SIN IDENTIFICAR</name><styleUrl>#s</styleUrl><ExtendedData><Data name="carpeta"><value>144</value></Data><Data name="nombre"><value>SIN IDENTIFICAR</value></Data><Data name="tipo"><value>CASA S/I</value></Data></ExtendedData><Point><coordinates>-59.407451,-34.407963</coordinates></Point></Placemark>
<Placemark><name>PUESTO</name><styleUrl>#s</styleUrl><ExtendedData><Data name="carpeta"><value>144</value></Data><Data name="nombre"><value>PUESTO</value></Data><Data name="tipo"><value>PUESTO</value></Data></ExtendedData><Point><coordinates>-59.390145,-34.413387</coordinates></Point></Placemark>
<Placemark><name>TORIBIO RODRIGUEZ</name><styleUrl>#s</styleUrl><ExtendedData><Data name="carpeta"><value>146</value></Data><Data name="nombre"><value>TORIBIO RODRIGUEZ</value></Data><Data name="tipo"><value>CASA</value></Data></ExtendedData><Point><coordinates>-59.366855,-34.404969</coordinates></Point></Placemark>
<Placemark><name>F. LOPEZ</name><styleUrl>#s</styleUrl><ExtendedData><Data name="carpeta"><value>146</value></Data><Data name="nombre"><value>F. LOPEZ</value></Data><Data name="tipo"><value>CASA</value></Data></ExtendedData><Point><coordinates>-59.331539,-34.426694</coordinates></Point></Placemark>
<Placemark><name>ESTANCIA</name><styleUrl>#s</styleUrl><ExtendedData><Data name="carpeta"><value>146</value></Data><Data name="nombre"><value>ESTANCIA</value></Data><Data name="tipo"><value>CASA</value></Data></ExtendedData><Point><coordinates>-59.342964,-34.433404</coordinates></Point></Placemark>
<Placemark><name>E. LOPEZ</name><styleUrl>#s</styleUrl><ExtendedData><Data name="carpeta"><value>147</value></Data><Data name="nombre"><value>E. LOPEZ</value></Data><Data name="tipo"><value>CASA</value></Data></ExtendedData><Point><coordinates>-59.339685,-34.420249</coordinates></Point></Placemark>
<Placemark><name>SIN IDENTIFICAR</name><styleUrl>#s</styleUrl><ExtendedData><Data name="carpeta"><value>148</value></Data><Data name="nombre"><value>SIN IDENTIFICAR</value></Data><Data name="tipo"><value>CASA S/I</value></Data></ExtendedData><Point><coordinates>-59.445256,-34.373129</coordinates></Point></Placemark>
<Placemark><name>SIN IDENTIFICAR</name><styleUrl>#s</styleUrl><ExtendedData><Data name="carpeta"><value>148</value></Data><Data name="nombre"><value>SIN IDENTIFICAR</value></Data><Data name="tipo"><value>CASA S/I</value></Data></ExtendedData><Point><coordinates>-59.422439,-34.391704</coordinates></Point></Placemark>
<Placemark><name>SIN IDENTIFICAR</name><styleUrl>#s</styleUrl><ExtendedData><Data name="carpeta"><value>148</value></Data><Data name="nombre"><value>SIN IDENTIFICAR</value></Data><Data name="tipo"><value>CASA S/I</value></Data></ExtendedData><Point><coordinates>-59.424046,-34.395661</coordinates></Point></Placemark>
<Placemark><name>ESTANCIA NUEVA</name><styleUrl>#s</styleUrl><ExtendedData><Data name="carpeta"><value>150</value></Data><Data name="nombre"><value>ESTANCIA NUEVA</value></Data><Data name="tipo"><value>CASA</value></Data></ExtendedData><Point><coordinates>-59.361734,-34.246092</coordinates></Point></Placemark>
<Placemark><name>ESTANCIA VIEJA</name><styleUrl>#s</styleUrl><ExtendedData><Data name="carpeta"><value>150</value></Data><Data name="nombre"><value>ESTANCIA VIEJA</value></Data><Data name="tipo"><value>CASA</value></Data></ExtendedData><Point><coordinates>-59.347269,-34.278096</coordinates></Point></Placemark>
<Placemark><name>PUESTO</name><styleUrl>#s</styleUrl><ExtendedData><Data name="carpeta"><value>151</value></Data><Data name="nombre"><value>PUESTO</value></Data><Data name="tipo"><value>PUESTO</value></Data></ExtendedData><Point><coordinates>-59.250574,-34.422769</coordinates></Point></Placemark>
<Placemark><name>PUESTO</name><styleUrl>#s</styleUrl><ExtendedData><Data name="carpeta"><value>151</value></Data><Data name="nombre"><value>PUESTO</value></Data><Data name="tipo"><value>PUESTO</value></Data></ExtendedData><Point><coordinates>-59.249026,-34.418884</coordinates></Point></Placemark>
<Placemark><name>ESTANCIA DEL SAR</name><styleUrl>#s</styleUrl><ExtendedData><Data name="carpeta"><value>151</value></Data><Data name="nombre"><value>ESTANCIA DEL SAR</value></Data><Data name="tipo"><value>CASA</value></Data></ExtendedData><Point><coordinates>-59.251791,-34.389219</coordinates></Point></Placemark>
<Placemark><name>LA PATERNA</name><styleUrl>#s</styleUrl><ExtendedData><Data name="carpeta"><value>151</value></Data><Data name="nombre"><value>LA PATERNA</value></Data><Data name="tipo"><value>CASA</value></Data></ExtendedData><Point><coordinates>-59.207405,-34.380582</coordinates></Point></Placemark>
<Placemark><name>PUESTO</name><styleUrl>#s</styleUrl><ExtendedData><Data name="carpeta"><value>151</value></Data><Data name="nombre"><value>PUESTO</value></Data><Data name="tipo"><value>PUESTO</value></Data></ExtendedData><Point><coordinates>-59.270129,-34.336838</coordinates></Point></Placemark>
<Placemark><name>PUESTO</name><styleUrl>#s</styleUrl><ExtendedData><Data name="carpeta"><value>151</value></Data><Data name="nombre"><value>PUESTO</value></Data><Data name="tipo"><value>PUESTO</value></Data></ExtendedData><Point><coordinates>-59.284154,-34.351060</coordinates></Point></Placemark>
<Placemark><name>PUESTO</name><styleUrl>#s</styleUrl><ExtendedData><Data name="carpeta"><value>151</value></Data><Data name="nombre"><value>PUESTO</value></Data><Data name="tipo"><value>PUESTO</value></Data></ExtendedData><Point><coordinates>-59.285495,-34.363890</coordinates></Point></Placemark>
<Placemark><name>PUESTO</name><styleUrl>#s</styleUrl><ExtendedData><Data name="carpeta"><value>151</value></Data><Data name="nombre"><value>PUESTO</value></Data><Data name="tipo"><value>PUESTO</value></Data></ExtendedData><Point><coordinates>-59.267423,-34.378833</coordinates></Point></Placemark>
<Placemark><name>ESTANCIA</name><styleUrl>#s</styleUrl><ExtendedData><Data name="carpeta"><value>152</value></Data><Data name="nombre"><value>ESTANCIA</value></Data><Data name="tipo"><value>CASA</value></Data></ExtendedData><Point><coordinates>-59.716512,-34.478329</coordinates></Point></Placemark>
<Placemark><name>PUESTO</name><styleUrl>#s</styleUrl><ExtendedData><Data name="carpeta"><value>153</value></Data><Data name="nombre"><value>PUESTO</value></Data><Data name="tipo"><value>PUESTO</value></Data></ExtendedData><Point><coordinates>-59.558440,-34.531786</coordinates></Point></Placemark>
<Placemark><name>SIN IDENTIFICAR</name><styleUrl>#s</styleUrl><ExtendedData><Data name="carpeta"><value>153</value></Data><Data name="nombre"><value>SIN IDENTIFICAR</value></Data><Data name="tipo"><value>CASA S/I</value></Data></ExtendedData><Point><coordinates>-59.560836,-34.533750</coordinates></Point></Placemark>
<Placemark><name>ESTANCIA</name><styleUrl>#s</styleUrl><ExtendedData><Data name="carpeta"><value>153</value></Data><Data name="nombre"><value>ESTANCIA</value></Data><Data name="tipo"><value>CASA</value></Data></ExtendedData><Point><coordinates>-59.566323,-34.519813</coordinates></Point></Placemark>
<Placemark><name>SIN IDENTIFICAR</name><styleUrl>#s</styleUrl><ExtendedData><Data name="carpeta"><value>154</value></Data><Data name="nombre"><value>SIN IDENTIFICAR</value></Data><Data name="tipo"><value>CASA S/I</value></Data></ExtendedData><Point><coordinates>-59.366490,-34.404902</coordinates></Point></Placemark>
<Placemark><name>ESTANCIA DE G. RODRIGUEZ</name><styleUrl>#s</styleUrl><ExtendedData><Data name="carpeta"><value>154</value></Data><Data name="nombre"><value>ESTANCIA DE G. RODRIGUEZ</value></Data><Data name="tipo"><value>CASA</value></Data></ExtendedData><Point><coordinates>-59.342784,-34.433703</coordinates></Point></Placemark>
<Placemark><name>LESCANO</name><styleUrl>#s</styleUrl><ExtendedData><Data name="carpeta"><value>157</value></Data><Data name="nombre"><value>LESCANO</value></Data><Data name="tipo"><value>CASA</value></Data></ExtendedData><Point><coordinates>-59.367477,-34.514925</coordinates></Point></Placemark>
<Placemark><name>PUESTO</name><styleUrl>#s</styleUrl><ExtendedData><Data name="carpeta"><value>157</value></Data><Data name="nombre"><value>PUESTO</value></Data><Data name="tipo"><value>PUESTO</value></Data></ExtendedData><Point><coordinates>-59.376574,-34.509877</coordinates></Point></Placemark>
<Placemark><name>TAPERA</name><styleUrl>#s</styleUrl><ExtendedData><Data name="carpeta"><value>158</value></Data><Data name="nombre"><value>TAPERA</value></Data><Data name="tipo"><value>TAPERA</value></Data></ExtendedData><Point><coordinates>-59.425204,-34.546115</coordinates></Point></Placemark>
<Placemark><name>MARGARITA CASEY</name><styleUrl>#s</styleUrl><ExtendedData><Data name="carpeta"><value>158</value></Data><Data name="nombre"><value>MARGARITA CASEY</value></Data><Data name="tipo"><value>CASA</value></Data></ExtendedData><Point><coordinates>-59.420962,-34.546037</coordinates></Point></Placemark>
<Placemark><name>TAPERA</name><styleUrl>#s</styleUrl><ExtendedData><Data name="carpeta"><value>158</value></Data><Data name="nombre"><value>TAPERA</value></Data><Data name="tipo"><value>TAPERA</value></Data></ExtendedData><Point><coordinates>-59.422819,-34.547630</coordinates></Point></Placemark>
<Placemark><name>FACUNDO CANE</name><styleUrl>#s</styleUrl><ExtendedData><Data name="carpeta"><value>159</value></Data><Data name="nombre"><value>FACUNDO CANE</value></Data><Data name="tipo"><value>CASA</value></Data></ExtendedData><Point><coordinates>-59.535808,-34.449531</coordinates></Point></Placemark>
<Placemark><name>BUTTERFILL</name><styleUrl>#s</styleUrl><ExtendedData><Data name="carpeta"><value>159</value></Data><Data name="nombre"><value>BUTTERFILL</value></Data><Data name="tipo"><value>CASA</value></Data></ExtendedData><Point><coordinates>-59.526983,-34.452187</coordinates></Point></Placemark>
<Placemark><name>J. Y. J. DE LA TORRE</name><styleUrl>#s</styleUrl><ExtendedData><Data name="carpeta"><value>159</value></Data><Data name="nombre"><value>J. Y. J. DE LA TORRE</value></Data><Data name="tipo"><value>CASA</value></Data></ExtendedData><Point><coordinates>-59.542180,-34.470954</coordinates></Point></Placemark>
<Placemark><name>RAFAEL CANE</name><styleUrl>#s</styleUrl><ExtendedData><Data name="carpeta"><value>159</value></Data><Data name="nombre"><value>RAFAEL CANE</value></Data><Data name="tipo"><value>CASA</value></Data></ExtendedData><Point><coordinates>-59.527693,-34.476034</coordinates></Point></Placemark>
<Placemark><name>DE LA TESTAMENTARIA (TORRE DE BUTTERFILL)</name><styleUrl>#s</styleUrl><ExtendedData><Data name="carpeta"><value>159</value></Data><Data name="nombre"><value>DE LA TESTAMENTARIA (TORRE DE BUTTERFILL)</value></Data><Data name="tipo"><value>CASA</value></Data></ExtendedData><Point><coordinates>-59.517525,-34.471272</coordinates></Point></Placemark>
<Placemark><name>L. CONTRERAS</name><styleUrl>#s</styleUrl><ExtendedData><Data name="carpeta"><value>159</value></Data><Data name="nombre"><value>L. CONTRERAS</value></Data><Data name="tipo"><value>CASA</value></Data></ExtendedData><Point><coordinates>-59.507369,-34.469574</coordinates></Point></Placemark>
<Placemark><name>L. CONTRERAS</name><styleUrl>#s</styleUrl><ExtendedData><Data name="carpeta"><value>159</value></Data><Data name="nombre"><value>L. CONTRERAS</value></Data><Data name="tipo"><value>CASA</value></Data></ExtendedData><Point><coordinates>-59.482237,-34.479809</coordinates></Point></Placemark>
<Placemark><name>L. CANE</name><styleUrl>#s</styleUrl><ExtendedData><Data name="carpeta"><value>159</value></Data><Data name="nombre"><value>L. CANE</value></Data><Data name="tipo"><value>CASA</value></Data></ExtendedData><Point><coordinates>-59.495691,-34.487509</coordinates></Point></Placemark>
<Placemark><name>PUESTO DE FIGUEROA</name><styleUrl>#s</styleUrl><ExtendedData><Data name="carpeta"><value>161</value></Data><Data name="nombre"><value>PUESTO DE FIGUEROA</value></Data><Data name="tipo"><value>PUESTO</value></Data></ExtendedData><Point><coordinates>-59.431519,-34.319074</coordinates></Point></Placemark>
<Placemark><name>PUESTO DE FIGUEROA</name><styleUrl>#s</styleUrl><ExtendedData><Data name="carpeta"><value>161</value></Data><Data name="nombre"><value>PUESTO DE FIGUEROA</value></Data><Data name="tipo"><value>PUESTO</value></Data></ExtendedData><Point><coordinates>-59.456100,-34.319039</coordinates></Point></Placemark>
<Placemark><name>PUESTO DE FIGUEROA</name><styleUrl>#s</styleUrl><ExtendedData><Data name="carpeta"><value>161</value></Data><Data name="nombre"><value>PUESTO DE FIGUEROA</value></Data><Data name="tipo"><value>PUESTO</value></Data></ExtendedData><Point><coordinates>-59.449341,-34.306326</coordinates></Point></Placemark>
<Placemark><name>JOSE RODRIGUEZ</name><styleUrl>#s</styleUrl><ExtendedData><Data name="carpeta"><value>161</value></Data><Data name="nombre"><value>JOSE RODRIGUEZ</value></Data><Data name="tipo"><value>CASA</value></Data></ExtendedData><Point><coordinates>-59.390449,-34.304076</coordinates></Point></Placemark>
<Placemark><name>PUESTO</name><styleUrl>#s</styleUrl><ExtendedData><Data name="carpeta"><value>161</value></Data><Data name="nombre"><value>PUESTO</value></Data><Data name="tipo"><value>PUESTO</value></Data></ExtendedData><Point><coordinates>-59.407625,-34.283744</coordinates></Point></Placemark>
<Placemark><name>DURAN</name><styleUrl>#s</styleUrl><ExtendedData><Data name="carpeta"><value>161</value></Data><Data name="nombre"><value>DURAN</value></Data><Data name="tipo"><value>CASA</value></Data></ExtendedData><Point><coordinates>-59.429730,-34.282584</coordinates></Point></Placemark>
<Placemark><name>ESTANCIA DE FIGUEROA</name><styleUrl>#s</styleUrl><ExtendedData><Data name="carpeta"><value>161</value></Data><Data name="nombre"><value>ESTANCIA DE FIGUEROA</value></Data><Data name="tipo"><value>CASA</value></Data></ExtendedData><Point><coordinates>-59.389201,-34.324613</coordinates></Point></Placemark>
<Placemark><name>RABIRIAN</name><styleUrl>#s</styleUrl><ExtendedData><Data name="carpeta"><value>161</value></Data><Data name="nombre"><value>RABIRIAN</value></Data><Data name="tipo"><value>CASA</value></Data></ExtendedData><Point><coordinates>-59.372680,-34.327153</coordinates></Point></Placemark>
<Placemark><name>IGLESIA DE ARECO</name><styleUrl>#s</styleUrl><ExtendedData><Data name="carpeta"><value>161</value></Data><Data name="nombre"><value>IGLESIA DE ARECO</value></Data><Data name="tipo"><value>IGLESIA</value></Data></ExtendedData><Point><coordinates>-59.477507,-34.242622</coordinates></Point></Placemark>
<Placemark><name>ESTANCIA</name><styleUrl>#s</styleUrl><ExtendedData><Data name="carpeta"><value>162</value></Data><Data name="nombre"><value>ESTANCIA</value></Data><Data name="tipo"><value>CASA</value></Data></ExtendedData><Point><coordinates>-59.383770,-34.268516</coordinates></Point></Placemark>
<Placemark><name>SIN IDENTIFICAR</name><styleUrl>#s</styleUrl><ExtendedData><Data name="carpeta"><value>164</value></Data><Data name="nombre"><value>SIN IDENTIFICAR</value></Data><Data name="tipo"><value>CASA S/I</value></Data></ExtendedData><Point><coordinates>-59.381690,-34.476429</coordinates></Point></Placemark>
<Placemark><name>SIN IDENTIFICAR</name><styleUrl>#s</styleUrl><ExtendedData><Data name="carpeta"><value>164</value></Data><Data name="nombre"><value>SIN IDENTIFICAR</value></Data><Data name="tipo"><value>CASA S/I</value></Data></ExtendedData><Point><coordinates>-59.367441,-34.468504</coordinates></Point></Placemark>
<Placemark><name>SIN IDENTIFICAR</name><styleUrl>#s</styleUrl><ExtendedData><Data name="carpeta"><value>164</value></Data><Data name="nombre"><value>SIN IDENTIFICAR</value></Data><Data name="tipo"><value>CASA S/I</value></Data></ExtendedData><Point><coordinates>-59.371396,-34.484934</coordinates></Point></Placemark>
<Placemark><name>SIN IDENTIFICAR</name><styleUrl>#s</styleUrl><ExtendedData><Data name="carpeta"><value>164</value></Data><Data name="nombre"><value>SIN IDENTIFICAR</value></Data><Data name="tipo"><value>CASA S/I</value></Data></ExtendedData><Point><coordinates>-59.371899,-34.485471</coordinates></Point></Placemark>
<Placemark><name>SIN IDENTIFICAR</name><styleUrl>#s</styleUrl><ExtendedData><Data name="carpeta"><value>164</value></Data><Data name="nombre"><value>SIN IDENTIFICAR</value></Data><Data name="tipo"><value>CASA S/I</value></Data></ExtendedData><Point><coordinates>-59.360997,-34.488772</coordinates></Point></Placemark>
<Placemark><name>SIN IDENTIFICAR</name><styleUrl>#s</styleUrl><ExtendedData><Data name="carpeta"><value>164</value></Data><Data name="nombre"><value>SIN IDENTIFICAR</value></Data><Data name="tipo"><value>CASA S/I</value></Data></ExtendedData><Point><coordinates>-59.353898,-34.491960</coordinates></Point></Placemark>
<Placemark><name>ESTANCIA</name><styleUrl>#s</styleUrl><ExtendedData><Data name="carpeta"><value>166</value></Data><Data name="nombre"><value>ESTANCIA</value></Data><Data name="tipo"><value>CASA</value></Data></ExtendedData><Point><coordinates>-59.732881,-34.447232</coordinates></Point></Placemark>
<Placemark><name>PUESTO</name><styleUrl>#s</styleUrl><ExtendedData><Data name="carpeta"><value>166</value></Data><Data name="nombre"><value>PUESTO</value></Data><Data name="tipo"><value>PUESTO</value></Data></ExtendedData><Point><coordinates>-59.750187,-34.443849</coordinates></Point></Placemark>
<Placemark><name>TAPERA</name><styleUrl>#s</styleUrl><ExtendedData><Data name="carpeta"><value>166</value></Data><Data name="nombre"><value>TAPERA</value></Data><Data name="tipo"><value>TAPERA</value></Data></ExtendedData><Point><coordinates>-59.755184,-34.448045</coordinates></Point></Placemark>
<Placemark><name>TAPERA</name><styleUrl>#s</styleUrl><ExtendedData><Data name="carpeta"><value>166</value></Data><Data name="nombre"><value>TAPERA</value></Data><Data name="tipo"><value>TAPERA</value></Data></ExtendedData><Point><coordinates>-59.738790,-34.461177</coordinates></Point></Placemark>
<Placemark><name>TAPERA</name><styleUrl>#s</styleUrl><ExtendedData><Data name="carpeta"><value>166</value></Data><Data name="nombre"><value>TAPERA</value></Data><Data name="tipo"><value>TAPERA</value></Data></ExtendedData><Point><coordinates>-59.736513,-34.461780</coordinates></Point></Placemark>
<Placemark><name>POBLACION</name><styleUrl>#s</styleUrl><ExtendedData><Data name="carpeta"><value>171</value></Data><Data name="nombre"><value>POBLACION</value></Data><Data name="tipo"><value>CASA</value></Data></ExtendedData><Point><coordinates>-59.570475,-34.441837</coordinates></Point></Placemark>
<Placemark><name>PUESTO</name><styleUrl>#s</styleUrl><ExtendedData><Data name="carpeta"><value>171</value></Data><Data name="nombre"><value>PUESTO</value></Data><Data name="tipo"><value>PUESTO</value></Data></ExtendedData><Point><coordinates>-59.593670,-34.455832</coordinates></Point></Placemark>
<Placemark><name>POBLACION</name><styleUrl>#s</styleUrl><ExtendedData><Data name="carpeta"><value>173</value></Data><Data name="nombre"><value>POBLACION</value></Data><Data name="tipo"><value>CASA</value></Data></ExtendedData><Point><coordinates>-59.358513,-34.448317</coordinates></Point></Placemark>
<Placemark><name>POBLACION</name><styleUrl>#s</styleUrl><ExtendedData><Data name="carpeta"><value>173</value></Data><Data name="nombre"><value>POBLACION</value></Data><Data name="tipo"><value>CASA</value></Data></ExtendedData><Point><coordinates>-59.345803,-34.465508</coordinates></Point></Placemark>
<Placemark><name>POBLACION</name><styleUrl>#s</styleUrl><ExtendedData><Data name="carpeta"><value>173</value></Data><Data name="nombre"><value>POBLACION</value></Data><Data name="tipo"><value>CASA</value></Data></ExtendedData><Point><coordinates>-59.342442,-34.469988</coordinates></Point></Placemark>
<Placemark><name>POBLACION</name><styleUrl>#s</styleUrl><ExtendedData><Data name="carpeta"><value>173</value></Data><Data name="nombre"><value>POBLACION</value></Data><Data name="tipo"><value>CASA</value></Data></ExtendedData><Point><coordinates>-59.336416,-34.478208</coordinates></Point></Placemark>
<Placemark><name>POBLACION</name><styleUrl>#s</styleUrl><ExtendedData><Data name="carpeta"><value>173</value></Data><Data name="nombre"><value>POBLACION</value></Data><Data name="tipo"><value>CASA</value></Data></ExtendedData><Point><coordinates>-59.323975,-34.495563</coordinates></Point></Placemark>
<Placemark><name>ESTANCIA</name><styleUrl>#s</styleUrl><ExtendedData><Data name="carpeta"><value>174</value></Data><Data name="nombre"><value>ESTANCIA</value></Data><Data name="tipo"><value>CASA</value></Data></ExtendedData><Point><coordinates>-59.467190,-34.565687</coordinates></Point></Placemark>
<Placemark><name>RANCHO</name><styleUrl>#s</styleUrl><ExtendedData><Data name="carpeta"><value>174</value></Data><Data name="nombre"><value>RANCHO</value></Data><Data name="tipo"><value>RANCHO</value></Data></ExtendedData><Point><coordinates>-59.458672,-34.550982</coordinates></Point></Placemark>
<Placemark><name>PUESTO</name><styleUrl>#s</styleUrl><ExtendedData><Data name="carpeta"><value>179</value></Data><Data name="nombre"><value>PUESTO</value></Data><Data name="tipo"><value>PUESTO</value></Data></ExtendedData><Point><coordinates>-59.506244,-34.332123</coordinates></Point></Placemark>
<Placemark><name>PUESTO</name><styleUrl>#s</styleUrl><ExtendedData><Data name="carpeta"><value>179</value></Data><Data name="nombre"><value>PUESTO</value></Data><Data name="tipo"><value>PUESTO</value></Data></ExtendedData><Point><coordinates>-59.471276,-34.359567</coordinates></Point></Placemark>
<Placemark><name>EL PARAISO</name><styleUrl>#s</styleUrl><ExtendedData><Data name="carpeta"><value>179</value></Data><Data name="nombre"><value>EL PARAISO</value></Data><Data name="tipo"><value>CASA</value></Data></ExtendedData><Point><coordinates>-59.458661,-34.347795</coordinates></Point></Placemark>
<Placemark><name>JAGUEL</name><styleUrl>#s</styleUrl><ExtendedData><Data name="carpeta"><value>179</value></Data><Data name="nombre"><value>JAGUEL</value></Data><Data name="tipo"><value>JAGUEL</value></Data></ExtendedData><Point><coordinates>-59.456731,-34.346117</coordinates></Point></Placemark>
<Placemark><name>PUESTO</name><styleUrl>#s</styleUrl><ExtendedData><Data name="carpeta"><value>179</value></Data><Data name="nombre"><value>PUESTO</value></Data><Data name="tipo"><value>PUESTO</value></Data></ExtendedData><Point><coordinates>-59.445123,-34.334885</coordinates></Point></Placemark>
<Placemark><name>CAÑON</name><styleUrl>#s</styleUrl><ExtendedData><Data name="carpeta"><value>179</value></Data><Data name="nombre"><value>CAÑON</value></Data><Data name="tipo"><value>CAÑON</value></Data></ExtendedData><Point><coordinates>-59.444625,-34.333988</coordinates></Point></Placemark>
<Placemark><name>PUESTO</name><styleUrl>#s</styleUrl><ExtendedData><Data name="carpeta"><value>179</value></Data><Data name="nombre"><value>PUESTO</value></Data><Data name="tipo"><value>PUESTO</value></Data></ExtendedData><Point><coordinates>-59.482046,-34.315190</coordinates></Point></Placemark>
<Placemark><name>JAGUEL</name><styleUrl>#s</styleUrl><ExtendedData><Data name="carpeta"><value>179</value></Data><Data name="nombre"><value>JAGUEL</value></Data><Data name="tipo"><value>JAGUEL</value></Data></ExtendedData><Point><coordinates>-59.481405,-34.320137</coordinates></Point></Placemark>
<Placemark><name>ESTANCIA</name><styleUrl>#s</styleUrl><ExtendedData><Data name="carpeta"><value>181</value></Data><Data name="nombre"><value>ESTANCIA</value></Data><Data name="tipo"><value>CASA</value></Data></ExtendedData><Point><coordinates>-59.714123,-34.486904</coordinates></Point></Placemark>
<Placemark><name>PUESTO</name><styleUrl>#s</styleUrl><ExtendedData><Data name="carpeta"><value>181</value></Data><Data name="nombre"><value>PUESTO</value></Data><Data name="tipo"><value>PUESTO</value></Data></ExtendedData><Point><coordinates>-59.707958,-34.478900</coordinates></Point></Placemark>
<Placemark><name>PUESTO</name><styleUrl>#s</styleUrl><ExtendedData><Data name="carpeta"><value>181</value></Data><Data name="nombre"><value>PUESTO</value></Data><Data name="tipo"><value>PUESTO</value></Data></ExtendedData><Point><coordinates>-59.670934,-34.482383</coordinates></Point></Placemark>
<Placemark><name>ESTANCIA</name><styleUrl>#s</styleUrl><ExtendedData><Data name="carpeta"><value>183</value></Data><Data name="nombre"><value>ESTANCIA</value></Data><Data name="tipo"><value>CASA</value></Data></ExtendedData><Point><coordinates>-59.412015,-34.286867</coordinates></Point></Placemark>
<Placemark><name>ESTANCIA</name><styleUrl>#s</styleUrl><ExtendedData><Data name="carpeta"><value>183</value></Data><Data name="nombre"><value>ESTANCIA</value></Data><Data name="tipo"><value>CASA</value></Data></ExtendedData><Point><coordinates>-59.396999,-34.280999</coordinates></Point></Placemark>
<Placemark><name>TAPERA MONSALVO</name><styleUrl>#s</styleUrl><ExtendedData><Data name="carpeta"><value>183</value></Data><Data name="nombre"><value>TAPERA MONSALVO</value></Data><Data name="tipo"><value>TAPERA</value></Data></ExtendedData><Point><coordinates>-59.381421,-34.309830</coordinates></Point></Placemark>
<Placemark><name>ESTANCIA</name><styleUrl>#s</styleUrl><ExtendedData><Data name="carpeta"><value>183</value></Data><Data name="nombre"><value>ESTANCIA</value></Data><Data name="tipo"><value>CASA</value></Data></ExtendedData><Point><coordinates>-59.390592,-34.320359</coordinates></Point></Placemark>
<Placemark><name>PUENTE</name><styleUrl>#s</styleUrl><ExtendedData><Data name="carpeta"><value>183</value></Data><Data name="nombre"><value>PUENTE</value></Data><Data name="tipo"><value>PUENTE</value></Data></ExtendedData><Point><coordinates>-59.384557,-34.326017</coordinates></Point></Placemark>
<Placemark><name>PUESTO</name><styleUrl>#s</styleUrl><ExtendedData><Data name="carpeta"><value>183</value></Data><Data name="nombre"><value>PUESTO</value></Data><Data name="tipo"><value>PUESTO</value></Data></ExtendedData><Point><coordinates>-59.382645,-34.322036</coordinates></Point></Placemark>
<Placemark><name>POBLACION</name><styleUrl>#s</styleUrl><ExtendedData><Data name="carpeta"><value>187</value></Data><Data name="nombre"><value>POBLACION</value></Data><Data name="tipo"><value>CASA</value></Data></ExtendedData><Point><coordinates>-59.453272,-34.507440</coordinates></Point></Placemark>
<Placemark><name>POBLACION</name><styleUrl>#s</styleUrl><ExtendedData><Data name="carpeta"><value>188</value></Data><Data name="nombre"><value>POBLACION</value></Data><Data name="tipo"><value>CASA</value></Data></ExtendedData><Point><coordinates>-59.449711,-34.524963</coordinates></Point></Placemark>
<Placemark><name>POBLACION</name><styleUrl>#s</styleUrl><ExtendedData><Data name="carpeta"><value>188</value></Data><Data name="nombre"><value>POBLACION</value></Data><Data name="tipo"><value>CASA</value></Data></ExtendedData><Point><coordinates>-59.462385,-34.529446</coordinates></Point></Placemark>
<Placemark><name>POBLACION</name><styleUrl>#s</styleUrl><ExtendedData><Data name="carpeta"><value>188</value></Data><Data name="nombre"><value>POBLACION</value></Data><Data name="tipo"><value>CASA</value></Data></ExtendedData><Point><coordinates>-59.428299,-34.546581</coordinates></Point></Placemark>
<Placemark><name>POBLACION</name><styleUrl>#s</styleUrl><ExtendedData><Data name="carpeta"><value>188</value></Data><Data name="nombre"><value>POBLACION</value></Data><Data name="tipo"><value>CASA</value></Data></ExtendedData><Point><coordinates>-59.430750,-34.543864</coordinates></Point></Placemark>
<Placemark><name>PUESTO</name><styleUrl>#s</styleUrl><ExtendedData><Data name="carpeta"><value>188</value></Data><Data name="nombre"><value>PUESTO</value></Data><Data name="tipo"><value>PUESTO</value></Data></ExtendedData><Point><coordinates>-59.438408,-34.534610</coordinates></Point></Placemark>
<Placemark><name>ESTANCIA SANTA  MARIA</name><styleUrl>#s</styleUrl><ExtendedData><Data name="carpeta"><value>188</value></Data><Data name="nombre"><value>ESTANCIA SANTA  MARIA</value></Data><Data name="tipo"><value>CASA</value></Data></ExtendedData><Point><coordinates>-59.442505,-34.531754</coordinates></Point></Placemark>
<Placemark><name>ESTANCIA SAN FELIPE</name><styleUrl>#s</styleUrl><ExtendedData><Data name="carpeta"><value>189</value></Data><Data name="nombre"><value>ESTANCIA SAN FELIPE</value></Data><Data name="tipo"><value>CASA</value></Data></ExtendedData><Point><coordinates>-59.389241,-34.329522</coordinates></Point></Placemark>
<Placemark><name>PUENTE</name><styleUrl>#s</styleUrl><ExtendedData><Data name="carpeta"><value>189</value></Data><Data name="nombre"><value>PUENTE</value></Data><Data name="tipo"><value>PUENTE</value></Data></ExtendedData><Point><coordinates>-59.384859,-34.329142</coordinates></Point></Placemark>
<Placemark><name>POBLACION DE I. FIGUEROA</name><styleUrl>#s</styleUrl><ExtendedData><Data name="carpeta"><value>189</value></Data><Data name="nombre"><value>POBLACION DE I. FIGUEROA</value></Data><Data name="tipo"><value>CASA</value></Data></ExtendedData><Point><coordinates>-59.408038,-34.329227</coordinates></Point></Placemark>
<Placemark><name>TRANQUERA</name><styleUrl>#s</styleUrl><ExtendedData><Data name="carpeta"><value>189</value></Data><Data name="nombre"><value>TRANQUERA</value></Data><Data name="tipo"><value>TRANQUERA</value></Data></ExtendedData><Point><coordinates>-59.406567,-34.328951</coordinates></Point></Placemark>
<Placemark><name>POBLACION</name><styleUrl>#s</styleUrl><ExtendedData><Data name="carpeta"><value>189</value></Data><Data name="nombre"><value>POBLACION</value></Data><Data name="tipo"><value>CASA</value></Data></ExtendedData><Point><coordinates>-59.418925,-34.319202</coordinates></Point></Placemark>
<Placemark><name>PUESTO</name><styleUrl>#s</styleUrl><ExtendedData><Data name="carpeta"><value>189</value></Data><Data name="nombre"><value>PUESTO</value></Data><Data name="tipo"><value>PUESTO</value></Data></ExtendedData><Point><coordinates>-59.416490,-34.312721</coordinates></Point></Placemark>
<Placemark><name>POBLACION</name><styleUrl>#s</styleUrl><ExtendedData><Data name="carpeta"><value>189</value></Data><Data name="nombre"><value>POBLACION</value></Data><Data name="tipo"><value>CASA</value></Data></ExtendedData><Point><coordinates>-59.407440,-34.307072</coordinates></Point></Placemark>
<Placemark><name>POBLACION</name><styleUrl>#s</styleUrl><ExtendedData><Data name="carpeta"><value>189</value></Data><Data name="nombre"><value>POBLACION</value></Data><Data name="tipo"><value>CASA</value></Data></ExtendedData><Point><coordinates>-59.432017,-34.317355</coordinates></Point></Placemark>
<Placemark><name>POBLACION LABAYEN</name><styleUrl>#s</styleUrl><ExtendedData><Data name="carpeta"><value>189</value></Data><Data name="nombre"><value>POBLACION LABAYEN</value></Data><Data name="tipo"><value>CASA</value></Data></ExtendedData><Point><coordinates>-59.433932,-34.326428</coordinates></Point></Placemark>
<Placemark><name>POBLACION</name><styleUrl>#s</styleUrl><ExtendedData><Data name="carpeta"><value>189</value></Data><Data name="nombre"><value>POBLACION</value></Data><Data name="tipo"><value>CASA</value></Data></ExtendedData><Point><coordinates>-59.445026,-34.328148</coordinates></Point></Placemark>
<Placemark><name>POBLACION</name><styleUrl>#s</styleUrl><ExtendedData><Data name="carpeta"><value>189</value></Data><Data name="nombre"><value>POBLACION</value></Data><Data name="tipo"><value>CASA</value></Data></ExtendedData><Point><coordinates>-59.440291,-34.332121</coordinates></Point></Placemark>
<Placemark><name>MOJON DE CAÑON</name><styleUrl>#s</styleUrl><ExtendedData><Data name="carpeta"><value>189</value></Data><Data name="nombre"><value>MOJON DE CAÑON</value></Data><Data name="tipo"><value>CAÑON</value></Data></ExtendedData><Point><coordinates>-59.445887,-34.333697</coordinates></Point></Placemark>
<Placemark><name>POBLACION</name><styleUrl>#s</styleUrl><ExtendedData><Data name="carpeta"><value>189</value></Data><Data name="nombre"><value>POBLACION</value></Data><Data name="tipo"><value>CASA</value></Data></ExtendedData><Point><coordinates>-59.448284,-34.335497</coordinates></Point></Placemark>
<Placemark><name>MONTE DE LOS GALLEGOS</name><styleUrl>#s</styleUrl><ExtendedData><Data name="carpeta"><value>190</value></Data><Data name="nombre"><value>MONTE DE LOS GALLEGOS</value></Data><Data name="tipo"><value>CASA</value></Data></ExtendedData><Point><coordinates>-59.535912,-34.571326</coordinates></Point></Placemark>
<Placemark><name>MARTINEZ</name><styleUrl>#s</styleUrl><ExtendedData><Data name="carpeta"><value>190</value></Data><Data name="nombre"><value>MARTINEZ</value></Data><Data name="tipo"><value>CASA</value></Data></ExtendedData><Point><coordinates>-59.503953,-34.563615</coordinates></Point></Placemark>
<Placemark><name>MOLINA</name><styleUrl>#s</styleUrl><ExtendedData><Data name="carpeta"><value>190</value></Data><Data name="nombre"><value>MOLINA</value></Data><Data name="tipo"><value>CASA</value></Data></ExtendedData><Point><coordinates>-59.503496,-34.582217</coordinates></Point></Placemark>
<Placemark><name>BERNAL</name><styleUrl>#s</styleUrl><ExtendedData><Data name="carpeta"><value>191</value></Data><Data name="nombre"><value>BERNAL</value></Data><Data name="tipo"><value>CASA</value></Data></ExtendedData><Point><coordinates>-59.588237,-34.532016</coordinates></Point></Placemark>
<Placemark><name>MONTE DE AVILA</name><styleUrl>#s</styleUrl><ExtendedData><Data name="carpeta"><value>191</value></Data><Data name="nombre"><value>MONTE DE AVILA</value></Data><Data name="tipo"><value>CASA</value></Data></ExtendedData><Point><coordinates>-59.536688,-34.569253</coordinates></Point></Placemark>
<Placemark><name>CASTRO</name><styleUrl>#s</styleUrl><ExtendedData><Data name="carpeta"><value>191</value></Data><Data name="nombre"><value>CASTRO</value></Data><Data name="tipo"><value>CASA</value></Data></ExtendedData><Point><coordinates>-59.503863,-34.573847</coordinates></Point></Placemark>
</Document></kml>
