{"type":"FeatureCollection","name":"registro_grafico_1874","title":"Registro gráfico de c. 1874","features":[{"type":"Feature","properties":{"ha":2411.3,"circ":"IV","parcela":"295 B","titular":"LA PINTORESCA SA SA","sup_m2":24113330},"geometry":{"type":"Polygon","coordinates":[[[-59.25661,-34.324254],[-59.193661,-34.371086],[-59.196381,-34.373789],[-59.197805,-34.373844],[-59.197801,-34.374229],[-59.198014,-34.374889],[-59.198745,-34.37571],[-59.199374,-34.376144],[-59.199913,-34.377122],[-59.200482,-34.377693],[-59.200885,-34.378535],[-59.200881,-34.379012],[-59.20137,-34.379423],[-59.201557,-34.379946],[-59.201827,-34.380311],[-59.202824,-34.382064],[-59.205425,-34.384127],[-59.206493,-34.385373],[-59.207632,-34.387929],[-59.208945,-34.389659],[-59.210604,-34.389877],[-59.211933,-34.389954],[-59.21472,-34.394035],[-59.27819,-34.34266],[-59.263788,-34.329698],[-59.25661,-34.324254]]]}},{"type":"Feature","properties":{"ha":147.0,"circ":"IV","parcela":"304","titular":"BURDET JOSE CLAUDIO","sup_m2":1470222},"geometry":{"type":"Polygon","coordinates":[[[-59.259946,-34.386056],[-59.268158,-34.393406],[-59.278768,-34.384882],[-59.270093,-34.377974],[-59.259946,-34.386056]]]}},{"type":"Feature","properties":{"ha":223.4,"circ":"IV","parcela":"328","sup_m2":2234489},"geometry":{"type":"Polygon","coordinates":[[[-59.288511,-34.396083],[-59.276763,-34.386494],[-59.263886,-34.396838],[-59.263967,-34.397405],[-59.267863,-34.398811],[-59.278609,-34.404142],[-59.288511,-34.396083]]]}},{"type":"Feature","properties":{"ha":481.2,"circ":"IV","parcela":"350 E","titular":"CHANVILLARD JOSE REI","sup_m2":4811803},"geometry":{"type":"Polygon","coordinates":[[[-59.298798,-34.387708],[-59.311276,-34.399151],[-59.333288,-34.381928],[-59.329975,-34.378956],[-59.32473,-34.37409],[-59.320542,-34.37049],[-59.312599,-34.376469],[-59.298798,-34.387708]]]}},{"type":"Feature","properties":{"ha":211.5,"circ":"VI","parcela":"537","titular":"PODESTA MARCELO","sup_m2":2114679},"geometry":{"type":"Polygon","coordinates":[[[-59.408376,-34.339913],[-59.414187,-34.34391],[-59.440132,-34.325069],[-59.433658,-34.321763],[-59.408376,-34.339913]]]}},{"type":"Feature","properties":{"ha":709.2,"circ":"VI","parcela":"568 D","titular":"LYNCH SUSANA IVONA","sup_m2":7092237},"geometry":{"type":"Polygon","coordinates":[[[-59.444102,-34.35089],[-59.484665,-34.322287],[-59.48423,-34.321739],[-59.488957,-34.31824],[-59.481243,-34.314434],[-59.478908,-34.316077],[-59.468977,-34.311442],[-59.466904,-34.314389],[-59.452714,-34.331492],[-59.450228,-34.330223],[-59.436982,-34.339183],[-59.443785,-34.344916],[-59.440144,-34.347551],[-59.444102,-34.35089]]]}},{"type":"Feature","properties":{"ha":2701.0,"circ":"VII","parcela":"642 F","titular":"ROMERO ENRIQUE BLAS","sup_m2":27009922},"geometry":{"type":"Polygon","coordinates":[[[-59.392332,-34.255868],[-59.390356,-34.252594],[-59.386337,-34.249216],[-59.38529,-34.247816],[-59.383843,-34.247299],[-59.383631,-34.246978],[-59.383026,-34.246673],[-59.381891,-34.245482],[-59.380776,-34.244728],[-59.379787,-34.24465],[-59.377835,-34.244651],[-59.375571,-34.24083],[-59.375293,-34.240538],[-59.375344,-34.239859],[-59.375868,-34.239243],[-59.300917,-34.264903],[-59.308432,-34.285573],[-59.318614,-34.295488],[-59.326483,-34.296086],[-59.335275,-34.293602],[-59.354687,-34.280654],[-59.392332,-34.255868]]]}},{"type":"Feature","properties":{"ha":690.9,"circ":"VII","parcela":"642 H","titular":"ROMERO ENRIQUE BLAS","sup_m2":6908696},"geometry":{"type":"Polygon","coordinates":[[[-59.393116,-34.264316],[-59.394782,-34.262397],[-59.394141,-34.258619],[-59.392378,-34.255839],[-59.354734,-34.280625],[-59.335322,-34.293573],[-59.361244,-34.286966],[-59.393717,-34.278179],[-59.39262,-34.270038],[-59.392146,-34.268777],[-59.391839,-34.267671],[-59.391955,-34.266248],[-59.393116,-34.264316]]]}},{"type":"Feature","properties":{"ha":165.6,"circ":"VII","parcela":"646 G","titular":"CEIBO TALA SA","sup_m2":1655701},"geometry":{"type":"Polygon","coordinates":[[[-59.372292,-34.292989],[-59.393966,-34.279479],[-59.393717,-34.278179],[-59.361244,-34.286966],[-59.372292,-34.292989]]]}},{"type":"Feature","properties":{"ha":1588.8,"circ":"VII","parcela":"648 B","titular":"BENEDICTO RICARDO OS","sup_m2":15887659},"geometry":{"type":"Polygon","coordinates":[[[-59.323786,-34.301307],[-59.33179,-34.309782],[-59.336519,-34.306716],[-59.34781,-34.319677],[-59.351717,-34.3214],[-59.363254,-34.326802],[-59.364242,-34.325894],[-59.365814,-34.326542],[-59.379603,-34.30992],[-59.378271,-34.309029],[-59.389763,-34.295474],[-59.390466,-34.289967],[-59.391961,-34.2864],[-59.394091,-34.280378],[-59.393966,-34.279479],[-59.372292,-34.292989],[-59.361244,-34.286966],[-59.335322,-34.293573],[-59.330729,-34.297006],[-59.323786,-34.301307]]]}},{"type":"Feature","properties":{"ha":288.3,"circ":"VII","parcela":"657","titular":"7 HERMANOS SRL","sup_m2":2883400},"geometry":{"type":"Polygon","coordinates":[[[-59.395377,-34.288164],[-59.4125,-34.26818],[-59.406606,-34.268703],[-59.404539,-34.267728],[-59.403395,-34.265243],[-59.401913,-34.263721],[-59.400509,-34.26275],[-59.398938,-34.262053],[-59.398112,-34.261567],[-59.397065,-34.26108],[-59.397051,-34.260347],[-59.396797,-34.259837],[-59.394353,-34.258501],[-59.394507,-34.260976],[-59.394735,-34.262426],[-59.393069,-34.264345],[-59.391908,-34.266277],[-59.391793,-34.2677],[-59.3921,-34.268805],[-59.392573,-34.270038],[-59.39367,-34.278179],[-59.394091,-34.280378],[-59.393261,-34.283318],[-59.391961,-34.2864],[-59.395377,-34.288164]]]}},{"type":"Feature","properties":{"ha":357.1,"circ":"VII","parcela":"671","titular":"CHACRAS DE SAN ANTON","sup_m2":3571252},"geometry":{"type":"Polygon","coordinates":[[[-59.410881,-34.278181],[-59.414831,-34.273697],[-59.414796,-34.272031],[-59.415084,-34.270871],[-59.414857,-34.269901],[-59.414152,-34.269105],[-59.4125,-34.26818],[-59.395377,-34.288164],[-59.412374,-34.296934],[-59.416249,-34.292047],[-59.419611,-34.288167],[-59.42276,-34.284315],[-59.410881,-34.278181]]]}},{"type":"Feature","properties":{"ha":429.9,"circ":"VII","parcela":"687 B","titular":"VILLANUEVA MARIA GRA","sup_m2":4298988},"geometry":{"type":"Polygon","coordinates":[[[-59.381785,-34.305038],[-59.398842,-34.31365],[-59.412374,-34.296934],[-59.391961,-34.2864],[-59.390466,-34.289967],[-59.389763,-34.295474],[-59.385277,-34.301072],[-59.381785,-34.305038]]]}},{"type":"Feature","properties":{"ha":211.3,"circ":"VII","parcela":"692 B","titular":"GARCIA MORENO EZEQUI","sup_m2":2113404},"geometry":{"type":"Polygon","coordinates":[[[-59.323887,-34.367963],[-59.312726,-34.358057],[-59.301404,-34.366707],[-59.312599,-34.376469],[-59.323887,-34.367963]]]}},{"type":"Feature","properties":{"ha":491.6,"circ":"VII","parcela":"697 E","titular":"LA MAJA SA","sup_m2":4916008},"geometry":{"type":"Polygon","coordinates":[[[-59.419368,-34.314626],[-59.404196,-34.307193],[-59.398842,-34.31365],[-59.386441,-34.329257],[-59.386927,-34.333337],[-59.388884,-34.335134],[-59.3901,-34.338772],[-59.391741,-34.341535],[-59.419368,-34.314626]]]}},{"type":"Feature","properties":{"ha":174.2,"circ":"VII","parcela":"707 A","titular":"IVULICH SANTIAGO ROB","sup_m2":1741732},"geometry":{"type":"Polygon","coordinates":[[[-59.412609,-34.331874],[-59.406078,-34.327573],[-59.391741,-34.341535],[-59.391745,-34.342481],[-59.392055,-34.345108],[-59.39266,-34.34668],[-59.393391,-34.347876],[-59.39433,-34.34894],[-59.412609,-34.331874]]]}},{"type":"Feature","properties":{"ha":1486.0,"circ":"VII","parcela":"711 A","titular":"LA PALOMA SCA","sup_m2":14860039},"geometry":{"type":"Polygon","coordinates":[[[-59.333288,-34.381928],[-59.297162,-34.410249],[-59.298233,-34.410998],[-59.300188,-34.412055],[-59.301539,-34.412567],[-59.304622,-34.412855],[-59.305273,-34.413246],[-59.305873,-34.41418],[-59.309357,-34.416795],[-59.395354,-34.350989],[-59.394073,-34.348822],[-59.394124,-34.348707],[-59.393391,-34.347876],[-59.39266,-34.34668],[-59.392055,-34.345108],[-59.391745,-34.342481],[-59.391741,-34.341535],[-59.3901,-34.338772],[-59.333288,-34.381928]]]}},{"type":"Feature","properties":{"ha":52.4,"circ":"XII","parcela":"1513","titular":"ZEDONIA SA","sup_m2":523892},"geometry":{"type":"Polygon","coordinates":[[[-59.302712,-34.295252],[-59.319384,-34.296179],[-59.312617,-34.289649],[-59.302712,-34.295252]]]}},{"type":"Feature","properties":{"ha":657.0,"circ":"XII","parcela":"1514","titular":"HURE PROSPERO MARCEL","sup_m2":6569985},"geometry":{"type":"Polygon","coordinates":[[[-59.319384,-34.296179],[-59.302712,-34.295252],[-59.279417,-34.308838],[-59.295032,-34.323358],[-59.307415,-34.314206],[-59.323786,-34.301307],[-59.324577,-34.300817],[-59.319384,-34.296179]]]}},{"type":"Feature","properties":{"ha":703.7,"circ":"XII","parcela":"1550 A","titular":"AGROMEL SA","sup_m2":7036665},"geometry":{"type":"Polygon","coordinates":[[[-59.295032,-34.323358],[-59.309535,-34.335647],[-59.2862,-34.35388],[-59.293137,-34.359609],[-59.328767,-34.332862],[-59.307415,-34.314206],[-59.295032,-34.323358]]]}},{"type":"Feature","properties":{"ha":76.3,"circ":"XII","parcela":"1567","titular":"GAMBETTA MARIA CLARA","sup_m2":763322},"geometry":{"type":"Polygon","coordinates":[[[-59.284688,-34.348249],[-59.295215,-34.340045],[-59.290825,-34.336301],[-59.280355,-34.344608],[-59.284688,-34.348249]]]}},{"type":"Feature","properties":{"ha":314.3,"circ":"XII","parcela":"1568 B","titular":"CIVERRA NESTOR HUGO","sup_m2":3143438},"geometry":{"type":"Polygon","coordinates":[[[-59.295032,-34.323358],[-59.285324,-34.331465],[-59.295215,-34.340045],[-59.284688,-34.348249],[-59.288597,-34.351955],[-59.309535,-34.335647],[-59.295032,-34.323358]]]}},{"type":"Feature","properties":{"ha":680.6,"circ":"XII","parcela":"1549 D","titular":"LESLIE PATRICIA LUCI","sup_m2":6806194},"geometry":{"type":"Polygon","coordinates":[[[-59.307415,-34.314206],[-59.328767,-34.332862],[-59.340828,-34.323202],[-59.345118,-34.326668],[-59.351717,-34.3214],[-59.34781,-34.319677],[-59.336519,-34.306716],[-59.33179,-34.309782],[-59.323786,-34.301307],[-59.307415,-34.314206]]]}},{"type":"Feature","properties":{"ha":1055.0,"circ":"VI","parcela":"534 E","titular":"SOTILLO ROSA ELENA","sup_m2":10549909},"geometry":{"type":"Polygon","coordinates":[[[-59.415805,-34.292607],[-59.404196,-34.307193],[-59.427048,-34.318388],[-59.452714,-34.331492],[-59.466904,-34.314389],[-59.438903,-34.299962],[-59.432058,-34.308624],[-59.423088,-34.304051],[-59.427704,-34.297829],[-59.415805,-34.292607]]]}},{"type":"Feature","properties":{"ha":315.3,"circ":"XII","parcela":"1511 C","titular":"CHANVILLARD MYRTHA G","sup_m2":3152848},"geometry":{"type":"Polygon","coordinates":[[[-59.279417,-34.308838],[-59.279024,-34.309065],[-59.275407,-34.305856],[-59.273549,-34.307188],[-59.253868,-34.322175],[-59.263788,-34.329698],[-59.284045,-34.313142],[-59.279417,-34.308838]]]}},{"type":"Feature","properties":{"ha":493.5,"circ":"XII","parcela":"1539 A","titular":"AGUILAR OFELIA MARIA","sup_m2":4934754},"geometry":{"type":"Polygon","coordinates":[[[-59.263788,-34.329698],[-59.280355,-34.344608],[-59.290825,-34.336301],[-59.285324,-34.331465],[-59.295032,-34.323358],[-59.291012,-34.319805],[-59.284045,-34.313142],[-59.263788,-34.329698]]]}},{"type":"Feature","properties":{"ha":487.7,"circ":"VI","parcela":"551","titular":"CERVIGNI ANTONIO RAU","sup_m2":4877411},"geometry":{"type":"Polygon","coordinates":[[[-59.403009,-34.352024],[-59.413749,-34.361422],[-59.426839,-34.351371],[-59.422141,-34.346132],[-59.434602,-34.337176],[-59.436982,-34.339183],[-59.450228,-34.330223],[-59.440132,-34.325069],[-59.403009,-34.352024]]]}},{"type":"Feature","properties":{"ha":24.7,"titular":"MUNICIPALIDAD S A DE","sup_m2":246753},"geometry":{"type":"Polygon","coordinates":[[[-59.319384,-34.296179],[-59.324577,-34.300817],[-59.330729,-34.297006],[-59.319384,-34.296179]]]}},{"type":"Feature","properties":{"ha":11.9,"circ":"VII","parcela":"646 F","titular":"CONGREGACION HIJAS D","sup_m2":118873},"geometry":{"type":"Polygon","coordinates":[[[-59.330729,-34.297006],[-59.335665,-34.293486],[-59.324662,-34.296564],[-59.330729,-34.297006]]]}},{"type":"Feature","properties":{"ha":2411.5,"sup_m2":24115286},"geometry":{"type":"Polygon","coordinates":[[[-59.27819,-34.34266],[-59.21472,-34.394035],[-59.216148,-34.39663],[-59.218026,-34.397648],[-59.22057,-34.399451],[-59.223667,-34.399806],[-59.225412,-34.400599],[-59.227013,-34.402397],[-59.229009,-34.405203],[-59.231574,-34.407953],[-59.235489,-34.410994],[-59.236642,-34.409304],[-59.241019,-34.411594],[-59.239635,-34.413722],[-59.24164,-34.418385],[-59.243885,-34.421792],[-59.247778,-34.42741],[-59.267863,-34.398811],[-59.263967,-34.397405],[-59.263886,-34.396838],[-59.253635,-34.391082],[-59.293137,-34.359609],[-59.2862,-34.35388],[-59.288597,-34.351955],[-59.27819,-34.34266]]]}},{"type":"Feature","properties":{"ha":1279.8,"sup_m2":12798468},"geometry":{"type":"Polygon","coordinates":[[[-59.503496,-34.374021],[-59.539236,-34.348868],[-59.510537,-34.33171],[-59.479903,-34.354065],[-59.50253,-34.374651],[-59.503496,-34.374021]]]}},{"type":"Feature","properties":{"ha":1536.6,"sup_m2":15366165},"geometry":{"type":"Polygon","coordinates":[[[-59.524903,-34.364519],[-59.558903,-34.396395],[-59.553813,-34.400175],[-59.565008,-34.410274],[-59.589137,-34.391764],[-59.543384,-34.351347],[-59.524903,-34.364519]]]}},{"type":"Feature","properties":{"ha":1327.4,"sup_m2":13274298},"geometry":{"type":"Polygon","coordinates":[[[-59.479903,-34.354054],[-59.448447,-34.377005],[-59.456686,-34.3845],[-59.465628,-34.392835],[-59.468542,-34.395697],[-59.477884,-34.388782],[-59.484013,-34.394841],[-59.507762,-34.378526],[-59.506657,-34.377505],[-59.503496,-34.374021],[-59.50253,-34.374651],[-59.479903,-34.354054]]]}},{"type":"Feature","properties":{"ha":70.0,"sup_m2":699555},"geometry":{"type":"Polygon","coordinates":[[[-59.229269,-34.442404],[-59.235605,-34.445672],[-59.241082,-34.437457],[-59.23493,-34.434338],[-59.229269,-34.442404]]]}},{"type":"Feature","properties":{"ha":101.7,"sup_m2":1017263},"geometry":{"type":"Polygon","coordinates":[[[-59.258477,-34.455329],[-59.267664,-34.459547],[-59.27352,-34.451236],[-59.264185,-34.447227],[-59.258477,-34.455329]]]}},{"type":"Feature","properties":{"ha":1628.2,"sup_m2":16281831},"geometry":{"type":"Polygon","coordinates":[[[-59.407375,-34.470024],[-59.405759,-34.467481],[-59.417825,-34.458327],[-59.417146,-34.457677],[-59.449031,-34.43377],[-59.447318,-34.431341],[-59.446467,-34.42936],[-59.446225,-34.428643],[-59.44459,-34.427067],[-59.442054,-34.424805],[-59.44128,-34.423608],[-59.440265,-34.421626],[-59.439454,-34.419713],[-59.438727,-34.417733],[-59.436279,-34.414755],[-59.435298,-34.41383],[-59.43477,-34.412805],[-59.379576,-34.454107],[-59.402928,-34.466045],[-59.401944,-34.467252],[-59.407375,-34.470024]]]}},{"type":"Feature","properties":{"ha":398.9,"sup_m2":3989196},"geometry":{"type":"Polygon","coordinates":[[[-59.468487,-34.554839],[-59.487068,-34.53069],[-59.475584,-34.524961],[-59.45646,-34.549159],[-59.468487,-34.554839]]]}},{"type":"Feature","properties":{"ha":2025.1,"sup_m2":20251186},"geometry":{"type":"Polygon","coordinates":[[[-59.47323,-34.483658],[-59.504917,-34.46098],[-59.508542,-34.463904],[-59.535446,-34.445152],[-59.547069,-34.455666],[-59.555768,-34.448881],[-59.524529,-34.421409],[-59.465576,-34.463943],[-59.469376,-34.476385],[-59.47323,-34.483658]]]}},{"type":"Feature","properties":{"ha":365.8,"sup_m2":3657838},"geometry":{"type":"Polygon","coordinates":[[[-59.524529,-34.421409],[-59.555768,-34.448881],[-59.562585,-34.443563],[-59.531864,-34.416111],[-59.524529,-34.421409]]]}},{"type":"Feature","properties":{"ha":499.3,"sup_m2":4992638},"geometry":{"type":"Polygon","coordinates":[[[-59.513823,-34.469553],[-59.518691,-34.466286],[-59.525317,-34.47207],[-59.547578,-34.456395],[-59.547069,-34.455666],[-59.535446,-34.445152],[-59.508542,-34.463904],[-59.513823,-34.469553]]]}},{"type":"Feature","properties":{"ha":494.8,"sup_m2":4948330},"geometry":{"type":"Polygon","coordinates":[[[-59.47323,-34.483658],[-59.474654,-34.486651],[-59.481498,-34.492621],[-59.513823,-34.469553],[-59.508542,-34.463904],[-59.504917,-34.46098],[-59.47323,-34.483658]]]}},{"type":"Feature","properties":{"ha":626.6,"sup_m2":6265504},"geometry":{"type":"Polygon","coordinates":[[[-59.569268,-34.407007],[-59.587899,-34.423696],[-59.6077,-34.408146],[-59.589137,-34.391764],[-59.569268,-34.407007]]]}},{"type":"Feature","properties":{"ha":814.7,"sup_m2":8146820},"geometry":{"type":"Polygon","coordinates":[[[-59.587899,-34.423696],[-59.569268,-34.407007],[-59.54365,-34.426647],[-59.562585,-34.443563],[-59.587899,-34.423696]]]}},{"type":"Feature","properties":{"ha":1492.4,"sup_m2":14923909},"geometry":{"type":"Polygon","coordinates":[[[-59.565008,-34.410274],[-59.553813,-34.400175],[-59.558903,-34.396395],[-59.524903,-34.364519],[-59.506657,-34.377505],[-59.507762,-34.378526],[-59.507071,-34.379001],[-59.540639,-34.409947],[-59.531864,-34.416111],[-59.54365,-34.426647],[-59.565008,-34.410274]]]}},{"type":"Feature","properties":{"ha":206.0,"sup_m2":2059623},"geometry":{"type":"Polygon","coordinates":[[[-59.503496,-34.374021],[-59.506657,-34.377505],[-59.543384,-34.351336],[-59.539236,-34.348858],[-59.503496,-34.374021]]]}},{"type":"Feature","properties":{"ha":665.6,"circ":"VI","parcela":"568 D","titular":"LYNCH SUSANA IVONA","sup_m2":6655553},"geometry":{"type":"Polygon","coordinates":[[[-59.453446,-34.358769],[-59.462694,-34.366566],[-59.510537,-34.33171],[-59.498922,-34.326082],[-59.496866,-34.327511],[-59.497357,-34.327877],[-59.453446,-34.358769]]]}},{"type":"Feature","properties":{"ha":674.0,"circ":"VI","parcela":"568 D","titular":"LYNCH SUSANA IVONA","sup_m2":6739620},"geometry":{"type":"Polygon","coordinates":[[[-59.444102,-34.35089],[-59.453446,-34.358769],[-59.497357,-34.327877],[-59.496866,-34.327511],[-59.498922,-34.326082],[-59.491049,-34.322266],[-59.492804,-34.320137],[-59.488957,-34.31824],[-59.48423,-34.321739],[-59.484665,-34.322287],[-59.444102,-34.35089]]]}},{"type":"Feature","properties":{"ha":396.8,"circ":"VII","parcela":"687 B","titular":"VILLANUEVA MARIA GRA","sup_m2":3967891},"geometry":{"type":"Polygon","coordinates":[[[-59.398842,-34.31365],[-59.381785,-34.305038],[-59.378271,-34.309029],[-59.379603,-34.30992],[-59.365814,-34.326542],[-59.368676,-34.328047],[-59.370835,-34.326663],[-59.375018,-34.329319],[-59.385206,-34.321451],[-59.385238,-34.322762],[-59.385517,-34.32371],[-59.385728,-34.326875],[-59.386441,-34.329257],[-59.398842,-34.31365]]]}},{"type":"Feature","properties":{"ha":450.6,"circ":"VII","parcela":"692 B","titular":"GARCIA MORENO EZEQUI","sup_m2":4506156},"geometry":{"type":"Polygon","coordinates":[[[-59.375018,-34.329319],[-59.320542,-34.37049],[-59.32473,-34.37409],[-59.386118,-34.328178],[-59.385728,-34.326875],[-59.385606,-34.324538],[-59.385517,-34.32371],[-59.385238,-34.322762],[-59.385206,-34.321451],[-59.375018,-34.329319]]]}},{"type":"Feature","properties":{"ha":542.2,"circ":"VII","parcela":"692 B","titular":"GARCIA MORENO EZEQUI","sup_m2":5422418},"geometry":{"type":"Polygon","coordinates":[[[-59.32473,-34.37409],[-59.329975,-34.378956],[-59.388884,-34.335134],[-59.386927,-34.333337],[-59.386441,-34.329257],[-59.386118,-34.328178],[-59.32473,-34.37409]]]}},{"type":"Feature","properties":{"ha":132.2,"circ":"VII","parcela":"692 B","titular":"GARCIA MORENO EZEQUI","sup_m2":1322463},"geometry":{"type":"Polygon","coordinates":[[[-59.347125,-34.334686],[-59.356788,-34.343104],[-59.365199,-34.336744],[-59.355309,-34.328601],[-59.347125,-34.334686]]]}},{"type":"Feature","properties":{"ha":104.6,"circ":"VII","parcela":"692 B","titular":"GARCIA MORENO EZEQUI","sup_m2":1045947},"geometry":{"type":"Polygon","coordinates":[[[-59.340554,-34.339572],[-59.350308,-34.348002],[-59.356788,-34.343104],[-59.347125,-34.334686],[-59.340554,-34.339572]]]}},{"type":"Feature","properties":{"ha":57.8,"circ":"VII","parcela":"692 B","titular":"GARCIA MORENO EZEQUI","sup_m2":577525},"geometry":{"type":"Polygon","coordinates":[[[-59.368676,-34.328047],[-59.361563,-34.33375],[-59.365199,-34.336744],[-59.375018,-34.329319],[-59.370835,-34.326663],[-59.368676,-34.328047]]]}},{"type":"Feature","properties":{"ha":59.6,"circ":"VII","parcela":"692 B","titular":"GARCIA MORENO EZEQUI","sup_m2":596279},"geometry":{"type":"Polygon","coordinates":[[[-59.361563,-34.33375],[-59.368676,-34.328047],[-59.364242,-34.325894],[-59.363254,-34.326802],[-59.359862,-34.325214],[-59.355309,-34.328601],[-59.361563,-34.33375]]]}},{"type":"Feature","properties":{"ha":58.8,"circ":"VII","parcela":"692 B","titular":"GARCIA MORENO EZEQUI","sup_m2":588194},"geometry":{"type":"Polygon","coordinates":[[[-59.341694,-34.354512],[-59.337837,-34.351199],[-59.328644,-34.35798],[-59.332516,-34.361446],[-59.341694,-34.354512]]]}},{"type":"Feature","properties":{"ha":125.7,"circ":"VII","parcela":"692 B","titular":"GARCIA MORENO EZEQUI","sup_m2":1257326},"geometry":{"type":"Polygon","coordinates":[[[-59.337837,-34.351199],[-59.341694,-34.354512],[-59.350308,-34.348002],[-59.340554,-34.339572],[-59.333295,-34.344967],[-59.33923,-34.350171],[-59.337837,-34.351199]]]}},{"type":"Feature","properties":{"ha":62.8,"circ":"VII","parcela":"692 B","titular":"GARCIA MORENO EZEQUI","sup_m2":627897},"geometry":{"type":"Polygon","coordinates":[[[-59.346549,-34.325526],[-59.352595,-34.330619],[-59.359862,-34.325214],[-59.351717,-34.3214],[-59.346549,-34.325526]]]}},{"type":"Feature","properties":{"ha":191.4,"circ":"VII","parcela":"692 B","titular":"GARCIA MORENO EZEQUI","sup_m2":1913973},"geometry":{"type":"Polygon","coordinates":[[[-59.330445,-34.331518],[-59.340079,-34.339924],[-59.352595,-34.330619],[-59.346549,-34.325526],[-59.345118,-34.326668],[-59.340828,-34.323202],[-59.330445,-34.331518]]]}},{"type":"Feature","properties":{"ha":107.5,"circ":"VII","parcela":"692 B","titular":"GARCIA MORENO EZEQUI","sup_m2":1075466},"geometry":{"type":"Polygon","coordinates":[[[-59.323691,-34.336674],[-59.333295,-34.344967],[-59.340079,-34.339924],[-59.330445,-34.331518],[-59.328767,-34.332862],[-59.323691,-34.336674]]]}},{"type":"Feature","properties":{"ha":77.5,"circ":"VII","parcela":"692 B","titular":"GARCIA MORENO EZEQUI","sup_m2":774928},"geometry":{"type":"Polygon","coordinates":[[[-59.325424,-34.348353],[-59.333037,-34.354739],[-59.33923,-34.350171],[-59.331679,-34.343571],[-59.325424,-34.348353]]]}},{"type":"Feature","properties":{"ha":214.3,"circ":"VII","parcela":"692 B","titular":"GARCIA MORENO EZEQUI","sup_m2":2142805},"geometry":{"type":"Polygon","coordinates":[[[-59.312726,-34.358057],[-59.323887,-34.367963],[-59.332516,-34.361446],[-59.328644,-34.35798],[-59.333037,-34.354739],[-59.325424,-34.348353],[-59.312726,-34.358057]]]}},{"type":"Feature","properties":{"ha":230.3,"circ":"VII","parcela":"692 B","titular":"GARCIA MORENO EZEQUI","sup_m2":2303399},"geometry":{"type":"Polygon","coordinates":[[[-59.306309,-34.353406],[-59.311981,-34.358626],[-59.331679,-34.343571],[-59.323691,-34.336674],[-59.31277,-34.344875],[-59.314774,-34.346972],[-59.306309,-34.353406]]]}},{"type":"Feature","properties":{"ha":108.1,"circ":"VII","parcela":"692 B","titular":"GARCIA MORENO EZEQUI","sup_m2":1081453},"geometry":{"type":"Polygon","coordinates":[[[-59.311981,-34.358626],[-59.306309,-34.353406],[-59.295103,-34.362047],[-59.300958,-34.367047],[-59.311981,-34.358626]]]}},{"type":"Feature","properties":{"ha":76.3,"circ":"VII","parcela":"692 B","titular":"GARCIA MORENO EZEQUI","sup_m2":762738},"geometry":{"type":"Polygon","coordinates":[[[-59.295103,-34.362047],[-59.314774,-34.346972],[-59.31277,-34.344875],[-59.292763,-34.359908],[-59.295103,-34.362047]]]}},{"type":"Feature","properties":{"ha":36.0,"circ":"IV","parcela":"304","titular":"BURDET JOSE CLAUDIO","sup_m2":359564},"geometry":{"type":"Polygon","coordinates":[[[-59.281093,-34.383014],[-59.272861,-34.375769],[-59.270093,-34.377974],[-59.278768,-34.384882],[-59.281093,-34.383014]]]}},{"type":"Feature","properties":{"ha":32.6,"circ":"IV","parcela":"304","titular":"BURDET JOSE CLAUDIO","sup_m2":326153},"geometry":{"type":"Polygon","coordinates":[[[-59.276879,-34.379305],[-59.281598,-34.37545],[-59.277639,-34.371961],[-59.272861,-34.375769],[-59.276879,-34.379305]]]}},{"type":"Feature","properties":{"ha":34.6,"circ":"IV","parcela":"304","titular":"BURDET JOSE CLAUDIO","sup_m2":345821},"geometry":{"type":"Polygon","coordinates":[[[-59.276879,-34.379305],[-59.281093,-34.383014],[-59.285847,-34.379194],[-59.281598,-34.37545],[-59.276879,-34.379305]]]}},{"type":"Feature","properties":{"ha":60.4,"circ":"IV","parcela":"304","titular":"BURDET JOSE CLAUDIO","sup_m2":604347},"geometry":{"type":"Polygon","coordinates":[[[-59.279927,-34.373977],[-59.295103,-34.362047],[-59.292763,-34.359908],[-59.277639,-34.371961],[-59.279927,-34.373977]]]}},{"type":"Feature","properties":{"ha":151.3,"circ":"IV","parcela":"304","titular":"BURDET JOSE CLAUDIO","sup_m2":1512700},"geometry":{"type":"Polygon","coordinates":[[[-59.279927,-34.373977],[-59.285847,-34.379194],[-59.300958,-34.367047],[-59.295103,-34.362047],[-59.279927,-34.373977]]]}},{"type":"Feature","properties":{"ha":75.2,"circ":"IV","parcela":"304","titular":"BURDET JOSE CLAUDIO","sup_m2":752068},"geometry":{"type":"Polygon","coordinates":[[[-59.268158,-34.393406],[-59.259946,-34.386056],[-59.253635,-34.391082],[-59.263886,-34.396838],[-59.268158,-34.393406]]]}},{"type":"Feature","properties":{"ha":104.7,"circ":"IV","parcela":"328","sup_m2":1047111},"geometry":{"type":"Polygon","coordinates":[[[-59.290266,-34.375642],[-59.301594,-34.385432],[-59.306954,-34.381067],[-59.295751,-34.371233],[-59.290266,-34.375642]]]}},{"type":"Feature","properties":{"ha":219.4,"circ":"IV","parcela":"328","sup_m2":2194410},"geometry":{"type":"Polygon","coordinates":[[[-59.278754,-34.384894],[-59.290479,-34.394481],[-59.301594,-34.385432],[-59.290266,-34.375642],[-59.278754,-34.384894]]]}},{"type":"Feature","properties":{"ha":38.5,"circ":"IV","parcela":"328","sup_m2":385264},"geometry":{"type":"Polygon","coordinates":[[[-59.276763,-34.386494],[-59.288511,-34.396083],[-59.290479,-34.394481],[-59.278754,-34.384894],[-59.276763,-34.386494]]]}},{"type":"Feature","properties":{"ha":33.9,"circ":"IV","parcela":"328","sup_m2":339469},"geometry":{"type":"Polygon","coordinates":[[[-59.303508,-34.378042],[-59.306954,-34.381067],[-59.312599,-34.376469],[-59.309059,-34.373383],[-59.303508,-34.378042]]]}},{"type":"Feature","properties":{"ha":18.4,"circ":"IV","parcela":"328","sup_m2":183631},"geometry":{"type":"Polygon","coordinates":[[[-59.306389,-34.375624],[-59.309059,-34.373383],[-59.305243,-34.370055],[-59.302382,-34.372342],[-59.306389,-34.375624]]]}},{"type":"Feature","properties":{"ha":56.3,"circ":"IV","parcela":"328","sup_m2":563445},"geometry":{"type":"Polygon","coordinates":[[[-59.306389,-34.375624],[-59.302382,-34.372342],[-59.305243,-34.370055],[-59.301404,-34.366707],[-59.295751,-34.371233],[-59.303508,-34.378042],[-59.306389,-34.375624]]]}},{"type":"Feature","properties":{"ha":194.6,"circ":"IV","parcela":"350 E","titular":"CHANVILLARD JOSE REI","sup_m2":1945624},"geometry":{"type":"Polygon","coordinates":[[[-59.290014,-34.394859],[-59.302152,-34.406326],[-59.311276,-34.399151],[-59.298798,-34.387708],[-59.290014,-34.394859]]]}},{"type":"Feature","properties":{"ha":211.8,"circ":"IV","parcela":"350 E","titular":"CHANVILLARD JOSE REI","sup_m2":2118100},"geometry":{"type":"Polygon","coordinates":[[[-59.302152,-34.406326],[-59.290014,-34.394859],[-59.278609,-34.404142],[-59.293847,-34.412854],[-59.302152,-34.406326]]]}},{"type":"Feature","properties":{"ha":203.1,"sup_m2":2030707},"geometry":{"type":"Polygon","coordinates":[[[-59.250343,-34.461237],[-59.253006,-34.462584],[-59.254118,-34.460909],[-59.254224,-34.461364],[-59.289955,-34.410629],[-59.287324,-34.409125],[-59.250343,-34.461237]]]}},{"type":"Feature","properties":{"ha":99.1,"sup_m2":991461},"geometry":{"type":"Polygon","coordinates":[[[-59.24899,-34.460553],[-59.250343,-34.461237],[-59.287324,-34.409125],[-59.285979,-34.408356],[-59.24899,-34.460553]]]}},{"type":"Feature","properties":{"ha":125.8,"sup_m2":1258305},"geometry":{"type":"Polygon","coordinates":[[[-59.247319,-34.459707],[-59.24899,-34.460553],[-59.285979,-34.408356],[-59.284233,-34.407358],[-59.247319,-34.459707]]]}},{"type":"Feature","properties":{"ha":728.6,"sup_m2":7285769},"geometry":{"type":"Polygon","coordinates":[[[-59.237498,-34.454738],[-59.247319,-34.459707],[-59.284233,-34.407358],[-59.278609,-34.404142],[-59.274176,-34.401943],[-59.237498,-34.454738]]]}},{"type":"Feature","properties":{"ha":157.0,"sup_m2":1569980},"geometry":{"type":"Polygon","coordinates":[[[-59.235238,-34.453594],[-59.237498,-34.454738],[-59.274176,-34.401943],[-59.27211,-34.400918],[-59.235238,-34.453594]]]}},{"type":"Feature","properties":{"ha":300.1,"sup_m2":3001360},"geometry":{"type":"Polygon","coordinates":[[[-59.247778,-34.42741],[-59.231563,-34.451734],[-59.235238,-34.453594],[-59.27211,-34.400918],[-59.267863,-34.398811],[-59.247778,-34.42741]]]}},{"type":"Feature","properties":{"ha":201.4,"sup_m2":2013907},"geometry":{"type":"Polygon","coordinates":[[[-59.218282,-34.44501],[-59.239635,-34.413722],[-59.241019,-34.411594],[-59.236642,-34.409304],[-59.213967,-34.442825],[-59.218282,-34.44501]]]}},{"type":"Feature","properties":{"ha":154.9,"sup_m2":1548597},"geometry":{"type":"Polygon","coordinates":[[[-59.22196,-34.446872],[-59.24164,-34.418385],[-59.239635,-34.413722],[-59.218282,-34.44501],[-59.22196,-34.446872]]]}},{"type":"Feature","properties":{"ha":121.6,"sup_m2":1216241},"geometry":{"type":"Polygon","coordinates":[[[-59.225038,-34.448431],[-59.243847,-34.42163],[-59.24164,-34.418385],[-59.22196,-34.446872],[-59.225038,-34.448431]]]}},{"type":"Feature","properties":{"ha":52.8,"sup_m2":527826},"geometry":{"type":"Polygon","coordinates":[[[-59.238364,-34.429446],[-59.244378,-34.432512],[-59.247778,-34.42741],[-59.243847,-34.42163],[-59.238364,-34.429446]]]}},{"type":"Feature","properties":{"ha":41.1,"sup_m2":411188},"geometry":{"type":"Polygon","coordinates":[[[-59.23493,-34.434338],[-59.241082,-34.437457],[-59.244378,-34.432512],[-59.238364,-34.429446],[-59.23493,-34.434338]]]}},{"type":"Feature","properties":{"ha":53.5,"sup_m2":534872},"geometry":{"type":"Polygon","coordinates":[[[-59.235605,-34.445672],[-59.229269,-34.442404],[-59.225038,-34.448431],[-59.231563,-34.451734],[-59.235605,-34.445672]]]}},{"type":"Feature","properties":{"ha":23.5,"circ":"VI","parcela":"537","titular":"PODESTA MARCELO","sup_m2":234616},"geometry":{"type":"Polygon","coordinates":[[[-59.40408,-34.339839],[-59.412262,-34.345308],[-59.414187,-34.34391],[-59.405857,-34.33818],[-59.40408,-34.339839]]]}},{"type":"Feature","properties":{"ha":10.8,"circ":"VI","parcela":"537","titular":"PODESTA MARCELO","sup_m2":108312},"geometry":{"type":"Polygon","coordinates":[[[-59.403327,-34.340542],[-59.411253,-34.34604],[-59.412262,-34.345308],[-59.40408,-34.339839],[-59.403327,-34.340542]]]}},{"type":"Feature","properties":{"ha":28.0,"circ":"VI","parcela":"537","titular":"PODESTA MARCELO","sup_m2":279859},"geometry":{"type":"Polygon","coordinates":[[[-59.401111,-34.34261],[-59.40882,-34.347806],[-59.411253,-34.34604],[-59.403327,-34.340542],[-59.401111,-34.34261]]]}},{"type":"Feature","properties":{"ha":32.9,"circ":"VI","parcela":"537","titular":"PODESTA MARCELO","sup_m2":328965},"geometry":{"type":"Polygon","coordinates":[[[-59.398489,-34.345058],[-59.405701,-34.35007],[-59.40882,-34.347806],[-59.401111,-34.34261],[-59.398489,-34.345058]]]}},{"type":"Feature","properties":{"ha":33.0,"circ":"VI","parcela":"537","titular":"PODESTA MARCELO","sup_m2":330411},"geometry":{"type":"Polygon","coordinates":[[[-59.39568,-34.347679],[-59.402415,-34.352455],[-59.405701,-34.35007],[-59.398489,-34.345058],[-59.39568,-34.347679]]]}},{"type":"Feature","properties":{"ha":59.3,"circ":"VI","parcela":"537","titular":"PODESTA MARCELO","sup_m2":592597},"geometry":{"type":"Polygon","coordinates":[[[-59.420558,-34.32445],[-59.425607,-34.327544],[-59.433658,-34.321763],[-59.427048,-34.318388],[-59.420558,-34.32445]]]}},{"type":"Feature","properties":{"ha":30.9,"circ":"VI","parcela":"537","titular":"PODESTA MARCELO","sup_m2":308808},"geometry":{"type":"Polygon","coordinates":[[[-59.406921,-34.338912],[-59.422097,-34.325393],[-59.420558,-34.32445],[-59.405857,-34.33818],[-59.406921,-34.338912]]]}},{"type":"Feature","properties":{"ha":58.9,"circ":"VI","parcela":"537","titular":"PODESTA MARCELO","sup_m2":588771},"geometry":{"type":"Polygon","coordinates":[[[-59.406921,-34.338912],[-59.408376,-34.339913],[-59.425607,-34.327544],[-59.422097,-34.325393],[-59.406921,-34.338912]]]}},{"type":"Feature","properties":{"ha":34.2,"circ":"VI","parcela":"537","titular":"PODESTA MARCELO","sup_m2":342121},"geometry":{"type":"Polygon","coordinates":[[[-59.402415,-34.352455],[-59.39568,-34.347679],[-59.394319,-34.34895],[-59.395566,-34.351348],[-59.396337,-34.356865],[-59.402415,-34.352455]]]}},{"type":"Feature","properties":{"ha":295.6,"circ":"VII","parcela":"711 A","titular":"LA PALOMA SCA","sup_m2":2956473},"geometry":{"type":"Polygon","coordinates":[[[-59.333288,-34.381928],[-59.3901,-34.338772],[-59.388884,-34.335134],[-59.329975,-34.378956],[-59.333288,-34.381928]]]}},{"type":"Feature","properties":{"ha":559.9,"sup_m2":5598973},"geometry":{"type":"Polygon","coordinates":[[[-59.676497,-34.449143],[-59.711391,-34.423001],[-59.698808,-34.416239],[-59.666429,-34.440086],[-59.676497,-34.449143]]]}},{"type":"Feature","properties":{"ha":361.6,"sup_m2":3616023},"geometry":{"type":"Polygon","coordinates":[[[-59.682402,-34.454453],[-59.719252,-34.427223],[-59.711391,-34.423001],[-59.676497,-34.449143],[-59.682402,-34.454453]]]}},{"type":"Feature","properties":{"ha":485.2,"sup_m2":4852100},"geometry":{"type":"Polygon","coordinates":[[[-59.724909,-34.471556],[-59.734133,-34.479417],[-59.768441,-34.453626],[-59.757675,-34.44785],[-59.724909,-34.471556]]]}},{"type":"Feature","properties":{"ha":729.9,"sup_m2":7298715},"geometry":{"type":"Polygon","coordinates":[[[-59.730883,-34.467235],[-59.757675,-34.44785],[-59.733811,-34.435042],[-59.712978,-34.450245],[-59.730883,-34.467235]]]}},{"type":"Feature","properties":{"ha":332.1,"sup_m2":3321471},"geometry":{"type":"Polygon","coordinates":[[[-59.69148,-34.462616],[-59.71322,-34.446989],[-59.704117,-34.43841],[-59.682402,-34.454453],[-59.69148,-34.462616]]]}},{"type":"Feature","properties":{"ha":934.6,"sup_m2":9345958},"geometry":{"type":"Polygon","coordinates":[[[-59.704117,-34.43841],[-59.71322,-34.446989],[-59.69148,-34.462616],[-59.710111,-34.479362],[-59.722857,-34.469807],[-59.724909,-34.471556],[-59.730883,-34.467235],[-59.712978,-34.450245],[-59.733811,-34.435042],[-59.719252,-34.427223],[-59.704117,-34.43841]]]}},{"type":"Feature","properties":{"ha":353.0,"sup_m2":3530023},"geometry":{"type":"Polygon","coordinates":[[[-59.726414,-34.494006],[-59.739356,-34.484092],[-59.734133,-34.479417],[-59.722857,-34.469807],[-59.710111,-34.479362],[-59.726414,-34.494006]]]}},{"type":"Feature","properties":{"ha":584.2,"sup_m2":5842010},"geometry":{"type":"Polygon","coordinates":[[[-59.727197,-34.493362],[-59.755917,-34.518924],[-59.767823,-34.509561],[-59.739356,-34.484092],[-59.727197,-34.493362]]]}},{"type":"Feature","properties":{"ha":541.9,"sup_m2":5418925},"geometry":{"type":"Polygon","coordinates":[[[-59.705256,-34.510059],[-59.734286,-34.535927],[-59.744264,-34.528086],[-59.7174,-34.500847],[-59.705256,-34.510059]]]}},{"type":"Feature","properties":{"ha":161.0,"sup_m2":1610263},"geometry":{"type":"Polygon","coordinates":[[[-59.670224,-34.487913],[-59.681258,-34.479722],[-59.672418,-34.471721],[-59.661628,-34.48055],[-59.670224,-34.487913]]]}},{"type":"Feature","properties":{"ha":247.0,"sup_m2":2469964},"geometry":{"type":"Polygon","coordinates":[[[-59.681258,-34.479722],[-59.697275,-34.467826],[-59.687696,-34.459214],[-59.672418,-34.471721],[-59.681258,-34.479722]]]}},{"type":"Feature","properties":{"ha":255.8,"sup_m2":2558256},"geometry":{"type":"Polygon","coordinates":[[[-59.67478,-34.500195],[-59.69074,-34.488301],[-59.681258,-34.479722],[-59.670224,-34.487913],[-59.665177,-34.491779],[-59.67478,-34.500195]]]}},{"type":"Feature","properties":{"ha":254.9,"sup_m2":2548882},"geometry":{"type":"Polygon","coordinates":[[[-59.69074,-34.488301],[-59.706764,-34.476353],[-59.697275,-34.467826],[-59.681258,-34.479722],[-59.69074,-34.488301]]]}},{"type":"Feature","properties":{"ha":530.3,"sup_m2":5303456},"geometry":{"type":"Polygon","coordinates":[[[-59.69074,-34.488301],[-59.710445,-34.506123],[-59.726414,-34.494006],[-59.706764,-34.476353],[-59.69074,-34.488301]]]}},{"type":"Feature","properties":{"ha":259.8,"sup_m2":2597680},"geometry":{"type":"Polygon","coordinates":[[[-59.684769,-34.508947],[-59.700394,-34.497034],[-59.69074,-34.488301],[-59.67478,-34.500195],[-59.684769,-34.508947]]]}},{"type":"Feature","properties":{"ha":264.7,"sup_m2":2646754},"geometry":{"type":"Polygon","coordinates":[[[-59.684769,-34.508947],[-59.694957,-34.51787],[-59.710445,-34.506123],[-59.700394,-34.497034],[-59.684769,-34.508947]]]}},{"type":"Feature","properties":{"ha":264.9,"sup_m2":2648504},"geometry":{"type":"Polygon","coordinates":[[[-59.669791,-34.420393],[-59.658465,-34.410198],[-59.644607,-34.420445],[-59.656125,-34.430813],[-59.669791,-34.420393]]]}},{"type":"Feature","properties":{"ha":278.8,"sup_m2":2788464},"geometry":{"type":"Polygon","coordinates":[[[-59.658465,-34.410198],[-59.669791,-34.420393],[-59.684981,-34.408807],[-59.677957,-34.40503],[-59.677096,-34.400906],[-59.6733,-34.39926],[-59.658465,-34.410198]]]}},{"type":"Feature","properties":{"ha":262.4,"sup_m2":2623531},"geometry":{"type":"Polygon","coordinates":[[[-59.681694,-34.428847],[-59.6708,-34.419624],[-59.656125,-34.430813],[-59.666429,-34.440086],[-59.681694,-34.428847]]]}},{"type":"Feature","properties":{"ha":280.5,"sup_m2":2805257},"geometry":{"type":"Polygon","coordinates":[[[-59.6708,-34.419624],[-59.681694,-34.428847],[-59.698808,-34.416239],[-59.684981,-34.408807],[-59.6708,-34.419624]]]}},{"type":"Feature","properties":{"ha":1650.6,"sup_m2":16505893},"geometry":{"type":"Polygon","coordinates":[[[-59.62444,-34.448674],[-59.661628,-34.48055],[-59.687696,-34.459214],[-59.652887,-34.427899],[-59.62444,-34.448674]]]}},{"type":"Feature","properties":{"ha":897.5,"sup_m2":8975263},"geometry":{"type":"Polygon","coordinates":[[[-59.607725,-34.436829],[-59.61449,-34.442776],[-59.616251,-34.441651],[-59.62444,-34.448674],[-59.652887,-34.427899],[-59.644607,-34.420445],[-59.646661,-34.418898],[-59.630693,-34.405072],[-59.629008,-34.407954],[-59.625745,-34.410854],[-59.625733,-34.413548],[-59.624805,-34.417424],[-59.622959,-34.423129],[-59.623861,-34.425072],[-59.607725,-34.436829]]]}},{"type":"Feature","properties":{"ha":657.1,"sup_m2":6571010},"geometry":{"type":"Polygon","coordinates":[[[-59.671454,-34.551105],[-59.681227,-34.543412],[-59.643691,-34.509392],[-59.633252,-34.517811],[-59.671454,-34.551105]]]}},{"type":"Feature","properties":{"ha":765.0,"sup_m2":7650252},"geometry":{"type":"Polygon","coordinates":[[[-59.716495,-34.549904],[-59.657977,-34.497698],[-59.650152,-34.504129],[-59.709165,-34.55566],[-59.716495,-34.549904]]]}},{"type":"Feature","properties":{"ha":68.2,"sup_m2":682294},"geometry":{"type":"Polygon","coordinates":[[[-59.663348,-34.502494],[-59.670665,-34.496589],[-59.665177,-34.491779],[-59.657977,-34.497698],[-59.663348,-34.502494]]]}},{"type":"Feature","properties":{"ha":68.9,"sup_m2":689441},"geometry":{"type":"Polygon","coordinates":[[[-59.668746,-34.507312],[-59.676164,-34.501408],[-59.670665,-34.496589],[-59.663348,-34.502494],[-59.668746,-34.507312]]]}},{"type":"Feature","properties":{"ha":74.4,"sup_m2":743620},"geometry":{"type":"Polygon","coordinates":[[[-59.674578,-34.512518],[-59.682,-34.506521],[-59.676164,-34.501408],[-59.668746,-34.507312],[-59.674578,-34.512518]]]}},{"type":"Feature","properties":{"ha":72.3,"sup_m2":723053},"geometry":{"type":"Polygon","coordinates":[[[-59.680196,-34.517531],[-59.687644,-34.511465],[-59.682,-34.506521],[-59.674578,-34.512518],[-59.680196,-34.517531]]]}},{"type":"Feature","properties":{"ha":75.3,"sup_m2":752902},"geometry":{"type":"Polygon","coordinates":[[[-59.686006,-34.522715],[-59.693475,-34.516573],[-59.687644,-34.511465],[-59.680196,-34.517531],[-59.686006,-34.522715]]]}},{"type":"Feature","properties":{"ha":406.5,"sup_m2":4065469},"geometry":{"type":"Polygon","coordinates":[[[-59.686006,-34.522715],[-59.716495,-34.549904],[-59.724431,-34.54367],[-59.693475,-34.516573],[-59.686006,-34.522715]]]}},{"type":"Feature","properties":{"ha":193.2,"sup_m2":1932062},"geometry":{"type":"Polygon","coordinates":[[[-59.660248,-34.524403],[-59.667221,-34.519044],[-59.650152,-34.504129],[-59.643691,-34.509392],[-59.660248,-34.524403]]]}},{"type":"Feature","properties":{"ha":518.3,"sup_m2":5182756},"geometry":{"type":"Polygon","coordinates":[[[-59.660248,-34.524403],[-59.701445,-34.561721],[-59.709165,-34.55566],[-59.667221,-34.519044],[-59.660248,-34.524403]]]}},{"type":"Feature","properties":{"ha":523.9,"sup_m2":5238556},"geometry":{"type":"Polygon","coordinates":[[[-59.7174,-34.500847],[-59.744264,-34.528086],[-59.755917,-34.518924],[-59.727197,-34.493362],[-59.7174,-34.500847]]]}},{"type":"Feature","properties":{"ha":496.8,"sup_m2":4968432},"geometry":{"type":"Polygon","coordinates":[[[-59.734286,-34.535927],[-59.705256,-34.510059],[-59.694957,-34.51787],[-59.724431,-34.54367],[-59.734286,-34.535927]]]}},{"type":"Feature","properties":{"ha":171.8,"sup_m2":1717516},"geometry":{"type":"Polygon","coordinates":[[[-59.583508,-34.427143],[-59.59869,-34.43993],[-59.605377,-34.434764],[-59.590484,-34.421666],[-59.583508,-34.427143]]]}},{"type":"Feature","properties":{"ha":121.5,"sup_m2":1215322},"geometry":{"type":"Polygon","coordinates":[[[-59.581367,-34.441223],[-59.591055,-34.433501],[-59.583508,-34.427143],[-59.573951,-34.434644],[-59.581367,-34.441223]]]}},{"type":"Feature","properties":{"ha":123.0,"sup_m2":1230275},"geometry":{"type":"Polygon","coordinates":[[[-59.581367,-34.441223],[-59.584071,-34.443507],[-59.588697,-34.447645],[-59.59869,-34.43993],[-59.591055,-34.433501],[-59.581367,-34.441223]]]}},{"type":"Feature","properties":{"ha":253.6,"sup_m2":2535889},"geometry":{"type":"Polygon","coordinates":[[[-59.597672,-34.455507],[-59.61449,-34.442776],[-59.605377,-34.434764],[-59.588697,-34.447645],[-59.597672,-34.455507]]]}},{"type":"Feature","properties":{"ha":439.2,"sup_m2":4391670},"geometry":{"type":"Polygon","coordinates":[[[-59.606136,-34.469232],[-59.627441,-34.451248],[-59.616251,-34.441651],[-59.61449,-34.442776],[-59.597672,-34.455507],[-59.593884,-34.458835],[-59.606136,-34.469232]]]}},{"type":"Feature","properties":{"ha":448.5,"sup_m2":4484927},"geometry":{"type":"Polygon","coordinates":[[[-59.618328,-34.479576],[-59.639627,-34.461696],[-59.627441,-34.451248],[-59.606136,-34.469232],[-59.618328,-34.479576]]]}},{"type":"Feature","properties":{"ha":268.8,"sup_m2":2688485},"geometry":{"type":"Polygon","coordinates":[[[-59.625739,-34.485861],[-59.64687,-34.467904],[-59.639627,-34.461696],[-59.618328,-34.479576],[-59.625739,-34.485861]]]}},{"type":"Feature","properties":{"ha":418.4,"sup_m2":4184150},"geometry":{"type":"Polygon","coordinates":[[[-59.636921,-34.495341],[-59.658551,-34.477914],[-59.64687,-34.467904],[-59.625739,-34.485861],[-59.636921,-34.495341]]]}},{"type":"Feature","properties":{"ha":425.4,"sup_m2":4253910},"geometry":{"type":"Polygon","coordinates":[[[-59.636921,-34.495341],[-59.648717,-34.505339],[-59.665177,-34.491779],[-59.670224,-34.487913],[-59.658551,-34.477914],[-59.636921,-34.495341]]]}},{"type":"Feature","properties":{"ha":578.5,"sup_m2":5785146},"geometry":{"type":"Polygon","coordinates":[[[-59.615144,-34.600406],[-59.653649,-34.568024],[-59.64509,-34.560893],[-59.606155,-34.592731],[-59.615144,-34.600406]]]}},{"type":"Feature","properties":{"ha":1009.0,"sup_m2":10090010},"geometry":{"type":"Polygon","coordinates":[[[-59.638445,-34.580815],[-59.651326,-34.591335],[-59.684982,-34.562887],[-59.664476,-34.545026],[-59.64509,-34.560893],[-59.653649,-34.568024],[-59.638445,-34.580815]]]}},{"type":"Feature","properties":{"ha":96.4,"sup_m2":964420},"geometry":{"type":"Polygon","coordinates":[[[-59.634132,-34.584442],[-59.646778,-34.595177],[-59.651326,-34.591335],[-59.638445,-34.580815],[-59.634132,-34.584442]]]}},{"type":"Feature","properties":{"ha":104.5,"sup_m2":1045324},"geometry":{"type":"Polygon","coordinates":[[[-59.629287,-34.588516],[-59.642024,-34.599193],[-59.646778,-34.595177],[-59.634132,-34.584442],[-59.629287,-34.588516]]]}},{"type":"Feature","properties":{"ha":107.5,"sup_m2":1074706},"geometry":{"type":"Polygon","coordinates":[[[-59.624391,-34.592633],[-59.63706,-34.603385],[-59.642024,-34.599193],[-59.629287,-34.588516],[-59.624391,-34.592633]]]}},{"type":"Feature","properties":{"ha":100.7,"sup_m2":1006827},"geometry":{"type":"Polygon","coordinates":[[[-59.619693,-34.596583],[-59.632526,-34.607213],[-59.63706,-34.603385],[-59.624391,-34.592633],[-59.619693,-34.596583]]]}},{"type":"Feature","properties":{"ha":101.3,"sup_m2":1012593},"geometry":{"type":"Polygon","coordinates":[[[-59.632526,-34.607213],[-59.619693,-34.596583],[-59.615144,-34.600406],[-59.627797,-34.611206],[-59.632526,-34.607213]]]}},{"type":"Feature","properties":{"ha":178.2,"sup_m2":1782230},"geometry":{"type":"Polygon","coordinates":[[[-59.652748,-34.599922],[-59.646778,-34.595177],[-59.627797,-34.611206],[-59.632848,-34.615517],[-59.652748,-34.599922]]]}},{"type":"Feature","properties":{"ha":425.6,"sup_m2":4255998},"geometry":{"type":"Polygon","coordinates":[[[-59.646778,-34.595177],[-59.652748,-34.599922],[-59.692083,-34.569069],[-59.684982,-34.562887],[-59.646778,-34.595177]]]}},{"type":"Feature","properties":{"ha":146.6,"sup_m2":1465944},"geometry":{"type":"Polygon","coordinates":[[[-59.576579,-34.449568],[-59.584071,-34.443507],[-59.581367,-34.441223],[-59.573951,-34.434644],[-59.565454,-34.441388],[-59.575697,-34.450373],[-59.576579,-34.449568]]]}},{"type":"Feature","properties":{"ha":175.4,"sup_m2":1754144},"geometry":{"type":"Polygon","coordinates":[[[-59.576579,-34.449568],[-59.590375,-34.461572],[-59.593884,-34.458835],[-59.597672,-34.455507],[-59.588697,-34.447645],[-59.584071,-34.443507],[-59.576579,-34.449568]]]}},{"type":"Feature","properties":{"ha":130.8,"sup_m2":1307704},"geometry":{"type":"Polygon","coordinates":[[[-59.571548,-34.460541],[-59.577032,-34.4566],[-59.586597,-34.464518],[-59.590375,-34.461572],[-59.576579,-34.449568],[-59.575697,-34.450373],[-59.567079,-34.456808],[-59.571548,-34.460541]]]}},{"type":"Feature","properties":{"ha":177.6,"sup_m2":1775776},"geometry":{"type":"Polygon","coordinates":[[[-59.571548,-34.460541],[-59.57252,-34.461353],[-59.566111,-34.466616],[-59.574736,-34.473768],[-59.586597,-34.464518],[-59.577032,-34.4566],[-59.571548,-34.460541]]]}},{"type":"Feature","properties":{"ha":144.6,"sup_m2":1446016},"geometry":{"type":"Polygon","coordinates":[[[-59.55702,-34.447904],[-59.567079,-34.456808],[-59.575697,-34.450373],[-59.565357,-34.441388],[-59.55702,-34.447904]]]}},{"type":"Feature","properties":{"ha":164.2,"sup_m2":1642292},"geometry":{"type":"Polygon","coordinates":[[[-59.567079,-34.456808],[-59.55702,-34.447904],[-59.553232,-34.450859],[-59.554391,-34.456893],[-59.566111,-34.466616],[-59.57252,-34.461353],[-59.567079,-34.456808]]]}},{"type":"Feature","properties":{"ha":302.7,"sup_m2":3026843},"geometry":{"type":"Polygon","coordinates":[[[-59.58012,-34.46957],[-59.593819,-34.480941],[-59.606987,-34.469954],[-59.593884,-34.458835],[-59.58012,-34.46957]]]}},{"type":"Feature","properties":{"ha":86.6,"sup_m2":866136},"geometry":{"type":"Polygon","coordinates":[[[-59.572625,-34.485678],[-59.586404,-34.474787],[-59.58012,-34.46957],[-59.574736,-34.473768],[-59.578573,-34.476949],[-59.571604,-34.482672],[-59.572625,-34.485678]]]}},{"type":"Feature","properties":{"ha":98.9,"sup_m2":989266},"geometry":{"type":"Polygon","coordinates":[[[-59.57845,-34.481075],[-59.586048,-34.487423],[-59.593819,-34.480941],[-59.586404,-34.474787],[-59.57845,-34.481075]]]}},{"type":"Feature","properties":{"ha":102.6,"sup_m2":1025770},"geometry":{"type":"Polygon","coordinates":[[[-59.586048,-34.487423],[-59.57845,-34.481075],[-59.572625,-34.485678],[-59.576049,-34.495761],[-59.586048,-34.487423]]]}},{"type":"Feature","properties":{"ha":41.1,"sup_m2":410810},"geometry":{"type":"Polygon","coordinates":[[[-59.605106,-34.471524],[-59.618678,-34.482727],[-59.620387,-34.481322],[-59.606987,-34.469954],[-59.605106,-34.471524]]]}},{"type":"Feature","properties":{"ha":458.7,"sup_m2":4586856},"geometry":{"type":"Polygon","coordinates":[[[-59.584962,-34.488329],[-59.598472,-34.499327],[-59.618678,-34.482727],[-59.605106,-34.471524],[-59.584962,-34.488329]]]}},{"type":"Feature","properties":{"ha":217.2,"sup_m2":2171567},"geometry":{"type":"Polygon","coordinates":[[[-59.57518,-34.496475],[-59.588976,-34.507126],[-59.598472,-34.499327],[-59.584962,-34.488329],[-59.57518,-34.496475]]]}},{"type":"Feature","properties":{"ha":67.1,"sup_m2":671349},"geometry":{"type":"Polygon","coordinates":[[[-59.579303,-34.515066],[-59.565816,-34.504162],[-59.562804,-34.506634],[-59.576317,-34.517517],[-59.579303,-34.515066]]]}},{"type":"Feature","properties":{"ha":213.1,"sup_m2":2131029},"geometry":{"type":"Polygon","coordinates":[[[-59.565816,-34.504162],[-59.579303,-34.515066],[-59.588976,-34.507126],[-59.57518,-34.496475],[-59.565816,-34.504162]]]}},{"type":"Feature","properties":{"ha":179.2,"sup_m2":1791715},"geometry":{"type":"Polygon","coordinates":[[[-59.598038,-34.585799],[-59.61253,-34.573793],[-59.605282,-34.567609],[-59.590842,-34.579652],[-59.598038,-34.585799]]]}},{"type":"Feature","properties":{"ha":481.4,"sup_m2":4814442},"geometry":{"type":"Polygon","coordinates":[[[-59.605282,-34.567609],[-59.61253,-34.573793],[-59.598038,-34.585799],[-59.606155,-34.592731],[-59.631151,-34.572295],[-59.615898,-34.558752],[-59.605282,-34.567609]]]}},{"type":"Feature","properties":{"ha":700.3,"sup_m2":7003190},"geometry":{"type":"Polygon","coordinates":[[[-59.629664,-34.547263],[-59.615898,-34.558752],[-59.631151,-34.572295],[-59.664476,-34.545026],[-59.654656,-34.53647],[-59.635378,-34.552026],[-59.629664,-34.547263]]]}},{"type":"Feature","properties":{"ha":49.7,"sup_m2":497075},"geometry":{"type":"Polygon","coordinates":[[[-59.640477,-34.547913],[-59.634815,-34.542963],[-59.629664,-34.547263],[-59.635378,-34.552026],[-59.640477,-34.547913]]]}},{"type":"Feature","properties":{"ha":140.2,"sup_m2":1402261},"geometry":{"type":"Polygon","coordinates":[[[-59.634815,-34.542963],[-59.640477,-34.547913],[-59.654656,-34.53647],[-59.648752,-34.531324],[-59.634815,-34.542963]]]}},{"type":"Feature","properties":{"ha":2092.8,"sup_m2":20927896},"geometry":{"type":"Polygon","coordinates":[[[-59.6051,-34.540685],[-59.633252,-34.517811],[-59.648717,-34.505339],[-59.620387,-34.481322],[-59.576317,-34.517517],[-59.6051,-34.540685]]]}},{"type":"Feature","properties":{"ha":188.8,"sup_m2":1887945},"geometry":{"type":"Polygon","coordinates":[[[-59.631651,-34.53503],[-59.633044,-34.534029],[-59.639204,-34.539299],[-59.648752,-34.531324],[-59.638171,-34.5221],[-59.627156,-34.530707],[-59.631651,-34.53503]]]}},{"type":"Feature","properties":{"ha":306.4,"sup_m2":3063722},"geometry":{"type":"Polygon","coordinates":[[[-59.631651,-34.53503],[-59.604459,-34.557932],[-59.61034,-34.56339],[-59.639204,-34.539299],[-59.633044,-34.534029],[-59.631651,-34.53503]]]}},{"type":"Feature","properties":{"ha":396.2,"sup_m2":3962102},"geometry":{"type":"Polygon","coordinates":[[[-59.604459,-34.557932],[-59.598751,-34.553316],[-59.57907,-34.569592],[-59.590842,-34.579652],[-59.61034,-34.56339],[-59.604459,-34.557932]]]}},{"type":"Feature","properties":{"ha":146.5,"sup_m2":1465492},"geometry":{"type":"Polygon","coordinates":[[[-59.597991,-34.553945],[-59.59349,-34.550159],[-59.574478,-34.565667],[-59.57907,-34.569592],[-59.597991,-34.553945]]]}},{"type":"Feature","properties":{"ha":198.8,"sup_m2":1987759},"geometry":{"type":"Polygon","coordinates":[[[-59.59349,-34.550159],[-59.597991,-34.553945],[-59.598751,-34.553316],[-59.59927,-34.553749],[-59.622278,-34.534571],[-59.617867,-34.530314],[-59.59349,-34.550159]]]}},{"type":"Feature","properties":{"ha":170.3,"sup_m2":1703221},"geometry":{"type":"Polygon","coordinates":[[[-59.62411,-34.541384],[-59.619231,-34.537112],[-59.59927,-34.553749],[-59.604459,-34.557932],[-59.62411,-34.541384]]]}},{"type":"Feature","properties":{"ha":191.7,"sup_m2":1917103},"geometry":{"type":"Polygon","coordinates":[[[-59.619231,-34.537112],[-59.62411,-34.541384],[-59.631651,-34.53503],[-59.627156,-34.530707],[-59.638171,-34.5221],[-59.633252,-34.517811],[-59.617867,-34.530314],[-59.622278,-34.534571],[-59.619231,-34.537112]]]}},{"type":"Feature","properties":{"ha":333.0,"sup_m2":3330389},"geometry":{"type":"Polygon","coordinates":[[[-59.671454,-34.551105],[-59.692083,-34.569069],[-59.701445,-34.561721],[-59.681227,-34.543412],[-59.671454,-34.551105]]]}},{"type":"Feature","properties":{"ha":781.8,"sup_m2":7818243},"geometry":{"type":"Polygon","coordinates":[[[-59.607725,-34.436829],[-59.623861,-34.425072],[-59.622959,-34.423129],[-59.624805,-34.417424],[-59.625733,-34.413548],[-59.625745,-34.410854],[-59.629008,-34.407954],[-59.630693,-34.405072],[-59.622023,-34.397561],[-59.6077,-34.408146],[-59.590484,-34.421666],[-59.607725,-34.436829]]]}},{"type":"Feature","properties":{"ha":97.6,"sup_m2":975615},"geometry":{"type":"Polygon","coordinates":[[[-59.556977,-34.472187],[-59.56895,-34.46897],[-59.554391,-34.456893],[-59.556977,-34.472187]]]}},{"type":"Feature","properties":{"ha":102.7,"sup_m2":1026641},"geometry":{"type":"Polygon","coordinates":[[[-59.558189,-34.479356],[-59.574736,-34.473768],[-59.56895,-34.46897],[-59.556977,-34.472187],[-59.558189,-34.479356]]]}},{"type":"Feature","properties":{"ha":113.9,"sup_m2":1139444},"geometry":{"type":"Polygon","coordinates":[[[-59.558952,-34.483868],[-59.571035,-34.482067],[-59.571604,-34.482672],[-59.578573,-34.476949],[-59.574736,-34.473768],[-59.558189,-34.479356],[-59.558952,-34.483868]]]}},{"type":"Feature","properties":{"ha":266.3,"sup_m2":2662762},"geometry":{"type":"Polygon","coordinates":[[[-59.558952,-34.483868],[-59.562804,-34.506634],[-59.576049,-34.495761],[-59.571604,-34.482672],[-59.571035,-34.482067],[-59.558952,-34.483868]]]}},{"type":"Feature","properties":{"ha":160.1,"sup_m2":1601113},"geometry":{"type":"Polygon","coordinates":[[[-59.546643,-34.471723],[-59.544403,-34.458631],[-59.525317,-34.47207],[-59.528908,-34.474842],[-59.528675,-34.473409],[-59.546643,-34.471723]]]}},{"type":"Feature","properties":{"ha":173.9,"sup_m2":1739470},"geometry":{"type":"Polygon","coordinates":[[[-59.544403,-34.458631],[-59.546643,-34.471723],[-59.556738,-34.470775],[-59.554391,-34.456893],[-59.553232,-34.450859],[-59.547069,-34.455666],[-59.547578,-34.456395],[-59.544403,-34.458631]]]}},{"type":"Feature","properties":{"ha":433.0,"sup_m2":4330313},"geometry":{"type":"Polygon","coordinates":[[[-59.547271,-34.471665],[-59.550419,-34.492479],[-59.55459,-34.514995],[-59.564327,-34.513861],[-59.562804,-34.506634],[-59.556738,-34.470775],[-59.547271,-34.471665]]]}},{"type":"Feature","properties":{"ha":127.9,"sup_m2":1278747},"geometry":{"type":"Polygon","coordinates":[[[-59.54417,-34.471956],[-59.551644,-34.515338],[-59.55459,-34.514995],[-59.550419,-34.492479],[-59.547271,-34.471665],[-59.54417,-34.471956]]]}},{"type":"Feature","properties":{"ha":189.6,"sup_m2":1896395},"geometry":{"type":"Polygon","coordinates":[[[-59.530552,-34.485238],[-59.546186,-34.483664],[-59.54417,-34.471956],[-59.528675,-34.473409],[-59.530552,-34.485238]]]}},{"type":"Feature","properties":{"ha":123.4,"sup_m2":1233827},"geometry":{"type":"Polygon","coordinates":[[[-59.531573,-34.491688],[-59.547691,-34.492398],[-59.546186,-34.483664],[-59.530552,-34.485238],[-59.531573,-34.491688]]]}},{"type":"Feature","properties":{"ha":177.0,"sup_m2":1770002},"geometry":{"type":"Polygon","coordinates":[[[-59.533475,-34.503707],[-59.549344,-34.501993],[-59.547691,-34.492398],[-59.531573,-34.491688],[-59.533475,-34.503707]]]}},{"type":"Feature","properties":{"ha":41.9,"sup_m2":419111},"geometry":{"type":"Polygon","coordinates":[[[-59.535205,-34.51463],[-59.535612,-34.517203],[-59.551644,-34.515338],[-59.551218,-34.512869],[-59.535205,-34.51463]]]}},{"type":"Feature","properties":{"ha":180.2,"sup_m2":1801964},"geometry":{"type":"Polygon","coordinates":[[[-59.535205,-34.51463],[-59.551218,-34.512869],[-59.549344,-34.501993],[-59.533475,-34.503707],[-59.535205,-34.51463]]]}},{"type":"Feature","properties":{"ha":619.7,"sup_m2":6196690},"geometry":{"type":"Polygon","coordinates":[[[-59.542244,-34.547884],[-59.552416,-34.55649],[-59.590105,-34.528618],[-59.579431,-34.520024],[-59.54829,-34.543568],[-59.542244,-34.547884]]]}},{"type":"Feature","properties":{"ha":1015.1,"sup_m2":10150817},"geometry":{"type":"Polygon","coordinates":[[[-59.517071,-34.590887],[-59.556564,-34.560336],[-59.552416,-34.55649],[-59.542244,-34.547884],[-59.518651,-34.564718],[-59.502571,-34.575555],[-59.498265,-34.577818],[-59.506602,-34.581917],[-59.517071,-34.590887]]]}},{"type":"Feature","properties":{"ha":558.1,"sup_m2":5581419},"geometry":{"type":"Polygon","coordinates":[[[-59.52132,-34.594527],[-59.52467,-34.597396],[-59.570368,-34.562154],[-59.574478,-34.565667],[-59.6051,-34.540685],[-59.599248,-34.535976],[-59.52132,-34.594527]]]}},{"type":"Feature","properties":{"ha":851.7,"sup_m2":8516886},"geometry":{"type":"Polygon","coordinates":[[[-59.52132,-34.594527],[-59.599248,-34.535976],[-59.590105,-34.528618],[-59.552416,-34.55649],[-59.556564,-34.560336],[-59.517071,-34.590887],[-59.52132,-34.594527]]]}},{"type":"Feature","properties":{"ha":117.7,"sup_m2":1177156},"geometry":{"type":"Polygon","coordinates":[[[-59.482733,-34.570181],[-59.497298,-34.552403],[-59.492825,-34.549915],[-59.479356,-34.566299],[-59.479197,-34.568441],[-59.482733,-34.570181]]]}},{"type":"Feature","properties":{"ha":116.8,"sup_m2":1167766},"geometry":{"type":"Polygon","coordinates":[[[-59.487257,-34.572406],[-59.501853,-34.554938],[-59.497298,-34.552403],[-59.482733,-34.570181],[-59.487257,-34.572406]]]}},{"type":"Feature","properties":{"ha":114.8,"sup_m2":1148387},"geometry":{"type":"Polygon","coordinates":[[[-59.491641,-34.574561],[-59.506499,-34.557523],[-59.501853,-34.554938],[-59.487257,-34.572406],[-59.491641,-34.574561]]]}},{"type":"Feature","properties":{"ha":120.3,"sup_m2":1202570},"geometry":{"type":"Polygon","coordinates":[[[-59.496664,-34.577031],[-59.498265,-34.577818],[-59.502571,-34.575555],[-59.518994,-34.564474],[-59.511475,-34.560292],[-59.496664,-34.577031]]]}},{"type":"Feature","properties":{"ha":125.5,"sup_m2":1255102},"geometry":{"type":"Polygon","coordinates":[[[-59.496664,-34.577031],[-59.511475,-34.560292],[-59.506499,-34.557523],[-59.491641,-34.574561],[-59.496664,-34.577031]]]}},{"type":"Feature","properties":{"ha":593.0,"sup_m2":5929883},"geometry":{"type":"Polygon","coordinates":[[[-59.513617,-34.524608],[-59.548398,-34.543486],[-59.561568,-34.533532],[-59.531601,-34.517483],[-59.518184,-34.519047],[-59.513617,-34.524608]]]}},{"type":"Feature","properties":{"ha":1145.7,"sup_m2":11456520},"geometry":{"type":"Polygon","coordinates":[[[-59.548398,-34.543486],[-59.513617,-34.524608],[-59.492825,-34.549915],[-59.518994,-34.564474],[-59.548398,-34.543486]]]}},{"type":"Feature","properties":{"ha":530.9,"sup_m2":5308521},"geometry":{"type":"Polygon","coordinates":[[[-59.535612,-34.517203],[-59.531601,-34.517483],[-59.561568,-34.533532],[-59.579431,-34.520024],[-59.562804,-34.506634],[-59.564327,-34.513861],[-59.535612,-34.517203]]]}},{"type":"Feature","properties":{"ha":581.9,"sup_m2":5819294},"geometry":{"type":"Polygon","coordinates":[[[-59.485578,-34.497023],[-59.491955,-34.504233],[-59.518184,-34.519047],[-59.522388,-34.518557],[-59.5179,-34.489253],[-59.505356,-34.497823],[-59.497764,-34.490608],[-59.485578,-34.497023]]]}},{"type":"Feature","properties":{"ha":182.7,"sup_m2":1826984},"geometry":{"type":"Polygon","coordinates":[[[-59.520335,-34.505157],[-59.522388,-34.518557],[-59.531601,-34.517483],[-59.535612,-34.517203],[-59.533475,-34.503707],[-59.520335,-34.505157]]]}},{"type":"Feature","properties":{"ha":136.5,"sup_m2":1364852},"geometry":{"type":"Polygon","coordinates":[[[-59.518788,-34.495055],[-59.520335,-34.505157],[-59.533475,-34.503707],[-59.531895,-34.493726],[-59.518788,-34.495055]]]}},{"type":"Feature","properties":{"ha":287.5,"sup_m2":2874925},"geometry":{"type":"Polygon","coordinates":[[[-59.497764,-34.490608],[-59.505356,-34.497823],[-59.5179,-34.489253],[-59.527133,-34.48268],[-59.519544,-34.474892],[-59.497764,-34.490608]]]}},{"type":"Feature","properties":{"ha":109.5,"sup_m2":1094920},"geometry":{"type":"Polygon","coordinates":[[[-59.522886,-34.485703],[-59.5179,-34.489253],[-59.518788,-34.495055],[-59.531895,-34.493726],[-59.530552,-34.485238],[-59.522886,-34.485703]]]}},{"type":"Feature","properties":{"ha":23.7,"sup_m2":236997},"geometry":{"type":"Polygon","coordinates":[[[-59.525109,-34.480603],[-59.527133,-34.48268],[-59.522886,-34.485703],[-59.530552,-34.485238],[-59.529767,-34.480272],[-59.525109,-34.480603]]]}},{"type":"Feature","properties":{"ha":406.8,"sup_m2":4067854},"geometry":{"type":"Polygon","coordinates":[[[-59.525109,-34.480603],[-59.529767,-34.480272],[-59.528908,-34.474842],[-59.525317,-34.47207],[-59.518691,-34.466286],[-59.513842,-34.469539],[-59.481498,-34.492621],[-59.485578,-34.497023],[-59.497764,-34.490608],[-59.519544,-34.474892],[-59.525109,-34.480603]]]}},{"type":"Feature","properties":{"ha":475.0,"sup_m2":4749723},"geometry":{"type":"Polygon","coordinates":[[[-59.446898,-34.524566],[-59.44871,-34.528159],[-59.472925,-34.497314],[-59.491393,-34.503598],[-59.485578,-34.497023],[-59.481498,-34.492621],[-59.474654,-34.486651],[-59.469376,-34.476385],[-59.453951,-34.48818],[-59.469914,-34.495038],[-59.446898,-34.524566]]]}},{"type":"Feature","properties":{"ha":229.5,"sup_m2":2294843},"geometry":{"type":"Polygon","coordinates":[[[-59.453393,-34.554975],[-59.433373,-34.544283],[-59.429015,-34.553153],[-59.450363,-34.564043],[-59.453393,-34.554975]]]}},{"type":"Feature","properties":{"ha":212.7,"sup_m2":2127474},"geometry":{"type":"Polygon","coordinates":[[[-59.443154,-34.549508],[-59.453319,-34.534788],[-59.443171,-34.529345],[-59.436527,-34.537863],[-59.433373,-34.544283],[-59.443154,-34.549508]]]}},{"type":"Feature","properties":{"ha":198.5,"sup_m2":1984710},"geometry":{"type":"Polygon","coordinates":[[[-59.469285,-34.532934],[-59.452102,-34.523839],[-59.44871,-34.528159],[-59.446898,-34.524566],[-59.443171,-34.529345],[-59.463504,-34.540249],[-59.469285,-34.532934]]]}},{"type":"Feature","properties":{"ha":133.2,"sup_m2":1332213},"geometry":{"type":"Polygon","coordinates":[[[-59.469775,-34.501328],[-59.48695,-34.510572],[-59.491955,-34.504233],[-59.491393,-34.503598],[-59.472925,-34.497314],[-59.469775,-34.501328]]]}},{"type":"Feature","properties":{"ha":557.6,"sup_m2":5576329},"geometry":{"type":"Polygon","coordinates":[[[-59.48695,-34.510572],[-59.469775,-34.501328],[-59.452102,-34.523839],[-59.469285,-34.532934],[-59.48695,-34.510572]]]}},{"type":"Feature","properties":{"ha":266.8,"sup_m2":2667884},"geometry":{"type":"Polygon","coordinates":[[[-59.474817,-34.576511],[-59.477575,-34.577917],[-59.479197,-34.568441],[-59.479356,-34.566299],[-59.518184,-34.519047],[-59.514467,-34.516949],[-59.476777,-34.564363],[-59.474817,-34.576511]]]}},{"type":"Feature","properties":{"ha":268.4,"sup_m2":2683966},"geometry":{"type":"Polygon","coordinates":[[[-59.485239,-34.512739],[-59.508368,-34.524626],[-59.514467,-34.516949],[-59.491955,-34.504233],[-59.485239,-34.512739]]]}},{"type":"Feature","properties":{"ha":400.3,"sup_m2":4003095},"geometry":{"type":"Polygon","coordinates":[[[-59.508368,-34.524626],[-59.485239,-34.512739],[-59.475584,-34.524961],[-59.498872,-34.536575],[-59.508368,-34.524626]]]}},{"type":"Feature","properties":{"ha":111.2,"sup_m2":1112190},"geometry":{"type":"Polygon","coordinates":[[[-59.465202,-34.562128],[-59.468487,-34.554839],[-59.45646,-34.549159],[-59.454513,-34.551622],[-59.452975,-34.556225],[-59.465202,-34.562128]]]}},{"type":"Feature","properties":{"ha":118.1,"sup_m2":1180905},"geometry":{"type":"Polygon","coordinates":[[[-59.461726,-34.569838],[-59.474817,-34.576511],[-59.476275,-34.567473],[-59.465202,-34.562128],[-59.461726,-34.569838]]]}},{"type":"Feature","properties":{"ha":304.8,"sup_m2":3047594},"geometry":{"type":"Polygon","coordinates":[[[-59.491193,-34.402952],[-59.514427,-34.385785],[-59.507071,-34.379001],[-59.484013,-34.394852],[-59.483089,-34.395622],[-59.491193,-34.402952]]]}},{"type":"Feature","properties":{"ha":261.9,"sup_m2":2619183},"geometry":{"type":"Polygon","coordinates":[[[-59.497634,-34.408775],[-59.521384,-34.3922],[-59.514427,-34.385785],[-59.491193,-34.402952],[-59.497634,-34.408775]]]}},{"type":"Feature","properties":{"ha":190.6,"sup_m2":1905565},"geometry":{"type":"Polygon","coordinates":[[[-59.515366,-34.396401],[-59.534698,-34.414121],[-59.540639,-34.409947],[-59.521384,-34.3922],[-59.515366,-34.396401]]]}},{"type":"Feature","properties":{"ha":459.5,"sup_m2":4594726},"geometry":{"type":"Polygon","coordinates":[[[-59.500946,-34.406464],[-59.520541,-34.424288],[-59.534698,-34.414121],[-59.515366,-34.396401],[-59.500946,-34.406464]]]}},{"type":"Feature","properties":{"ha":290.8,"sup_m2":2908443},"geometry":{"type":"Polygon","coordinates":[[[-59.481648,-34.420362],[-59.501273,-34.438197],[-59.510162,-34.431781],[-59.490561,-34.413902],[-59.481648,-34.420362]]]}},{"type":"Feature","properties":{"ha":305.4,"sup_m2":3054435},"geometry":{"type":"Polygon","coordinates":[[[-59.472447,-34.427028],[-59.491757,-34.445063],[-59.501273,-34.438197],[-59.481648,-34.420362],[-59.472447,-34.427028]]]}},{"type":"Feature","properties":{"ha":447.3,"sup_m2":4472784},"geometry":{"type":"Polygon","coordinates":[[[-59.491757,-34.445063],[-59.472447,-34.427028],[-59.458682,-34.436998],[-59.478079,-34.454929],[-59.491757,-34.445063]]]}},{"type":"Feature","properties":{"ha":163.1,"sup_m2":1631051},"geometry":{"type":"Polygon","coordinates":[[[-59.500799,-34.423242],[-59.510162,-34.431781],[-59.520541,-34.424288],[-59.511012,-34.415622],[-59.500799,-34.423242]]]}},{"type":"Feature","properties":{"ha":16.3,"sup_m2":162619},"geometry":{"type":"Polygon","coordinates":[[[-59.499106,-34.407748],[-59.504463,-34.412667],[-59.50626,-34.411299],[-59.500946,-34.406464],[-59.499106,-34.407748]]]}},{"type":"Feature","properties":{"ha":17.6,"sup_m2":176140},"geometry":{"type":"Polygon","coordinates":[[[-59.497105,-34.409159],[-59.502583,-34.414097],[-59.504463,-34.412667],[-59.499106,-34.407748],[-59.497105,-34.409159]]]}},{"type":"Feature","properties":{"ha":18.0,"sup_m2":179692},"geometry":{"type":"Polygon","coordinates":[[[-59.497918,-34.417648],[-59.492619,-34.412411],[-59.490561,-34.413902],[-59.496145,-34.418996],[-59.497918,-34.417648]]]}},{"type":"Feature","properties":{"ha":42.4,"sup_m2":424333},"geometry":{"type":"Polygon","coordinates":[[[-59.492619,-34.412411],[-59.497918,-34.417648],[-59.502583,-34.414097],[-59.497105,-34.409159],[-59.492619,-34.412411]]]}},{"type":"Feature","properties":{"ha":20.1,"sup_m2":201205},"geometry":{"type":"Polygon","coordinates":[[[-59.50376,-34.413202],[-59.508508,-34.41749],[-59.511012,-34.415622],[-59.50626,-34.411299],[-59.50376,-34.413202]]]}},{"type":"Feature","properties":{"ha":19.7,"sup_m2":197432},"geometry":{"type":"Polygon","coordinates":[[[-59.50125,-34.415112],[-59.506086,-34.419298],[-59.508508,-34.41749],[-59.50376,-34.413202],[-59.50125,-34.415112]]]}},{"type":"Feature","properties":{"ha":20.6,"sup_m2":205526},"geometry":{"type":"Polygon","coordinates":[[[-59.498721,-34.417036],[-59.503453,-34.421262],[-59.506086,-34.419298],[-59.50125,-34.415112],[-59.498721,-34.417036]]]}},{"type":"Feature","properties":{"ha":20.7,"sup_m2":207262},"geometry":{"type":"Polygon","coordinates":[[[-59.503453,-34.421262],[-59.498721,-34.417036],[-59.496145,-34.418996],[-59.500799,-34.423242],[-59.503453,-34.421262]]]}},{"type":"Feature","properties":{"ha":276.1,"sup_m2":2761065},"geometry":{"type":"Polygon","coordinates":[[[-59.270819,-34.458233],[-59.274153,-34.45989],[-59.298476,-34.425756],[-59.302192,-34.427414],[-59.309357,-34.416795],[-59.305873,-34.41418],[-59.305273,-34.413246],[-59.304622,-34.412855],[-59.302664,-34.41268],[-59.270819,-34.458233]]]}},{"type":"Feature","properties":{"ha":121.9,"sup_m2":1219107},"geometry":{"type":"Polygon","coordinates":[[[-59.261657,-34.46807],[-59.263206,-34.469052],[-59.302664,-34.41268],[-59.301539,-34.412567],[-59.300914,-34.41233],[-59.261657,-34.46807]]]}},{"type":"Feature","properties":{"ha":15.8,"sup_m2":157776},"geometry":{"type":"Polygon","coordinates":[[[-59.297345,-34.417401],[-59.292182,-34.415411],[-59.290652,-34.417759],[-59.295622,-34.419849],[-59.297345,-34.417401]]]}},{"type":"Feature","properties":{"ha":93.4,"sup_m2":933807},"geometry":{"type":"Polygon","coordinates":[[[-59.281034,-34.423302],[-59.290226,-34.427514],[-59.295622,-34.419849],[-59.286242,-34.415904],[-59.281034,-34.423302]]]}},{"type":"Feature","properties":{"ha":101.1,"sup_m2":1010763},"geometry":{"type":"Polygon","coordinates":[[[-59.275195,-34.431596],[-59.284585,-34.435526],[-59.290226,-34.427514],[-59.281034,-34.423302],[-59.275195,-34.431596]]]}},{"type":"Feature","properties":{"ha":95.2,"sup_m2":952342},"geometry":{"type":"Polygon","coordinates":[[[-59.269838,-34.439203],[-59.279122,-34.443283],[-59.284585,-34.435526],[-59.275195,-34.431596],[-59.269838,-34.439203]]]}},{"type":"Feature","properties":{"ha":99.0,"sup_m2":990329},"geometry":{"type":"Polygon","coordinates":[[[-59.264185,-34.447227],[-59.27352,-34.451236],[-59.279122,-34.443283],[-59.269838,-34.439203],[-59.264185,-34.447227]]]}},{"type":"Feature","properties":{"ha":99.4,"sup_m2":993648},"geometry":{"type":"Polygon","coordinates":[[[-59.267664,-34.459547],[-59.258477,-34.455329],[-59.254224,-34.461364],[-59.254118,-34.460909],[-59.253006,-34.462584],[-59.261657,-34.46807],[-59.267664,-34.459547]]]}},{"type":"Feature","properties":{"ha":951.6,"sup_m2":9516230},"geometry":{"type":"Polygon","coordinates":[[[-59.320785,-34.423845],[-59.328356,-34.427896],[-59.413749,-34.361422],[-59.406679,-34.355236],[-59.320785,-34.423845]]]}},{"type":"Feature","properties":{"ha":449.5,"sup_m2":4494855},"geometry":{"type":"Polygon","coordinates":[[[-59.363721,-34.375214],[-59.372243,-34.382762],[-59.406679,-34.355236],[-59.403009,-34.352024],[-59.396337,-34.356865],[-59.395566,-34.351348],[-59.395354,-34.350989],[-59.363721,-34.375214]]]}},{"type":"Feature","properties":{"ha":343.7,"sup_m2":3437031},"geometry":{"type":"Polygon","coordinates":[[[-59.316683,-34.421649],[-59.34954,-34.395349],[-59.343738,-34.390507],[-59.309357,-34.416795],[-59.311072,-34.418668],[-59.313311,-34.419085],[-59.31447,-34.420465],[-59.316683,-34.421649]]]}},{"type":"Feature","properties":{"ha":91.0,"sup_m2":910345},"geometry":{"type":"Polygon","coordinates":[[[-59.318819,-34.422793],[-59.320785,-34.423845],[-59.352936,-34.398183],[-59.35116,-34.396701],[-59.318819,-34.422793]]]}},{"type":"Feature","properties":{"ha":91.7,"sup_m2":916754},"geometry":{"type":"Polygon","coordinates":[[[-59.318819,-34.422793],[-59.35116,-34.396701],[-59.34954,-34.395349],[-59.316683,-34.421649],[-59.318819,-34.422793]]]}},{"type":"Feature","properties":{"ha":291.4,"sup_m2":2913946},"geometry":{"type":"Polygon","coordinates":[[[-59.372243,-34.382762],[-59.363721,-34.375214],[-59.343738,-34.390507],[-59.352936,-34.398183],[-59.372243,-34.382762]]]}},{"type":"Feature","properties":{"ha":215.8,"sup_m2":2158306},"geometry":{"type":"Polygon","coordinates":[[[-59.423508,-34.511934],[-59.441958,-34.521348],[-59.44578,-34.516416],[-59.445401,-34.514798],[-59.444628,-34.513501],[-59.444507,-34.5121],[-59.444156,-34.510298],[-59.430244,-34.503203],[-59.423508,-34.511934]]]}},{"type":"Feature","properties":{"ha":606.3,"sup_m2":6062559},"geometry":{"type":"Polygon","coordinates":[[[-59.387934,-34.532352],[-59.393947,-34.520221],[-59.397714,-34.515815],[-59.395819,-34.514594],[-59.403285,-34.50463],[-59.413378,-34.509592],[-59.433354,-34.483275],[-59.420539,-34.47674],[-59.389283,-34.51852],[-59.383837,-34.530277],[-59.387934,-34.532352]]]}},{"type":"Feature","properties":{"ha":123.0,"sup_m2":1229887},"geometry":{"type":"Polygon","coordinates":[[[-59.384137,-34.51335],[-59.390345,-34.517101],[-59.400518,-34.503507],[-59.394078,-34.500119],[-59.384137,-34.51335]]]}},{"type":"Feature","properties":{"ha":486.1,"sup_m2":4860938},"geometry":{"type":"Polygon","coordinates":[[[-59.370475,-34.523505],[-59.377088,-34.526857],[-59.382141,-34.516006],[-59.4141,-34.473455],[-59.407641,-34.470159],[-59.374871,-34.513383],[-59.370475,-34.523505]]]}},{"type":"Feature","properties":{"ha":420.4,"sup_m2":4203884},"geometry":{"type":"Polygon","coordinates":[[[-59.364653,-34.520554],[-59.370475,-34.523505],[-59.374871,-34.513383],[-59.407641,-34.470159],[-59.401944,-34.467252],[-59.368376,-34.511625],[-59.364653,-34.520554]]]}},{"type":"Feature","properties":{"ha":154.1,"sup_m2":1541400},"geometry":{"type":"Polygon","coordinates":[[[-59.368843,-34.490259],[-59.355563,-34.483508],[-59.349336,-34.491673],[-59.362831,-34.498477],[-59.368843,-34.490259]]]}},{"type":"Feature","properties":{"ha":536.5,"sup_m2":5364832},"geometry":{"type":"Polygon","coordinates":[[[-59.332765,-34.504381],[-59.33935,-34.507722],[-59.345715,-34.496421],[-59.378421,-34.453516],[-59.370828,-34.449633],[-59.337132,-34.495513],[-59.332765,-34.504381]]]}},{"type":"Feature","properties":{"ha":32.4,"sup_m2":323563},"geometry":{"type":"Polygon","coordinates":[[[-59.329513,-34.49792],[-59.334667,-34.500519],[-59.337132,-34.495513],[-59.332336,-34.492941],[-59.329513,-34.49792]]]}},{"type":"Feature","properties":{"ha":78.3,"sup_m2":782880},"geometry":{"type":"Polygon","coordinates":[[[-59.352128,-34.459104],[-59.356204,-34.461098],[-59.366463,-34.4474],[-59.362403,-34.445323],[-59.352128,-34.459104]]]}},{"type":"Feature","properties":{"ha":164.4,"sup_m2":1644186},"geometry":{"type":"Polygon","coordinates":[[[-59.32129,-34.498558],[-59.32358,-34.49972],[-59.328056,-34.491368],[-59.362403,-34.445323],[-59.360294,-34.444244],[-59.324273,-34.492425],[-59.32129,-34.498558]]]}},{"type":"Feature","properties":{"ha":611.9,"sup_m2":6118972},"geometry":{"type":"Polygon","coordinates":[[[-59.311519,-34.493598],[-59.32129,-34.498558],[-59.324273,-34.492425],[-59.360294,-34.444244],[-59.358548,-34.443351],[-59.351518,-34.452812],[-59.344131,-34.449325],[-59.342025,-34.452546],[-59.341118,-34.45211],[-59.314679,-34.487954],[-59.311519,-34.493598]]]}},{"type":"Feature","properties":{"ha":230.2,"sup_m2":2301885},"geometry":{"type":"Polygon","coordinates":[[[-59.318809,-34.460177],[-59.314967,-34.457757],[-59.298873,-34.479567],[-59.295398,-34.485411],[-59.301746,-34.488635],[-59.304041,-34.484015],[-59.320622,-34.461157],[-59.318809,-34.460177]]]}},{"type":"Feature","properties":{"ha":559.1,"sup_m2":5590774},"geometry":{"type":"Polygon","coordinates":[[[-59.27258,-34.473817],[-59.279392,-34.477279],[-59.281488,-34.473648],[-59.318819,-34.422793],[-59.31447,-34.420465],[-59.313311,-34.419085],[-59.311072,-34.418668],[-59.274228,-34.470696],[-59.27258,-34.473817]]]}},{"type":"Feature","properties":{"ha":48.9,"sup_m2":488563},"geometry":{"type":"Polygon","coordinates":[[[-59.296693,-34.428259],[-59.302444,-34.430858],[-59.311072,-34.418668],[-59.309357,-34.416795],[-59.302192,-34.427414],[-59.298476,-34.425756],[-59.296693,-34.428259]]]}},{"type":"Feature","properties":{"ha":110.7,"sup_m2":1106588},"geometry":{"type":"Polygon","coordinates":[[[-59.286664,-34.442337],[-59.292265,-34.445234],[-59.302444,-34.430858],[-59.296693,-34.428259],[-59.286664,-34.442337]]]}},{"type":"Feature","properties":{"ha":114.4,"sup_m2":1144446},"geometry":{"type":"Polygon","coordinates":[[[-59.276255,-34.45694],[-59.281936,-34.459817],[-59.292265,-34.445234],[-59.286664,-34.442337],[-59.276255,-34.45694]]]}},{"type":"Feature","properties":{"ha":50.9,"sup_m2":509388},"geometry":{"type":"Polygon","coordinates":[[[-59.269298,-34.460395],[-59.278238,-34.465036],[-59.281936,-34.459817],[-59.276255,-34.45694],[-59.274153,-34.45989],[-59.270819,-34.458233],[-59.269298,-34.460395]]]}},{"type":"Feature","properties":{"ha":42.5,"sup_m2":424730},"geometry":{"type":"Polygon","coordinates":[[[-59.266864,-34.470912],[-59.272722,-34.462173],[-59.269298,-34.460395],[-59.263206,-34.469052],[-59.266864,-34.470912]]]}},{"type":"Feature","properties":{"ha":65.4,"sup_m2":654432},"geometry":{"type":"Polygon","coordinates":[[[-59.266864,-34.470912],[-59.27258,-34.473817],[-59.274228,-34.470696],[-59.278238,-34.465036],[-59.272722,-34.462173],[-59.266864,-34.470912]]]}},{"type":"Feature","properties":{"ha":76.3,"sup_m2":763268},"geometry":{"type":"Polygon","coordinates":[[[-59.313359,-34.430236],[-59.320925,-34.433875],[-59.326204,-34.426744],[-59.318819,-34.422793],[-59.313359,-34.430236]]]}},{"type":"Feature","properties":{"ha":76.9,"sup_m2":768729},"geometry":{"type":"Polygon","coordinates":[[[-59.30798,-34.437567],[-59.315433,-34.441292],[-59.320925,-34.433875],[-59.313359,-34.430236],[-59.30798,-34.437567]]]}},{"type":"Feature","properties":{"ha":79.0,"sup_m2":790481},"geometry":{"type":"Polygon","coordinates":[[[-59.302367,-34.445214],[-59.30981,-34.448885],[-59.315433,-34.441292],[-59.30798,-34.437567],[-59.302367,-34.445214]]]}},{"type":"Feature","properties":{"ha":47.6,"sup_m2":476463},"geometry":{"type":"Polygon","coordinates":[[[-59.299088,-34.449681],[-59.306288,-34.45364],[-59.30981,-34.448885],[-59.302367,-34.445214],[-59.299088,-34.449681]]]}},{"type":"Feature","properties":{"ha":279.4,"sup_m2":2794017},"geometry":{"type":"Polygon","coordinates":[[[-59.306288,-34.45364],[-59.299088,-34.449681],[-59.281488,-34.473648],[-59.279392,-34.477279],[-59.286951,-34.48112],[-59.288875,-34.477139],[-59.306288,-34.45364]]]}},{"type":"Feature","properties":{"ha":25.3,"sup_m2":252851},"geometry":{"type":"Polygon","coordinates":[[[-59.324202,-34.435091],[-59.326801,-34.436472],[-59.331819,-34.429669],[-59.329138,-34.428296],[-59.324202,-34.435091]]]}},{"type":"Feature","properties":{"ha":28.4,"sup_m2":284349},"geometry":{"type":"Polygon","coordinates":[[[-59.324202,-34.435091],[-59.329138,-34.428296],[-59.326204,-34.426744],[-59.321204,-34.433498],[-59.324202,-34.435091]]]}},{"type":"Feature","properties":{"ha":187.9,"sup_m2":1879389},"geometry":{"type":"Polygon","coordinates":[[[-59.310128,-34.448456],[-59.314539,-34.45089],[-59.316907,-34.447691],[-59.320806,-34.449841],[-59.33462,-34.431104],[-59.331819,-34.429669],[-59.326801,-34.436472],[-59.321204,-34.433498],[-59.310128,-34.448456]]]}},{"type":"Feature","properties":{"ha":42.1,"sup_m2":420506},"geometry":{"type":"Polygon","coordinates":[[[-59.308566,-34.450565],[-59.317018,-34.454977],[-59.320806,-34.449841],[-59.316907,-34.447691],[-59.314539,-34.45089],[-59.310128,-34.448456],[-59.308566,-34.450565]]]}},{"type":"Feature","properties":{"ha":79.9,"sup_m2":798982},"geometry":{"type":"Polygon","coordinates":[[[-59.293531,-34.470858],[-59.302032,-34.475288],[-59.30696,-34.468609],[-59.298455,-34.464213],[-59.293531,-34.470858]]]}},{"type":"Feature","properties":{"ha":118.9,"sup_m2":1188545},"geometry":{"type":"Polygon","coordinates":[[[-59.302032,-34.475288],[-59.293531,-34.470858],[-59.288875,-34.477139],[-59.286951,-34.48112],[-59.295398,-34.485411],[-59.298873,-34.479567],[-59.302032,-34.475288]]]}},{"type":"Feature","properties":{"ha":77.2,"sup_m2":772274},"geometry":{"type":"Polygon","coordinates":[[[-59.300953,-34.460841],[-59.298455,-34.464213],[-59.30696,-34.468609],[-59.317018,-34.454977],[-59.3145,-34.453663],[-59.307043,-34.463818],[-59.300953,-34.460841]]]}},{"type":"Feature","properties":{"ha":85.9,"sup_m2":859375},"geometry":{"type":"Polygon","coordinates":[[[-59.300953,-34.460841],[-59.307043,-34.463818],[-59.3145,-34.453663],[-59.308566,-34.450565],[-59.300953,-34.460841]]]}},{"type":"Feature","properties":{"ha":309.0,"sup_m2":3089680},"geometry":{"type":"Polygon","coordinates":[[[-59.32707,-34.47116],[-59.317268,-34.465782],[-59.304041,-34.484015],[-59.301746,-34.488635],[-59.311519,-34.493598],[-59.314679,-34.487954],[-59.32707,-34.47116]]]}},{"type":"Feature","properties":{"ha":150.8,"sup_m2":1508163},"geometry":{"type":"Polygon","coordinates":[[[-59.334338,-34.461305],[-59.3226,-34.4551],[-59.318809,-34.460177],[-59.320622,-34.461157],[-59.317268,-34.465782],[-59.32707,-34.47116],[-59.334338,-34.461305]]]}},{"type":"Feature","properties":{"ha":413.8,"sup_m2":4137909},"geometry":{"type":"Polygon","coordinates":[[[-59.3226,-34.4551],[-59.334338,-34.461305],[-59.341118,-34.45211],[-59.342025,-34.452546],[-59.344131,-34.449325],[-59.351518,-34.452812],[-59.358548,-34.443351],[-59.342969,-34.435378],[-59.334924,-34.445827],[-59.330906,-34.443973],[-59.3226,-34.4551]]]}},{"type":"Feature","properties":{"ha":217.0,"sup_m2":2169792},"geometry":{"type":"Polygon","coordinates":[[[-59.314967,-34.457757],[-59.318809,-34.460177],[-59.330906,-34.443973],[-59.334924,-34.445827],[-59.342969,-34.435378],[-59.33462,-34.431104],[-59.314967,-34.457757]]]}},{"type":"Feature","properties":{"ha":50.7,"sup_m2":507488},"geometry":{"type":"Polygon","coordinates":[[[-59.360373,-34.455532],[-59.36478,-34.457873],[-59.370828,-34.449633],[-59.366463,-34.4474],[-59.360373,-34.455532]]]}},{"type":"Feature","properties":{"ha":11.3,"sup_m2":113147},"geometry":{"type":"Polygon","coordinates":[[[-59.359033,-34.457322],[-59.363447,-34.459689],[-59.36478,-34.457873],[-59.360373,-34.455532],[-59.359033,-34.457322]]]}},{"type":"Feature","properties":{"ha":12.5,"sup_m2":124821},"geometry":{"type":"Polygon","coordinates":[[[-59.357618,-34.45921],[-59.361926,-34.46176],[-59.363447,-34.459689],[-59.359033,-34.457322],[-59.357618,-34.45921]]]}},{"type":"Feature","properties":{"ha":11.8,"sup_m2":117995},"geometry":{"type":"Polygon","coordinates":[[[-59.356204,-34.461098],[-59.360576,-34.463599],[-59.361926,-34.46176],[-59.357618,-34.45921],[-59.356204,-34.461098]]]}},{"type":"Feature","properties":{"ha":13.5,"sup_m2":135213},"geometry":{"type":"Polygon","coordinates":[[[-59.35452,-34.463345],[-59.359106,-34.465601],[-59.360576,-34.463599],[-59.356204,-34.461098],[-59.35452,-34.463345]]]}},{"type":"Feature","properties":{"ha":11.6,"sup_m2":115979},"geometry":{"type":"Polygon","coordinates":[[[-59.35323,-34.465066],[-59.357706,-34.467507],[-59.359106,-34.465601],[-59.35452,-34.463345],[-59.35323,-34.465066]]]}},{"type":"Feature","properties":{"ha":13.8,"sup_m2":137862},"geometry":{"type":"Polygon","coordinates":[[[-59.351571,-34.467281],[-59.356181,-34.469584],[-59.357706,-34.467507],[-59.35323,-34.465066],[-59.351571,-34.467281]]]}},{"type":"Feature","properties":{"ha":68.7,"sup_m2":686598},"geometry":{"type":"Polygon","coordinates":[[[-59.343738,-34.477733],[-59.348389,-34.480193],[-59.356181,-34.469584],[-59.351571,-34.467281],[-59.343738,-34.477733]]]}},{"type":"Feature","properties":{"ha":70.9,"sup_m2":709361},"geometry":{"type":"Polygon","coordinates":[[[-59.335807,-34.488313],[-59.340559,-34.490849],[-59.348389,-34.480193],[-59.343738,-34.477733],[-59.335807,-34.488313]]]}},{"type":"Feature","properties":{"ha":31.6,"sup_m2":315751},"geometry":{"type":"Polygon","coordinates":[[[-59.332336,-34.492941],[-59.337132,-34.495513],[-59.340559,-34.490849],[-59.335807,-34.488313],[-59.332336,-34.492941]]]}},{"type":"Feature","properties":{"ha":25.8,"sup_m2":257744},"geometry":{"type":"Polygon","coordinates":[[[-59.334667,-34.500519],[-59.329513,-34.49792],[-59.327414,-34.501666],[-59.332765,-34.504381],[-59.334667,-34.500519]]]}},{"type":"Feature","properties":{"ha":68.5,"sup_m2":685031},"geometry":{"type":"Polygon","coordinates":[[[-59.335448,-34.488792],[-59.33164,-34.486566],[-59.328056,-34.491368],[-59.32358,-34.49972],[-59.327414,-34.501666],[-59.332206,-34.493115],[-59.335448,-34.488792]]]}},{"type":"Feature","properties":{"ha":78.5,"sup_m2":785424},"geometry":{"type":"Polygon","coordinates":[[[-59.346068,-34.474624],[-59.341993,-34.472691],[-59.33164,-34.486566],[-59.335448,-34.488792],[-59.346068,-34.474624]]]}},{"type":"Feature","properties":{"ha":76.6,"sup_m2":765984},"geometry":{"type":"Polygon","coordinates":[[[-59.356204,-34.461098],[-59.352128,-34.459104],[-59.341993,-34.472691],[-59.346068,-34.474624],[-59.356204,-34.461098]]]}},{"type":"Feature","properties":{"ha":532.4,"sup_m2":5323748},"geometry":{"type":"Polygon","coordinates":[[[-59.374048,-34.504131],[-59.349336,-34.491673],[-59.345715,-34.496421],[-59.33935,-34.507722],[-59.364653,-34.520554],[-59.368376,-34.511625],[-59.374048,-34.504131]]]}},{"type":"Feature","properties":{"ha":220.0,"sup_m2":2199805},"geometry":{"type":"Polygon","coordinates":[[[-59.369946,-34.502063],[-59.374048,-34.504131],[-59.401944,-34.467252],[-59.402928,-34.466045],[-59.398797,-34.463933],[-59.369946,-34.502063]]]}},{"type":"Feature","properties":{"ha":142.9,"sup_m2":1429432},"geometry":{"type":"Polygon","coordinates":[[[-59.380625,-34.487956],[-59.398797,-34.463933],[-59.394346,-34.461658],[-59.37665,-34.485938],[-59.380625,-34.487956]]]}},{"type":"Feature","properties":{"ha":187.8,"sup_m2":1878101},"geometry":{"type":"Polygon","coordinates":[[[-59.372084,-34.461833],[-59.388274,-34.469991],[-59.394346,-34.461658],[-59.378421,-34.453516],[-59.372084,-34.461833]]]}},{"type":"Feature","properties":{"ha":85.3,"sup_m2":853277},"geometry":{"type":"Polygon","coordinates":[[[-59.376541,-34.493351],[-59.368843,-34.490259],[-59.362831,-34.498477],[-59.369946,-34.502063],[-59.376541,-34.493351]]]}},{"type":"Feature","properties":{"ha":94.9,"sup_m2":949421},"geometry":{"type":"Polygon","coordinates":[[[-59.378915,-34.482831],[-59.373968,-34.480376],[-59.366984,-34.489295],[-59.368843,-34.490259],[-59.376541,-34.493351],[-59.380625,-34.487956],[-59.37665,-34.485938],[-59.378915,-34.482831]]]}},{"type":"Feature","properties":{"ha":69.4,"sup_m2":693606},"geometry":{"type":"Polygon","coordinates":[[[-59.375671,-34.472005],[-59.383728,-34.476229],[-59.388274,-34.469991],[-59.380305,-34.465976],[-59.375671,-34.472005]]]}},{"type":"Feature","properties":{"ha":76.7,"sup_m2":766654},"geometry":{"type":"Polygon","coordinates":[[[-59.383728,-34.476229],[-59.375671,-34.472005],[-59.370578,-34.478631],[-59.378915,-34.482831],[-59.383728,-34.476229]]]}},{"type":"Feature","properties":{"ha":80.5,"sup_m2":804783},"geometry":{"type":"Polygon","coordinates":[[[-59.366788,-34.468783],[-59.374971,-34.472916],[-59.380305,-34.465976],[-59.372084,-34.461833],[-59.366788,-34.468783]]]}},{"type":"Feature","properties":{"ha":75.2,"sup_m2":752220},"geometry":{"type":"Polygon","coordinates":[[[-59.3618,-34.475326],[-59.369968,-34.479401],[-59.374971,-34.472916],[-59.366788,-34.468783],[-59.3618,-34.475326]]]}},{"type":"Feature","properties":{"ha":136.9,"sup_m2":1369096},"geometry":{"type":"Polygon","coordinates":[[[-59.355563,-34.483508],[-59.366984,-34.489295],[-59.373968,-34.480376],[-59.370578,-34.478631],[-59.369968,-34.479401],[-59.3618,-34.475326],[-59.355563,-34.483508]]]}},{"type":"Feature","properties":{"ha":118.7,"sup_m2":1186619},"geometry":{"type":"Polygon","coordinates":[[[-59.404292,-34.486519],[-59.410784,-34.489785],[-59.420539,-34.47674],[-59.4141,-34.473455],[-59.404292,-34.486519]]]}},{"type":"Feature","properties":{"ha":124.7,"sup_m2":1247157},"geometry":{"type":"Polygon","coordinates":[[[-59.394078,-34.500119],[-59.400518,-34.503507],[-59.410784,-34.489785],[-59.404292,-34.486519],[-59.394078,-34.500119]]]}},{"type":"Feature","properties":{"ha":114.6,"sup_m2":1145625},"geometry":{"type":"Polygon","coordinates":[[[-59.390345,-34.517101],[-59.384137,-34.51335],[-59.382141,-34.516006],[-59.377088,-34.526857],[-59.383837,-34.530277],[-59.389283,-34.51852],[-59.390345,-34.517101]]]}},{"type":"Feature","properties":{"ha":130.2,"sup_m2":1302105},"geometry":{"type":"Polygon","coordinates":[[[-59.402264,-34.524225],[-59.393947,-34.520221],[-59.387934,-34.532352],[-59.396439,-34.536661],[-59.402264,-34.524225]]]}},{"type":"Feature","properties":{"ha":50.5,"sup_m2":504989},"geometry":{"type":"Polygon","coordinates":[[[-59.405558,-34.519888],[-59.397714,-34.515815],[-59.393947,-34.520221],[-59.402264,-34.524225],[-59.405558,-34.519888]]]}},{"type":"Feature","properties":{"ha":143.2,"sup_m2":1432101},"geometry":{"type":"Polygon","coordinates":[[[-59.397714,-34.515815],[-59.405558,-34.519888],[-59.413378,-34.509592],[-59.403285,-34.50463],[-59.395819,-34.514594],[-59.397714,-34.515815]]]}},{"type":"Feature","properties":{"ha":203.5,"sup_m2":2035274},"geometry":{"type":"Polygon","coordinates":[[[-59.43043,-34.487129],[-59.452557,-34.498858],[-59.458852,-34.490286],[-59.444534,-34.484091],[-59.441584,-34.487472],[-59.433354,-34.483275],[-59.43043,-34.487129]]]}},{"type":"Feature","properties":{"ha":213.8,"sup_m2":2137972},"geometry":{"type":"Polygon","coordinates":[[[-59.425286,-34.493906],[-59.447583,-34.505632],[-59.452557,-34.498858],[-59.43043,-34.487129],[-59.425286,-34.493906]]]}},{"type":"Feature","properties":{"ha":195.7,"sup_m2":1956655},"geometry":{"type":"Polygon","coordinates":[[[-59.418868,-34.502361],[-59.427412,-34.506874],[-59.430244,-34.503203],[-59.444156,-34.510298],[-59.447583,-34.505632],[-59.425286,-34.493906],[-59.418868,-34.502361]]]}},{"type":"Feature","properties":{"ha":234.0,"sup_m2":2339846},"geometry":{"type":"Polygon","coordinates":[[[-59.412894,-34.510228],[-59.417474,-34.512261],[-59.407355,-34.52579],[-59.401583,-34.539266],[-59.405377,-34.541187],[-59.41123,-34.527842],[-59.427412,-34.506874],[-59.418868,-34.502361],[-59.412894,-34.510228]]]}},{"type":"Feature","properties":{"ha":83.1,"sup_m2":830795},"geometry":{"type":"Polygon","coordinates":[[[-59.407355,-34.52579],[-59.403014,-34.523237],[-59.402233,-34.524265],[-59.396439,-34.536661],[-59.401583,-34.539266],[-59.407355,-34.52579]]]}},{"type":"Feature","properties":{"ha":83.6,"sup_m2":836400},"geometry":{"type":"Polygon","coordinates":[[[-59.403014,-34.523237],[-59.407355,-34.52579],[-59.417474,-34.512261],[-59.412894,-34.510228],[-59.403014,-34.523237]]]}},{"type":"Feature","properties":{"ha":117.3,"sup_m2":1173165},"geometry":{"type":"Polygon","coordinates":[[[-59.430942,-34.549231],[-59.407098,-34.537263],[-59.405377,-34.541187],[-59.429015,-34.553153],[-59.430942,-34.549231]]]}},{"type":"Feature","properties":{"ha":212.0,"sup_m2":2119762},"geometry":{"type":"Polygon","coordinates":[[[-59.429735,-34.537436],[-59.41125,-34.527817],[-59.407098,-34.537263],[-59.425527,-34.546493],[-59.428573,-34.538965],[-59.429735,-34.537436]]]}},{"type":"Feature","properties":{"ha":215.8,"sup_m2":2157733},"geometry":{"type":"Polygon","coordinates":[[[-59.435987,-34.529208],[-59.417573,-34.519625],[-59.41125,-34.527817],[-59.429735,-34.537436],[-59.435987,-34.529208]]]}},{"type":"Feature","properties":{"ha":203.6,"sup_m2":2035813},"geometry":{"type":"Polygon","coordinates":[[[-59.441958,-34.521348],[-59.423508,-34.511934],[-59.417573,-34.519625],[-59.435987,-34.529208],[-59.441958,-34.521348]]]}},{"type":"Feature","properties":{"ha":98.9,"sup_m2":989358},"geometry":{"type":"Polygon","coordinates":[[[-59.428582,-34.548038],[-59.430942,-34.549231],[-59.436527,-34.537863],[-59.449343,-34.521431],[-59.446759,-34.520025],[-59.432219,-34.538982],[-59.428582,-34.548038]]]}},{"type":"Feature","properties":{"ha":105.7,"sup_m2":1057132},"geometry":{"type":"Polygon","coordinates":[[[-59.428582,-34.548038],[-59.432219,-34.538982],[-59.446759,-34.520025],[-59.444074,-34.518563],[-59.428573,-34.538965],[-59.425527,-34.546493],[-59.428582,-34.548038]]]}},{"type":"Feature","properties":{"ha":35.4,"sup_m2":354295},"geometry":{"type":"Polygon","coordinates":[[[-59.460963,-34.500054],[-59.464485,-34.502006],[-59.469914,-34.495038],[-59.46603,-34.49337],[-59.460963,-34.500054]]]}},{"type":"Feature","properties":{"ha":16.8,"sup_m2":167866},"geometry":{"type":"Polygon","coordinates":[[[-59.458421,-34.503407],[-59.461949,-34.50526],[-59.464485,-34.502006],[-59.460963,-34.500054],[-59.458421,-34.503407]]]}},{"type":"Feature","properties":{"ha":16.6,"sup_m2":165530},"geometry":{"type":"Polygon","coordinates":[[[-59.455912,-34.506716],[-59.459377,-34.50856],[-59.461949,-34.50526],[-59.458421,-34.503407],[-59.455912,-34.506716]]]}},{"type":"Feature","properties":{"ha":62.4,"sup_m2":624095},"geometry":{"type":"Polygon","coordinates":[[[-59.459377,-34.50856],[-59.455912,-34.506716],[-59.446093,-34.519662],[-59.449343,-34.521431],[-59.459377,-34.50856]]]}},{"type":"Feature","properties":{"ha":55.5,"sup_m2":555031},"geometry":{"type":"Polygon","coordinates":[[[-59.444642,-34.518873],[-59.446093,-34.519662],[-59.46603,-34.49337],[-59.464443,-34.492688],[-59.444642,-34.518873]]]}},{"type":"Feature","properties":{"ha":32.0,"sup_m2":319731},"geometry":{"type":"Polygon","coordinates":[[[-59.445642,-34.515825],[-59.44578,-34.516416],[-59.444074,-34.518563],[-59.444642,-34.518873],[-59.464443,-34.492688],[-59.463552,-34.492305],[-59.445642,-34.515825]]]}},{"type":"Feature","properties":{"ha":45.1,"sup_m2":451272},"geometry":{"type":"Polygon","coordinates":[[[-59.445101,-34.514295],[-59.445401,-34.514798],[-59.445642,-34.515825],[-59.463552,-34.492305],[-59.461925,-34.491606],[-59.445101,-34.514295]]]}},{"type":"Feature","properties":{"ha":37.1,"sup_m2":371282},"geometry":{"type":"Polygon","coordinates":[[[-59.444507,-34.5121],[-59.460258,-34.49089],[-59.458852,-34.490286],[-59.444156,-34.510298],[-59.444507,-34.5121]]]}},{"type":"Feature","properties":{"ha":49.7,"sup_m2":497216},"geometry":{"type":"Polygon","coordinates":[[[-59.444507,-34.5121],[-59.444628,-34.513501],[-59.445101,-34.514295],[-59.461925,-34.491606],[-59.460258,-34.49089],[-59.444507,-34.5121]]]}},{"type":"Feature","properties":{"ha":211.2,"sup_m2":2112138},"geometry":{"type":"Polygon","coordinates":[[[-59.337352,-34.420901],[-59.33974,-34.4227],[-59.399207,-34.375971],[-59.398141,-34.373584],[-59.337352,-34.420901]]]}},{"type":"Feature","properties":{"ha":10.3,"sup_m2":102984},"geometry":{"type":"Polygon","coordinates":[[[-59.340706,-34.427725],[-59.335127,-34.422631],[-59.33385,-34.423624],[-59.339842,-34.428398],[-59.340706,-34.427725]]]}},{"type":"Feature","properties":{"ha":11.4,"sup_m2":113715},"geometry":{"type":"Polygon","coordinates":[[[-59.342027,-34.426696],[-59.336169,-34.421821],[-59.335127,-34.422631],[-59.340706,-34.427725],[-59.342027,-34.426696]]]}},{"type":"Feature","properties":{"ha":11.4,"sup_m2":114112},"geometry":{"type":"Polygon","coordinates":[[[-59.34303,-34.425916],[-59.33974,-34.4227],[-59.337352,-34.420901],[-59.336169,-34.421821],[-59.342027,-34.426696],[-59.34303,-34.425916]]]}},{"type":"Feature","properties":{"ha":62.6,"sup_m2":626163},"geometry":{"type":"Polygon","coordinates":[[[-59.33974,-34.4227],[-59.34303,-34.425916],[-59.353603,-34.417683],[-59.350257,-34.414442],[-59.33974,-34.4227]]]}},{"type":"Feature","properties":{"ha":84.0,"sup_m2":839681},"geometry":{"type":"Polygon","coordinates":[[[-59.345816,-34.430086],[-59.342027,-34.426696],[-59.339842,-34.428398],[-59.33385,-34.423624],[-59.328356,-34.427896],[-59.340596,-34.434163],[-59.345816,-34.430086]]]}},{"type":"Feature","properties":{"ha":13.9,"sup_m2":138573},"geometry":{"type":"Polygon","coordinates":[[[-59.347898,-34.42846],[-59.344231,-34.42498],[-59.342027,-34.426696],[-59.345816,-34.430086],[-59.347898,-34.42846]]]}},{"type":"Feature","properties":{"ha":17.3,"sup_m2":172718},"geometry":{"type":"Polygon","coordinates":[[[-59.351009,-34.413851],[-59.358605,-34.420095],[-59.359921,-34.419067],[-59.35247,-34.412704],[-59.351009,-34.413851]]]}},{"type":"Feature","properties":{"ha":73.6,"sup_m2":736103},"geometry":{"type":"Polygon","coordinates":[[[-59.358605,-34.420095],[-59.351009,-34.413851],[-59.350257,-34.414442],[-59.353603,-34.417683],[-59.344231,-34.42498],[-59.347898,-34.42846],[-59.358605,-34.420095]]]}},{"type":"Feature","properties":{"ha":129.4,"sup_m2":1293577},"geometry":{"type":"Polygon","coordinates":[[[-59.370435,-34.409281],[-59.363999,-34.403647],[-59.35247,-34.412704],[-59.359921,-34.419067],[-59.363217,-34.416491],[-59.362246,-34.415442],[-59.370435,-34.409281]]]}},{"type":"Feature","properties":{"ha":24.7,"sup_m2":246582},"geometry":{"type":"Polygon","coordinates":[[[-59.372746,-34.407542],[-59.366241,-34.401886],[-59.363999,-34.403647],[-59.370435,-34.409281],[-59.372746,-34.407542]]]}},{"type":"Feature","properties":{"ha":63.4,"sup_m2":633854},"geometry":{"type":"Polygon","coordinates":[[[-59.378633,-34.403112],[-59.371911,-34.39743],[-59.366241,-34.401886],[-59.372746,-34.407542],[-59.378633,-34.403112]]]}},{"type":"Feature","properties":{"ha":116.7,"sup_m2":1166588},"geometry":{"type":"Polygon","coordinates":[[[-59.389125,-34.395214],[-59.382167,-34.389369],[-59.371911,-34.39743],[-59.378633,-34.403112],[-59.389125,-34.395214]]]}},{"type":"Feature","properties":{"ha":67.7,"sup_m2":677214},"geometry":{"type":"Polygon","coordinates":[[[-59.391364,-34.382139],[-59.395557,-34.385844],[-59.397761,-34.384279],[-59.400548,-34.386613],[-59.404829,-34.383389],[-59.403389,-34.382052],[-59.401485,-34.380943],[-59.400749,-34.380326],[-59.400137,-34.379633],[-59.399503,-34.377686],[-59.399264,-34.376662],[-59.399207,-34.375971],[-59.391364,-34.382139]]]}},{"type":"Feature","properties":{"ha":116.5,"sup_m2":1165100},"geometry":{"type":"Polygon","coordinates":[[[-59.400548,-34.386613],[-59.397761,-34.384279],[-59.395557,-34.385844],[-59.391364,-34.382139],[-59.382167,-34.389369],[-59.389125,-34.395214],[-59.400548,-34.386613]]]}},{"type":"Feature","properties":{"ha":167.5,"sup_m2":1674722},"geometry":{"type":"Polygon","coordinates":[[[-59.367742,-34.420495],[-59.363217,-34.416491],[-59.340596,-34.434163],[-59.346326,-34.437096],[-59.367742,-34.420495]]]}},{"type":"Feature","properties":{"ha":66.4,"sup_m2":663937},"geometry":{"type":"Polygon","coordinates":[[[-59.365814,-34.418789],[-59.367742,-34.420495],[-59.388398,-34.404472],[-59.386513,-34.402831],[-59.365814,-34.418789]]]}},{"type":"Feature","properties":{"ha":305.5,"sup_m2":3055494},"geometry":{"type":"Polygon","coordinates":[[[-59.365814,-34.418789],[-59.386513,-34.402831],[-59.388398,-34.404472],[-59.408528,-34.388849],[-59.40819,-34.38788],[-59.407515,-34.387391],[-59.406931,-34.387056],[-59.406196,-34.386362],[-59.405769,-34.385618],[-59.404829,-34.383389],[-59.362246,-34.415442],[-59.363217,-34.416491],[-59.365814,-34.418789]]]}},{"type":"Feature","properties":{"ha":387.6,"sup_m2":3875955},"geometry":{"type":"Polygon","coordinates":[[[-59.350308,-34.439134],[-59.412198,-34.393231],[-59.411914,-34.392718],[-59.411672,-34.392069],[-59.411223,-34.391521],[-59.410161,-34.390528],[-59.409097,-34.389738],[-59.408528,-34.388849],[-59.346326,-34.437096],[-59.350308,-34.439134]]]}},{"type":"Feature","properties":{"ha":96.2,"sup_m2":962372},"geometry":{"type":"Polygon","coordinates":[[[-59.40196,-34.40083],[-59.407563,-34.406009],[-59.417383,-34.398847],[-59.416483,-34.398161],[-59.415953,-34.397442],[-59.415547,-34.39669],[-59.414892,-34.396176],[-59.414362,-34.395491],[-59.41412,-34.394911],[-59.413589,-34.394294],[-59.412198,-34.393231],[-59.40196,-34.40083]]]}},{"type":"Feature","properties":{"ha":175.8,"sup_m2":1757806},"geometry":{"type":"Polygon","coordinates":[[[-59.3579,-34.443019],[-59.375146,-34.429661],[-59.370043,-34.424506],[-59.350308,-34.439134],[-59.3579,-34.443019]]]}},{"type":"Feature","properties":{"ha":143.5,"sup_m2":1435026},"geometry":{"type":"Polygon","coordinates":[[[-59.383997,-34.426776],[-59.37587,-34.420185],[-59.370043,-34.424506],[-59.375146,-34.429661],[-59.3579,-34.443019],[-59.360572,-34.444386],[-59.383997,-34.426776]]]}},{"type":"Feature","properties":{"ha":555.6,"sup_m2":5555585},"geometry":{"type":"Polygon","coordinates":[[[-59.37587,-34.420185],[-59.383997,-34.426776],[-59.408587,-34.408277],[-59.417634,-34.416078],[-59.430739,-34.406649],[-59.429024,-34.404766],[-59.428495,-34.403945],[-59.428008,-34.402954],[-59.42719,-34.402235],[-59.426002,-34.401479],[-59.424609,-34.40079],[-59.423336,-34.400478],[-59.420788,-34.400159],[-59.420172,-34.399951],[-59.419189,-34.399333],[-59.41878,-34.39899],[-59.418164,-34.398851],[-59.417383,-34.398847],[-59.407563,-34.406009],[-59.40196,-34.40083],[-59.37587,-34.420185]]]}},{"type":"Feature","properties":{"ha":188.2,"sup_m2":1881909},"geometry":{"type":"Polygon","coordinates":[[[-59.383203,-34.441501],[-59.375385,-34.433252],[-59.360572,-34.444386],[-59.371629,-34.450043],[-59.383203,-34.441501]]]}},{"type":"Feature","properties":{"ha":493.5,"sup_m2":4934683},"geometry":{"type":"Polygon","coordinates":[[[-59.375385,-34.433252],[-59.383203,-34.441501],[-59.417634,-34.416078],[-59.408587,-34.408277],[-59.375385,-34.433252]]]}},{"type":"Feature","properties":{"ha":141.7,"sup_m2":1416885},"geometry":{"type":"Polygon","coordinates":[[[-59.415398,-34.41773],[-59.418905,-34.420287],[-59.419848,-34.423977],[-59.43477,-34.412805],[-59.43457,-34.411883],[-59.433717,-34.410243],[-59.432944,-34.409046],[-59.431843,-34.407541],[-59.430739,-34.406649],[-59.415398,-34.41773]]]}},{"type":"Feature","properties":{"ha":194.7,"sup_m2":1946774},"geometry":{"type":"Polygon","coordinates":[[[-59.375777,-34.452164],[-59.379576,-34.454107],[-59.419848,-34.423977],[-59.418905,-34.420287],[-59.375777,-34.452164]]]}},{"type":"Feature","properties":{"ha":228.9,"sup_m2":2289004},"geometry":{"type":"Polygon","coordinates":[[[-59.375777,-34.452164],[-59.418905,-34.420287],[-59.415398,-34.41773],[-59.371629,-34.450043],[-59.375777,-34.452164]]]}},{"type":"Feature","properties":{"ha":114.4,"sup_m2":1144430},"geometry":{"type":"Polygon","coordinates":[[[-59.46357,-34.421583],[-59.470936,-34.428122],[-59.480321,-34.421323],[-59.472808,-34.414694],[-59.46357,-34.421583]]]}},{"type":"Feature","properties":{"ha":106.7,"sup_m2":1067472},"geometry":{"type":"Polygon","coordinates":[[[-59.454868,-34.428072],[-59.461982,-34.434608],[-59.470936,-34.428122],[-59.46357,-34.421583],[-59.454868,-34.428072]]]}},{"type":"Feature","properties":{"ha":88.1,"sup_m2":881346},"geometry":{"type":"Polygon","coordinates":[[[-59.454415,-34.440326],[-59.458682,-34.436998],[-59.461982,-34.434608],[-59.454868,-34.428072],[-59.448425,-34.432875],[-59.4496,-34.434761],[-59.45082,-34.437051],[-59.452127,-34.438454],[-59.453479,-34.439347],[-59.454297,-34.440101],[-59.454415,-34.440326]]]}},{"type":"Feature","properties":{"ha":303.1,"sup_m2":3030569},"geometry":{"type":"Polygon","coordinates":[[[-59.454415,-34.440326],[-59.454582,-34.440647],[-59.454363,-34.442658],[-59.454826,-34.443829],[-59.455895,-34.44448],[-59.456183,-34.445209],[-59.456274,-34.446179],[-59.457333,-34.448365],[-59.458198,-34.45039],[-59.458376,-34.453057],[-59.460113,-34.455974],[-59.462422,-34.460995],[-59.465576,-34.463943],[-59.478079,-34.454929],[-59.458682,-34.436998],[-59.454415,-34.440326]]]}},{"type":"Feature","properties":{"ha":699.2,"sup_m2":6991838},"geometry":{"type":"Polygon","coordinates":[[[-59.44263,-34.425308],[-59.44459,-34.427067],[-59.446225,-34.428643],[-59.446467,-34.42936],[-59.447318,-34.431341],[-59.448425,-34.432875],[-59.472808,-34.414694],[-59.480321,-34.421323],[-59.497634,-34.408775],[-59.483089,-34.395622],[-59.44263,-34.425308]]]}},{"type":"Feature","properties":{"ha":425.9,"sup_m2":4259439},"geometry":{"type":"Polygon","coordinates":[[[-59.468542,-34.395708],[-59.438923,-34.418267],[-59.439454,-34.419713],[-59.440265,-34.421626],[-59.44128,-34.423608],[-59.442054,-34.424805],[-59.44263,-34.425308],[-59.483089,-34.395622],[-59.484013,-34.394852],[-59.477884,-34.388793],[-59.468542,-34.395708]]]}},{"type":"Feature","properties":{"ha":153.3,"sup_m2":1532682},"geometry":{"type":"Polygon","coordinates":[[[-59.436449,-34.414962],[-59.438727,-34.417733],[-59.438923,-34.418267],[-59.468542,-34.395708],[-59.465538,-34.392914],[-59.436449,-34.414962]]]}},{"type":"Feature","properties":{"ha":436.5,"sup_m2":4365127},"geometry":{"type":"Polygon","coordinates":[[[-59.429174,-34.404931],[-59.430739,-34.406649],[-59.431843,-34.407541],[-59.432944,-34.409046],[-59.433717,-34.410243],[-59.43457,-34.411883],[-59.43477,-34.412805],[-59.435298,-34.41383],[-59.436449,-34.414962],[-59.465538,-34.392914],[-59.456584,-34.384586],[-59.429174,-34.404931]]]}},{"type":"Feature","properties":{"ha":386.2,"sup_m2":3861566},"geometry":{"type":"Polygon","coordinates":[[[-59.418843,-34.399042],[-59.419189,-34.399333],[-59.420172,-34.399951],[-59.420788,-34.400159],[-59.423336,-34.400478],[-59.424609,-34.40079],[-59.426002,-34.401479],[-59.42719,-34.402235],[-59.428008,-34.402954],[-59.428495,-34.403945],[-59.429174,-34.404931],[-59.456584,-34.384586],[-59.448447,-34.377016],[-59.418843,-34.399042]]]}},{"type":"Feature","properties":{"ha":73.0,"sup_m2":729510},"geometry":{"type":"Polygon","coordinates":[[[-59.415968,-34.397463],[-59.431401,-34.385589],[-59.428636,-34.383037],[-59.413716,-34.394442],[-59.41412,-34.394911],[-59.414362,-34.395491],[-59.414892,-34.396176],[-59.415547,-34.39669],[-59.415968,-34.397463]]]}},{"type":"Feature","properties":{"ha":255.5,"sup_m2":2555074},"geometry":{"type":"Polygon","coordinates":[[[-59.428636,-34.383037],[-59.431401,-34.385589],[-59.415968,-34.397463],[-59.416483,-34.398161],[-59.417383,-34.398847],[-59.418164,-34.398851],[-59.418843,-34.399042],[-59.448447,-34.377016],[-59.462694,-34.366566],[-59.460271,-34.364524],[-59.447592,-34.373924],[-59.444144,-34.371178],[-59.428636,-34.383037]]]}},{"type":"Feature","properties":{"ha":495.9,"sup_m2":4958947},"geometry":{"type":"Polygon","coordinates":[[[-59.424977,-34.385628],[-59.414742,-34.360452],[-59.398012,-34.373476],[-59.399078,-34.375863],[-59.399134,-34.376554],[-59.399374,-34.377578],[-59.400008,-34.379524],[-59.40062,-34.380218],[-59.401355,-34.380835],[-59.40326,-34.381944],[-59.4047,-34.38328],[-59.40564,-34.38551],[-59.406067,-34.386253],[-59.406802,-34.386947],[-59.407386,-34.387282],[-59.408061,-34.387772],[-59.408398,-34.388741],[-59.408968,-34.38963],[-59.410032,-34.390419],[-59.411094,-34.391413],[-59.411543,-34.391961],[-59.411785,-34.39261],[-59.412069,-34.393122],[-59.413587,-34.394333],[-59.424977,-34.385628]]]}},{"type":"Feature","properties":{"ha":159.8,"sup_m2":1598245},"geometry":{"type":"Polygon","coordinates":[[[-59.414742,-34.360452],[-59.424977,-34.385628],[-59.429802,-34.381939],[-59.419402,-34.356874],[-59.414742,-34.360452]]]}},{"type":"Feature","properties":{"ha":151.3,"sup_m2":1513078},"geometry":{"type":"Polygon","coordinates":[[[-59.456356,-34.361223],[-59.442377,-34.349434],[-59.435675,-34.354934],[-59.450024,-34.366098],[-59.456356,-34.361223]]]}},{"type":"Feature","properties":{"ha":496.8,"sup_m2":4967578},"geometry":{"type":"Polygon","coordinates":[[[-59.426517,-34.373821],[-59.442852,-34.360518],[-59.435675,-34.354934],[-59.442377,-34.349434],[-59.440144,-34.347551],[-59.443785,-34.344916],[-59.434602,-34.337176],[-59.422141,-34.346132],[-59.426839,-34.351371],[-59.419532,-34.356982],[-59.426517,-34.373821]]]}},{"type":"Feature","properties":{"ha":135.1,"sup_m2":1350720},"geometry":{"type":"Polygon","coordinates":[[[-59.443429,-34.371725],[-59.436662,-34.36556],[-59.426517,-34.373821],[-59.429931,-34.382048],[-59.443429,-34.371725]]]}},{"type":"Feature","properties":{"ha":153.0,"sup_m2":1529986},"geometry":{"type":"Polygon","coordinates":[[[-59.436662,-34.36556],[-59.443429,-34.371725],[-59.444144,-34.371178],[-59.447592,-34.373924],[-59.460271,-34.364524],[-59.456356,-34.361223],[-59.450024,-34.366098],[-59.442852,-34.360518],[-59.436662,-34.36556]]]}},{"type":"Feature","properties":{"ha":392.3,"sup_m2":3923147},"geometry":{"type":"Polygon","coordinates":[[[-59.468487,-34.554839],[-59.480022,-34.560284],[-59.498872,-34.536575],[-59.487068,-34.53069],[-59.468487,-34.554839]]]}},{"type":"Feature","properties":{"ha":98.5,"sup_m2":985292},"geometry":{"type":"Polygon","coordinates":[[[-59.465202,-34.562128],[-59.476275,-34.567473],[-59.476777,-34.564363],[-59.480022,-34.560284],[-59.468487,-34.554839],[-59.465202,-34.562128]]]}},{"type":"Feature","properties":{"ha":111.4,"sup_m2":1113612},"geometry":{"type":"Polygon","coordinates":[[[-59.461726,-34.569838],[-59.465202,-34.562128],[-59.452975,-34.556225],[-59.450363,-34.564043],[-59.461726,-34.569838]]]}},{"type":"Feature","properties":{"ha":200.6,"sup_m2":2006419},"geometry":{"type":"Polygon","coordinates":[[[-59.443154,-34.549508],[-59.453393,-34.554975],[-59.454513,-34.551622],[-59.463504,-34.540249],[-59.453319,-34.534788],[-59.443154,-34.549508]]]}},{"type":"Feature","properties":{"ha":491.1,"sup_m2":4911186},"geometry":{"type":"Polygon","coordinates":[[[-59.433009,-34.4831],[-59.441584,-34.487472],[-59.444534,-34.484091],[-59.453951,-34.48818],[-59.469376,-34.476385],[-59.465576,-34.463943],[-59.462422,-34.460995],[-59.433009,-34.4831]]]}},{"type":"Feature","properties":{"ha":536.6,"sup_m2":5366484},"geometry":{"type":"Polygon","coordinates":[[[-59.420792,-34.476869],[-59.433009,-34.4831],[-59.462422,-34.460995],[-59.460113,-34.455974],[-59.458376,-34.453057],[-59.458198,-34.45039],[-59.457333,-34.448365],[-59.420792,-34.476869]]]}},{"type":"Feature","properties":{"ha":314.8,"sup_m2":3148182},"geometry":{"type":"Polygon","coordinates":[[[-59.4141,-34.473455],[-59.420792,-34.476869],[-59.457333,-34.448365],[-59.456274,-34.446179],[-59.456183,-34.445209],[-59.447163,-34.447876],[-59.448123,-34.450305],[-59.443234,-34.45198],[-59.443043,-34.451252],[-59.440697,-34.451968],[-59.441078,-34.453425],[-59.438635,-34.453979],[-59.4141,-34.473455]]]}},{"type":"Feature","properties":{"ha":21.0,"sup_m2":209859},"geometry":{"type":"Polygon","coordinates":[[[-59.412919,-34.466096],[-59.410439,-34.463931],[-59.405759,-34.467481],[-59.407375,-34.470024],[-59.407641,-34.470159],[-59.412919,-34.466096]]]}},{"type":"Feature","properties":{"ha":10.3,"sup_m2":103210},"geometry":{"type":"Polygon","coordinates":[[[-59.415393,-34.464191],[-59.412971,-34.46201],[-59.410439,-34.463931],[-59.412919,-34.466096],[-59.415393,-34.464191]]]}},{"type":"Feature","properties":{"ha":9.7,"sup_m2":97318},"geometry":{"type":"Polygon","coordinates":[[[-59.417829,-34.462315],[-59.415284,-34.460255],[-59.412971,-34.46201],[-59.415393,-34.464191],[-59.417829,-34.462315]]]}},{"type":"Feature","properties":{"ha":10.1,"sup_m2":100893},"geometry":{"type":"Polygon","coordinates":[[[-59.420247,-34.460453],[-59.417825,-34.458327],[-59.415284,-34.460255],[-59.417829,-34.462315],[-59.420247,-34.460453]]]}},{"type":"Feature","properties":{"ha":11.0,"sup_m2":110377},"geometry":{"type":"Polygon","coordinates":[[[-59.422329,-34.45885],[-59.419277,-34.45608],[-59.417146,-34.457677],[-59.420247,-34.460453],[-59.422329,-34.45885]]]}},{"type":"Feature","properties":{"ha":10.5,"sup_m2":104869},"geometry":{"type":"Polygon","coordinates":[[[-59.424349,-34.457295],[-59.421316,-34.454551],[-59.419277,-34.45608],[-59.422329,-34.45885],[-59.424349,-34.457295]]]}},{"type":"Feature","properties":{"ha":11.5,"sup_m2":115348},"geometry":{"type":"Polygon","coordinates":[[[-59.423493,-34.456521],[-59.424349,-34.457295],[-59.431528,-34.451764],[-59.431079,-34.450494],[-59.423493,-34.456521]]]}},{"type":"Feature","properties":{"ha":29.0,"sup_m2":290120},"geometry":{"type":"Polygon","coordinates":[[[-59.423493,-34.456521],[-59.431079,-34.450494],[-59.430166,-34.447917],[-59.421316,-34.454551],[-59.423493,-34.456521]]]}},{"type":"Feature","properties":{"ha":32.8,"sup_m2":327910},"geometry":{"type":"Polygon","coordinates":[[[-59.416177,-34.471807],[-59.413342,-34.46577],[-59.407641,-34.470159],[-59.4141,-34.473455],[-59.416177,-34.471807]]]}},{"type":"Feature","properties":{"ha":18.3,"sup_m2":182685},"geometry":{"type":"Polygon","coordinates":[[[-59.418393,-34.461881],[-59.419762,-34.464777],[-59.424287,-34.461302],[-59.422935,-34.458384],[-59.418393,-34.461881]]]}},{"type":"Feature","properties":{"ha":4.8,"sup_m2":48267},"geometry":{"type":"Polygon","coordinates":[[[-59.415795,-34.467822],[-59.414652,-34.464762],[-59.413342,-34.46577],[-59.4147,-34.468662],[-59.415795,-34.467822]]]}},{"type":"Feature","properties":{"ha":15.5,"sup_m2":154882},"geometry":{"type":"Polygon","coordinates":[[[-59.414652,-34.464762],[-59.415795,-34.467822],[-59.419762,-34.464777],[-59.418393,-34.461881],[-59.414652,-34.464762]]]}},{"type":"Feature","properties":{"ha":4.3,"sup_m2":43168},"geometry":{"type":"Polygon","coordinates":[[[-59.423219,-34.462122],[-59.424649,-34.465083],[-59.425666,-34.464276],[-59.424287,-34.461302],[-59.423219,-34.462122]]]}},{"type":"Feature","properties":{"ha":6.2,"sup_m2":61557},"geometry":{"type":"Polygon","coordinates":[[[-59.421679,-34.463304],[-59.423241,-34.466201],[-59.424649,-34.465083],[-59.423219,-34.462122],[-59.421679,-34.463304]]]}},{"type":"Feature","properties":{"ha":5.5,"sup_m2":55149},"geometry":{"type":"Polygon","coordinates":[[[-59.420407,-34.464281],[-59.421894,-34.467269],[-59.423241,-34.466201],[-59.421679,-34.463304],[-59.420407,-34.464281]]]}},{"type":"Feature","properties":{"ha":6.4,"sup_m2":64428},"geometry":{"type":"Polygon","coordinates":[[[-59.418875,-34.465457],[-59.420394,-34.46846],[-59.421894,-34.467269],[-59.420407,-34.464281],[-59.418875,-34.465457]]]}},{"type":"Feature","properties":{"ha":6.6,"sup_m2":66118},"geometry":{"type":"Polygon","coordinates":[[[-59.417419,-34.466575],[-59.418768,-34.46975],[-59.420394,-34.46846],[-59.418875,-34.465457],[-59.417419,-34.466575]]]}},{"type":"Feature","properties":{"ha":11.5,"sup_m2":115358},"geometry":{"type":"Polygon","coordinates":[[[-59.418768,-34.46975],[-59.417419,-34.466575],[-59.4147,-34.468662],[-59.416177,-34.471807],[-59.418768,-34.46975]]]}},{"type":"Feature","properties":{"ha":6.2,"sup_m2":61735},"geometry":{"type":"Polygon","coordinates":[[[-59.427108,-34.459986],[-59.428124,-34.462325],[-59.430535,-34.460411],[-59.429884,-34.459008],[-59.427108,-34.459986]]]}},{"type":"Feature","properties":{"ha":9.6,"sup_m2":96243},"geometry":{"type":"Polygon","coordinates":[[[-59.428124,-34.462325],[-59.427108,-34.459986],[-59.424159,-34.461025],[-59.425666,-34.464276],[-59.428124,-34.462325]]]}},{"type":"Feature","properties":{"ha":12.1,"sup_m2":120827},"geometry":{"type":"Polygon","coordinates":[[[-59.424349,-34.457295],[-59.422935,-34.458384],[-59.424159,-34.461025],[-59.427572,-34.459823],[-59.426112,-34.456774],[-59.424349,-34.457295]]]}},{"type":"Feature","properties":{"ha":7.0,"sup_m2":70418},"geometry":{"type":"Polygon","coordinates":[[[-59.43265,-34.455996],[-59.433585,-34.457989],[-59.438635,-34.453979],[-59.43265,-34.455996]]]}},{"type":"Feature","properties":{"ha":5.7,"sup_m2":57117},"geometry":{"type":"Polygon","coordinates":[[[-59.430682,-34.456659],[-59.431752,-34.459445],[-59.433585,-34.457989],[-59.43265,-34.455996],[-59.430682,-34.456659]]]}},{"type":"Feature","properties":{"ha":15.3,"sup_m2":153003},"geometry":{"type":"Polygon","coordinates":[[[-59.431752,-34.459445],[-59.430682,-34.456659],[-59.428259,-34.45583],[-59.426112,-34.456774],[-59.427572,-34.459823],[-59.429884,-34.459008],[-59.430535,-34.460411],[-59.431752,-34.459445]]]}},{"type":"Feature","properties":{"ha":13.7,"sup_m2":137428},"geometry":{"type":"Polygon","coordinates":[[[-59.431306,-34.451137],[-59.433059,-34.449675],[-59.433871,-34.448588],[-59.434823,-34.448471],[-59.433628,-34.445322],[-59.430166,-34.447917],[-59.431306,-34.451137]]]}},{"type":"Feature","properties":{"ha":280.0,"sup_m2":2800158},"geometry":{"type":"Polygon","coordinates":[[[-59.433628,-34.445322],[-59.434823,-34.448471],[-59.433871,-34.448588],[-59.433059,-34.449675],[-59.431306,-34.451137],[-59.431528,-34.451764],[-59.424349,-34.457295],[-59.426112,-34.456774],[-59.428259,-34.45583],[-59.430682,-34.456659],[-59.438635,-34.453979],[-59.441078,-34.453425],[-59.440697,-34.451968],[-59.443043,-34.451252],[-59.443234,-34.45198],[-59.448123,-34.450305],[-59.447163,-34.447876],[-59.456183,-34.445209],[-59.455895,-34.44448],[-59.454826,-34.443829],[-59.454363,-34.442658],[-59.454582,-34.440647],[-59.454297,-34.440101],[-59.453479,-34.439347],[-59.452127,-34.438454],[-59.45082,-34.437051],[-59.450088,-34.435615],[-59.449031,-34.43377],[-59.433628,-34.445322]]]}},{"type":"Feature","properties":{"ha":6.9,"sup_m2":68758},"geometry":{"type":"Polygon","coordinates":[[[-59.295509,-34.411548],[-59.300247,-34.413278],[-59.300914,-34.41233],[-59.300188,-34.412055],[-59.297162,-34.410249],[-59.295509,-34.411548]]]}},{"type":"Feature","properties":{"ha":4.2,"sup_m2":42017},"geometry":{"type":"Polygon","coordinates":[[[-59.294724,-34.412165],[-59.299805,-34.413906],[-59.300247,-34.413278],[-59.295509,-34.411548],[-59.294724,-34.412165]]]}},{"type":"Feature","properties":{"ha":5.2,"sup_m2":52114},"geometry":{"type":"Polygon","coordinates":[[[-59.293847,-34.412854],[-59.29926,-34.41468],[-59.299805,-34.413906],[-59.294724,-34.412165],[-59.293847,-34.412854]]]}},{"type":"Feature","properties":{"ha":28.7,"sup_m2":287331},"geometry":{"type":"Polygon","coordinates":[[[-59.290652,-34.417759],[-59.293847,-34.412854],[-59.289955,-34.410629],[-59.286242,-34.415904],[-59.290652,-34.417759]]]}},{"type":"Feature","properties":{"ha":5.6,"sup_m2":56287},"geometry":{"type":"Polygon","coordinates":[[[-59.293345,-34.413625],[-59.298631,-34.415574],[-59.29926,-34.41468],[-59.293847,-34.412854],[-59.293345,-34.413625]]]}},{"type":"Feature","properties":{"ha":6.1,"sup_m2":60942},"geometry":{"type":"Polygon","coordinates":[[[-59.292785,-34.414485],[-59.297959,-34.416529],[-59.298631,-34.415574],[-59.293345,-34.413625],[-59.292785,-34.414485]]]}},{"type":"Feature","properties":{"ha":6.0,"sup_m2":59917},"geometry":{"type":"Polygon","coordinates":[[[-59.292182,-34.415411],[-59.297345,-34.417401],[-59.297959,-34.416529],[-59.292785,-34.414485],[-59.292182,-34.415411]]]}},{"type":"Feature","properties":{"ha":153.0,"circ":"VII","parcela":"707 A","titular":"IVULICH SANTIAGO ROB","sup_m2":1529510},"geometry":{"type":"Polygon","coordinates":[[[-59.406078,-34.327573],[-59.412609,-34.331874],[-59.427048,-34.318388],[-59.419368,-34.314626],[-59.406078,-34.327573]]]}}]}