<?xml version="1.0" encoding="UTF-8"?>
<kml xmlns="http://www.opengis.net/kml/2.2"><Document><name>Registro gráfico de c. 1874</name>
<Style id="s"><LineStyle><color>ff794e1f</color><width>1.5</width></LineStyle><PolyStyle><color>33794e1f</color></PolyStyle></Style>
<Placemark><name>LA PINTORESCA SA SA</name><styleUrl>#s</styleUrl><ExtendedData><Data name="ha"><value>2411.3</value></Data><Data name="circ"><value>IV</value></Data><Data name="parcela"><value>295 B</value></Data><Data name="titular"><value>LA PINTORESCA SA SA</value></Data><Data name="sup_m2"><value>24113330</value></Data></ExtendedData><Polygon><outerBoundaryIs><LinearRing><coordinates>-59.256610,-34.324254 -59.193661,-34.371086 -59.196381,-34.373789 -59.197805,-34.373844 -59.197801,-34.374229 -59.198014,-34.374889 -59.198745,-34.375710 -59.199374,-34.376144 -59.199913,-34.377122 -59.200482,-34.377693 -59.200885,-34.378535 -59.200881,-34.379012 -59.201370,-34.379423 -59.201557,-34.379946 -59.201827,-34.380311 -59.202824,-34.382064 -59.205425,-34.384127 -59.206493,-34.385373 -59.207632,-34.387929 -59.208945,-34.389659 -59.210604,-34.389877 -59.211933,-34.389954 -59.214720,-34.394035 -59.278190,-34.342660 -59.263788,-34.329698 -59.256610,-34.324254</coordinates></LinearRing></outerBoundaryIs></Polygon></Placemark>
<Placemark><name>BURDET JOSE CLAUDIO</name><styleUrl>#s</styleUrl><ExtendedData><Data name="ha"><value>147.0</value></Data><Data name="circ"><value>IV</value></Data><Data name="parcela"><value>304</value></Data><Data name="titular"><value>BURDET JOSE CLAUDIO</value></Data><Data name="sup_m2"><value>1470222</value></Data></ExtendedData><Polygon><outerBoundaryIs><LinearRing><coordinates>-59.259946,-34.386056 -59.268158,-34.393406 -59.278768,-34.384882 -59.270093,-34.377974 -59.259946,-34.386056</coordinates></LinearRing></outerBoundaryIs></Polygon></Placemark>
<Placemark><name></name><styleUrl>#s</styleUrl><ExtendedData><Data name="ha"><value>223.4</value></Data><Data name="circ"><value>IV</value></Data><Data name="parcela"><value>328</value></Data><Data name="sup_m2"><value>2234489</value></Data></ExtendedData><Polygon><outerBoundaryIs><LinearRing><coordinates>-59.288511,-34.396083 -59.276763,-34.386494 -59.263886,-34.396838 -59.263967,-34.397405 -59.267863,-34.398811 -59.278609,-34.404142 -59.288511,-34.396083</coordinates></LinearRing></outerBoundaryIs></Polygon></Placemark>
<Placemark><name>CHANVILLARD JOSE REI</name><styleUrl>#s</styleUrl><ExtendedData><Data name="ha"><value>481.2</value></Data><Data name="circ"><value>IV</value></Data><Data name="parcela"><value>350 E</value></Data><Data name="titular"><value>CHANVILLARD JOSE REI</value></Data><Data name="sup_m2"><value>4811803</value></Data></ExtendedData><Polygon><outerBoundaryIs><LinearRing><coordinates>-59.298798,-34.387708 -59.311276,-34.399151 -59.333288,-34.381928 -59.329975,-34.378956 -59.324730,-34.374090 -59.320542,-34.370490 -59.312599,-34.376469 -59.298798,-34.387708</coordinates></LinearRing></outerBoundaryIs></Polygon></Placemark>
<Placemark><name>PODESTA MARCELO</name><styleUrl>#s</styleUrl><ExtendedData><Data name="ha"><value>211.5</value></Data><Data name="circ"><value>VI</value></Data><Data name="parcela"><value>537</value></Data><Data name="titular"><value>PODESTA MARCELO</value></Data><Data name="sup_m2"><value>2114679</value></Data></ExtendedData><Polygon><outerBoundaryIs><LinearRing><coordinates>-59.408376,-34.339913 -59.414187,-34.343910 -59.440132,-34.325069 -59.433658,-34.321763 -59.408376,-34.339913</coordinates></LinearRing></outerBoundaryIs></Polygon></Placemark>
<Placemark><name>LYNCH SUSANA IVONA</name><styleUrl>#s</styleUrl><ExtendedData><Data name="ha"><value>709.2</value></Data><Data name="circ"><value>VI</value></Data><Data name="parcela"><value>568 D</value></Data><Data name="titular"><value>LYNCH SUSANA IVONA</value></Data><Data name="sup_m2"><value>7092237</value></Data></ExtendedData><Polygon><outerBoundaryIs><LinearRing><coordinates>-59.444102,-34.350890 -59.484665,-34.322287 -59.484230,-34.321739 -59.488957,-34.318240 -59.481243,-34.314434 -59.478908,-34.316077 -59.468977,-34.311442 -59.466904,-34.314389 -59.452714,-34.331492 -59.450228,-34.330223 -59.436982,-34.339183 -59.443785,-34.344916 -59.440144,-34.347551 -59.444102,-34.350890</coordinates></LinearRing></outerBoundaryIs></Polygon></Placemark>
<Placemark><name>ROMERO ENRIQUE BLAS</name><styleUrl>#s</styleUrl><ExtendedData><Data name="ha"><value>2701.0</value></Data><Data name="circ"><value>VII</value></Data><Data name="parcela"><value>642 F</value></Data><Data name="titular"><value>ROMERO ENRIQUE BLAS</value></Data><Data name="sup_m2"><value>27009922</value></Data></ExtendedData><Polygon><outerBoundaryIs><LinearRing><coordinates>-59.392332,-34.255868 -59.390356,-34.252594 -59.386337,-34.249216 -59.385290,-34.247816 -59.383843,-34.247299 -59.383631,-34.246978 -59.383026,-34.246673 -59.381891,-34.245482 -59.380776,-34.244728 -59.379787,-34.244650 -59.377835,-34.244651 -59.375571,-34.240830 -59.375293,-34.240538 -59.375344,-34.239859 -59.375868,-34.239243 -59.300917,-34.264903 -59.308432,-34.285573 -59.318614,-34.295488 -59.326483,-34.296086 -59.335275,-34.293602 -59.354687,-34.280654 -59.392332,-34.255868</coordinates></LinearRing></outerBoundaryIs></Polygon></Placemark>
<Placemark><name>ROMERO ENRIQUE BLAS</name><styleUrl>#s</styleUrl><ExtendedData><Data name="ha"><value>690.9</value></Data><Data name="circ"><value>VII</value></Data><Data name="parcela"><value>642 H</value></Data><Data name="titular"><value>ROMERO ENRIQUE BLAS</value></Data><Data name="sup_m2"><value>6908696</value></Data></ExtendedData><Polygon><outerBoundaryIs><LinearRing><coordinates>-59.393116,-34.264316 -59.394782,-34.262397 -59.394141,-34.258619 -59.392378,-34.255839 -59.354734,-34.280625 -59.335322,-34.293573 -59.361244,-34.286966 -59.393717,-34.278179 -59.392620,-34.270038 -59.392146,-34.268777 -59.391839,-34.267671 -59.391955,-34.266248 -59.393116,-34.264316</coordinates></LinearRing></outerBoundaryIs></Polygon></Placemark>
<Placemark><name>CEIBO TALA SA</name><styleUrl>#s</styleUrl><ExtendedData><Data name="ha"><value>165.6</value></Data><Data name="circ"><value>VII</value></Data><Data name="parcela"><value>646 G</value></Data><Data name="titular"><value>CEIBO TALA SA</value></Data><Data name="sup_m2"><value>1655701</value></Data></ExtendedData><Polygon><outerBoundaryIs><LinearRing><coordinates>-59.372292,-34.292989 -59.393966,-34.279479 -59.393717,-34.278179 -59.361244,-34.286966 -59.372292,-34.292989</coordinates></LinearRing></outerBoundaryIs></Polygon></Placemark>
<Placemark><name>BENEDICTO RICARDO OS</name><styleUrl>#s</styleUrl><ExtendedData><Data name="ha"><value>1588.8</value></Data><Data name="circ"><value>VII</value></Data><Data name="parcela"><value>648 B</value></Data><Data name="titular"><value>BENEDICTO RICARDO OS</value></Data><Data name="sup_m2"><value>15887659</value></Data></ExtendedData><Polygon><outerBoundaryIs><LinearRing><coordinates>-59.323786,-34.301307 -59.331790,-34.309782 -59.336519,-34.306716 -59.347810,-34.319677 -59.351717,-34.321400 -59.363254,-34.326802 -59.364242,-34.325894 -59.365814,-34.326542 -59.379603,-34.309920 -59.378271,-34.309029 -59.389763,-34.295474 -59.390466,-34.289967 -59.391961,-34.286400 -59.394091,-34.280378 -59.393966,-34.279479 -59.372292,-34.292989 -59.361244,-34.286966 -59.335322,-34.293573 -59.330729,-34.297006 -59.323786,-34.301307</coordinates></LinearRing></outerBoundaryIs></Polygon></Placemark>
<Placemark><name>7 HERMANOS SRL</name><styleUrl>#s</styleUrl><ExtendedData><Data name="ha"><value>288.3</value></Data><Data name="circ"><value>VII</value></Data><Data name="parcela"><value>657</value></Data><Data name="titular"><value>7 HERMANOS SRL</value></Data><Data name="sup_m2"><value>2883400</value></Data></ExtendedData><Polygon><outerBoundaryIs><LinearRing><coordinates>-59.395377,-34.288164 -59.412500,-34.268180 -59.406606,-34.268703 -59.404539,-34.267728 -59.403395,-34.265243 -59.401913,-34.263721 -59.400509,-34.262750 -59.398938,-34.262053 -59.398112,-34.261567 -59.397065,-34.261080 -59.397051,-34.260347 -59.396797,-34.259837 -59.394353,-34.258501 -59.394507,-34.260976 -59.394735,-34.262426 -59.393069,-34.264345 -59.391908,-34.266277 -59.391793,-34.267700 -59.392100,-34.268805 -59.392573,-34.270038 -59.393670,-34.278179 -59.394091,-34.280378 -59.393261,-34.283318 -59.391961,-34.286400 -59.395377,-34.288164</coordinates></LinearRing></outerBoundaryIs></Polygon></Placemark>
<Placemark><name>CHACRAS DE SAN ANTON</name><styleUrl>#s</styleUrl><ExtendedData><Data name="ha"><value>357.1</value></Data><Data name="circ"><value>VII</value></Data><Data name="parcela"><value>671</value></Data><Data name="titular"><value>CHACRAS DE SAN ANTON</value></Data><Data name="sup_m2"><value>3571252</value></Data></ExtendedData><Polygon><outerBoundaryIs><LinearRing><coordinates>-59.410881,-34.278181 -59.414831,-34.273697 -59.414796,-34.272031 -59.415084,-34.270871 -59.414857,-34.269901 -59.414152,-34.269105 -59.412500,-34.268180 -59.395377,-34.288164 -59.412374,-34.296934 -59.416249,-34.292047 -59.419611,-34.288167 -59.422760,-34.284315 -59.410881,-34.278181</coordinates></LinearRing></outerBoundaryIs></Polygon></Placemark>
<Placemark><name>VILLANUEVA MARIA GRA</name><styleUrl>#s</styleUrl><ExtendedData><Data name="ha"><value>429.9</value></Data><Data name="circ"><value>VII</value></Data><Data name="parcela"><value>687 B</value></Data><Data name="titular"><value>VILLANUEVA MARIA GRA</value></Data><Data name="sup_m2"><value>4298988</value></Data></ExtendedData><Polygon><outerBoundaryIs><LinearRing><coordinates>-59.381785,-34.305038 -59.398842,-34.313650 -59.412374,-34.296934 -59.391961,-34.286400 -59.390466,-34.289967 -59.389763,-34.295474 -59.385277,-34.301072 -59.381785,-34.305038</coordinates></LinearRing></outerBoundaryIs></Polygon></Placemark>
<Placemark><name>GARCIA MORENO EZEQUI</name><styleUrl>#s</styleUrl><ExtendedData><Data name="ha"><value>211.3</value></Data><Data name="circ"><value>VII</value></Data><Data name="parcela"><value>692 B</value></Data><Data name="titular"><value>GARCIA MORENO EZEQUI</value></Data><Data name="sup_m2"><value>2113404</value></Data></ExtendedData><Polygon><outerBoundaryIs><LinearRing><coordinates>-59.323887,-34.367963 -59.312726,-34.358057 -59.301404,-34.366707 -59.312599,-34.376469 -59.323887,-34.367963</coordinates></LinearRing></outerBoundaryIs></Polygon></Placemark>
<Placemark><name>LA MAJA SA</name><styleUrl>#s</styleUrl><ExtendedData><Data name="ha"><value>491.6</value></Data><Data name="circ"><value>VII</value></Data><Data name="parcela"><value>697 E</value></Data><Data name="titular"><value>LA MAJA SA</value></Data><Data name="sup_m2"><value>4916008</value></Data></ExtendedData><Polygon><outerBoundaryIs><LinearRing><coordinates>-59.419368,-34.314626 -59.404196,-34.307193 -59.398842,-34.313650 -59.386441,-34.329257 -59.386927,-34.333337 -59.388884,-34.335134 -59.390100,-34.338772 -59.391741,-34.341535 -59.419368,-34.314626</coordinates></LinearRing></outerBoundaryIs></Polygon></Placemark>
<Placemark><name>IVULICH SANTIAGO ROB</name><styleUrl>#s</styleUrl><ExtendedData><Data name="ha"><value>174.2</value></Data><Data name="circ"><value>VII</value></Data><Data name="parcela"><value>707 A</value></Data><Data name="titular"><value>IVULICH SANTIAGO ROB</value></Data><Data name="sup_m2"><value>1741732</value></Data></ExtendedData><Polygon><outerBoundaryIs><LinearRing><coordinates>-59.412609,-34.331874 -59.406078,-34.327573 -59.391741,-34.341535 -59.391745,-34.342481 -59.392055,-34.345108 -59.392660,-34.346680 -59.393391,-34.347876 -59.394330,-34.348940 -59.412609,-34.331874</coordinates></LinearRing></outerBoundaryIs></Polygon></Placemark>
<Placemark><name>LA PALOMA SCA</name><styleUrl>#s</styleUrl><ExtendedData><Data name="ha"><value>1486.0</value></Data><Data name="circ"><value>VII</value></Data><Data name="parcela"><value>711 A</value></Data><Data name="titular"><value>LA PALOMA SCA</value></Data><Data name="sup_m2"><value>14860039</value></Data></ExtendedData><Polygon><outerBoundaryIs><LinearRing><coordinates>-59.333288,-34.381928 -59.297162,-34.410249 -59.298233,-34.410998 -59.300188,-34.412055 -59.301539,-34.412567 -59.304622,-34.412855 -59.305273,-34.413246 -59.305873,-34.414180 -59.309357,-34.416795 -59.395354,-34.350989 -59.394073,-34.348822 -59.394124,-34.348707 -59.393391,-34.347876 -59.392660,-34.346680 -59.392055,-34.345108 -59.391745,-34.342481 -59.391741,-34.341535 -59.390100,-34.338772 -59.333288,-34.381928</coordinates></LinearRing></outerBoundaryIs></Polygon></Placemark>
<Placemark><name>ZEDONIA SA</name><styleUrl>#s</styleUrl><ExtendedData><Data name="ha"><value>52.4</value></Data><Data name="circ"><value>XII</value></Data><Data name="parcela"><value>1513</value></Data><Data name="titular"><value>ZEDONIA SA</value></Data><Data name="sup_m2"><value>523892</value></Data></ExtendedData><Polygon><outerBoundaryIs><LinearRing><coordinates>-59.302712,-34.295252 -59.319384,-34.296179 -59.312617,-34.289649 -59.302712,-34.295252</coordinates></LinearRing></outerBoundaryIs></Polygon></Placemark>
<Placemark><name>HURE PROSPERO MARCEL</name><styleUrl>#s</styleUrl><ExtendedData><Data name="ha"><value>657.0</value></Data><Data name="circ"><value>XII</value></Data><Data name="parcela"><value>1514</value></Data><Data name="titular"><value>HURE PROSPERO MARCEL</value></Data><Data name="sup_m2"><value>6569985</value></Data></ExtendedData><Polygon><outerBoundaryIs><LinearRing><coordinates>-59.319384,-34.296179 -59.302712,-34.295252 -59.279417,-34.308838 -59.295032,-34.323358 -59.307415,-34.314206 -59.323786,-34.301307 -59.324577,-34.300817 -59.319384,-34.296179</coordinates></LinearRing></outerBoundaryIs></Polygon></Placemark>
<Placemark><name>AGROMEL SA</name><styleUrl>#s</styleUrl><ExtendedData><Data name="ha"><value>703.7</value></Data><Data name="circ"><value>XII</value></Data><Data name="parcela"><value>1550 A</value></Data><Data name="titular"><value>AGROMEL SA</value></Data><Data name="sup_m2"><value>7036665</value></Data></ExtendedData><Polygon><outerBoundaryIs><LinearRing><coordinates>-59.295032,-34.323358 -59.309535,-34.335647 -59.286200,-34.353880 -59.293137,-34.359609 -59.328767,-34.332862 -59.307415,-34.314206 -59.295032,-34.323358</coordinates></LinearRing></outerBoundaryIs></Polygon></Placemark>
<Placemark><name>GAMBETTA MARIA CLARA</name><styleUrl>#s</styleUrl><ExtendedData><Data name="ha"><value>76.3</value></Data><Data name="circ"><value>XII</value></Data><Data name="parcela"><value>1567</value></Data><Data name="titular"><value>GAMBETTA MARIA CLARA</value></Data><Data name="sup_m2"><value>763322</value></Data></ExtendedData><Polygon><outerBoundaryIs><LinearRing><coordinates>-59.284688,-34.348249 -59.295215,-34.340045 -59.290825,-34.336301 -59.280355,-34.344608 -59.284688,-34.348249</coordinates></LinearRing></outerBoundaryIs></Polygon></Placemark>
<Placemark><name>CIVERRA NESTOR HUGO</name><styleUrl>#s</styleUrl><ExtendedData><Data name="ha"><value>314.3</value></Data><Data name="circ"><value>XII</value></Data><Data name="parcela"><value>1568 B</value></Data><Data name="titular"><value>CIVERRA NESTOR HUGO</value></Data><Data name="sup_m2"><value>3143438</value></Data></ExtendedData><Polygon><outerBoundaryIs><LinearRing><coordinates>-59.295032,-34.323358 -59.285324,-34.331465 -59.295215,-34.340045 -59.284688,-34.348249 -59.288597,-34.351955 -59.309535,-34.335647 -59.295032,-34.323358</coordinates></LinearRing></outerBoundaryIs></Polygon></Placemark>
<Placemark><name>LESLIE PATRICIA LUCI</name><styleUrl>#s</styleUrl><ExtendedData><Data name="ha"><value>680.6</value></Data><Data name="circ"><value>XII</value></Data><Data name="parcela"><value>1549 D</value></Data><Data name="titular"><value>LESLIE PATRICIA LUCI</value></Data><Data name="sup_m2"><value>6806194</value></Data></ExtendedData><Polygon><outerBoundaryIs><LinearRing><coordinates>-59.307415,-34.314206 -59.328767,-34.332862 -59.340828,-34.323202 -59.345118,-34.326668 -59.351717,-34.321400 -59.347810,-34.319677 -59.336519,-34.306716 -59.331790,-34.309782 -59.323786,-34.301307 -59.307415,-34.314206</coordinates></LinearRing></outerBoundaryIs></Polygon></Placemark>
<Placemark><name>SOTILLO ROSA ELENA</name><styleUrl>#s</styleUrl><ExtendedData><Data name="ha"><value>1055.0</value></Data><Data name="circ"><value>VI</value></Data><Data name="parcela"><value>534 E</value></Data><Data name="titular"><value>SOTILLO ROSA ELENA</value></Data><Data name="sup_m2"><value>10549909</value></Data></ExtendedData><Polygon><outerBoundaryIs><LinearRing><coordinates>-59.415805,-34.292607 -59.404196,-34.307193 -59.427048,-34.318388 -59.452714,-34.331492 -59.466904,-34.314389 -59.438903,-34.299962 -59.432058,-34.308624 -59.423088,-34.304051 -59.427704,-34.297829 -59.415805,-34.292607</coordinates></LinearRing></outerBoundaryIs></Polygon></Placemark>
<Placemark><name>CHANVILLARD MYRTHA G</name><styleUrl>#s</styleUrl><ExtendedData><Data name="ha"><value>315.3</value></Data><Data name="circ"><value>XII</value></Data><Data name="parcela"><value>1511 C</value></Data><Data name="titular"><value>CHANVILLARD MYRTHA G</value></Data><Data name="sup_m2"><value>3152848</value></Data></ExtendedData><Polygon><outerBoundaryIs><LinearRing><coordinates>-59.279417,-34.308838 -59.279024,-34.309065 -59.275407,-34.305856 -59.273549,-34.307188 -59.253868,-34.322175 -59.263788,-34.329698 -59.284045,-34.313142 -59.279417,-34.308838</coordinates></LinearRing></outerBoundaryIs></Polygon></Placemark>
<Placemark><name>AGUILAR OFELIA MARIA</name><styleUrl>#s</styleUrl><ExtendedData><Data name="ha"><value>493.5</value></Data><Data name="circ"><value>XII</value></Data><Data name="parcela"><value>1539 A</value></Data><Data name="titular"><value>AGUILAR OFELIA MARIA</value></Data><Data name="sup_m2"><value>4934754</value></Data></ExtendedData><Polygon><outerBoundaryIs><LinearRing><coordinates>-59.263788,-34.329698 -59.280355,-34.344608 -59.290825,-34.336301 -59.285324,-34.331465 -59.295032,-34.323358 -59.291012,-34.319805 -59.284045,-34.313142 -59.263788,-34.329698</coordinates></LinearRing></outerBoundaryIs></Polygon></Placemark>
<Placemark><name>CERVIGNI ANTONIO RAU</name><styleUrl>#s</styleUrl><ExtendedData><Data name="ha"><value>487.7</value></Data><Data name="circ"><value>VI</value></Data><Data name="parcela"><value>551</value></Data><Data name="titular"><value>CERVIGNI ANTONIO RAU</value></Data><Data name="sup_m2"><value>4877411</value></Data></ExtendedData><Polygon><outerBoundaryIs><LinearRing><coordinates>-59.403009,-34.352024 -59.413749,-34.361422 -59.426839,-34.351371 -59.422141,-34.346132 -59.434602,-34.337176 -59.436982,-34.339183 -59.450228,-34.330223 -59.440132,-34.325069 -59.403009,-34.352024</coordinates></LinearRing></outerBoundaryIs></Polygon></Placemark>
<Placemark><name>MUNICIPALIDAD S A DE</name><styleUrl>#s</styleUrl><ExtendedData><Data name="ha"><value>24.7</value></Data><Data name="titular"><value>MUNICIPALIDAD S A DE</value></Data><Data name="sup_m2"><value>246753</value></Data></ExtendedData><Polygon><outerBoundaryIs><LinearRing><coordinates>-59.319384,-34.296179 -59.324577,-34.300817 -59.330729,-34.297006 -59.319384,-34.296179</coordinates></LinearRing></outerBoundaryIs></Polygon></Placemark>
<Placemark><name>CONGREGACION HIJAS D</name><styleUrl>#s</styleUrl><ExtendedData><Data name="ha"><value>11.9</value></Data><Data name="circ"><value>VII</value></Data><Data name="parcela"><value>646 F</value></Data><Data name="titular"><value>CONGREGACION HIJAS D</value></Data><Data name="sup_m2"><value>118873</value></Data></ExtendedData><Polygon><outerBoundaryIs><LinearRing><coordinates>-59.330729,-34.297006 -59.335665,-34.293486 -59.324662,-34.296564 -59.330729,-34.297006</coordinates></LinearRing></outerBoundaryIs></Polygon></Placemark>
<Placemark><name></name><styleUrl>#s</styleUrl><ExtendedData><Data name="ha"><value>2411.5</value></Data><Data name="sup_m2"><value>24115286</value></Data></ExtendedData><Polygon><outerBoundaryIs><LinearRing><coordinates>-59.278190,-34.342660 -59.214720,-34.394035 -59.216148,-34.396630 -59.218026,-34.397648 -59.220570,-34.399451 -59.223667,-34.399806 -59.225412,-34.400599 -59.227013,-34.402397 -59.229009,-34.405203 -59.231574,-34.407953 -59.235489,-34.410994 -59.236642,-34.409304 -59.241019,-34.411594 -59.239635,-34.413722 -59.241640,-34.418385 -59.243885,-34.421792 -59.247778,-34.427410 -59.267863,-34.398811 -59.263967,-34.397405 -59.263886,-34.396838 -59.253635,-34.391082 -59.293137,-34.359609 -59.286200,-34.353880 -59.288597,-34.351955 -59.278190,-34.342660</coordinates></LinearRing></outerBoundaryIs></Polygon></Placemark>
<Placemark><name></name><styleUrl>#s</styleUrl><ExtendedData><Data name="ha"><value>1279.8</value></Data><Data name="sup_m2"><value>12798468</value></Data></ExtendedData><Polygon><outerBoundaryIs><LinearRing><coordinates>-59.503496,-34.374021 -59.539236,-34.348868 -59.510537,-34.331710 -59.479903,-34.354065 -59.502530,-34.374651 -59.503496,-34.374021</coordinates></LinearRing></outerBoundaryIs></Polygon></Placemark>
<Placemark><name></name><styleUrl>#s</styleUrl><ExtendedData><Data name="ha"><value>1536.6</value></Data><Data name="sup_m2"><value>15366165</value></Data></ExtendedData><Polygon><outerBoundaryIs><LinearRing><coordinates>-59.524903,-34.364519 -59.558903,-34.396395 -59.553813,-34.400175 -59.565008,-34.410274 -59.589137,-34.391764 -59.543384,-34.351347 -59.524903,-34.364519</coordinates></LinearRing></outerBoundaryIs></Polygon></Placemark>
<Placemark><name></name><styleUrl>#s</styleUrl><ExtendedData><Data name="ha"><value>1327.4</value></Data><Data name="sup_m2"><value>13274298</value></Data></ExtendedData><Polygon><outerBoundaryIs><LinearRing><coordinates>-59.479903,-34.354054 -59.448447,-34.377005 -59.456686,-34.384500 -59.465628,-34.392835 -59.468542,-34.395697 -59.477884,-34.388782 -59.484013,-34.394841 -59.507762,-34.378526 -59.506657,-34.377505 -59.503496,-34.374021 -59.502530,-34.374651 -59.479903,-34.354054</coordinates></LinearRing></outerBoundaryIs></Polygon></Placemark>
<Placemark><name></name><styleUrl>#s</styleUrl><ExtendedData><Data name="ha"><value>70.0</value></Data><Data name="sup_m2"><value>699555</value></Data></ExtendedData><Polygon><outerBoundaryIs><LinearRing><coordinates>-59.229269,-34.442404 -59.235605,-34.445672 -59.241082,-34.437457 -59.234930,-34.434338 -59.229269,-34.442404</coordinates></LinearRing></outerBoundaryIs></Polygon></Placemark>
<Placemark><name></name><styleUrl>#s</styleUrl><ExtendedData><Data name="ha"><value>101.7</value></Data><Data name="sup_m2"><value>1017263</value></Data></ExtendedData><Polygon><outerBoundaryIs><LinearRing><coordinates>-59.258477,-34.455329 -59.267664,-34.459547 -59.273520,-34.451236 -59.264185,-34.447227 -59.258477,-34.455329</coordinates></LinearRing></outerBoundaryIs></Polygon></Placemark>
<Placemark><name></name><styleUrl>#s</styleUrl><ExtendedData><Data name="ha"><value>1628.2</value></Data><Data name="sup_m2"><value>16281831</value></Data></ExtendedData><Polygon><outerBoundaryIs><LinearRing><coordinates>-59.407375,-34.470024 -59.405759,-34.467481 -59.417825,-34.458327 -59.417146,-34.457677 -59.449031,-34.433770 -59.447318,-34.431341 -59.446467,-34.429360 -59.446225,-34.428643 -59.444590,-34.427067 -59.442054,-34.424805 -59.441280,-34.423608 -59.440265,-34.421626 -59.439454,-34.419713 -59.438727,-34.417733 -59.436279,-34.414755 -59.435298,-34.413830 -59.434770,-34.412805 -59.379576,-34.454107 -59.402928,-34.466045 -59.401944,-34.467252 -59.407375,-34.470024</coordinates></LinearRing></outerBoundaryIs></Polygon></Placemark>
<Placemark><name></name><styleUrl>#s</styleUrl><ExtendedData><Data name="ha"><value>398.9</value></Data><Data name="sup_m2"><value>3989196</value></Data></ExtendedData><Polygon><outerBoundaryIs><LinearRing><coordinates>-59.468487,-34.554839 -59.487068,-34.530690 -59.475584,-34.524961 -59.456460,-34.549159 -59.468487,-34.554839</coordinates></LinearRing></outerBoundaryIs></Polygon></Placemark>
<Placemark><name></name><styleUrl>#s</styleUrl><ExtendedData><Data name="ha"><value>2025.1</value></Data><Data name="sup_m2"><value>20251186</value></Data></ExtendedData><Polygon><outerBoundaryIs><LinearRing><coordinates>-59.473230,-34.483658 -59.504917,-34.460980 -59.508542,-34.463904 -59.535446,-34.445152 -59.547069,-34.455666 -59.555768,-34.448881 -59.524529,-34.421409 -59.465576,-34.463943 -59.469376,-34.476385 -59.473230,-34.483658</coordinates></LinearRing></outerBoundaryIs></Polygon></Placemark>
<Placemark><name></name><styleUrl>#s</styleUrl><ExtendedData><Data name="ha"><value>365.8</value></Data><Data name="sup_m2"><value>3657838</value></Data></ExtendedData><Polygon><outerBoundaryIs><LinearRing><coordinates>-59.524529,-34.421409 -59.555768,-34.448881 -59.562585,-34.443563 -59.531864,-34.416111 -59.524529,-34.421409</coordinates></LinearRing></outerBoundaryIs></Polygon></Placemark>
<Placemark><name></name><styleUrl>#s</styleUrl><ExtendedData><Data name="ha"><value>499.3</value></Data><Data name="sup_m2"><value>4992638</value></Data></ExtendedData><Polygon><outerBoundaryIs><LinearRing><coordinates>-59.513823,-34.469553 -59.518691,-34.466286 -59.525317,-34.472070 -59.547578,-34.456395 -59.547069,-34.455666 -59.535446,-34.445152 -59.508542,-34.463904 -59.513823,-34.469553</coordinates></LinearRing></outerBoundaryIs></Polygon></Placemark>
<Placemark><name></name><styleUrl>#s</styleUrl><ExtendedData><Data name="ha"><value>494.8</value></Data><Data name="sup_m2"><value>4948330</value></Data></ExtendedData><Polygon><outerBoundaryIs><LinearRing><coordinates>-59.473230,-34.483658 -59.474654,-34.486651 -59.481498,-34.492621 -59.513823,-34.469553 -59.508542,-34.463904 -59.504917,-34.460980 -59.473230,-34.483658</coordinates></LinearRing></outerBoundaryIs></Polygon></Placemark>
<Placemark><name></name><styleUrl>#s</styleUrl><ExtendedData><Data name="ha"><value>626.6</value></Data><Data name="sup_m2"><value>6265504</value></Data></ExtendedData><Polygon><outerBoundaryIs><LinearRing><coordinates>-59.569268,-34.407007 -59.587899,-34.423696 -59.607700,-34.408146 -59.589137,-34.391764 -59.569268,-34.407007</coordinates></LinearRing></outerBoundaryIs></Polygon></Placemark>
<Placemark><name></name><styleUrl>#s</styleUrl><ExtendedData><Data name="ha"><value>814.7</value></Data><Data name="sup_m2"><value>8146820</value></Data></ExtendedData><Polygon><outerBoundaryIs><LinearRing><coordinates>-59.587899,-34.423696 -59.569268,-34.407007 -59.543650,-34.426647 -59.562585,-34.443563 -59.587899,-34.423696</coordinates></LinearRing></outerBoundaryIs></Polygon></Placemark>
<Placemark><name></name><styleUrl>#s</styleUrl><ExtendedData><Data name="ha"><value>1492.4</value></Data><Data name="sup_m2"><value>14923909</value></Data></ExtendedData><Polygon><outerBoundaryIs><LinearRing><coordinates>-59.565008,-34.410274 -59.553813,-34.400175 -59.558903,-34.396395 -59.524903,-34.364519 -59.506657,-34.377505 -59.507762,-34.378526 -59.507071,-34.379001 -59.540639,-34.409947 -59.531864,-34.416111 -59.543650,-34.426647 -59.565008,-34.410274</coordinates></LinearRing></outerBoundaryIs></Polygon></Placemark>
<Placemark><name></name><styleUrl>#s</styleUrl><ExtendedData><Data name="ha"><value>206.0</value></Data><Data name="sup_m2"><value>2059623</value></Data></ExtendedData><Polygon><outerBoundaryIs><LinearRing><coordinates>-59.503496,-34.374021 -59.506657,-34.377505 -59.543384,-34.351336 -59.539236,-34.348858 -59.503496,-34.374021</coordinates></LinearRing></outerBoundaryIs></Polygon></Placemark>
<Placemark><name>LYNCH SUSANA IVONA</name><styleUrl>#s</styleUrl><ExtendedData><Data name="ha"><value>665.6</value></Data><Data name="circ"><value>VI</value></Data><Data name="parcela"><value>568 D</value></Data><Data name="titular"><value>LYNCH SUSANA IVONA</value></Data><Data name="sup_m2"><value>6655553</value></Data></ExtendedData><Polygon><outerBoundaryIs><LinearRing><coordinates>-59.453446,-34.358769 -59.462694,-34.366566 -59.510537,-34.331710 -59.498922,-34.326082 -59.496866,-34.327511 -59.497357,-34.327877 -59.453446,-34.358769</coordinates></LinearRing></outerBoundaryIs></Polygon></Placemark>
<Placemark><name>LYNCH SUSANA IVONA</name><styleUrl>#s</styleUrl><ExtendedData><Data name="ha"><value>674.0</value></Data><Data name="circ"><value>VI</value></Data><Data name="parcela"><value>568 D</value></Data><Data name="titular"><value>LYNCH SUSANA IVONA</value></Data><Data name="sup_m2"><value>6739620</value></Data></ExtendedData><Polygon><outerBoundaryIs><LinearRing><coordinates>-59.444102,-34.350890 -59.453446,-34.358769 -59.497357,-34.327877 -59.496866,-34.327511 -59.498922,-34.326082 -59.491049,-34.322266 -59.492804,-34.320137 -59.488957,-34.318240 -59.484230,-34.321739 -59.484665,-34.322287 -59.444102,-34.350890</coordinates></LinearRing></outerBoundaryIs></Polygon></Placemark>
<Placemark><name>VILLANUEVA MARIA GRA</name><styleUrl>#s</styleUrl><ExtendedData><Data name="ha"><value>396.8</value></Data><Data name="circ"><value>VII</value></Data><Data name="parcela"><value>687 B</value></Data><Data name="titular"><value>VILLANUEVA MARIA GRA</value></Data><Data name="sup_m2"><value>3967891</value></Data></ExtendedData><Polygon><outerBoundaryIs><LinearRing><coordinates>-59.398842,-34.313650 -59.381785,-34.305038 -59.378271,-34.309029 -59.379603,-34.309920 -59.365814,-34.326542 -59.368676,-34.328047 -59.370835,-34.326663 -59.375018,-34.329319 -59.385206,-34.321451 -59.385238,-34.322762 -59.385517,-34.323710 -59.385728,-34.326875 -59.386441,-34.329257 -59.398842,-34.313650</coordinates></LinearRing></outerBoundaryIs></Polygon></Placemark>
<Placemark><name>GARCIA MORENO EZEQUI</name><styleUrl>#s</styleUrl><ExtendedData><Data name="ha"><value>450.6</value></Data><Data name="circ"><value>VII</value></Data><Data name="parcela"><value>692 B</value></Data><Data name="titular"><value>GARCIA MORENO EZEQUI</value></Data><Data name="sup_m2"><value>4506156</value></Data></ExtendedData><Polygon><outerBoundaryIs><LinearRing><coordinates>-59.375018,-34.329319 -59.320542,-34.370490 -59.324730,-34.374090 -59.386118,-34.328178 -59.385728,-34.326875 -59.385606,-34.324538 -59.385517,-34.323710 -59.385238,-34.322762 -59.385206,-34.321451 -59.375018,-34.329319</coordinates></LinearRing></outerBoundaryIs></Polygon></Placemark>
<Placemark><name>GARCIA MORENO EZEQUI</name><styleUrl>#s</styleUrl><ExtendedData><Data name="ha"><value>542.2</value></Data><Data name="circ"><value>VII</value></Data><Data name="parcela"><value>692 B</value></Data><Data name="titular"><value>GARCIA MORENO EZEQUI</value></Data><Data name="sup_m2"><value>5422418</value></Data></ExtendedData><Polygon><outerBoundaryIs><LinearRing><coordinates>-59.324730,-34.374090 -59.329975,-34.378956 -59.388884,-34.335134 -59.386927,-34.333337 -59.386441,-34.329257 -59.386118,-34.328178 -59.324730,-34.374090</coordinates></LinearRing></outerBoundaryIs></Polygon></Placemark>
<Placemark><name>GARCIA MORENO EZEQUI</name><styleUrl>#s</styleUrl><ExtendedData><Data name="ha"><value>132.2</value></Data><Data name="circ"><value>VII</value></Data><Data name="parcela"><value>692 B</value></Data><Data name="titular"><value>GARCIA MORENO EZEQUI</value></Data><Data name="sup_m2"><value>1322463</value></Data></ExtendedData><Polygon><outerBoundaryIs><LinearRing><coordinates>-59.347125,-34.334686 -59.356788,-34.343104 -59.365199,-34.336744 -59.355309,-34.328601 -59.347125,-34.334686</coordinates></LinearRing></outerBoundaryIs></Polygon></Placemark>
<Placemark><name>GARCIA MORENO EZEQUI</name><styleUrl>#s</styleUrl><ExtendedData><Data name="ha"><value>104.6</value></Data><Data name="circ"><value>VII</value></Data><Data name="parcela"><value>692 B</value></Data><Data name="titular"><value>GARCIA MORENO EZEQUI</value></Data><Data name="sup_m2"><value>1045947</value></Data></ExtendedData><Polygon><outerBoundaryIs><LinearRing><coordinates>-59.340554,-34.339572 -59.350308,-34.348002 -59.356788,-34.343104 -59.347125,-34.334686 -59.340554,-34.339572</coordinates></LinearRing></outerBoundaryIs></Polygon></Placemark>
<Placemark><name>GARCIA MORENO EZEQUI</name><styleUrl>#s</styleUrl><ExtendedData><Data name="ha"><value>57.8</value></Data><Data name="circ"><value>VII</value></Data><Data name="parcela"><value>692 B</value></Data><Data name="titular"><value>GARCIA MORENO EZEQUI</value></Data><Data name="sup_m2"><value>577525</value></Data></ExtendedData><Polygon><outerBoundaryIs><LinearRing><coordinates>-59.368676,-34.328047 -59.361563,-34.333750 -59.365199,-34.336744 -59.375018,-34.329319 -59.370835,-34.326663 -59.368676,-34.328047</coordinates></LinearRing></outerBoundaryIs></Polygon></Placemark>
<Placemark><name>GARCIA MORENO EZEQUI</name><styleUrl>#s</styleUrl><ExtendedData><Data name="ha"><value>59.6</value></Data><Data name="circ"><value>VII</value></Data><Data name="parcela"><value>692 B</value></Data><Data name="titular"><value>GARCIA MORENO EZEQUI</value></Data><Data name="sup_m2"><value>596279</value></Data></ExtendedData><Polygon><outerBoundaryIs><LinearRing><coordinates>-59.361563,-34.333750 -59.368676,-34.328047 -59.364242,-34.325894 -59.363254,-34.326802 -59.359862,-34.325214 -59.355309,-34.328601 -59.361563,-34.333750</coordinates></LinearRing></outerBoundaryIs></Polygon></Placemark>
<Placemark><name>GARCIA MORENO EZEQUI</name><styleUrl>#s</styleUrl><ExtendedData><Data name="ha"><value>58.8</value></Data><Data name="circ"><value>VII</value></Data><Data name="parcela"><value>692 B</value></Data><Data name="titular"><value>GARCIA MORENO EZEQUI</value></Data><Data name="sup_m2"><value>588194</value></Data></ExtendedData><Polygon><outerBoundaryIs><LinearRing><coordinates>-59.341694,-34.354512 -59.337837,-34.351199 -59.328644,-34.357980 -59.332516,-34.361446 -59.341694,-34.354512</coordinates></LinearRing></outerBoundaryIs></Polygon></Placemark>
<Placemark><name>GARCIA MORENO EZEQUI</name><styleUrl>#s</styleUrl><ExtendedData><Data name="ha"><value>125.7</value></Data><Data name="circ"><value>VII</value></Data><Data name="parcela"><value>692 B</value></Data><Data name="titular"><value>GARCIA MORENO EZEQUI</value></Data><Data name="sup_m2"><value>1257326</value></Data></ExtendedData><Polygon><outerBoundaryIs><LinearRing><coordinates>-59.337837,-34.351199 -59.341694,-34.354512 -59.350308,-34.348002 -59.340554,-34.339572 -59.333295,-34.344967 -59.339230,-34.350171 -59.337837,-34.351199</coordinates></LinearRing></outerBoundaryIs></Polygon></Placemark>
<Placemark><name>GARCIA MORENO EZEQUI</name><styleUrl>#s</styleUrl><ExtendedData><Data name="ha"><value>62.8</value></Data><Data name="circ"><value>VII</value></Data><Data name="parcela"><value>692 B</value></Data><Data name="titular"><value>GARCIA MORENO EZEQUI</value></Data><Data name="sup_m2"><value>627897</value></Data></ExtendedData><Polygon><outerBoundaryIs><LinearRing><coordinates>-59.346549,-34.325526 -59.352595,-34.330619 -59.359862,-34.325214 -59.351717,-34.321400 -59.346549,-34.325526</coordinates></LinearRing></outerBoundaryIs></Polygon></Placemark>
<Placemark><name>GARCIA MORENO EZEQUI</name><styleUrl>#s</styleUrl><ExtendedData><Data name="ha"><value>191.4</value></Data><Data name="circ"><value>VII</value></Data><Data name="parcela"><value>692 B</value></Data><Data name="titular"><value>GARCIA MORENO EZEQUI</value></Data><Data name="sup_m2"><value>1913973</value></Data></ExtendedData><Polygon><outerBoundaryIs><LinearRing><coordinates>-59.330445,-34.331518 -59.340079,-34.339924 -59.352595,-34.330619 -59.346549,-34.325526 -59.345118,-34.326668 -59.340828,-34.323202 -59.330445,-34.331518</coordinates></LinearRing></outerBoundaryIs></Polygon></Placemark>
<Placemark><name>GARCIA MORENO EZEQUI</name><styleUrl>#s</styleUrl><ExtendedData><Data name="ha"><value>107.5</value></Data><Data name="circ"><value>VII</value></Data><Data name="parcela"><value>692 B</value></Data><Data name="titular"><value>GARCIA MORENO EZEQUI</value></Data><Data name="sup_m2"><value>1075466</value></Data></ExtendedData><Polygon><outerBoundaryIs><LinearRing><coordinates>-59.323691,-34.336674 -59.333295,-34.344967 -59.340079,-34.339924 -59.330445,-34.331518 -59.328767,-34.332862 -59.323691,-34.336674</coordinates></LinearRing></outerBoundaryIs></Polygon></Placemark>
<Placemark><name>GARCIA MORENO EZEQUI</name><styleUrl>#s</styleUrl><ExtendedData><Data name="ha"><value>77.5</value></Data><Data name="circ"><value>VII</value></Data><Data name="parcela"><value>692 B</value></Data><Data name="titular"><value>GARCIA MORENO EZEQUI</value></Data><Data name="sup_m2"><value>774928</value></Data></ExtendedData><Polygon><outerBoundaryIs><LinearRing><coordinates>-59.325424,-34.348353 -59.333037,-34.354739 -59.339230,-34.350171 -59.331679,-34.343571 -59.325424,-34.348353</coordinates></LinearRing></outerBoundaryIs></Polygon></Placemark>
<Placemark><name>GARCIA MORENO EZEQUI</name><styleUrl>#s</styleUrl><ExtendedData><Data name="ha"><value>214.3</value></Data><Data name="circ"><value>VII</value></Data><Data name="parcela"><value>692 B</value></Data><Data name="titular"><value>GARCIA MORENO EZEQUI</value></Data><Data name="sup_m2"><value>2142805</value></Data></ExtendedData><Polygon><outerBoundaryIs><LinearRing><coordinates>-59.312726,-34.358057 -59.323887,-34.367963 -59.332516,-34.361446 -59.328644,-34.357980 -59.333037,-34.354739 -59.325424,-34.348353 -59.312726,-34.358057</coordinates></LinearRing></outerBoundaryIs></Polygon></Placemark>
<Placemark><name>GARCIA MORENO EZEQUI</name><styleUrl>#s</styleUrl><ExtendedData><Data name="ha"><value>230.3</value></Data><Data name="circ"><value>VII</value></Data><Data name="parcela"><value>692 B</value></Data><Data name="titular"><value>GARCIA MORENO EZEQUI</value></Data><Data name="sup_m2"><value>2303399</value></Data></ExtendedData><Polygon><outerBoundaryIs><LinearRing><coordinates>-59.306309,-34.353406 -59.311981,-34.358626 -59.331679,-34.343571 -59.323691,-34.336674 -59.312770,-34.344875 -59.314774,-34.346972 -59.306309,-34.353406</coordinates></LinearRing></outerBoundaryIs></Polygon></Placemark>
<Placemark><name>GARCIA MORENO EZEQUI</name><styleUrl>#s</styleUrl><ExtendedData><Data name="ha"><value>108.1</value></Data><Data name="circ"><value>VII</value></Data><Data name="parcela"><value>692 B</value></Data><Data name="titular"><value>GARCIA MORENO EZEQUI</value></Data><Data name="sup_m2"><value>1081453</value></Data></ExtendedData><Polygon><outerBoundaryIs><LinearRing><coordinates>-59.311981,-34.358626 -59.306309,-34.353406 -59.295103,-34.362047 -59.300958,-34.367047 -59.311981,-34.358626</coordinates></LinearRing></outerBoundaryIs></Polygon></Placemark>
<Placemark><name>GARCIA MORENO EZEQUI</name><styleUrl>#s</styleUrl><ExtendedData><Data name="ha"><value>76.3</value></Data><Data name="circ"><value>VII</value></Data><Data name="parcela"><value>692 B</value></Data><Data name="titular"><value>GARCIA MORENO EZEQUI</value></Data><Data name="sup_m2"><value>762738</value></Data></ExtendedData><Polygon><outerBoundaryIs><LinearRing><coordinates>-59.295103,-34.362047 -59.314774,-34.346972 -59.312770,-34.344875 -59.292763,-34.359908 -59.295103,-34.362047</coordinates></LinearRing></outerBoundaryIs></Polygon></Placemark>
<Placemark><name>BURDET JOSE CLAUDIO</name><styleUrl>#s</styleUrl><ExtendedData><Data name="ha"><value>36.0</value></Data><Data name="circ"><value>IV</value></Data><Data name="parcela"><value>304</value></Data><Data name="titular"><value>BURDET JOSE CLAUDIO</value></Data><Data name="sup_m2"><value>359564</value></Data></ExtendedData><Polygon><outerBoundaryIs><LinearRing><coordinates>-59.281093,-34.383014 -59.272861,-34.375769 -59.270093,-34.377974 -59.278768,-34.384882 -59.281093,-34.383014</coordinates></LinearRing></outerBoundaryIs></Polygon></Placemark>
<Placemark><name>BURDET JOSE CLAUDIO</name><styleUrl>#s</styleUrl><ExtendedData><Data name="ha"><value>32.6</value></Data><Data name="circ"><value>IV</value></Data><Data name="parcela"><value>304</value></Data><Data name="titular"><value>BURDET JOSE CLAUDIO</value></Data><Data name="sup_m2"><value>326153</value></Data></ExtendedData><Polygon><outerBoundaryIs><LinearRing><coordinates>-59.276879,-34.379305 -59.281598,-34.375450 -59.277639,-34.371961 -59.272861,-34.375769 -59.276879,-34.379305</coordinates></LinearRing></outerBoundaryIs></Polygon></Placemark>
<Placemark><name>BURDET JOSE CLAUDIO</name><styleUrl>#s</styleUrl><ExtendedData><Data name="ha"><value>34.6</value></Data><Data name="circ"><value>IV</value></Data><Data name="parcela"><value>304</value></Data><Data name="titular"><value>BURDET JOSE CLAUDIO</value></Data><Data name="sup_m2"><value>345821</value></Data></ExtendedData><Polygon><outerBoundaryIs><LinearRing><coordinates>-59.276879,-34.379305 -59.281093,-34.383014 -59.285847,-34.379194 -59.281598,-34.375450 -59.276879,-34.379305</coordinates></LinearRing></outerBoundaryIs></Polygon></Placemark>
<Placemark><name>BURDET JOSE CLAUDIO</name><styleUrl>#s</styleUrl><ExtendedData><Data name="ha"><value>60.4</value></Data><Data name="circ"><value>IV</value></Data><Data name="parcela"><value>304</value></Data><Data name="titular"><value>BURDET JOSE CLAUDIO</value></Data><Data name="sup_m2"><value>604347</value></Data></ExtendedData><Polygon><outerBoundaryIs><LinearRing><coordinates>-59.279927,-34.373977 -59.295103,-34.362047 -59.292763,-34.359908 -59.277639,-34.371961 -59.279927,-34.373977</coordinates></LinearRing></outerBoundaryIs></Polygon></Placemark>
<Placemark><name>BURDET JOSE CLAUDIO</name><styleUrl>#s</styleUrl><ExtendedData><Data name="ha"><value>151.3</value></Data><Data name="circ"><value>IV</value></Data><Data name="parcela"><value>304</value></Data><Data name="titular"><value>BURDET JOSE CLAUDIO</value></Data><Data name="sup_m2"><value>1512700</value></Data></ExtendedData><Polygon><outerBoundaryIs><LinearRing><coordinates>-59.279927,-34.373977 -59.285847,-34.379194 -59.300958,-34.367047 -59.295103,-34.362047 -59.279927,-34.373977</coordinates></LinearRing></outerBoundaryIs></Polygon></Placemark>
<Placemark><name>BURDET JOSE CLAUDIO</name><styleUrl>#s</styleUrl><ExtendedData><Data name="ha"><value>75.2</value></Data><Data name="circ"><value>IV</value></Data><Data name="parcela"><value>304</value></Data><Data name="titular"><value>BURDET JOSE CLAUDIO</value></Data><Data name="sup_m2"><value>752068</value></Data></ExtendedData><Polygon><outerBoundaryIs><LinearRing><coordinates>-59.268158,-34.393406 -59.259946,-34.386056 -59.253635,-34.391082 -59.263886,-34.396838 -59.268158,-34.393406</coordinates></LinearRing></outerBoundaryIs></Polygon></Placemark>
<Placemark><name></name><styleUrl>#s</styleUrl><ExtendedData><Data name="ha"><value>104.7</value></Data><Data name="circ"><value>IV</value></Data><Data name="parcela"><value>328</value></Data><Data name="sup_m2"><value>1047111</value></Data></ExtendedData><Polygon><outerBoundaryIs><LinearRing><coordinates>-59.290266,-34.375642 -59.301594,-34.385432 -59.306954,-34.381067 -59.295751,-34.371233 -59.290266,-34.375642</coordinates></LinearRing></outerBoundaryIs></Polygon></Placemark>
<Placemark><name></name><styleUrl>#s</styleUrl><ExtendedData><Data name="ha"><value>219.4</value></Data><Data name="circ"><value>IV</value></Data><Data name="parcela"><value>328</value></Data><Data name="sup_m2"><value>2194410</value></Data></ExtendedData><Polygon><outerBoundaryIs><LinearRing><coordinates>-59.278754,-34.384894 -59.290479,-34.394481 -59.301594,-34.385432 -59.290266,-34.375642 -59.278754,-34.384894</coordinates></LinearRing></outerBoundaryIs></Polygon></Placemark>
<Placemark><name></name><styleUrl>#s</styleUrl><ExtendedData><Data name="ha"><value>38.5</value></Data><Data name="circ"><value>IV</value></Data><Data name="parcela"><value>328</value></Data><Data name="sup_m2"><value>385264</value></Data></ExtendedData><Polygon><outerBoundaryIs><LinearRing><coordinates>-59.276763,-34.386494 -59.288511,-34.396083 -59.290479,-34.394481 -59.278754,-34.384894 -59.276763,-34.386494</coordinates></LinearRing></outerBoundaryIs></Polygon></Placemark>
<Placemark><name></name><styleUrl>#s</styleUrl><ExtendedData><Data name="ha"><value>33.9</value></Data><Data name="circ"><value>IV</value></Data><Data name="parcela"><value>328</value></Data><Data name="sup_m2"><value>339469</value></Data></ExtendedData><Polygon><outerBoundaryIs><LinearRing><coordinates>-59.303508,-34.378042 -59.306954,-34.381067 -59.312599,-34.376469 -59.309059,-34.373383 -59.303508,-34.378042</coordinates></LinearRing></outerBoundaryIs></Polygon></Placemark>
<Placemark><name></name><styleUrl>#s</styleUrl><ExtendedData><Data name="ha"><value>18.4</value></Data><Data name="circ"><value>IV</value></Data><Data name="parcela"><value>328</value></Data><Data name="sup_m2"><value>183631</value></Data></ExtendedData><Polygon><outerBoundaryIs><LinearRing><coordinates>-59.306389,-34.375624 -59.309059,-34.373383 -59.305243,-34.370055 -59.302382,-34.372342 -59.306389,-34.375624</coordinates></LinearRing></outerBoundaryIs></Polygon></Placemark>
<Placemark><name></name><styleUrl>#s</styleUrl><ExtendedData><Data name="ha"><value>56.3</value></Data><Data name="circ"><value>IV</value></Data><Data name="parcela"><value>328</value></Data><Data name="sup_m2"><value>563445</value></Data></ExtendedData><Polygon><outerBoundaryIs><LinearRing><coordinates>-59.306389,-34.375624 -59.302382,-34.372342 -59.305243,-34.370055 -59.301404,-34.366707 -59.295751,-34.371233 -59.303508,-34.378042 -59.306389,-34.375624</coordinates></LinearRing></outerBoundaryIs></Polygon></Placemark>
<Placemark><name>CHANVILLARD JOSE REI</name><styleUrl>#s</styleUrl><ExtendedData><Data name="ha"><value>194.6</value></Data><Data name="circ"><value>IV</value></Data><Data name="parcela"><value>350 E</value></Data><Data name="titular"><value>CHANVILLARD JOSE REI</value></Data><Data name="sup_m2"><value>1945624</value></Data></ExtendedData><Polygon><outerBoundaryIs><LinearRing><coordinates>-59.290014,-34.394859 -59.302152,-34.406326 -59.311276,-34.399151 -59.298798,-34.387708 -59.290014,-34.394859</coordinates></LinearRing></outerBoundaryIs></Polygon></Placemark>
<Placemark><name>CHANVILLARD JOSE REI</name><styleUrl>#s</styleUrl><ExtendedData><Data name="ha"><value>211.8</value></Data><Data name="circ"><value>IV</value></Data><Data name="parcela"><value>350 E</value></Data><Data name="titular"><value>CHANVILLARD JOSE REI</value></Data><Data name="sup_m2"><value>2118100</value></Data></ExtendedData><Polygon><outerBoundaryIs><LinearRing><coordinates>-59.302152,-34.406326 -59.290014,-34.394859 -59.278609,-34.404142 -59.293847,-34.412854 -59.302152,-34.406326</coordinates></LinearRing></outerBoundaryIs></Polygon></Placemark>
<Placemark><name></name><styleUrl>#s</styleUrl><ExtendedData><Data name="ha"><value>203.1</value></Data><Data name="sup_m2"><value>2030707</value></Data></ExtendedData><Polygon><outerBoundaryIs><LinearRing><coordinates>-59.250343,-34.461237 -59.253006,-34.462584 -59.254118,-34.460909 -59.254224,-34.461364 -59.289955,-34.410629 -59.287324,-34.409125 -59.250343,-34.461237</coordinates></LinearRing></outerBoundaryIs></Polygon></Placemark>
<Placemark><name></name><styleUrl>#s</styleUrl><ExtendedData><Data name="ha"><value>99.1</value></Data><Data name="sup_m2"><value>991461</value></Data></ExtendedData><Polygon><outerBoundaryIs><LinearRing><coordinates>-59.248990,-34.460553 -59.250343,-34.461237 -59.287324,-34.409125 -59.285979,-34.408356 -59.248990,-34.460553</coordinates></LinearRing></outerBoundaryIs></Polygon></Placemark>
<Placemark><name></name><styleUrl>#s</styleUrl><ExtendedData><Data name="ha"><value>125.8</value></Data><Data name="sup_m2"><value>1258305</value></Data></ExtendedData><Polygon><outerBoundaryIs><LinearRing><coordinates>-59.247319,-34.459707 -59.248990,-34.460553 -59.285979,-34.408356 -59.284233,-34.407358 -59.247319,-34.459707</coordinates></LinearRing></outerBoundaryIs></Polygon></Placemark>
<Placemark><name></name><styleUrl>#s</styleUrl><ExtendedData><Data name="ha"><value>728.6</value></Data><Data name="sup_m2"><value>7285769</value></Data></ExtendedData><Polygon><outerBoundaryIs><LinearRing><coordinates>-59.237498,-34.454738 -59.247319,-34.459707 -59.284233,-34.407358 -59.278609,-34.404142 -59.274176,-34.401943 -59.237498,-34.454738</coordinates></LinearRing></outerBoundaryIs></Polygon></Placemark>
<Placemark><name></name><styleUrl>#s</styleUrl><ExtendedData><Data name="ha"><value>157.0</value></Data><Data name="sup_m2"><value>1569980</value></Data></ExtendedData><Polygon><outerBoundaryIs><LinearRing><coordinates>-59.235238,-34.453594 -59.237498,-34.454738 -59.274176,-34.401943 -59.272110,-34.400918 -59.235238,-34.453594</coordinates></LinearRing></outerBoundaryIs></Polygon></Placemark>
<Placemark><name></name><styleUrl>#s</styleUrl><ExtendedData><Data name="ha"><value>300.1</value></Data><Data name="sup_m2"><value>3001360</value></Data></ExtendedData><Polygon><outerBoundaryIs><LinearRing><coordinates>-59.247778,-34.427410 -59.231563,-34.451734 -59.235238,-34.453594 -59.272110,-34.400918 -59.267863,-34.398811 -59.247778,-34.427410</coordinates></LinearRing></outerBoundaryIs></Polygon></Placemark>
<Placemark><name></name><styleUrl>#s</styleUrl><ExtendedData><Data name="ha"><value>201.4</value></Data><Data name="sup_m2"><value>2013907</value></Data></ExtendedData><Polygon><outerBoundaryIs><LinearRing><coordinates>-59.218282,-34.445010 -59.239635,-34.413722 -59.241019,-34.411594 -59.236642,-34.409304 -59.213967,-34.442825 -59.218282,-34.445010</coordinates></LinearRing></outerBoundaryIs></Polygon></Placemark>
<Placemark><name></name><styleUrl>#s</styleUrl><ExtendedData><Data name="ha"><value>154.9</value></Data><Data name="sup_m2"><value>1548597</value></Data></ExtendedData><Polygon><outerBoundaryIs><LinearRing><coordinates>-59.221960,-34.446872 -59.241640,-34.418385 -59.239635,-34.413722 -59.218282,-34.445010 -59.221960,-34.446872</coordinates></LinearRing></outerBoundaryIs></Polygon></Placemark>
<Placemark><name></name><styleUrl>#s</styleUrl><ExtendedData><Data name="ha"><value>121.6</value></Data><Data name="sup_m2"><value>1216241</value></Data></ExtendedData><Polygon><outerBoundaryIs><LinearRing><coordinates>-59.225038,-34.448431 -59.243847,-34.421630 -59.241640,-34.418385 -59.221960,-34.446872 -59.225038,-34.448431</coordinates></LinearRing></outerBoundaryIs></Polygon></Placemark>
<Placemark><name></name><styleUrl>#s</styleUrl><ExtendedData><Data name="ha"><value>52.8</value></Data><Data name="sup_m2"><value>527826</value></Data></ExtendedData><Polygon><outerBoundaryIs><LinearRing><coordinates>-59.238364,-34.429446 -59.244378,-34.432512 -59.247778,-34.427410 -59.243847,-34.421630 -59.238364,-34.429446</coordinates></LinearRing></outerBoundaryIs></Polygon></Placemark>
<Placemark><name></name><styleUrl>#s</styleUrl><ExtendedData><Data name="ha"><value>41.1</value></Data><Data name="sup_m2"><value>411188</value></Data></ExtendedData><Polygon><outerBoundaryIs><LinearRing><coordinates>-59.234930,-34.434338 -59.241082,-34.437457 -59.244378,-34.432512 -59.238364,-34.429446 -59.234930,-34.434338</coordinates></LinearRing></outerBoundaryIs></Polygon></Placemark>
<Placemark><name></name><styleUrl>#s</styleUrl><ExtendedData><Data name="ha"><value>53.5</value></Data><Data name="sup_m2"><value>534872</value></Data></ExtendedData><Polygon><outerBoundaryIs><LinearRing><coordinates>-59.235605,-34.445672 -59.229269,-34.442404 -59.225038,-34.448431 -59.231563,-34.451734 -59.235605,-34.445672</coordinates></LinearRing></outerBoundaryIs></Polygon></Placemark>
<Placemark><name>PODESTA MARCELO</name><styleUrl>#s</styleUrl><ExtendedData><Data name="ha"><value>23.5</value></Data><Data name="circ"><value>VI</value></Data><Data name="parcela"><value>537</value></Data><Data name="titular"><value>PODESTA MARCELO</value></Data><Data name="sup_m2"><value>234616</value></Data></ExtendedData><Polygon><outerBoundaryIs><LinearRing><coordinates>-59.404080,-34.339839 -59.412262,-34.345308 -59.414187,-34.343910 -59.405857,-34.338180 -59.404080,-34.339839</coordinates></LinearRing></outerBoundaryIs></Polygon></Placemark>
<Placemark><name>PODESTA MARCELO</name><styleUrl>#s</styleUrl><ExtendedData><Data name="ha"><value>10.8</value></Data><Data name="circ"><value>VI</value></Data><Data name="parcela"><value>537</value></Data><Data name="titular"><value>PODESTA MARCELO</value></Data><Data name="sup_m2"><value>108312</value></Data></ExtendedData><Polygon><outerBoundaryIs><LinearRing><coordinates>-59.403327,-34.340542 -59.411253,-34.346040 -59.412262,-34.345308 -59.404080,-34.339839 -59.403327,-34.340542</coordinates></LinearRing></outerBoundaryIs></Polygon></Placemark>
<Placemark><name>PODESTA MARCELO</name><styleUrl>#s</styleUrl><ExtendedData><Data name="ha"><value>28.0</value></Data><Data name="circ"><value>VI</value></Data><Data name="parcela"><value>537</value></Data><Data name="titular"><value>PODESTA MARCELO</value></Data><Data name="sup_m2"><value>279859</value></Data></ExtendedData><Polygon><outerBoundaryIs><LinearRing><coordinates>-59.401111,-34.342610 -59.408820,-34.347806 -59.411253,-34.346040 -59.403327,-34.340542 -59.401111,-34.342610</coordinates></LinearRing></outerBoundaryIs></Polygon></Placemark>
<Placemark><name>PODESTA MARCELO</name><styleUrl>#s</styleUrl><ExtendedData><Data name="ha"><value>32.9</value></Data><Data name="circ"><value>VI</value></Data><Data name="parcela"><value>537</value></Data><Data name="titular"><value>PODESTA MARCELO</value></Data><Data name="sup_m2"><value>328965</value></Data></ExtendedData><Polygon><outerBoundaryIs><LinearRing><coordinates>-59.398489,-34.345058 -59.405701,-34.350070 -59.408820,-34.347806 -59.401111,-34.342610 -59.398489,-34.345058</coordinates></LinearRing></outerBoundaryIs></Polygon></Placemark>
<Placemark><name>PODESTA MARCELO</name><styleUrl>#s</styleUrl><ExtendedData><Data name="ha"><value>33.0</value></Data><Data name="circ"><value>VI</value></Data><Data name="parcela"><value>537</value></Data><Data name="titular"><value>PODESTA MARCELO</value></Data><Data name="sup_m2"><value>330411</value></Data></ExtendedData><Polygon><outerBoundaryIs><LinearRing><coordinates>-59.395680,-34.347679 -59.402415,-34.352455 -59.405701,-34.350070 -59.398489,-34.345058 -59.395680,-34.347679</coordinates></LinearRing></outerBoundaryIs></Polygon></Placemark>
<Placemark><name>PODESTA MARCELO</name><styleUrl>#s</styleUrl><ExtendedData><Data name="ha"><value>59.3</value></Data><Data name="circ"><value>VI</value></Data><Data name="parcela"><value>537</value></Data><Data name="titular"><value>PODESTA MARCELO</value></Data><Data name="sup_m2"><value>592597</value></Data></ExtendedData><Polygon><outerBoundaryIs><LinearRing><coordinates>-59.420558,-34.324450 -59.425607,-34.327544 -59.433658,-34.321763 -59.427048,-34.318388 -59.420558,-34.324450</coordinates></LinearRing></outerBoundaryIs></Polygon></Placemark>
<Placemark><name>PODESTA MARCELO</name><styleUrl>#s</styleUrl><ExtendedData><Data name="ha"><value>30.9</value></Data><Data name="circ"><value>VI</value></Data><Data name="parcela"><value>537</value></Data><Data name="titular"><value>PODESTA MARCELO</value></Data><Data name="sup_m2"><value>308808</value></Data></ExtendedData><Polygon><outerBoundaryIs><LinearRing><coordinates>-59.406921,-34.338912 -59.422097,-34.325393 -59.420558,-34.324450 -59.405857,-34.338180 -59.406921,-34.338912</coordinates></LinearRing></outerBoundaryIs></Polygon></Placemark>
<Placemark><name>PODESTA MARCELO</name><styleUrl>#s</styleUrl><ExtendedData><Data name="ha"><value>58.9</value></Data><Data name="circ"><value>VI</value></Data><Data name="parcela"><value>537</value></Data><Data name="titular"><value>PODESTA MARCELO</value></Data><Data name="sup_m2"><value>588771</value></Data></ExtendedData><Polygon><outerBoundaryIs><LinearRing><coordinates>-59.406921,-34.338912 -59.408376,-34.339913 -59.425607,-34.327544 -59.422097,-34.325393 -59.406921,-34.338912</coordinates></LinearRing></outerBoundaryIs></Polygon></Placemark>
<Placemark><name>PODESTA MARCELO</name><styleUrl>#s</styleUrl><ExtendedData><Data name="ha"><value>34.2</value></Data><Data name="circ"><value>VI</value></Data><Data name="parcela"><value>537</value></Data><Data name="titular"><value>PODESTA MARCELO</value></Data><Data name="sup_m2"><value>342121</value></Data></ExtendedData><Polygon><outerBoundaryIs><LinearRing><coordinates>-59.402415,-34.352455 -59.395680,-34.347679 -59.394319,-34.348950 -59.395566,-34.351348 -59.396337,-34.356865 -59.402415,-34.352455</coordinates></LinearRing></outerBoundaryIs></Polygon></Placemark>
<Placemark><name>LA PALOMA SCA</name><styleUrl>#s</styleUrl><ExtendedData><Data name="ha"><value>295.6</value></Data><Data name="circ"><value>VII</value></Data><Data name="parcela"><value>711 A</value></Data><Data name="titular"><value>LA PALOMA SCA</value></Data><Data name="sup_m2"><value>2956473</value></Data></ExtendedData><Polygon><outerBoundaryIs><LinearRing><coordinates>-59.333288,-34.381928 -59.390100,-34.338772 -59.388884,-34.335134 -59.329975,-34.378956 -59.333288,-34.381928</coordinates></LinearRing></outerBoundaryIs></Polygon></Placemark>
<Placemark><name></name><styleUrl>#s</styleUrl><ExtendedData><Data name="ha"><value>559.9</value></Data><Data name="sup_m2"><value>5598973</value></Data></ExtendedData><Polygon><outerBoundaryIs><LinearRing><coordinates>-59.676497,-34.449143 -59.711391,-34.423001 -59.698808,-34.416239 -59.666429,-34.440086 -59.676497,-34.449143</coordinates></LinearRing></outerBoundaryIs></Polygon></Placemark>
<Placemark><name></name><styleUrl>#s</styleUrl><ExtendedData><Data name="ha"><value>361.6</value></Data><Data name="sup_m2"><value>3616023</value></Data></ExtendedData><Polygon><outerBoundaryIs><LinearRing><coordinates>-59.682402,-34.454453 -59.719252,-34.427223 -59.711391,-34.423001 -59.676497,-34.449143 -59.682402,-34.454453</coordinates></LinearRing></outerBoundaryIs></Polygon></Placemark>
<Placemark><name></name><styleUrl>#s</styleUrl><ExtendedData><Data name="ha"><value>485.2</value></Data><Data name="sup_m2"><value>4852100</value></Data></ExtendedData><Polygon><outerBoundaryIs><LinearRing><coordinates>-59.724909,-34.471556 -59.734133,-34.479417 -59.768441,-34.453626 -59.757675,-34.447850 -59.724909,-34.471556</coordinates></LinearRing></outerBoundaryIs></Polygon></Placemark>
<Placemark><name></name><styleUrl>#s</styleUrl><ExtendedData><Data name="ha"><value>729.9</value></Data><Data name="sup_m2"><value>7298715</value></Data></ExtendedData><Polygon><outerBoundaryIs><LinearRing><coordinates>-59.730883,-34.467235 -59.757675,-34.447850 -59.733811,-34.435042 -59.712978,-34.450245 -59.730883,-34.467235</coordinates></LinearRing></outerBoundaryIs></Polygon></Placemark>
<Placemark><name></name><styleUrl>#s</styleUrl><ExtendedData><Data name="ha"><value>332.1</value></Data><Data name="sup_m2"><value>3321471</value></Data></ExtendedData><Polygon><outerBoundaryIs><LinearRing><coordinates>-59.691480,-34.462616 -59.713220,-34.446989 -59.704117,-34.438410 -59.682402,-34.454453 -59.691480,-34.462616</coordinates></LinearRing></outerBoundaryIs></Polygon></Placemark>
<Placemark><name></name><styleUrl>#s</styleUrl><ExtendedData><Data name="ha"><value>934.6</value></Data><Data name="sup_m2"><value>9345958</value></Data></ExtendedData><Polygon><outerBoundaryIs><LinearRing><coordinates>-59.704117,-34.438410 -59.713220,-34.446989 -59.691480,-34.462616 -59.710111,-34.479362 -59.722857,-34.469807 -59.724909,-34.471556 -59.730883,-34.467235 -59.712978,-34.450245 -59.733811,-34.435042 -59.719252,-34.427223 -59.704117,-34.438410</coordinates></LinearRing></outerBoundaryIs></Polygon></Placemark>
<Placemark><name></name><styleUrl>#s</styleUrl><ExtendedData><Data name="ha"><value>353.0</value></Data><Data name="sup_m2"><value>3530023</value></Data></ExtendedData><Polygon><outerBoundaryIs><LinearRing><coordinates>-59.726414,-34.494006 -59.739356,-34.484092 -59.734133,-34.479417 -59.722857,-34.469807 -59.710111,-34.479362 -59.726414,-34.494006</coordinates></LinearRing></outerBoundaryIs></Polygon></Placemark>
<Placemark><name></name><styleUrl>#s</styleUrl><ExtendedData><Data name="ha"><value>584.2</value></Data><Data name="sup_m2"><value>5842010</value></Data></ExtendedData><Polygon><outerBoundaryIs><LinearRing><coordinates>-59.727197,-34.493362 -59.755917,-34.518924 -59.767823,-34.509561 -59.739356,-34.484092 -59.727197,-34.493362</coordinates></LinearRing></outerBoundaryIs></Polygon></Placemark>
<Placemark><name></name><styleUrl>#s</styleUrl><ExtendedData><Data name="ha"><value>541.9</value></Data><Data name="sup_m2"><value>5418925</value></Data></ExtendedData><Polygon><outerBoundaryIs><LinearRing><coordinates>-59.705256,-34.510059 -59.734286,-34.535927 -59.744264,-34.528086 -59.717400,-34.500847 -59.705256,-34.510059</coordinates></LinearRing></outerBoundaryIs></Polygon></Placemark>
<Placemark><name></name><styleUrl>#s</styleUrl><ExtendedData><Data name="ha"><value>161.0</value></Data><Data name="sup_m2"><value>1610263</value></Data></ExtendedData><Polygon><outerBoundaryIs><LinearRing><coordinates>-59.670224,-34.487913 -59.681258,-34.479722 -59.672418,-34.471721 -59.661628,-34.480550 -59.670224,-34.487913</coordinates></LinearRing></outerBoundaryIs></Polygon></Placemark>
<Placemark><name></name><styleUrl>#s</styleUrl><ExtendedData><Data name="ha"><value>247.0</value></Data><Data name="sup_m2"><value>2469964</value></Data></ExtendedData><Polygon><outerBoundaryIs><LinearRing><coordinates>-59.681258,-34.479722 -59.697275,-34.467826 -59.687696,-34.459214 -59.672418,-34.471721 -59.681258,-34.479722</coordinates></LinearRing></outerBoundaryIs></Polygon></Placemark>
<Placemark><name></name><styleUrl>#s</styleUrl><ExtendedData><Data name="ha"><value>255.8</value></Data><Data name="sup_m2"><value>2558256</value></Data></ExtendedData><Polygon><outerBoundaryIs><LinearRing><coordinates>-59.674780,-34.500195 -59.690740,-34.488301 -59.681258,-34.479722 -59.670224,-34.487913 -59.665177,-34.491779 -59.674780,-34.500195</coordinates></LinearRing></outerBoundaryIs></Polygon></Placemark>
<Placemark><name></name><styleUrl>#s</styleUrl><ExtendedData><Data name="ha"><value>254.9</value></Data><Data name="sup_m2"><value>2548882</value></Data></ExtendedData><Polygon><outerBoundaryIs><LinearRing><coordinates>-59.690740,-34.488301 -59.706764,-34.476353 -59.697275,-34.467826 -59.681258,-34.479722 -59.690740,-34.488301</coordinates></LinearRing></outerBoundaryIs></Polygon></Placemark>
<Placemark><name></name><styleUrl>#s</styleUrl><ExtendedData><Data name="ha"><value>530.3</value></Data><Data name="sup_m2"><value>5303456</value></Data></ExtendedData><Polygon><outerBoundaryIs><LinearRing><coordinates>-59.690740,-34.488301 -59.710445,-34.506123 -59.726414,-34.494006 -59.706764,-34.476353 -59.690740,-34.488301</coordinates></LinearRing></outerBoundaryIs></Polygon></Placemark>
<Placemark><name></name><styleUrl>#s</styleUrl><ExtendedData><Data name="ha"><value>259.8</value></Data><Data name="sup_m2"><value>2597680</value></Data></ExtendedData><Polygon><outerBoundaryIs><LinearRing><coordinates>-59.684769,-34.508947 -59.700394,-34.497034 -59.690740,-34.488301 -59.674780,-34.500195 -59.684769,-34.508947</coordinates></LinearRing></outerBoundaryIs></Polygon></Placemark>
<Placemark><name></name><styleUrl>#s</styleUrl><ExtendedData><Data name="ha"><value>264.7</value></Data><Data name="sup_m2"><value>2646754</value></Data></ExtendedData><Polygon><outerBoundaryIs><LinearRing><coordinates>-59.684769,-34.508947 -59.694957,-34.517870 -59.710445,-34.506123 -59.700394,-34.497034 -59.684769,-34.508947</coordinates></LinearRing></outerBoundaryIs></Polygon></Placemark>
<Placemark><name></name><styleUrl>#s</styleUrl><ExtendedData><Data name="ha"><value>264.9</value></Data><Data name="sup_m2"><value>2648504</value></Data></ExtendedData><Polygon><outerBoundaryIs><LinearRing><coordinates>-59.669791,-34.420393 -59.658465,-34.410198 -59.644607,-34.420445 -59.656125,-34.430813 -59.669791,-34.420393</coordinates></LinearRing></outerBoundaryIs></Polygon></Placemark>
<Placemark><name></name><styleUrl>#s</styleUrl><ExtendedData><Data name="ha"><value>278.8</value></Data><Data name="sup_m2"><value>2788464</value></Data></ExtendedData><Polygon><outerBoundaryIs><LinearRing><coordinates>-59.658465,-34.410198 -59.669791,-34.420393 -59.684981,-34.408807 -59.677957,-34.405030 -59.677096,-34.400906 -59.673300,-34.399260 -59.658465,-34.410198</coordinates></LinearRing></outerBoundaryIs></Polygon></Placemark>
<Placemark><name></name><styleUrl>#s</styleUrl><ExtendedData><Data name="ha"><value>262.4</value></Data><Data name="sup_m2"><value>2623531</value></Data></ExtendedData><Polygon><outerBoundaryIs><LinearRing><coordinates>-59.681694,-34.428847 -59.670800,-34.419624 -59.656125,-34.430813 -59.666429,-34.440086 -59.681694,-34.428847</coordinates></LinearRing></outerBoundaryIs></Polygon></Placemark>
<Placemark><name></name><styleUrl>#s</styleUrl><ExtendedData><Data name="ha"><value>280.5</value></Data><Data name="sup_m2"><value>2805257</value></Data></ExtendedData><Polygon><outerBoundaryIs><LinearRing><coordinates>-59.670800,-34.419624 -59.681694,-34.428847 -59.698808,-34.416239 -59.684981,-34.408807 -59.670800,-34.419624</coordinates></LinearRing></outerBoundaryIs></Polygon></Placemark>
<Placemark><name></name><styleUrl>#s</styleUrl><ExtendedData><Data name="ha"><value>1650.6</value></Data><Data name="sup_m2"><value>16505893</value></Data></ExtendedData><Polygon><outerBoundaryIs><LinearRing><coordinates>-59.624440,-34.448674 -59.661628,-34.480550 -59.687696,-34.459214 -59.652887,-34.427899 -59.624440,-34.448674</coordinates></LinearRing></outerBoundaryIs></Polygon></Placemark>
<Placemark><name></name><styleUrl>#s</styleUrl><ExtendedData><Data name="ha"><value>897.5</value></Data><Data name="sup_m2"><value>8975263</value></Data></ExtendedData><Polygon><outerBoundaryIs><LinearRing><coordinates>-59.607725,-34.436829 -59.614490,-34.442776 -59.616251,-34.441651 -59.624440,-34.448674 -59.652887,-34.427899 -59.644607,-34.420445 -59.646661,-34.418898 -59.630693,-34.405072 -59.629008,-34.407954 -59.625745,-34.410854 -59.625733,-34.413548 -59.624805,-34.417424 -59.622959,-34.423129 -59.623861,-34.425072 -59.607725,-34.436829</coordinates></LinearRing></outerBoundaryIs></Polygon></Placemark>
<Placemark><name></name><styleUrl>#s</styleUrl><ExtendedData><Data name="ha"><value>657.1</value></Data><Data name="sup_m2"><value>6571010</value></Data></ExtendedData><Polygon><outerBoundaryIs><LinearRing><coordinates>-59.671454,-34.551105 -59.681227,-34.543412 -59.643691,-34.509392 -59.633252,-34.517811 -59.671454,-34.551105</coordinates></LinearRing></outerBoundaryIs></Polygon></Placemark>
<Placemark><name></name><styleUrl>#s</styleUrl><ExtendedData><Data name="ha"><value>765.0</value></Data><Data name="sup_m2"><value>7650252</value></Data></ExtendedData><Polygon><outerBoundaryIs><LinearRing><coordinates>-59.716495,-34.549904 -59.657977,-34.497698 -59.650152,-34.504129 -59.709165,-34.555660 -59.716495,-34.549904</coordinates></LinearRing></outerBoundaryIs></Polygon></Placemark>
<Placemark><name></name><styleUrl>#s</styleUrl><ExtendedData><Data name="ha"><value>68.2</value></Data><Data name="sup_m2"><value>682294</value></Data></ExtendedData><Polygon><outerBoundaryIs><LinearRing><coordinates>-59.663348,-34.502494 -59.670665,-34.496589 -59.665177,-34.491779 -59.657977,-34.497698 -59.663348,-34.502494</coordinates></LinearRing></outerBoundaryIs></Polygon></Placemark>
<Placemark><name></name><styleUrl>#s</styleUrl><ExtendedData><Data name="ha"><value>68.9</value></Data><Data name="sup_m2"><value>689441</value></Data></ExtendedData><Polygon><outerBoundaryIs><LinearRing><coordinates>-59.668746,-34.507312 -59.676164,-34.501408 -59.670665,-34.496589 -59.663348,-34.502494 -59.668746,-34.507312</coordinates></LinearRing></outerBoundaryIs></Polygon></Placemark>
<Placemark><name></name><styleUrl>#s</styleUrl><ExtendedData><Data name="ha"><value>74.4</value></Data><Data name="sup_m2"><value>743620</value></Data></ExtendedData><Polygon><outerBoundaryIs><LinearRing><coordinates>-59.674578,-34.512518 -59.682000,-34.506521 -59.676164,-34.501408 -59.668746,-34.507312 -59.674578,-34.512518</coordinates></LinearRing></outerBoundaryIs></Polygon></Placemark>
<Placemark><name></name><styleUrl>#s</styleUrl><ExtendedData><Data name="ha"><value>72.3</value></Data><Data name="sup_m2"><value>723053</value></Data></ExtendedData><Polygon><outerBoundaryIs><LinearRing><coordinates>-59.680196,-34.517531 -59.687644,-34.511465 -59.682000,-34.506521 -59.674578,-34.512518 -59.680196,-34.517531</coordinates></LinearRing></outerBoundaryIs></Polygon></Placemark>
<Placemark><name></name><styleUrl>#s</styleUrl><ExtendedData><Data name="ha"><value>75.3</value></Data><Data name="sup_m2"><value>752902</value></Data></ExtendedData><Polygon><outerBoundaryIs><LinearRing><coordinates>-59.686006,-34.522715 -59.693475,-34.516573 -59.687644,-34.511465 -59.680196,-34.517531 -59.686006,-34.522715</coordinates></LinearRing></outerBoundaryIs></Polygon></Placemark>
<Placemark><name></name><styleUrl>#s</styleUrl><ExtendedData><Data name="ha"><value>406.5</value></Data><Data name="sup_m2"><value>4065469</value></Data></ExtendedData><Polygon><outerBoundaryIs><LinearRing><coordinates>-59.686006,-34.522715 -59.716495,-34.549904 -59.724431,-34.543670 -59.693475,-34.516573 -59.686006,-34.522715</coordinates></LinearRing></outerBoundaryIs></Polygon></Placemark>
<Placemark><name></name><styleUrl>#s</styleUrl><ExtendedData><Data name="ha"><value>193.2</value></Data><Data name="sup_m2"><value>1932062</value></Data></ExtendedData><Polygon><outerBoundaryIs><LinearRing><coordinates>-59.660248,-34.524403 -59.667221,-34.519044 -59.650152,-34.504129 -59.643691,-34.509392 -59.660248,-34.524403</coordinates></LinearRing></outerBoundaryIs></Polygon></Placemark>
<Placemark><name></name><styleUrl>#s</styleUrl><ExtendedData><Data name="ha"><value>518.3</value></Data><Data name="sup_m2"><value>5182756</value></Data></ExtendedData><Polygon><outerBoundaryIs><LinearRing><coordinates>-59.660248,-34.524403 -59.701445,-34.561721 -59.709165,-34.555660 -59.667221,-34.519044 -59.660248,-34.524403</coordinates></LinearRing></outerBoundaryIs></Polygon></Placemark>
<Placemark><name></name><styleUrl>#s</styleUrl><ExtendedData><Data name="ha"><value>523.9</value></Data><Data name="sup_m2"><value>5238556</value></Data></ExtendedData><Polygon><outerBoundaryIs><LinearRing><coordinates>-59.717400,-34.500847 -59.744264,-34.528086 -59.755917,-34.518924 -59.727197,-34.493362 -59.717400,-34.500847</coordinates></LinearRing></outerBoundaryIs></Polygon></Placemark>
<Placemark><name></name><styleUrl>#s</styleUrl><ExtendedData><Data name="ha"><value>496.8</value></Data><Data name="sup_m2"><value>4968432</value></Data></ExtendedData><Polygon><outerBoundaryIs><LinearRing><coordinates>-59.734286,-34.535927 -59.705256,-34.510059 -59.694957,-34.517870 -59.724431,-34.543670 -59.734286,-34.535927</coordinates></LinearRing></outerBoundaryIs></Polygon></Placemark>
<Placemark><name></name><styleUrl>#s</styleUrl><ExtendedData><Data name="ha"><value>171.8</value></Data><Data name="sup_m2"><value>1717516</value></Data></ExtendedData><Polygon><outerBoundaryIs><LinearRing><coordinates>-59.583508,-34.427143 -59.598690,-34.439930 -59.605377,-34.434764 -59.590484,-34.421666 -59.583508,-34.427143</coordinates></LinearRing></outerBoundaryIs></Polygon></Placemark>
<Placemark><name></name><styleUrl>#s</styleUrl><ExtendedData><Data name="ha"><value>121.5</value></Data><Data name="sup_m2"><value>1215322</value></Data></ExtendedData><Polygon><outerBoundaryIs><LinearRing><coordinates>-59.581367,-34.441223 -59.591055,-34.433501 -59.583508,-34.427143 -59.573951,-34.434644 -59.581367,-34.441223</coordinates></LinearRing></outerBoundaryIs></Polygon></Placemark>
<Placemark><name></name><styleUrl>#s</styleUrl><ExtendedData><Data name="ha"><value>123.0</value></Data><Data name="sup_m2"><value>1230275</value></Data></ExtendedData><Polygon><outerBoundaryIs><LinearRing><coordinates>-59.581367,-34.441223 -59.584071,-34.443507 -59.588697,-34.447645 -59.598690,-34.439930 -59.591055,-34.433501 -59.581367,-34.441223</coordinates></LinearRing></outerBoundaryIs></Polygon></Placemark>
<Placemark><name></name><styleUrl>#s</styleUrl><ExtendedData><Data name="ha"><value>253.6</value></Data><Data name="sup_m2"><value>2535889</value></Data></ExtendedData><Polygon><outerBoundaryIs><LinearRing><coordinates>-59.597672,-34.455507 -59.614490,-34.442776 -59.605377,-34.434764 -59.588697,-34.447645 -59.597672,-34.455507</coordinates></LinearRing></outerBoundaryIs></Polygon></Placemark>
<Placemark><name></name><styleUrl>#s</styleUrl><ExtendedData><Data name="ha"><value>439.2</value></Data><Data name="sup_m2"><value>4391670</value></Data></ExtendedData><Polygon><outerBoundaryIs><LinearRing><coordinates>-59.606136,-34.469232 -59.627441,-34.451248 -59.616251,-34.441651 -59.614490,-34.442776 -59.597672,-34.455507 -59.593884,-34.458835 -59.606136,-34.469232</coordinates></LinearRing></outerBoundaryIs></Polygon></Placemark>
<Placemark><name></name><styleUrl>#s</styleUrl><ExtendedData><Data name="ha"><value>448.5</value></Data><Data name="sup_m2"><value>4484927</value></Data></ExtendedData><Polygon><outerBoundaryIs><LinearRing><coordinates>-59.618328,-34.479576 -59.639627,-34.461696 -59.627441,-34.451248 -59.606136,-34.469232 -59.618328,-34.479576</coordinates></LinearRing></outerBoundaryIs></Polygon></Placemark>
<Placemark><name></name><styleUrl>#s</styleUrl><ExtendedData><Data name="ha"><value>268.8</value></Data><Data name="sup_m2"><value>2688485</value></Data></ExtendedData><Polygon><outerBoundaryIs><LinearRing><coordinates>-59.625739,-34.485861 -59.646870,-34.467904 -59.639627,-34.461696 -59.618328,-34.479576 -59.625739,-34.485861</coordinates></LinearRing></outerBoundaryIs></Polygon></Placemark>
<Placemark><name></name><styleUrl>#s</styleUrl><ExtendedData><Data name="ha"><value>418.4</value></Data><Data name="sup_m2"><value>4184150</value></Data></ExtendedData><Polygon><outerBoundaryIs><LinearRing><coordinates>-59.636921,-34.495341 -59.658551,-34.477914 -59.646870,-34.467904 -59.625739,-34.485861 -59.636921,-34.495341</coordinates></LinearRing></outerBoundaryIs></Polygon></Placemark>
<Placemark><name></name><styleUrl>#s</styleUrl><ExtendedData><Data name="ha"><value>425.4</value></Data><Data name="sup_m2"><value>4253910</value></Data></ExtendedData><Polygon><outerBoundaryIs><LinearRing><coordinates>-59.636921,-34.495341 -59.648717,-34.505339 -59.665177,-34.491779 -59.670224,-34.487913 -59.658551,-34.477914 -59.636921,-34.495341</coordinates></LinearRing></outerBoundaryIs></Polygon></Placemark>
<Placemark><name></name><styleUrl>#s</styleUrl><ExtendedData><Data name="ha"><value>578.5</value></Data><Data name="sup_m2"><value>5785146</value></Data></ExtendedData><Polygon><outerBoundaryIs><LinearRing><coordinates>-59.615144,-34.600406 -59.653649,-34.568024 -59.645090,-34.560893 -59.606155,-34.592731 -59.615144,-34.600406</coordinates></LinearRing></outerBoundaryIs></Polygon></Placemark>
<Placemark><name></name><styleUrl>#s</styleUrl><ExtendedData><Data name="ha"><value>1009.0</value></Data><Data name="sup_m2"><value>10090010</value></Data></ExtendedData><Polygon><outerBoundaryIs><LinearRing><coordinates>-59.638445,-34.580815 -59.651326,-34.591335 -59.684982,-34.562887 -59.664476,-34.545026 -59.645090,-34.560893 -59.653649,-34.568024 -59.638445,-34.580815</coordinates></LinearRing></outerBoundaryIs></Polygon></Placemark>
<Placemark><name></name><styleUrl>#s</styleUrl><ExtendedData><Data name="ha"><value>96.4</value></Data><Data name="sup_m2"><value>964420</value></Data></ExtendedData><Polygon><outerBoundaryIs><LinearRing><coordinates>-59.634132,-34.584442 -59.646778,-34.595177 -59.651326,-34.591335 -59.638445,-34.580815 -59.634132,-34.584442</coordinates></LinearRing></outerBoundaryIs></Polygon></Placemark>
<Placemark><name></name><styleUrl>#s</styleUrl><ExtendedData><Data name="ha"><value>104.5</value></Data><Data name="sup_m2"><value>1045324</value></Data></ExtendedData><Polygon><outerBoundaryIs><LinearRing><coordinates>-59.629287,-34.588516 -59.642024,-34.599193 -59.646778,-34.595177 -59.634132,-34.584442 -59.629287,-34.588516</coordinates></LinearRing></outerBoundaryIs></Polygon></Placemark>
<Placemark><name></name><styleUrl>#s</styleUrl><ExtendedData><Data name="ha"><value>107.5</value></Data><Data name="sup_m2"><value>1074706</value></Data></ExtendedData><Polygon><outerBoundaryIs><LinearRing><coordinates>-59.624391,-34.592633 -59.637060,-34.603385 -59.642024,-34.599193 -59.629287,-34.588516 -59.624391,-34.592633</coordinates></LinearRing></outerBoundaryIs></Polygon></Placemark>
<Placemark><name></name><styleUrl>#s</styleUrl><ExtendedData><Data name="ha"><value>100.7</value></Data><Data name="sup_m2"><value>1006827</value></Data></ExtendedData><Polygon><outerBoundaryIs><LinearRing><coordinates>-59.619693,-34.596583 -59.632526,-34.607213 -59.637060,-34.603385 -59.624391,-34.592633 -59.619693,-34.596583</coordinates></LinearRing></outerBoundaryIs></Polygon></Placemark>
<Placemark><name></name><styleUrl>#s</styleUrl><ExtendedData><Data name="ha"><value>101.3</value></Data><Data name="sup_m2"><value>1012593</value></Data></ExtendedData><Polygon><outerBoundaryIs><LinearRing><coordinates>-59.632526,-34.607213 -59.619693,-34.596583 -59.615144,-34.600406 -59.627797,-34.611206 -59.632526,-34.607213</coordinates></LinearRing></outerBoundaryIs></Polygon></Placemark>
<Placemark><name></name><styleUrl>#s</styleUrl><ExtendedData><Data name="ha"><value>178.2</value></Data><Data name="sup_m2"><value>1782230</value></Data></ExtendedData><Polygon><outerBoundaryIs><LinearRing><coordinates>-59.652748,-34.599922 -59.646778,-34.595177 -59.627797,-34.611206 -59.632848,-34.615517 -59.652748,-34.599922</coordinates></LinearRing></outerBoundaryIs></Polygon></Placemark>
<Placemark><name></name><styleUrl>#s</styleUrl><ExtendedData><Data name="ha"><value>425.6</value></Data><Data name="sup_m2"><value>4255998</value></Data></ExtendedData><Polygon><outerBoundaryIs><LinearRing><coordinates>-59.646778,-34.595177 -59.652748,-34.599922 -59.692083,-34.569069 -59.684982,-34.562887 -59.646778,-34.595177</coordinates></LinearRing></outerBoundaryIs></Polygon></Placemark>
<Placemark><name></name><styleUrl>#s</styleUrl><ExtendedData><Data name="ha"><value>146.6</value></Data><Data name="sup_m2"><value>1465944</value></Data></ExtendedData><Polygon><outerBoundaryIs><LinearRing><coordinates>-59.576579,-34.449568 -59.584071,-34.443507 -59.581367,-34.441223 -59.573951,-34.434644 -59.565454,-34.441388 -59.575697,-34.450373 -59.576579,-34.449568</coordinates></LinearRing></outerBoundaryIs></Polygon></Placemark>
<Placemark><name></name><styleUrl>#s</styleUrl><ExtendedData><Data name="ha"><value>175.4</value></Data><Data name="sup_m2"><value>1754144</value></Data></ExtendedData><Polygon><outerBoundaryIs><LinearRing><coordinates>-59.576579,-34.449568 -59.590375,-34.461572 -59.593884,-34.458835 -59.597672,-34.455507 -59.588697,-34.447645 -59.584071,-34.443507 -59.576579,-34.449568</coordinates></LinearRing></outerBoundaryIs></Polygon></Placemark>
<Placemark><name></name><styleUrl>#s</styleUrl><ExtendedData><Data name="ha"><value>130.8</value></Data><Data name="sup_m2"><value>1307704</value></Data></ExtendedData><Polygon><outerBoundaryIs><LinearRing><coordinates>-59.571548,-34.460541 -59.577032,-34.456600 -59.586597,-34.464518 -59.590375,-34.461572 -59.576579,-34.449568 -59.575697,-34.450373 -59.567079,-34.456808 -59.571548,-34.460541</coordinates></LinearRing></outerBoundaryIs></Polygon></Placemark>
<Placemark><name></name><styleUrl>#s</styleUrl><ExtendedData><Data name="ha"><value>177.6</value></Data><Data name="sup_m2"><value>1775776</value></Data></ExtendedData><Polygon><outerBoundaryIs><LinearRing><coordinates>-59.571548,-34.460541 -59.572520,-34.461353 -59.566111,-34.466616 -59.574736,-34.473768 -59.586597,-34.464518 -59.577032,-34.456600 -59.571548,-34.460541</coordinates></LinearRing></outerBoundaryIs></Polygon></Placemark>
<Placemark><name></name><styleUrl>#s</styleUrl><ExtendedData><Data name="ha"><value>144.6</value></Data><Data name="sup_m2"><value>1446016</value></Data></ExtendedData><Polygon><outerBoundaryIs><LinearRing><coordinates>-59.557020,-34.447904 -59.567079,-34.456808 -59.575697,-34.450373 -59.565357,-34.441388 -59.557020,-34.447904</coordinates></LinearRing></outerBoundaryIs></Polygon></Placemark>
<Placemark><name></name><styleUrl>#s</styleUrl><ExtendedData><Data name="ha"><value>164.2</value></Data><Data name="sup_m2"><value>1642292</value></Data></ExtendedData><Polygon><outerBoundaryIs><LinearRing><coordinates>-59.567079,-34.456808 -59.557020,-34.447904 -59.553232,-34.450859 -59.554391,-34.456893 -59.566111,-34.466616 -59.572520,-34.461353 -59.567079,-34.456808</coordinates></LinearRing></outerBoundaryIs></Polygon></Placemark>
<Placemark><name></name><styleUrl>#s</styleUrl><ExtendedData><Data name="ha"><value>302.7</value></Data><Data name="sup_m2"><value>3026843</value></Data></ExtendedData><Polygon><outerBoundaryIs><LinearRing><coordinates>-59.580120,-34.469570 -59.593819,-34.480941 -59.606987,-34.469954 -59.593884,-34.458835 -59.580120,-34.469570</coordinates></LinearRing></outerBoundaryIs></Polygon></Placemark>
<Placemark><name></name><styleUrl>#s</styleUrl><ExtendedData><Data name="ha"><value>86.6</value></Data><Data name="sup_m2"><value>866136</value></Data></ExtendedData><Polygon><outerBoundaryIs><LinearRing><coordinates>-59.572625,-34.485678 -59.586404,-34.474787 -59.580120,-34.469570 -59.574736,-34.473768 -59.578573,-34.476949 -59.571604,-34.482672 -59.572625,-34.485678</coordinates></LinearRing></outerBoundaryIs></Polygon></Placemark>
<Placemark><name></name><styleUrl>#s</styleUrl><ExtendedData><Data name="ha"><value>98.9</value></Data><Data name="sup_m2"><value>989266</value></Data></ExtendedData><Polygon><outerBoundaryIs><LinearRing><coordinates>-59.578450,-34.481075 -59.586048,-34.487423 -59.593819,-34.480941 -59.586404,-34.474787 -59.578450,-34.481075</coordinates></LinearRing></outerBoundaryIs></Polygon></Placemark>
<Placemark><name></name><styleUrl>#s</styleUrl><ExtendedData><Data name="ha"><value>102.6</value></Data><Data name="sup_m2"><value>1025770</value></Data></ExtendedData><Polygon><outerBoundaryIs><LinearRing><coordinates>-59.586048,-34.487423 -59.578450,-34.481075 -59.572625,-34.485678 -59.576049,-34.495761 -59.586048,-34.487423</coordinates></LinearRing></outerBoundaryIs></Polygon></Placemark>
<Placemark><name></name><styleUrl>#s</styleUrl><ExtendedData><Data name="ha"><value>41.1</value></Data><Data name="sup_m2"><value>410810</value></Data></ExtendedData><Polygon><outerBoundaryIs><LinearRing><coordinates>-59.605106,-34.471524 -59.618678,-34.482727 -59.620387,-34.481322 -59.606987,-34.469954 -59.605106,-34.471524</coordinates></LinearRing></outerBoundaryIs></Polygon></Placemark>
<Placemark><name></name><styleUrl>#s</styleUrl><ExtendedData><Data name="ha"><value>458.7</value></Data><Data name="sup_m2"><value>4586856</value></Data></ExtendedData><Polygon><outerBoundaryIs><LinearRing><coordinates>-59.584962,-34.488329 -59.598472,-34.499327 -59.618678,-34.482727 -59.605106,-34.471524 -59.584962,-34.488329</coordinates></LinearRing></outerBoundaryIs></Polygon></Placemark>
<Placemark><name></name><styleUrl>#s</styleUrl><ExtendedData><Data name="ha"><value>217.2</value></Data><Data name="sup_m2"><value>2171567</value></Data></ExtendedData><Polygon><outerBoundaryIs><LinearRing><coordinates>-59.575180,-34.496475 -59.588976,-34.507126 -59.598472,-34.499327 -59.584962,-34.488329 -59.575180,-34.496475</coordinates></LinearRing></outerBoundaryIs></Polygon></Placemark>
<Placemark><name></name><styleUrl>#s</styleUrl><ExtendedData><Data name="ha"><value>67.1</value></Data><Data name="sup_m2"><value>671349</value></Data></ExtendedData><Polygon><outerBoundaryIs><LinearRing><coordinates>-59.579303,-34.515066 -59.565816,-34.504162 -59.562804,-34.506634 -59.576317,-34.517517 -59.579303,-34.515066</coordinates></LinearRing></outerBoundaryIs></Polygon></Placemark>
<Placemark><name></name><styleUrl>#s</styleUrl><ExtendedData><Data name="ha"><value>213.1</value></Data><Data name="sup_m2"><value>2131029</value></Data></ExtendedData><Polygon><outerBoundaryIs><LinearRing><coordinates>-59.565816,-34.504162 -59.579303,-34.515066 -59.588976,-34.507126 -59.575180,-34.496475 -59.565816,-34.504162</coordinates></LinearRing></outerBoundaryIs></Polygon></Placemark>
<Placemark><name></name><styleUrl>#s</styleUrl><ExtendedData><Data name="ha"><value>179.2</value></Data><Data name="sup_m2"><value>1791715</value></Data></ExtendedData><Polygon><outerBoundaryIs><LinearRing><coordinates>-59.598038,-34.585799 -59.612530,-34.573793 -59.605282,-34.567609 -59.590842,-34.579652 -59.598038,-34.585799</coordinates></LinearRing></outerBoundaryIs></Polygon></Placemark>
<Placemark><name></name><styleUrl>#s</styleUrl><ExtendedData><Data name="ha"><value>481.4</value></Data><Data name="sup_m2"><value>4814442</value></Data></ExtendedData><Polygon><outerBoundaryIs><LinearRing><coordinates>-59.605282,-34.567609 -59.612530,-34.573793 -59.598038,-34.585799 -59.606155,-34.592731 -59.631151,-34.572295 -59.615898,-34.558752 -59.605282,-34.567609</coordinates></LinearRing></outerBoundaryIs></Polygon></Placemark>
<Placemark><name></name><styleUrl>#s</styleUrl><ExtendedData><Data name="ha"><value>700.3</value></Data><Data name="sup_m2"><value>7003190</value></Data></ExtendedData><Polygon><outerBoundaryIs><LinearRing><coordinates>-59.629664,-34.547263 -59.615898,-34.558752 -59.631151,-34.572295 -59.664476,-34.545026 -59.654656,-34.536470 -59.635378,-34.552026 -59.629664,-34.547263</coordinates></LinearRing></outerBoundaryIs></Polygon></Placemark>
<Placemark><name></name><styleUrl>#s</styleUrl><ExtendedData><Data name="ha"><value>49.7</value></Data><Data name="sup_m2"><value>497075</value></Data></ExtendedData><Polygon><outerBoundaryIs><LinearRing><coordinates>-59.640477,-34.547913 -59.634815,-34.542963 -59.629664,-34.547263 -59.635378,-34.552026 -59.640477,-34.547913</coordinates></LinearRing></outerBoundaryIs></Polygon></Placemark>
<Placemark><name></name><styleUrl>#s</styleUrl><ExtendedData><Data name="ha"><value>140.2</value></Data><Data name="sup_m2"><value>1402261</value></Data></ExtendedData><Polygon><outerBoundaryIs><LinearRing><coordinates>-59.634815,-34.542963 -59.640477,-34.547913 -59.654656,-34.536470 -59.648752,-34.531324 -59.634815,-34.542963</coordinates></LinearRing></outerBoundaryIs></Polygon></Placemark>
<Placemark><name></name><styleUrl>#s</styleUrl><ExtendedData><Data name="ha"><value>2092.8</value></Data><Data name="sup_m2"><value>20927896</value></Data></ExtendedData><Polygon><outerBoundaryIs><LinearRing><coordinates>-59.605100,-34.540685 -59.633252,-34.517811 -59.648717,-34.505339 -59.620387,-34.481322 -59.576317,-34.517517 -59.605100,-34.540685</coordinates></LinearRing></outerBoundaryIs></Polygon></Placemark>
<Placemark><name></name><styleUrl>#s</styleUrl><ExtendedData><Data name="ha"><value>188.8</value></Data><Data name="sup_m2"><value>1887945</value></Data></ExtendedData><Polygon><outerBoundaryIs><LinearRing><coordinates>-59.631651,-34.535030 -59.633044,-34.534029 -59.639204,-34.539299 -59.648752,-34.531324 -59.638171,-34.522100 -59.627156,-34.530707 -59.631651,-34.535030</coordinates></LinearRing></outerBoundaryIs></Polygon></Placemark>
<Placemark><name></name><styleUrl>#s</styleUrl><ExtendedData><Data name="ha"><value>306.4</value></Data><Data name="sup_m2"><value>3063722</value></Data></ExtendedData><Polygon><outerBoundaryIs><LinearRing><coordinates>-59.631651,-34.535030 -59.604459,-34.557932 -59.610340,-34.563390 -59.639204,-34.539299 -59.633044,-34.534029 -59.631651,-34.535030</coordinates></LinearRing></outerBoundaryIs></Polygon></Placemark>
<Placemark><name></name><styleUrl>#s</styleUrl><ExtendedData><Data name="ha"><value>396.2</value></Data><Data name="sup_m2"><value>3962102</value></Data></ExtendedData><Polygon><outerBoundaryIs><LinearRing><coordinates>-59.604459,-34.557932 -59.598751,-34.553316 -59.579070,-34.569592 -59.590842,-34.579652 -59.610340,-34.563390 -59.604459,-34.557932</coordinates></LinearRing></outerBoundaryIs></Polygon></Placemark>
<Placemark><name></name><styleUrl>#s</styleUrl><ExtendedData><Data name="ha"><value>146.5</value></Data><Data name="sup_m2"><value>1465492</value></Data></ExtendedData><Polygon><outerBoundaryIs><LinearRing><coordinates>-59.597991,-34.553945 -59.593490,-34.550159 -59.574478,-34.565667 -59.579070,-34.569592 -59.597991,-34.553945</coordinates></LinearRing></outerBoundaryIs></Polygon></Placemark>
<Placemark><name></name><styleUrl>#s</styleUrl><ExtendedData><Data name="ha"><value>198.8</value></Data><Data name="sup_m2"><value>1987759</value></Data></ExtendedData><Polygon><outerBoundaryIs><LinearRing><coordinates>-59.593490,-34.550159 -59.597991,-34.553945 -59.598751,-34.553316 -59.599270,-34.553749 -59.622278,-34.534571 -59.617867,-34.530314 -59.593490,-34.550159</coordinates></LinearRing></outerBoundaryIs></Polygon></Placemark>
<Placemark><name></name><styleUrl>#s</styleUrl><ExtendedData><Data name="ha"><value>170.3</value></Data><Data name="sup_m2"><value>1703221</value></Data></ExtendedData><Polygon><outerBoundaryIs><LinearRing><coordinates>-59.624110,-34.541384 -59.619231,-34.537112 -59.599270,-34.553749 -59.604459,-34.557932 -59.624110,-34.541384</coordinates></LinearRing></outerBoundaryIs></Polygon></Placemark>
<Placemark><name></name><styleUrl>#s</styleUrl><ExtendedData><Data name="ha"><value>191.7</value></Data><Data name="sup_m2"><value>1917103</value></Data></ExtendedData><Polygon><outerBoundaryIs><LinearRing><coordinates>-59.619231,-34.537112 -59.624110,-34.541384 -59.631651,-34.535030 -59.627156,-34.530707 -59.638171,-34.522100 -59.633252,-34.517811 -59.617867,-34.530314 -59.622278,-34.534571 -59.619231,-34.537112</coordinates></LinearRing></outerBoundaryIs></Polygon></Placemark>
<Placemark><name></name><styleUrl>#s</styleUrl><ExtendedData><Data name="ha"><value>333.0</value></Data><Data name="sup_m2"><value>3330389</value></Data></ExtendedData><Polygon><outerBoundaryIs><LinearRing><coordinates>-59.671454,-34.551105 -59.692083,-34.569069 -59.701445,-34.561721 -59.681227,-34.543412 -59.671454,-34.551105</coordinates></LinearRing></outerBoundaryIs></Polygon></Placemark>
<Placemark><name></name><styleUrl>#s</styleUrl><ExtendedData><Data name="ha"><value>781.8</value></Data><Data name="sup_m2"><value>7818243</value></Data></ExtendedData><Polygon><outerBoundaryIs><LinearRing><coordinates>-59.607725,-34.436829 -59.623861,-34.425072 -59.622959,-34.423129 -59.624805,-34.417424 -59.625733,-34.413548 -59.625745,-34.410854 -59.629008,-34.407954 -59.630693,-34.405072 -59.622023,-34.397561 -59.607700,-34.408146 -59.590484,-34.421666 -59.607725,-34.436829</coordinates></LinearRing></outerBoundaryIs></Polygon></Placemark>
<Placemark><name></name><styleUrl>#s</styleUrl><ExtendedData><Data name="ha"><value>97.6</value></Data><Data name="sup_m2"><value>975615</value></Data></ExtendedData><Polygon><outerBoundaryIs><LinearRing><coordinates>-59.556977,-34.472187 -59.568950,-34.468970 -59.554391,-34.456893 -59.556977,-34.472187</coordinates></LinearRing></outerBoundaryIs></Polygon></Placemark>
<Placemark><name></name><styleUrl>#s</styleUrl><ExtendedData><Data name="ha"><value>102.7</value></Data><Data name="sup_m2"><value>1026641</value></Data></ExtendedData><Polygon><outerBoundaryIs><LinearRing><coordinates>-59.558189,-34.479356 -59.574736,-34.473768 -59.568950,-34.468970 -59.556977,-34.472187 -59.558189,-34.479356</coordinates></LinearRing></outerBoundaryIs></Polygon></Placemark>
<Placemark><name></name><styleUrl>#s</styleUrl><ExtendedData><Data name="ha"><value>113.9</value></Data><Data name="sup_m2"><value>1139444</value></Data></ExtendedData><Polygon><outerBoundaryIs><LinearRing><coordinates>-59.558952,-34.483868 -59.571035,-34.482067 -59.571604,-34.482672 -59.578573,-34.476949 -59.574736,-34.473768 -59.558189,-34.479356 -59.558952,-34.483868</coordinates></LinearRing></outerBoundaryIs></Polygon></Placemark>
<Placemark><name></name><styleUrl>#s</styleUrl><ExtendedData><Data name="ha"><value>266.3</value></Data><Data name="sup_m2"><value>2662762</value></Data></ExtendedData><Polygon><outerBoundaryIs><LinearRing><coordinates>-59.558952,-34.483868 -59.562804,-34.506634 -59.576049,-34.495761 -59.571604,-34.482672 -59.571035,-34.482067 -59.558952,-34.483868</coordinates></LinearRing></outerBoundaryIs></Polygon></Placemark>
<Placemark><name></name><styleUrl>#s</styleUrl><ExtendedData><Data name="ha"><value>160.1</value></Data><Data name="sup_m2"><value>1601113</value></Data></ExtendedData><Polygon><outerBoundaryIs><LinearRing><coordinates>-59.546643,-34.471723 -59.544403,-34.458631 -59.525317,-34.472070 -59.528908,-34.474842 -59.528675,-34.473409 -59.546643,-34.471723</coordinates></LinearRing></outerBoundaryIs></Polygon></Placemark>
<Placemark><name></name><styleUrl>#s</styleUrl><ExtendedData><Data name="ha"><value>173.9</value></Data><Data name="sup_m2"><value>1739470</value></Data></ExtendedData><Polygon><outerBoundaryIs><LinearRing><coordinates>-59.544403,-34.458631 -59.546643,-34.471723 -59.556738,-34.470775 -59.554391,-34.456893 -59.553232,-34.450859 -59.547069,-34.455666 -59.547578,-34.456395 -59.544403,-34.458631</coordinates></LinearRing></outerBoundaryIs></Polygon></Placemark>
<Placemark><name></name><styleUrl>#s</styleUrl><ExtendedData><Data name="ha"><value>433.0</value></Data><Data name="sup_m2"><value>4330313</value></Data></ExtendedData><Polygon><outerBoundaryIs><LinearRing><coordinates>-59.547271,-34.471665 -59.550419,-34.492479 -59.554590,-34.514995 -59.564327,-34.513861 -59.562804,-34.506634 -59.556738,-34.470775 -59.547271,-34.471665</coordinates></LinearRing></outerBoundaryIs></Polygon></Placemark>
<Placemark><name></name><styleUrl>#s</styleUrl><ExtendedData><Data name="ha"><value>127.9</value></Data><Data name="sup_m2"><value>1278747</value></Data></ExtendedData><Polygon><outerBoundaryIs><LinearRing><coordinates>-59.544170,-34.471956 -59.551644,-34.515338 -59.554590,-34.514995 -59.550419,-34.492479 -59.547271,-34.471665 -59.544170,-34.471956</coordinates></LinearRing></outerBoundaryIs></Polygon></Placemark>
<Placemark><name></name><styleUrl>#s</styleUrl><ExtendedData><Data name="ha"><value>189.6</value></Data><Data name="sup_m2"><value>1896395</value></Data></ExtendedData><Polygon><outerBoundaryIs><LinearRing><coordinates>-59.530552,-34.485238 -59.546186,-34.483664 -59.544170,-34.471956 -59.528675,-34.473409 -59.530552,-34.485238</coordinates></LinearRing></outerBoundaryIs></Polygon></Placemark>
<Placemark><name></name><styleUrl>#s</styleUrl><ExtendedData><Data name="ha"><value>123.4</value></Data><Data name="sup_m2"><value>1233827</value></Data></ExtendedData><Polygon><outerBoundaryIs><LinearRing><coordinates>-59.531573,-34.491688 -59.547691,-34.492398 -59.546186,-34.483664 -59.530552,-34.485238 -59.531573,-34.491688</coordinates></LinearRing></outerBoundaryIs></Polygon></Placemark>
<Placemark><name></name><styleUrl>#s</styleUrl><ExtendedData><Data name="ha"><value>177.0</value></Data><Data name="sup_m2"><value>1770002</value></Data></ExtendedData><Polygon><outerBoundaryIs><LinearRing><coordinates>-59.533475,-34.503707 -59.549344,-34.501993 -59.547691,-34.492398 -59.531573,-34.491688 -59.533475,-34.503707</coordinates></LinearRing></outerBoundaryIs></Polygon></Placemark>
<Placemark><name></name><styleUrl>#s</styleUrl><ExtendedData><Data name="ha"><value>41.9</value></Data><Data name="sup_m2"><value>419111</value></Data></ExtendedData><Polygon><outerBoundaryIs><LinearRing><coordinates>-59.535205,-34.514630 -59.535612,-34.517203 -59.551644,-34.515338 -59.551218,-34.512869 -59.535205,-34.514630</coordinates></LinearRing></outerBoundaryIs></Polygon></Placemark>
<Placemark><name></name><styleUrl>#s</styleUrl><ExtendedData><Data name="ha"><value>180.2</value></Data><Data name="sup_m2"><value>1801964</value></Data></ExtendedData><Polygon><outerBoundaryIs><LinearRing><coordinates>-59.535205,-34.514630 -59.551218,-34.512869 -59.549344,-34.501993 -59.533475,-34.503707 -59.535205,-34.514630</coordinates></LinearRing></outerBoundaryIs></Polygon></Placemark>
<Placemark><name></name><styleUrl>#s</styleUrl><ExtendedData><Data name="ha"><value>619.7</value></Data><Data name="sup_m2"><value>6196690</value></Data></ExtendedData><Polygon><outerBoundaryIs><LinearRing><coordinates>-59.542244,-34.547884 -59.552416,-34.556490 -59.590105,-34.528618 -59.579431,-34.520024 -59.548290,-34.543568 -59.542244,-34.547884</coordinates></LinearRing></outerBoundaryIs></Polygon></Placemark>
<Placemark><name></name><styleUrl>#s</styleUrl><ExtendedData><Data name="ha"><value>1015.1</value></Data><Data name="sup_m2"><value>10150817</value></Data></ExtendedData><Polygon><outerBoundaryIs><LinearRing><coordinates>-59.517071,-34.590887 -59.556564,-34.560336 -59.552416,-34.556490 -59.542244,-34.547884 -59.518651,-34.564718 -59.502571,-34.575555 -59.498265,-34.577818 -59.506602,-34.581917 -59.517071,-34.590887</coordinates></LinearRing></outerBoundaryIs></Polygon></Placemark>
<Placemark><name></name><styleUrl>#s</styleUrl><ExtendedData><Data name="ha"><value>558.1</value></Data><Data name="sup_m2"><value>5581419</value></Data></ExtendedData><Polygon><outerBoundaryIs><LinearRing><coordinates>-59.521320,-34.594527 -59.524670,-34.597396 -59.570368,-34.562154 -59.574478,-34.565667 -59.605100,-34.540685 -59.599248,-34.535976 -59.521320,-34.594527</coordinates></LinearRing></outerBoundaryIs></Polygon></Placemark>
<Placemark><name></name><styleUrl>#s</styleUrl><ExtendedData><Data name="ha"><value>851.7</value></Data><Data name="sup_m2"><value>8516886</value></Data></ExtendedData><Polygon><outerBoundaryIs><LinearRing><coordinates>-59.521320,-34.594527 -59.599248,-34.535976 -59.590105,-34.528618 -59.552416,-34.556490 -59.556564,-34.560336 -59.517071,-34.590887 -59.521320,-34.594527</coordinates></LinearRing></outerBoundaryIs></Polygon></Placemark>
<Placemark><name></name><styleUrl>#s</styleUrl><ExtendedData><Data name="ha"><value>117.7</value></Data><Data name="sup_m2"><value>1177156</value></Data></ExtendedData><Polygon><outerBoundaryIs><LinearRing><coordinates>-59.482733,-34.570181 -59.497298,-34.552403 -59.492825,-34.549915 -59.479356,-34.566299 -59.479197,-34.568441 -59.482733,-34.570181</coordinates></LinearRing></outerBoundaryIs></Polygon></Placemark>
<Placemark><name></name><styleUrl>#s</styleUrl><ExtendedData><Data name="ha"><value>116.8</value></Data><Data name="sup_m2"><value>1167766</value></Data></ExtendedData><Polygon><outerBoundaryIs><LinearRing><coordinates>-59.487257,-34.572406 -59.501853,-34.554938 -59.497298,-34.552403 -59.482733,-34.570181 -59.487257,-34.572406</coordinates></LinearRing></outerBoundaryIs></Polygon></Placemark>
<Placemark><name></name><styleUrl>#s</styleUrl><ExtendedData><Data name="ha"><value>114.8</value></Data><Data name="sup_m2"><value>1148387</value></Data></ExtendedData><Polygon><outerBoundaryIs><LinearRing><coordinates>-59.491641,-34.574561 -59.506499,-34.557523 -59.501853,-34.554938 -59.487257,-34.572406 -59.491641,-34.574561</coordinates></LinearRing></outerBoundaryIs></Polygon></Placemark>
<Placemark><name></name><styleUrl>#s</styleUrl><ExtendedData><Data name="ha"><value>120.3</value></Data><Data name="sup_m2"><value>1202570</value></Data></ExtendedData><Polygon><outerBoundaryIs><LinearRing><coordinates>-59.496664,-34.577031 -59.498265,-34.577818 -59.502571,-34.575555 -59.518994,-34.564474 -59.511475,-34.560292 -59.496664,-34.577031</coordinates></LinearRing></outerBoundaryIs></Polygon></Placemark>
<Placemark><name></name><styleUrl>#s</styleUrl><ExtendedData><Data name="ha"><value>125.5</value></Data><Data name="sup_m2"><value>1255102</value></Data></ExtendedData><Polygon><outerBoundaryIs><LinearRing><coordinates>-59.496664,-34.577031 -59.511475,-34.560292 -59.506499,-34.557523 -59.491641,-34.574561 -59.496664,-34.577031</coordinates></LinearRing></outerBoundaryIs></Polygon></Placemark>
<Placemark><name></name><styleUrl>#s</styleUrl><ExtendedData><Data name="ha"><value>593.0</value></Data><Data name="sup_m2"><value>5929883</value></Data></ExtendedData><Polygon><outerBoundaryIs><LinearRing><coordinates>-59.513617,-34.524608 -59.548398,-34.543486 -59.561568,-34.533532 -59.531601,-34.517483 -59.518184,-34.519047 -59.513617,-34.524608</coordinates></LinearRing></outerBoundaryIs></Polygon></Placemark>
<Placemark><name></name><styleUrl>#s</styleUrl><ExtendedData><Data name="ha"><value>1145.7</value></Data><Data name="sup_m2"><value>11456520</value></Data></ExtendedData><Polygon><outerBoundaryIs><LinearRing><coordinates>-59.548398,-34.543486 -59.513617,-34.524608 -59.492825,-34.549915 -59.518994,-34.564474 -59.548398,-34.543486</coordinates></LinearRing></outerBoundaryIs></Polygon></Placemark>
<Placemark><name></name><styleUrl>#s</styleUrl><ExtendedData><Data name="ha"><value>530.9</value></Data><Data name="sup_m2"><value>5308521</value></Data></ExtendedData><Polygon><outerBoundaryIs><LinearRing><coordinates>-59.535612,-34.517203 -59.531601,-34.517483 -59.561568,-34.533532 -59.579431,-34.520024 -59.562804,-34.506634 -59.564327,-34.513861 -59.535612,-34.517203</coordinates></LinearRing></outerBoundaryIs></Polygon></Placemark>
<Placemark><name></name><styleUrl>#s</styleUrl><ExtendedData><Data name="ha"><value>581.9</value></Data><Data name="sup_m2"><value>5819294</value></Data></ExtendedData><Polygon><outerBoundaryIs><LinearRing><coordinates>-59.485578,-34.497023 -59.491955,-34.504233 -59.518184,-34.519047 -59.522388,-34.518557 -59.517900,-34.489253 -59.505356,-34.497823 -59.497764,-34.490608 -59.485578,-34.497023</coordinates></LinearRing></outerBoundaryIs></Polygon></Placemark>
<Placemark><name></name><styleUrl>#s</styleUrl><ExtendedData><Data name="ha"><value>182.7</value></Data><Data name="sup_m2"><value>1826984</value></Data></ExtendedData><Polygon><outerBoundaryIs><LinearRing><coordinates>-59.520335,-34.505157 -59.522388,-34.518557 -59.531601,-34.517483 -59.535612,-34.517203 -59.533475,-34.503707 -59.520335,-34.505157</coordinates></LinearRing></outerBoundaryIs></Polygon></Placemark>
<Placemark><name></name><styleUrl>#s</styleUrl><ExtendedData><Data name="ha"><value>136.5</value></Data><Data name="sup_m2"><value>1364852</value></Data></ExtendedData><Polygon><outerBoundaryIs><LinearRing><coordinates>-59.518788,-34.495055 -59.520335,-34.505157 -59.533475,-34.503707 -59.531895,-34.493726 -59.518788,-34.495055</coordinates></LinearRing></outerBoundaryIs></Polygon></Placemark>
<Placemark><name></name><styleUrl>#s</styleUrl><ExtendedData><Data name="ha"><value>287.5</value></Data><Data name="sup_m2"><value>2874925</value></Data></ExtendedData><Polygon><outerBoundaryIs><LinearRing><coordinates>-59.497764,-34.490608 -59.505356,-34.497823 -59.517900,-34.489253 -59.527133,-34.482680 -59.519544,-34.474892 -59.497764,-34.490608</coordinates></LinearRing></outerBoundaryIs></Polygon></Placemark>
<Placemark><name></name><styleUrl>#s</styleUrl><ExtendedData><Data name="ha"><value>109.5</value></Data><Data name="sup_m2"><value>1094920</value></Data></ExtendedData><Polygon><outerBoundaryIs><LinearRing><coordinates>-59.522886,-34.485703 -59.517900,-34.489253 -59.518788,-34.495055 -59.531895,-34.493726 -59.530552,-34.485238 -59.522886,-34.485703</coordinates></LinearRing></outerBoundaryIs></Polygon></Placemark>
<Placemark><name></name><styleUrl>#s</styleUrl><ExtendedData><Data name="ha"><value>23.7</value></Data><Data name="sup_m2"><value>236997</value></Data></ExtendedData><Polygon><outerBoundaryIs><LinearRing><coordinates>-59.525109,-34.480603 -59.527133,-34.482680 -59.522886,-34.485703 -59.530552,-34.485238 -59.529767,-34.480272 -59.525109,-34.480603</coordinates></LinearRing></outerBoundaryIs></Polygon></Placemark>
<Placemark><name></name><styleUrl>#s</styleUrl><ExtendedData><Data name="ha"><value>406.8</value></Data><Data name="sup_m2"><value>4067854</value></Data></ExtendedData><Polygon><outerBoundaryIs><LinearRing><coordinates>-59.525109,-34.480603 -59.529767,-34.480272 -59.528908,-34.474842 -59.525317,-34.472070 -59.518691,-34.466286 -59.513842,-34.469539 -59.481498,-34.492621 -59.485578,-34.497023 -59.497764,-34.490608 -59.519544,-34.474892 -59.525109,-34.480603</coordinates></LinearRing></outerBoundaryIs></Polygon></Placemark>
<Placemark><name></name><styleUrl>#s</styleUrl><ExtendedData><Data name="ha"><value>475.0</value></Data><Data name="sup_m2"><value>4749723</value></Data></ExtendedData><Polygon><outerBoundaryIs><LinearRing><coordinates>-59.446898,-34.524566 -59.448710,-34.528159 -59.472925,-34.497314 -59.491393,-34.503598 -59.485578,-34.497023 -59.481498,-34.492621 -59.474654,-34.486651 -59.469376,-34.476385 -59.453951,-34.488180 -59.469914,-34.495038 -59.446898,-34.524566</coordinates></LinearRing></outerBoundaryIs></Polygon></Placemark>
<Placemark><name></name><styleUrl>#s</styleUrl><ExtendedData><Data name="ha"><value>229.5</value></Data><Data name="sup_m2"><value>2294843</value></Data></ExtendedData><Polygon><outerBoundaryIs><LinearRing><coordinates>-59.453393,-34.554975 -59.433373,-34.544283 -59.429015,-34.553153 -59.450363,-34.564043 -59.453393,-34.554975</coordinates></LinearRing></outerBoundaryIs></Polygon></Placemark>
<Placemark><name></name><styleUrl>#s</styleUrl><ExtendedData><Data name="ha"><value>212.7</value></Data><Data name="sup_m2"><value>2127474</value></Data></ExtendedData><Polygon><outerBoundaryIs><LinearRing><coordinates>-59.443154,-34.549508 -59.453319,-34.534788 -59.443171,-34.529345 -59.436527,-34.537863 -59.433373,-34.544283 -59.443154,-34.549508</coordinates></LinearRing></outerBoundaryIs></Polygon></Placemark>
<Placemark><name></name><styleUrl>#s</styleUrl><ExtendedData><Data name="ha"><value>198.5</value></Data><Data name="sup_m2"><value>1984710</value></Data></ExtendedData><Polygon><outerBoundaryIs><LinearRing><coordinates>-59.469285,-34.532934 -59.452102,-34.523839 -59.448710,-34.528159 -59.446898,-34.524566 -59.443171,-34.529345 -59.463504,-34.540249 -59.469285,-34.532934</coordinates></LinearRing></outerBoundaryIs></Polygon></Placemark>
<Placemark><name></name><styleUrl>#s</styleUrl><ExtendedData><Data name="ha"><value>133.2</value></Data><Data name="sup_m2"><value>1332213</value></Data></ExtendedData><Polygon><outerBoundaryIs><LinearRing><coordinates>-59.469775,-34.501328 -59.486950,-34.510572 -59.491955,-34.504233 -59.491393,-34.503598 -59.472925,-34.497314 -59.469775,-34.501328</coordinates></LinearRing></outerBoundaryIs></Polygon></Placemark>
<Placemark><name></name><styleUrl>#s</styleUrl><ExtendedData><Data name="ha"><value>557.6</value></Data><Data name="sup_m2"><value>5576329</value></Data></ExtendedData><Polygon><outerBoundaryIs><LinearRing><coordinates>-59.486950,-34.510572 -59.469775,-34.501328 -59.452102,-34.523839 -59.469285,-34.532934 -59.486950,-34.510572</coordinates></LinearRing></outerBoundaryIs></Polygon></Placemark>
<Placemark><name></name><styleUrl>#s</styleUrl><ExtendedData><Data name="ha"><value>266.8</value></Data><Data name="sup_m2"><value>2667884</value></Data></ExtendedData><Polygon><outerBoundaryIs><LinearRing><coordinates>-59.474817,-34.576511 -59.477575,-34.577917 -59.479197,-34.568441 -59.479356,-34.566299 -59.518184,-34.519047 -59.514467,-34.516949 -59.476777,-34.564363 -59.474817,-34.576511</coordinates></LinearRing></outerBoundaryIs></Polygon></Placemark>
<Placemark><name></name><styleUrl>#s</styleUrl><ExtendedData><Data name="ha"><value>268.4</value></Data><Data name="sup_m2"><value>2683966</value></Data></ExtendedData><Polygon><outerBoundaryIs><LinearRing><coordinates>-59.485239,-34.512739 -59.508368,-34.524626 -59.514467,-34.516949 -59.491955,-34.504233 -59.485239,-34.512739</coordinates></LinearRing></outerBoundaryIs></Polygon></Placemark>
<Placemark><name></name><styleUrl>#s</styleUrl><ExtendedData><Data name="ha"><value>400.3</value></Data><Data name="sup_m2"><value>4003095</value></Data></ExtendedData><Polygon><outerBoundaryIs><LinearRing><coordinates>-59.508368,-34.524626 -59.485239,-34.512739 -59.475584,-34.524961 -59.498872,-34.536575 -59.508368,-34.524626</coordinates></LinearRing></outerBoundaryIs></Polygon></Placemark>
<Placemark><name></name><styleUrl>#s</styleUrl><ExtendedData><Data name="ha"><value>111.2</value></Data><Data name="sup_m2"><value>1112190</value></Data></ExtendedData><Polygon><outerBoundaryIs><LinearRing><coordinates>-59.465202,-34.562128 -59.468487,-34.554839 -59.456460,-34.549159 -59.454513,-34.551622 -59.452975,-34.556225 -59.465202,-34.562128</coordinates></LinearRing></outerBoundaryIs></Polygon></Placemark>
<Placemark><name></name><styleUrl>#s</styleUrl><ExtendedData><Data name="ha"><value>118.1</value></Data><Data name="sup_m2"><value>1180905</value></Data></ExtendedData><Polygon><outerBoundaryIs><LinearRing><coordinates>-59.461726,-34.569838 -59.474817,-34.576511 -59.476275,-34.567473 -59.465202,-34.562128 -59.461726,-34.569838</coordinates></LinearRing></outerBoundaryIs></Polygon></Placemark>
<Placemark><name></name><styleUrl>#s</styleUrl><ExtendedData><Data name="ha"><value>304.8</value></Data><Data name="sup_m2"><value>3047594</value></Data></ExtendedData><Polygon><outerBoundaryIs><LinearRing><coordinates>-59.491193,-34.402952 -59.514427,-34.385785 -59.507071,-34.379001 -59.484013,-34.394852 -59.483089,-34.395622 -59.491193,-34.402952</coordinates></LinearRing></outerBoundaryIs></Polygon></Placemark>
<Placemark><name></name><styleUrl>#s</styleUrl><ExtendedData><Data name="ha"><value>261.9</value></Data><Data name="sup_m2"><value>2619183</value></Data></ExtendedData><Polygon><outerBoundaryIs><LinearRing><coordinates>-59.497634,-34.408775 -59.521384,-34.392200 -59.514427,-34.385785 -59.491193,-34.402952 -59.497634,-34.408775</coordinates></LinearRing></outerBoundaryIs></Polygon></Placemark>
<Placemark><name></name><styleUrl>#s</styleUrl><ExtendedData><Data name="ha"><value>190.6</value></Data><Data name="sup_m2"><value>1905565</value></Data></ExtendedData><Polygon><outerBoundaryIs><LinearRing><coordinates>-59.515366,-34.396401 -59.534698,-34.414121 -59.540639,-34.409947 -59.521384,-34.392200 -59.515366,-34.396401</coordinates></LinearRing></outerBoundaryIs></Polygon></Placemark>
<Placemark><name></name><styleUrl>#s</styleUrl><ExtendedData><Data name="ha"><value>459.5</value></Data><Data name="sup_m2"><value>4594726</value></Data></ExtendedData><Polygon><outerBoundaryIs><LinearRing><coordinates>-59.500946,-34.406464 -59.520541,-34.424288 -59.534698,-34.414121 -59.515366,-34.396401 -59.500946,-34.406464</coordinates></LinearRing></outerBoundaryIs></Polygon></Placemark>
<Placemark><name></name><styleUrl>#s</styleUrl><ExtendedData><Data name="ha"><value>290.8</value></Data><Data name="sup_m2"><value>2908443</value></Data></ExtendedData><Polygon><outerBoundaryIs><LinearRing><coordinates>-59.481648,-34.420362 -59.501273,-34.438197 -59.510162,-34.431781 -59.490561,-34.413902 -59.481648,-34.420362</coordinates></LinearRing></outerBoundaryIs></Polygon></Placemark>
<Placemark><name></name><styleUrl>#s</styleUrl><ExtendedData><Data name="ha"><value>305.4</value></Data><Data name="sup_m2"><value>3054435</value></Data></ExtendedData><Polygon><outerBoundaryIs><LinearRing><coordinates>-59.472447,-34.427028 -59.491757,-34.445063 -59.501273,-34.438197 -59.481648,-34.420362 -59.472447,-34.427028</coordinates></LinearRing></outerBoundaryIs></Polygon></Placemark>
<Placemark><name></name><styleUrl>#s</styleUrl><ExtendedData><Data name="ha"><value>447.3</value></Data><Data name="sup_m2"><value>4472784</value></Data></ExtendedData><Polygon><outerBoundaryIs><LinearRing><coordinates>-59.491757,-34.445063 -59.472447,-34.427028 -59.458682,-34.436998 -59.478079,-34.454929 -59.491757,-34.445063</coordinates></LinearRing></outerBoundaryIs></Polygon></Placemark>
<Placemark><name></name><styleUrl>#s</styleUrl><ExtendedData><Data name="ha"><value>163.1</value></Data><Data name="sup_m2"><value>1631051</value></Data></ExtendedData><Polygon><outerBoundaryIs><LinearRing><coordinates>-59.500799,-34.423242 -59.510162,-34.431781 -59.520541,-34.424288 -59.511012,-34.415622 -59.500799,-34.423242</coordinates></LinearRing></outerBoundaryIs></Polygon></Placemark>
<Placemark><name></name><styleUrl>#s</styleUrl><ExtendedData><Data name="ha"><value>16.3</value></Data><Data name="sup_m2"><value>162619</value></Data></ExtendedData><Polygon><outerBoundaryIs><LinearRing><coordinates>-59.499106,-34.407748 -59.504463,-34.412667 -59.506260,-34.411299 -59.500946,-34.406464 -59.499106,-34.407748</coordinates></LinearRing></outerBoundaryIs></Polygon></Placemark>
<Placemark><name></name><styleUrl>#s</styleUrl><ExtendedData><Data name="ha"><value>17.6</value></Data><Data name="sup_m2"><value>176140</value></Data></ExtendedData><Polygon><outerBoundaryIs><LinearRing><coordinates>-59.497105,-34.409159 -59.502583,-34.414097 -59.504463,-34.412667 -59.499106,-34.407748 -59.497105,-34.409159</coordinates></LinearRing></outerBoundaryIs></Polygon></Placemark>
<Placemark><name></name><styleUrl>#s</styleUrl><ExtendedData><Data name="ha"><value>18.0</value></Data><Data name="sup_m2"><value>179692</value></Data></ExtendedData><Polygon><outerBoundaryIs><LinearRing><coordinates>-59.497918,-34.417648 -59.492619,-34.412411 -59.490561,-34.413902 -59.496145,-34.418996 -59.497918,-34.417648</coordinates></LinearRing></outerBoundaryIs></Polygon></Placemark>
<Placemark><name></name><styleUrl>#s</styleUrl><ExtendedData><Data name="ha"><value>42.4</value></Data><Data name="sup_m2"><value>424333</value></Data></ExtendedData><Polygon><outerBoundaryIs><LinearRing><coordinates>-59.492619,-34.412411 -59.497918,-34.417648 -59.502583,-34.414097 -59.497105,-34.409159 -59.492619,-34.412411</coordinates></LinearRing></outerBoundaryIs></Polygon></Placemark>
<Placemark><name></name><styleUrl>#s</styleUrl><ExtendedData><Data name="ha"><value>20.1</value></Data><Data name="sup_m2"><value>201205</value></Data></ExtendedData><Polygon><outerBoundaryIs><LinearRing><coordinates>-59.503760,-34.413202 -59.508508,-34.417490 -59.511012,-34.415622 -59.506260,-34.411299 -59.503760,-34.413202</coordinates></LinearRing></outerBoundaryIs></Polygon></Placemark>
<Placemark><name></name><styleUrl>#s</styleUrl><ExtendedData><Data name="ha"><value>19.7</value></Data><Data name="sup_m2"><value>197432</value></Data></ExtendedData><Polygon><outerBoundaryIs><LinearRing><coordinates>-59.501250,-34.415112 -59.506086,-34.419298 -59.508508,-34.417490 -59.503760,-34.413202 -59.501250,-34.415112</coordinates></LinearRing></outerBoundaryIs></Polygon></Placemark>
<Placemark><name></name><styleUrl>#s</styleUrl><ExtendedData><Data name="ha"><value>20.6</value></Data><Data name="sup_m2"><value>205526</value></Data></ExtendedData><Polygon><outerBoundaryIs><LinearRing><coordinates>-59.498721,-34.417036 -59.503453,-34.421262 -59.506086,-34.419298 -59.501250,-34.415112 -59.498721,-34.417036</coordinates></LinearRing></outerBoundaryIs></Polygon></Placemark>
<Placemark><name></name><styleUrl>#s</styleUrl><ExtendedData><Data name="ha"><value>20.7</value></Data><Data name="sup_m2"><value>207262</value></Data></ExtendedData><Polygon><outerBoundaryIs><LinearRing><coordinates>-59.503453,-34.421262 -59.498721,-34.417036 -59.496145,-34.418996 -59.500799,-34.423242 -59.503453,-34.421262</coordinates></LinearRing></outerBoundaryIs></Polygon></Placemark>
<Placemark><name></name><styleUrl>#s</styleUrl><ExtendedData><Data name="ha"><value>276.1</value></Data><Data name="sup_m2"><value>2761065</value></Data></ExtendedData><Polygon><outerBoundaryIs><LinearRing><coordinates>-59.270819,-34.458233 -59.274153,-34.459890 -59.298476,-34.425756 -59.302192,-34.427414 -59.309357,-34.416795 -59.305873,-34.414180 -59.305273,-34.413246 -59.304622,-34.412855 -59.302664,-34.412680 -59.270819,-34.458233</coordinates></LinearRing></outerBoundaryIs></Polygon></Placemark>
<Placemark><name></name><styleUrl>#s</styleUrl><ExtendedData><Data name="ha"><value>121.9</value></Data><Data name="sup_m2"><value>1219107</value></Data></ExtendedData><Polygon><outerBoundaryIs><LinearRing><coordinates>-59.261657,-34.468070 -59.263206,-34.469052 -59.302664,-34.412680 -59.301539,-34.412567 -59.300914,-34.412330 -59.261657,-34.468070</coordinates></LinearRing></outerBoundaryIs></Polygon></Placemark>
<Placemark><name></name><styleUrl>#s</styleUrl><ExtendedData><Data name="ha"><value>15.8</value></Data><Data name="sup_m2"><value>157776</value></Data></ExtendedData><Polygon><outerBoundaryIs><LinearRing><coordinates>-59.297345,-34.417401 -59.292182,-34.415411 -59.290652,-34.417759 -59.295622,-34.419849 -59.297345,-34.417401</coordinates></LinearRing></outerBoundaryIs></Polygon></Placemark>
<Placemark><name></name><styleUrl>#s</styleUrl><ExtendedData><Data name="ha"><value>93.4</value></Data><Data name="sup_m2"><value>933807</value></Data></ExtendedData><Polygon><outerBoundaryIs><LinearRing><coordinates>-59.281034,-34.423302 -59.290226,-34.427514 -59.295622,-34.419849 -59.286242,-34.415904 -59.281034,-34.423302</coordinates></LinearRing></outerBoundaryIs></Polygon></Placemark>
<Placemark><name></name><styleUrl>#s</styleUrl><ExtendedData><Data name="ha"><value>101.1</value></Data><Data name="sup_m2"><value>1010763</value></Data></ExtendedData><Polygon><outerBoundaryIs><LinearRing><coordinates>-59.275195,-34.431596 -59.284585,-34.435526 -59.290226,-34.427514 -59.281034,-34.423302 -59.275195,-34.431596</coordinates></LinearRing></outerBoundaryIs></Polygon></Placemark>
<Placemark><name></name><styleUrl>#s</styleUrl><ExtendedData><Data name="ha"><value>95.2</value></Data><Data name="sup_m2"><value>952342</value></Data></ExtendedData><Polygon><outerBoundaryIs><LinearRing><coordinates>-59.269838,-34.439203 -59.279122,-34.443283 -59.284585,-34.435526 -59.275195,-34.431596 -59.269838,-34.439203</coordinates></LinearRing></outerBoundaryIs></Polygon></Placemark>
<Placemark><name></name><styleUrl>#s</styleUrl><ExtendedData><Data name="ha"><value>99.0</value></Data><Data name="sup_m2"><value>990329</value></Data></ExtendedData><Polygon><outerBoundaryIs><LinearRing><coordinates>-59.264185,-34.447227 -59.273520,-34.451236 -59.279122,-34.443283 -59.269838,-34.439203 -59.264185,-34.447227</coordinates></LinearRing></outerBoundaryIs></Polygon></Placemark>
<Placemark><name></name><styleUrl>#s</styleUrl><ExtendedData><Data name="ha"><value>99.4</value></Data><Data name="sup_m2"><value>993648</value></Data></ExtendedData><Polygon><outerBoundaryIs><LinearRing><coordinates>-59.267664,-34.459547 -59.258477,-34.455329 -59.254224,-34.461364 -59.254118,-34.460909 -59.253006,-34.462584 -59.261657,-34.468070 -59.267664,-34.459547</coordinates></LinearRing></outerBoundaryIs></Polygon></Placemark>
<Placemark><name></name><styleUrl>#s</styleUrl><ExtendedData><Data name="ha"><value>951.6</value></Data><Data name="sup_m2"><value>9516230</value></Data></ExtendedData><Polygon><outerBoundaryIs><LinearRing><coordinates>-59.320785,-34.423845 -59.328356,-34.427896 -59.413749,-34.361422 -59.406679,-34.355236 -59.320785,-34.423845</coordinates></LinearRing></outerBoundaryIs></Polygon></Placemark>
<Placemark><name></name><styleUrl>#s</styleUrl><ExtendedData><Data name="ha"><value>449.5</value></Data><Data name="sup_m2"><value>4494855</value></Data></ExtendedData><Polygon><outerBoundaryIs><LinearRing><coordinates>-59.363721,-34.375214 -59.372243,-34.382762 -59.406679,-34.355236 -59.403009,-34.352024 -59.396337,-34.356865 -59.395566,-34.351348 -59.395354,-34.350989 -59.363721,-34.375214</coordinates></LinearRing></outerBoundaryIs></Polygon></Placemark>
<Placemark><name></name><styleUrl>#s</styleUrl><ExtendedData><Data name="ha"><value>343.7</value></Data><Data name="sup_m2"><value>3437031</value></Data></ExtendedData><Polygon><outerBoundaryIs><LinearRing><coordinates>-59.316683,-34.421649 -59.349540,-34.395349 -59.343738,-34.390507 -59.309357,-34.416795 -59.311072,-34.418668 -59.313311,-34.419085 -59.314470,-34.420465 -59.316683,-34.421649</coordinates></LinearRing></outerBoundaryIs></Polygon></Placemark>
<Placemark><name></name><styleUrl>#s</styleUrl><ExtendedData><Data name="ha"><value>91.0</value></Data><Data name="sup_m2"><value>910345</value></Data></ExtendedData><Polygon><outerBoundaryIs><LinearRing><coordinates>-59.318819,-34.422793 -59.320785,-34.423845 -59.352936,-34.398183 -59.351160,-34.396701 -59.318819,-34.422793</coordinates></LinearRing></outerBoundaryIs></Polygon></Placemark>
<Placemark><name></name><styleUrl>#s</styleUrl><ExtendedData><Data name="ha"><value>91.7</value></Data><Data name="sup_m2"><value>916754</value></Data></ExtendedData><Polygon><outerBoundaryIs><LinearRing><coordinates>-59.318819,-34.422793 -59.351160,-34.396701 -59.349540,-34.395349 -59.316683,-34.421649 -59.318819,-34.422793</coordinates></LinearRing></outerBoundaryIs></Polygon></Placemark>
<Placemark><name></name><styleUrl>#s</styleUrl><ExtendedData><Data name="ha"><value>291.4</value></Data><Data name="sup_m2"><value>2913946</value></Data></ExtendedData><Polygon><outerBoundaryIs><LinearRing><coordinates>-59.372243,-34.382762 -59.363721,-34.375214 -59.343738,-34.390507 -59.352936,-34.398183 -59.372243,-34.382762</coordinates></LinearRing></outerBoundaryIs></Polygon></Placemark>
<Placemark><name></name><styleUrl>#s</styleUrl><ExtendedData><Data name="ha"><value>215.8</value></Data><Data name="sup_m2"><value>2158306</value></Data></ExtendedData><Polygon><outerBoundaryIs><LinearRing><coordinates>-59.423508,-34.511934 -59.441958,-34.521348 -59.445780,-34.516416 -59.445401,-34.514798 -59.444628,-34.513501 -59.444507,-34.512100 -59.444156,-34.510298 -59.430244,-34.503203 -59.423508,-34.511934</coordinates></LinearRing></outerBoundaryIs></Polygon></Placemark>
<Placemark><name></name><styleUrl>#s</styleUrl><ExtendedData><Data name="ha"><value>606.3</value></Data><Data name="sup_m2"><value>6062559</value></Data></ExtendedData><Polygon><outerBoundaryIs><LinearRing><coordinates>-59.387934,-34.532352 -59.393947,-34.520221 -59.397714,-34.515815 -59.395819,-34.514594 -59.403285,-34.504630 -59.413378,-34.509592 -59.433354,-34.483275 -59.420539,-34.476740 -59.389283,-34.518520 -59.383837,-34.530277 -59.387934,-34.532352</coordinates></LinearRing></outerBoundaryIs></Polygon></Placemark>
<Placemark><name></name><styleUrl>#s</styleUrl><ExtendedData><Data name="ha"><value>123.0</value></Data><Data name="sup_m2"><value>1229887</value></Data></ExtendedData><Polygon><outerBoundaryIs><LinearRing><coordinates>-59.384137,-34.513350 -59.390345,-34.517101 -59.400518,-34.503507 -59.394078,-34.500119 -59.384137,-34.513350</coordinates></LinearRing></outerBoundaryIs></Polygon></Placemark>
<Placemark><name></name><styleUrl>#s</styleUrl><ExtendedData><Data name="ha"><value>486.1</value></Data><Data name="sup_m2"><value>4860938</value></Data></ExtendedData><Polygon><outerBoundaryIs><LinearRing><coordinates>-59.370475,-34.523505 -59.377088,-34.526857 -59.382141,-34.516006 -59.414100,-34.473455 -59.407641,-34.470159 -59.374871,-34.513383 -59.370475,-34.523505</coordinates></LinearRing></outerBoundaryIs></Polygon></Placemark>
<Placemark><name></name><styleUrl>#s</styleUrl><ExtendedData><Data name="ha"><value>420.4</value></Data><Data name="sup_m2"><value>4203884</value></Data></ExtendedData><Polygon><outerBoundaryIs><LinearRing><coordinates>-59.364653,-34.520554 -59.370475,-34.523505 -59.374871,-34.513383 -59.407641,-34.470159 -59.401944,-34.467252 -59.368376,-34.511625 -59.364653,-34.520554</coordinates></LinearRing></outerBoundaryIs></Polygon></Placemark>
<Placemark><name></name><styleUrl>#s</styleUrl><ExtendedData><Data name="ha"><value>154.1</value></Data><Data name="sup_m2"><value>1541400</value></Data></ExtendedData><Polygon><outerBoundaryIs><LinearRing><coordinates>-59.368843,-34.490259 -59.355563,-34.483508 -59.349336,-34.491673 -59.362831,-34.498477 -59.368843,-34.490259</coordinates></LinearRing></outerBoundaryIs></Polygon></Placemark>
<Placemark><name></name><styleUrl>#s</styleUrl><ExtendedData><Data name="ha"><value>536.5</value></Data><Data name="sup_m2"><value>5364832</value></Data></ExtendedData><Polygon><outerBoundaryIs><LinearRing><coordinates>-59.332765,-34.504381 -59.339350,-34.507722 -59.345715,-34.496421 -59.378421,-34.453516 -59.370828,-34.449633 -59.337132,-34.495513 -59.332765,-34.504381</coordinates></LinearRing></outerBoundaryIs></Polygon></Placemark>
<Placemark><name></name><styleUrl>#s</styleUrl><ExtendedData><Data name="ha"><value>32.4</value></Data><Data name="sup_m2"><value>323563</value></Data></ExtendedData><Polygon><outerBoundaryIs><LinearRing><coordinates>-59.329513,-34.497920 -59.334667,-34.500519 -59.337132,-34.495513 -59.332336,-34.492941 -59.329513,-34.497920</coordinates></LinearRing></outerBoundaryIs></Polygon></Placemark>
<Placemark><name></name><styleUrl>#s</styleUrl><ExtendedData><Data name="ha"><value>78.3</value></Data><Data name="sup_m2"><value>782880</value></Data></ExtendedData><Polygon><outerBoundaryIs><LinearRing><coordinates>-59.352128,-34.459104 -59.356204,-34.461098 -59.366463,-34.447400 -59.362403,-34.445323 -59.352128,-34.459104</coordinates></LinearRing></outerBoundaryIs></Polygon></Placemark>
<Placemark><name></name><styleUrl>#s</styleUrl><ExtendedData><Data name="ha"><value>164.4</value></Data><Data name="sup_m2"><value>1644186</value></Data></ExtendedData><Polygon><outerBoundaryIs><LinearRing><coordinates>-59.321290,-34.498558 -59.323580,-34.499720 -59.328056,-34.491368 -59.362403,-34.445323 -59.360294,-34.444244 -59.324273,-34.492425 -59.321290,-34.498558</coordinates></LinearRing></outerBoundaryIs></Polygon></Placemark>
<Placemark><name></name><styleUrl>#s</styleUrl><ExtendedData><Data name="ha"><value>611.9</value></Data><Data name="sup_m2"><value>6118972</value></Data></ExtendedData><Polygon><outerBoundaryIs><LinearRing><coordinates>-59.311519,-34.493598 -59.321290,-34.498558 -59.324273,-34.492425 -59.360294,-34.444244 -59.358548,-34.443351 -59.351518,-34.452812 -59.344131,-34.449325 -59.342025,-34.452546 -59.341118,-34.452110 -59.314679,-34.487954 -59.311519,-34.493598</coordinates></LinearRing></outerBoundaryIs></Polygon></Placemark>
<Placemark><name></name><styleUrl>#s</styleUrl><ExtendedData><Data name="ha"><value>230.2</value></Data><Data name="sup_m2"><value>2301885</value></Data></ExtendedData><Polygon><outerBoundaryIs><LinearRing><coordinates>-59.318809,-34.460177 -59.314967,-34.457757 -59.298873,-34.479567 -59.295398,-34.485411 -59.301746,-34.488635 -59.304041,-34.484015 -59.320622,-34.461157 -59.318809,-34.460177</coordinates></LinearRing></outerBoundaryIs></Polygon></Placemark>
<Placemark><name></name><styleUrl>#s</styleUrl><ExtendedData><Data name="ha"><value>559.1</value></Data><Data name="sup_m2"><value>5590774</value></Data></ExtendedData><Polygon><outerBoundaryIs><LinearRing><coordinates>-59.272580,-34.473817 -59.279392,-34.477279 -59.281488,-34.473648 -59.318819,-34.422793 -59.314470,-34.420465 -59.313311,-34.419085 -59.311072,-34.418668 -59.274228,-34.470696 -59.272580,-34.473817</coordinates></LinearRing></outerBoundaryIs></Polygon></Placemark>
<Placemark><name></name><styleUrl>#s</styleUrl><ExtendedData><Data name="ha"><value>48.9</value></Data><Data name="sup_m2"><value>488563</value></Data></ExtendedData><Polygon><outerBoundaryIs><LinearRing><coordinates>-59.296693,-34.428259 -59.302444,-34.430858 -59.311072,-34.418668 -59.309357,-34.416795 -59.302192,-34.427414 -59.298476,-34.425756 -59.296693,-34.428259</coordinates></LinearRing></outerBoundaryIs></Polygon></Placemark>
<Placemark><name></name><styleUrl>#s</styleUrl><ExtendedData><Data name="ha"><value>110.7</value></Data><Data name="sup_m2"><value>1106588</value></Data></ExtendedData><Polygon><outerBoundaryIs><LinearRing><coordinates>-59.286664,-34.442337 -59.292265,-34.445234 -59.302444,-34.430858 -59.296693,-34.428259 -59.286664,-34.442337</coordinates></LinearRing></outerBoundaryIs></Polygon></Placemark>
<Placemark><name></name><styleUrl>#s</styleUrl><ExtendedData><Data name="ha"><value>114.4</value></Data><Data name="sup_m2"><value>1144446</value></Data></ExtendedData><Polygon><outerBoundaryIs><LinearRing><coordinates>-59.276255,-34.456940 -59.281936,-34.459817 -59.292265,-34.445234 -59.286664,-34.442337 -59.276255,-34.456940</coordinates></LinearRing></outerBoundaryIs></Polygon></Placemark>
<Placemark><name></name><styleUrl>#s</styleUrl><ExtendedData><Data name="ha"><value>50.9</value></Data><Data name="sup_m2"><value>509388</value></Data></ExtendedData><Polygon><outerBoundaryIs><LinearRing><coordinates>-59.269298,-34.460395 -59.278238,-34.465036 -59.281936,-34.459817 -59.276255,-34.456940 -59.274153,-34.459890 -59.270819,-34.458233 -59.269298,-34.460395</coordinates></LinearRing></outerBoundaryIs></Polygon></Placemark>
<Placemark><name></name><styleUrl>#s</styleUrl><ExtendedData><Data name="ha"><value>42.5</value></Data><Data name="sup_m2"><value>424730</value></Data></ExtendedData><Polygon><outerBoundaryIs><LinearRing><coordinates>-59.266864,-34.470912 -59.272722,-34.462173 -59.269298,-34.460395 -59.263206,-34.469052 -59.266864,-34.470912</coordinates></LinearRing></outerBoundaryIs></Polygon></Placemark>
<Placemark><name></name><styleUrl>#s</styleUrl><ExtendedData><Data name="ha"><value>65.4</value></Data><Data name="sup_m2"><value>654432</value></Data></ExtendedData><Polygon><outerBoundaryIs><LinearRing><coordinates>-59.266864,-34.470912 -59.272580,-34.473817 -59.274228,-34.470696 -59.278238,-34.465036 -59.272722,-34.462173 -59.266864,-34.470912</coordinates></LinearRing></outerBoundaryIs></Polygon></Placemark>
<Placemark><name></name><styleUrl>#s</styleUrl><ExtendedData><Data name="ha"><value>76.3</value></Data><Data name="sup_m2"><value>763268</value></Data></ExtendedData><Polygon><outerBoundaryIs><LinearRing><coordinates>-59.313359,-34.430236 -59.320925,-34.433875 -59.326204,-34.426744 -59.318819,-34.422793 -59.313359,-34.430236</coordinates></LinearRing></outerBoundaryIs></Polygon></Placemark>
<Placemark><name></name><styleUrl>#s</styleUrl><ExtendedData><Data name="ha"><value>76.9</value></Data><Data name="sup_m2"><value>768729</value></Data></ExtendedData><Polygon><outerBoundaryIs><LinearRing><coordinates>-59.307980,-34.437567 -59.315433,-34.441292 -59.320925,-34.433875 -59.313359,-34.430236 -59.307980,-34.437567</coordinates></LinearRing></outerBoundaryIs></Polygon></Placemark>
<Placemark><name></name><styleUrl>#s</styleUrl><ExtendedData><Data name="ha"><value>79.0</value></Data><Data name="sup_m2"><value>790481</value></Data></ExtendedData><Polygon><outerBoundaryIs><LinearRing><coordinates>-59.302367,-34.445214 -59.309810,-34.448885 -59.315433,-34.441292 -59.307980,-34.437567 -59.302367,-34.445214</coordinates></LinearRing></outerBoundaryIs></Polygon></Placemark>
<Placemark><name></name><styleUrl>#s</styleUrl><ExtendedData><Data name="ha"><value>47.6</value></Data><Data name="sup_m2"><value>476463</value></Data></ExtendedData><Polygon><outerBoundaryIs><LinearRing><coordinates>-59.299088,-34.449681 -59.306288,-34.453640 -59.309810,-34.448885 -59.302367,-34.445214 -59.299088,-34.449681</coordinates></LinearRing></outerBoundaryIs></Polygon></Placemark>
<Placemark><name></name><styleUrl>#s</styleUrl><ExtendedData><Data name="ha"><value>279.4</value></Data><Data name="sup_m2"><value>2794017</value></Data></ExtendedData><Polygon><outerBoundaryIs><LinearRing><coordinates>-59.306288,-34.453640 -59.299088,-34.449681 -59.281488,-34.473648 -59.279392,-34.477279 -59.286951,-34.481120 -59.288875,-34.477139 -59.306288,-34.453640</coordinates></LinearRing></outerBoundaryIs></Polygon></Placemark>
<Placemark><name></name><styleUrl>#s</styleUrl><ExtendedData><Data name="ha"><value>25.3</value></Data><Data name="sup_m2"><value>252851</value></Data></ExtendedData><Polygon><outerBoundaryIs><LinearRing><coordinates>-59.324202,-34.435091 -59.326801,-34.436472 -59.331819,-34.429669 -59.329138,-34.428296 -59.324202,-34.435091</coordinates></LinearRing></outerBoundaryIs></Polygon></Placemark>
<Placemark><name></name><styleUrl>#s</styleUrl><ExtendedData><Data name="ha"><value>28.4</value></Data><Data name="sup_m2"><value>284349</value></Data></ExtendedData><Polygon><outerBoundaryIs><LinearRing><coordinates>-59.324202,-34.435091 -59.329138,-34.428296 -59.326204,-34.426744 -59.321204,-34.433498 -59.324202,-34.435091</coordinates></LinearRing></outerBoundaryIs></Polygon></Placemark>
<Placemark><name></name><styleUrl>#s</styleUrl><ExtendedData><Data name="ha"><value>187.9</value></Data><Data name="sup_m2"><value>1879389</value></Data></ExtendedData><Polygon><outerBoundaryIs><LinearRing><coordinates>-59.310128,-34.448456 -59.314539,-34.450890 -59.316907,-34.447691 -59.320806,-34.449841 -59.334620,-34.431104 -59.331819,-34.429669 -59.326801,-34.436472 -59.321204,-34.433498 -59.310128,-34.448456</coordinates></LinearRing></outerBoundaryIs></Polygon></Placemark>
<Placemark><name></name><styleUrl>#s</styleUrl><ExtendedData><Data name="ha"><value>42.1</value></Data><Data name="sup_m2"><value>420506</value></Data></ExtendedData><Polygon><outerBoundaryIs><LinearRing><coordinates>-59.308566,-34.450565 -59.317018,-34.454977 -59.320806,-34.449841 -59.316907,-34.447691 -59.314539,-34.450890 -59.310128,-34.448456 -59.308566,-34.450565</coordinates></LinearRing></outerBoundaryIs></Polygon></Placemark>
<Placemark><name></name><styleUrl>#s</styleUrl><ExtendedData><Data name="ha"><value>79.9</value></Data><Data name="sup_m2"><value>798982</value></Data></ExtendedData><Polygon><outerBoundaryIs><LinearRing><coordinates>-59.293531,-34.470858 -59.302032,-34.475288 -59.306960,-34.468609 -59.298455,-34.464213 -59.293531,-34.470858</coordinates></LinearRing></outerBoundaryIs></Polygon></Placemark>
<Placemark><name></name><styleUrl>#s</styleUrl><ExtendedData><Data name="ha"><value>118.9</value></Data><Data name="sup_m2"><value>1188545</value></Data></ExtendedData><Polygon><outerBoundaryIs><LinearRing><coordinates>-59.302032,-34.475288 -59.293531,-34.470858 -59.288875,-34.477139 -59.286951,-34.481120 -59.295398,-34.485411 -59.298873,-34.479567 -59.302032,-34.475288</coordinates></LinearRing></outerBoundaryIs></Polygon></Placemark>
<Placemark><name></name><styleUrl>#s</styleUrl><ExtendedData><Data name="ha"><value>77.2</value></Data><Data name="sup_m2"><value>772274</value></Data></ExtendedData><Polygon><outerBoundaryIs><LinearRing><coordinates>-59.300953,-34.460841 -59.298455,-34.464213 -59.306960,-34.468609 -59.317018,-34.454977 -59.314500,-34.453663 -59.307043,-34.463818 -59.300953,-34.460841</coordinates></LinearRing></outerBoundaryIs></Polygon></Placemark>
<Placemark><name></name><styleUrl>#s</styleUrl><ExtendedData><Data name="ha"><value>85.9</value></Data><Data name="sup_m2"><value>859375</value></Data></ExtendedData><Polygon><outerBoundaryIs><LinearRing><coordinates>-59.300953,-34.460841 -59.307043,-34.463818 -59.314500,-34.453663 -59.308566,-34.450565 -59.300953,-34.460841</coordinates></LinearRing></outerBoundaryIs></Polygon></Placemark>
<Placemark><name></name><styleUrl>#s</styleUrl><ExtendedData><Data name="ha"><value>309.0</value></Data><Data name="sup_m2"><value>3089680</value></Data></ExtendedData><Polygon><outerBoundaryIs><LinearRing><coordinates>-59.327070,-34.471160 -59.317268,-34.465782 -59.304041,-34.484015 -59.301746,-34.488635 -59.311519,-34.493598 -59.314679,-34.487954 -59.327070,-34.471160</coordinates></LinearRing></outerBoundaryIs></Polygon></Placemark>
<Placemark><name></name><styleUrl>#s</styleUrl><ExtendedData><Data name="ha"><value>150.8</value></Data><Data name="sup_m2"><value>1508163</value></Data></ExtendedData><Polygon><outerBoundaryIs><LinearRing><coordinates>-59.334338,-34.461305 -59.322600,-34.455100 -59.318809,-34.460177 -59.320622,-34.461157 -59.317268,-34.465782 -59.327070,-34.471160 -59.334338,-34.461305</coordinates></LinearRing></outerBoundaryIs></Polygon></Placemark>
<Placemark><name></name><styleUrl>#s</styleUrl><ExtendedData><Data name="ha"><value>413.8</value></Data><Data name="sup_m2"><value>4137909</value></Data></ExtendedData><Polygon><outerBoundaryIs><LinearRing><coordinates>-59.322600,-34.455100 -59.334338,-34.461305 -59.341118,-34.452110 -59.342025,-34.452546 -59.344131,-34.449325 -59.351518,-34.452812 -59.358548,-34.443351 -59.342969,-34.435378 -59.334924,-34.445827 -59.330906,-34.443973 -59.322600,-34.455100</coordinates></LinearRing></outerBoundaryIs></Polygon></Placemark>
<Placemark><name></name><styleUrl>#s</styleUrl><ExtendedData><Data name="ha"><value>217.0</value></Data><Data name="sup_m2"><value>2169792</value></Data></ExtendedData><Polygon><outerBoundaryIs><LinearRing><coordinates>-59.314967,-34.457757 -59.318809,-34.460177 -59.330906,-34.443973 -59.334924,-34.445827 -59.342969,-34.435378 -59.334620,-34.431104 -59.314967,-34.457757</coordinates></LinearRing></outerBoundaryIs></Polygon></Placemark>
<Placemark><name></name><styleUrl>#s</styleUrl><ExtendedData><Data name="ha"><value>50.7</value></Data><Data name="sup_m2"><value>507488</value></Data></ExtendedData><Polygon><outerBoundaryIs><LinearRing><coordinates>-59.360373,-34.455532 -59.364780,-34.457873 -59.370828,-34.449633 -59.366463,-34.447400 -59.360373,-34.455532</coordinates></LinearRing></outerBoundaryIs></Polygon></Placemark>
<Placemark><name></name><styleUrl>#s</styleUrl><ExtendedData><Data name="ha"><value>11.3</value></Data><Data name="sup_m2"><value>113147</value></Data></ExtendedData><Polygon><outerBoundaryIs><LinearRing><coordinates>-59.359033,-34.457322 -59.363447,-34.459689 -59.364780,-34.457873 -59.360373,-34.455532 -59.359033,-34.457322</coordinates></LinearRing></outerBoundaryIs></Polygon></Placemark>
<Placemark><name></name><styleUrl>#s</styleUrl><ExtendedData><Data name="ha"><value>12.5</value></Data><Data name="sup_m2"><value>124821</value></Data></ExtendedData><Polygon><outerBoundaryIs><LinearRing><coordinates>-59.357618,-34.459210 -59.361926,-34.461760 -59.363447,-34.459689 -59.359033,-34.457322 -59.357618,-34.459210</coordinates></LinearRing></outerBoundaryIs></Polygon></Placemark>
<Placemark><name></name><styleUrl>#s</styleUrl><ExtendedData><Data name="ha"><value>11.8</value></Data><Data name="sup_m2"><value>117995</value></Data></ExtendedData><Polygon><outerBoundaryIs><LinearRing><coordinates>-59.356204,-34.461098 -59.360576,-34.463599 -59.361926,-34.461760 -59.357618,-34.459210 -59.356204,-34.461098</coordinates></LinearRing></outerBoundaryIs></Polygon></Placemark>
<Placemark><name></name><styleUrl>#s</styleUrl><ExtendedData><Data name="ha"><value>13.5</value></Data><Data name="sup_m2"><value>135213</value></Data></ExtendedData><Polygon><outerBoundaryIs><LinearRing><coordinates>-59.354520,-34.463345 -59.359106,-34.465601 -59.360576,-34.463599 -59.356204,-34.461098 -59.354520,-34.463345</coordinates></LinearRing></outerBoundaryIs></Polygon></Placemark>
<Placemark><name></name><styleUrl>#s</styleUrl><ExtendedData><Data name="ha"><value>11.6</value></Data><Data name="sup_m2"><value>115979</value></Data></ExtendedData><Polygon><outerBoundaryIs><LinearRing><coordinates>-59.353230,-34.465066 -59.357706,-34.467507 -59.359106,-34.465601 -59.354520,-34.463345 -59.353230,-34.465066</coordinates></LinearRing></outerBoundaryIs></Polygon></Placemark>
<Placemark><name></name><styleUrl>#s</styleUrl><ExtendedData><Data name="ha"><value>13.8</value></Data><Data name="sup_m2"><value>137862</value></Data></ExtendedData><Polygon><outerBoundaryIs><LinearRing><coordinates>-59.351571,-34.467281 -59.356181,-34.469584 -59.357706,-34.467507 -59.353230,-34.465066 -59.351571,-34.467281</coordinates></LinearRing></outerBoundaryIs></Polygon></Placemark>
<Placemark><name></name><styleUrl>#s</styleUrl><ExtendedData><Data name="ha"><value>68.7</value></Data><Data name="sup_m2"><value>686598</value></Data></ExtendedData><Polygon><outerBoundaryIs><LinearRing><coordinates>-59.343738,-34.477733 -59.348389,-34.480193 -59.356181,-34.469584 -59.351571,-34.467281 -59.343738,-34.477733</coordinates></LinearRing></outerBoundaryIs></Polygon></Placemark>
<Placemark><name></name><styleUrl>#s</styleUrl><ExtendedData><Data name="ha"><value>70.9</value></Data><Data name="sup_m2"><value>709361</value></Data></ExtendedData><Polygon><outerBoundaryIs><LinearRing><coordinates>-59.335807,-34.488313 -59.340559,-34.490849 -59.348389,-34.480193 -59.343738,-34.477733 -59.335807,-34.488313</coordinates></LinearRing></outerBoundaryIs></Polygon></Placemark>
<Placemark><name></name><styleUrl>#s</styleUrl><ExtendedData><Data name="ha"><value>31.6</value></Data><Data name="sup_m2"><value>315751</value></Data></ExtendedData><Polygon><outerBoundaryIs><LinearRing><coordinates>-59.332336,-34.492941 -59.337132,-34.495513 -59.340559,-34.490849 -59.335807,-34.488313 -59.332336,-34.492941</coordinates></LinearRing></outerBoundaryIs></Polygon></Placemark>
<Placemark><name></name><styleUrl>#s</styleUrl><ExtendedData><Data name="ha"><value>25.8</value></Data><Data name="sup_m2"><value>257744</value></Data></ExtendedData><Polygon><outerBoundaryIs><LinearRing><coordinates>-59.334667,-34.500519 -59.329513,-34.497920 -59.327414,-34.501666 -59.332765,-34.504381 -59.334667,-34.500519</coordinates></LinearRing></outerBoundaryIs></Polygon></Placemark>
<Placemark><name></name><styleUrl>#s</styleUrl><ExtendedData><Data name="ha"><value>68.5</value></Data><Data name="sup_m2"><value>685031</value></Data></ExtendedData><Polygon><outerBoundaryIs><LinearRing><coordinates>-59.335448,-34.488792 -59.331640,-34.486566 -59.328056,-34.491368 -59.323580,-34.499720 -59.327414,-34.501666 -59.332206,-34.493115 -59.335448,-34.488792</coordinates></LinearRing></outerBoundaryIs></Polygon></Placemark>
<Placemark><name></name><styleUrl>#s</styleUrl><ExtendedData><Data name="ha"><value>78.5</value></Data><Data name="sup_m2"><value>785424</value></Data></ExtendedData><Polygon><outerBoundaryIs><LinearRing><coordinates>-59.346068,-34.474624 -59.341993,-34.472691 -59.331640,-34.486566 -59.335448,-34.488792 -59.346068,-34.474624</coordinates></LinearRing></outerBoundaryIs></Polygon></Placemark>
<Placemark><name></name><styleUrl>#s</styleUrl><ExtendedData><Data name="ha"><value>76.6</value></Data><Data name="sup_m2"><value>765984</value></Data></ExtendedData><Polygon><outerBoundaryIs><LinearRing><coordinates>-59.356204,-34.461098 -59.352128,-34.459104 -59.341993,-34.472691 -59.346068,-34.474624 -59.356204,-34.461098</coordinates></LinearRing></outerBoundaryIs></Polygon></Placemark>
<Placemark><name></name><styleUrl>#s</styleUrl><ExtendedData><Data name="ha"><value>532.4</value></Data><Data name="sup_m2"><value>5323748</value></Data></ExtendedData><Polygon><outerBoundaryIs><LinearRing><coordinates>-59.374048,-34.504131 -59.349336,-34.491673 -59.345715,-34.496421 -59.339350,-34.507722 -59.364653,-34.520554 -59.368376,-34.511625 -59.374048,-34.504131</coordinates></LinearRing></outerBoundaryIs></Polygon></Placemark>
<Placemark><name></name><styleUrl>#s</styleUrl><ExtendedData><Data name="ha"><value>220.0</value></Data><Data name="sup_m2"><value>2199805</value></Data></ExtendedData><Polygon><outerBoundaryIs><LinearRing><coordinates>-59.369946,-34.502063 -59.374048,-34.504131 -59.401944,-34.467252 -59.402928,-34.466045 -59.398797,-34.463933 -59.369946,-34.502063</coordinates></LinearRing></outerBoundaryIs></Polygon></Placemark>
<Placemark><name></name><styleUrl>#s</styleUrl><ExtendedData><Data name="ha"><value>142.9</value></Data><Data name="sup_m2"><value>1429432</value></Data></ExtendedData><Polygon><outerBoundaryIs><LinearRing><coordinates>-59.380625,-34.487956 -59.398797,-34.463933 -59.394346,-34.461658 -59.376650,-34.485938 -59.380625,-34.487956</coordinates></LinearRing></outerBoundaryIs></Polygon></Placemark>
<Placemark><name></name><styleUrl>#s</styleUrl><ExtendedData><Data name="ha"><value>187.8</value></Data><Data name="sup_m2"><value>1878101</value></Data></ExtendedData><Polygon><outerBoundaryIs><LinearRing><coordinates>-59.372084,-34.461833 -59.388274,-34.469991 -59.394346,-34.461658 -59.378421,-34.453516 -59.372084,-34.461833</coordinates></LinearRing></outerBoundaryIs></Polygon></Placemark>
<Placemark><name></name><styleUrl>#s</styleUrl><ExtendedData><Data name="ha"><value>85.3</value></Data><Data name="sup_m2"><value>853277</value></Data></ExtendedData><Polygon><outerBoundaryIs><LinearRing><coordinates>-59.376541,-34.493351 -59.368843,-34.490259 -59.362831,-34.498477 -59.369946,-34.502063 -59.376541,-34.493351</coordinates></LinearRing></outerBoundaryIs></Polygon></Placemark>
<Placemark><name></name><styleUrl>#s</styleUrl><ExtendedData><Data name="ha"><value>94.9</value></Data><Data name="sup_m2"><value>949421</value></Data></ExtendedData><Polygon><outerBoundaryIs><LinearRing><coordinates>-59.378915,-34.482831 -59.373968,-34.480376 -59.366984,-34.489295 -59.368843,-34.490259 -59.376541,-34.493351 -59.380625,-34.487956 -59.376650,-34.485938 -59.378915,-34.482831</coordinates></LinearRing></outerBoundaryIs></Polygon></Placemark>
<Placemark><name></name><styleUrl>#s</styleUrl><ExtendedData><Data name="ha"><value>69.4</value></Data><Data name="sup_m2"><value>693606</value></Data></ExtendedData><Polygon><outerBoundaryIs><LinearRing><coordinates>-59.375671,-34.472005 -59.383728,-34.476229 -59.388274,-34.469991 -59.380305,-34.465976 -59.375671,-34.472005</coordinates></LinearRing></outerBoundaryIs></Polygon></Placemark>
<Placemark><name></name><styleUrl>#s</styleUrl><ExtendedData><Data name="ha"><value>76.7</value></Data><Data name="sup_m2"><value>766654</value></Data></ExtendedData><Polygon><outerBoundaryIs><LinearRing><coordinates>-59.383728,-34.476229 -59.375671,-34.472005 -59.370578,-34.478631 -59.378915,-34.482831 -59.383728,-34.476229</coordinates></LinearRing></outerBoundaryIs></Polygon></Placemark>
<Placemark><name></name><styleUrl>#s</styleUrl><ExtendedData><Data name="ha"><value>80.5</value></Data><Data name="sup_m2"><value>804783</value></Data></ExtendedData><Polygon><outerBoundaryIs><LinearRing><coordinates>-59.366788,-34.468783 -59.374971,-34.472916 -59.380305,-34.465976 -59.372084,-34.461833 -59.366788,-34.468783</coordinates></LinearRing></outerBoundaryIs></Polygon></Placemark>
<Placemark><name></name><styleUrl>#s</styleUrl><ExtendedData><Data name="ha"><value>75.2</value></Data><Data name="sup_m2"><value>752220</value></Data></ExtendedData><Polygon><outerBoundaryIs><LinearRing><coordinates>-59.361800,-34.475326 -59.369968,-34.479401 -59.374971,-34.472916 -59.366788,-34.468783 -59.361800,-34.475326</coordinates></LinearRing></outerBoundaryIs></Polygon></Placemark>
<Placemark><name></name><styleUrl>#s</styleUrl><ExtendedData><Data name="ha"><value>136.9</value></Data><Data name="sup_m2"><value>1369096</value></Data></ExtendedData><Polygon><outerBoundaryIs><LinearRing><coordinates>-59.355563,-34.483508 -59.366984,-34.489295 -59.373968,-34.480376 -59.370578,-34.478631 -59.369968,-34.479401 -59.361800,-34.475326 -59.355563,-34.483508</coordinates></LinearRing></outerBoundaryIs></Polygon></Placemark>
<Placemark><name></name><styleUrl>#s</styleUrl><ExtendedData><Data name="ha"><value>118.7</value></Data><Data name="sup_m2"><value>1186619</value></Data></ExtendedData><Polygon><outerBoundaryIs><LinearRing><coordinates>-59.404292,-34.486519 -59.410784,-34.489785 -59.420539,-34.476740 -59.414100,-34.473455 -59.404292,-34.486519</coordinates></LinearRing></outerBoundaryIs></Polygon></Placemark>
<Placemark><name></name><styleUrl>#s</styleUrl><ExtendedData><Data name="ha"><value>124.7</value></Data><Data name="sup_m2"><value>1247157</value></Data></ExtendedData><Polygon><outerBoundaryIs><LinearRing><coordinates>-59.394078,-34.500119 -59.400518,-34.503507 -59.410784,-34.489785 -59.404292,-34.486519 -59.394078,-34.500119</coordinates></LinearRing></outerBoundaryIs></Polygon></Placemark>
<Placemark><name></name><styleUrl>#s</styleUrl><ExtendedData><Data name="ha"><value>114.6</value></Data><Data name="sup_m2"><value>1145625</value></Data></ExtendedData><Polygon><outerBoundaryIs><LinearRing><coordinates>-59.390345,-34.517101 -59.384137,-34.513350 -59.382141,-34.516006 -59.377088,-34.526857 -59.383837,-34.530277 -59.389283,-34.518520 -59.390345,-34.517101</coordinates></LinearRing></outerBoundaryIs></Polygon></Placemark>
<Placemark><name></name><styleUrl>#s</styleUrl><ExtendedData><Data name="ha"><value>130.2</value></Data><Data name="sup_m2"><value>1302105</value></Data></ExtendedData><Polygon><outerBoundaryIs><LinearRing><coordinates>-59.402264,-34.524225 -59.393947,-34.520221 -59.387934,-34.532352 -59.396439,-34.536661 -59.402264,-34.524225</coordinates></LinearRing></outerBoundaryIs></Polygon></Placemark>
<Placemark><name></name><styleUrl>#s</styleUrl><ExtendedData><Data name="ha"><value>50.5</value></Data><Data name="sup_m2"><value>504989</value></Data></ExtendedData><Polygon><outerBoundaryIs><LinearRing><coordinates>-59.405558,-34.519888 -59.397714,-34.515815 -59.393947,-34.520221 -59.402264,-34.524225 -59.405558,-34.519888</coordinates></LinearRing></outerBoundaryIs></Polygon></Placemark>
<Placemark><name></name><styleUrl>#s</styleUrl><ExtendedData><Data name="ha"><value>143.2</value></Data><Data name="sup_m2"><value>1432101</value></Data></ExtendedData><Polygon><outerBoundaryIs><LinearRing><coordinates>-59.397714,-34.515815 -59.405558,-34.519888 -59.413378,-34.509592 -59.403285,-34.504630 -59.395819,-34.514594 -59.397714,-34.515815</coordinates></LinearRing></outerBoundaryIs></Polygon></Placemark>
<Placemark><name></name><styleUrl>#s</styleUrl><ExtendedData><Data name="ha"><value>203.5</value></Data><Data name="sup_m2"><value>2035274</value></Data></ExtendedData><Polygon><outerBoundaryIs><LinearRing><coordinates>-59.430430,-34.487129 -59.452557,-34.498858 -59.458852,-34.490286 -59.444534,-34.484091 -59.441584,-34.487472 -59.433354,-34.483275 -59.430430,-34.487129</coordinates></LinearRing></outerBoundaryIs></Polygon></Placemark>
<Placemark><name></name><styleUrl>#s</styleUrl><ExtendedData><Data name="ha"><value>213.8</value></Data><Data name="sup_m2"><value>2137972</value></Data></ExtendedData><Polygon><outerBoundaryIs><LinearRing><coordinates>-59.425286,-34.493906 -59.447583,-34.505632 -59.452557,-34.498858 -59.430430,-34.487129 -59.425286,-34.493906</coordinates></LinearRing></outerBoundaryIs></Polygon></Placemark>
<Placemark><name></name><styleUrl>#s</styleUrl><ExtendedData><Data name="ha"><value>195.7</value></Data><Data name="sup_m2"><value>1956655</value></Data></ExtendedData><Polygon><outerBoundaryIs><LinearRing><coordinates>-59.418868,-34.502361 -59.427412,-34.506874 -59.430244,-34.503203 -59.444156,-34.510298 -59.447583,-34.505632 -59.425286,-34.493906 -59.418868,-34.502361</coordinates></LinearRing></outerBoundaryIs></Polygon></Placemark>
<Placemark><name></name><styleUrl>#s</styleUrl><ExtendedData><Data name="ha"><value>234.0</value></Data><Data name="sup_m2"><value>2339846</value></Data></ExtendedData><Polygon><outerBoundaryIs><LinearRing><coordinates>-59.412894,-34.510228 -59.417474,-34.512261 -59.407355,-34.525790 -59.401583,-34.539266 -59.405377,-34.541187 -59.411230,-34.527842 -59.427412,-34.506874 -59.418868,-34.502361 -59.412894,-34.510228</coordinates></LinearRing></outerBoundaryIs></Polygon></Placemark>
<Placemark><name></name><styleUrl>#s</styleUrl><ExtendedData><Data name="ha"><value>83.1</value></Data><Data name="sup_m2"><value>830795</value></Data></ExtendedData><Polygon><outerBoundaryIs><LinearRing><coordinates>-59.407355,-34.525790 -59.403014,-34.523237 -59.402233,-34.524265 -59.396439,-34.536661 -59.401583,-34.539266 -59.407355,-34.525790</coordinates></LinearRing></outerBoundaryIs></Polygon></Placemark>
<Placemark><name></name><styleUrl>#s</styleUrl><ExtendedData><Data name="ha"><value>83.6</value></Data><Data name="sup_m2"><value>836400</value></Data></ExtendedData><Polygon><outerBoundaryIs><LinearRing><coordinates>-59.403014,-34.523237 -59.407355,-34.525790 -59.417474,-34.512261 -59.412894,-34.510228 -59.403014,-34.523237</coordinates></LinearRing></outerBoundaryIs></Polygon></Placemark>
<Placemark><name></name><styleUrl>#s</styleUrl><ExtendedData><Data name="ha"><value>117.3</value></Data><Data name="sup_m2"><value>1173165</value></Data></ExtendedData><Polygon><outerBoundaryIs><LinearRing><coordinates>-59.430942,-34.549231 -59.407098,-34.537263 -59.405377,-34.541187 -59.429015,-34.553153 -59.430942,-34.549231</coordinates></LinearRing></outerBoundaryIs></Polygon></Placemark>
<Placemark><name></name><styleUrl>#s</styleUrl><ExtendedData><Data name="ha"><value>212.0</value></Data><Data name="sup_m2"><value>2119762</value></Data></ExtendedData><Polygon><outerBoundaryIs><LinearRing><coordinates>-59.429735,-34.537436 -59.411250,-34.527817 -59.407098,-34.537263 -59.425527,-34.546493 -59.428573,-34.538965 -59.429735,-34.537436</coordinates></LinearRing></outerBoundaryIs></Polygon></Placemark>
<Placemark><name></name><styleUrl>#s</styleUrl><ExtendedData><Data name="ha"><value>215.8</value></Data><Data name="sup_m2"><value>2157733</value></Data></ExtendedData><Polygon><outerBoundaryIs><LinearRing><coordinates>-59.435987,-34.529208 -59.417573,-34.519625 -59.411250,-34.527817 -59.429735,-34.537436 -59.435987,-34.529208</coordinates></LinearRing></outerBoundaryIs></Polygon></Placemark>
<Placemark><name></name><styleUrl>#s</styleUrl><ExtendedData><Data name="ha"><value>203.6</value></Data><Data name="sup_m2"><value>2035813</value></Data></ExtendedData><Polygon><outerBoundaryIs><LinearRing><coordinates>-59.441958,-34.521348 -59.423508,-34.511934 -59.417573,-34.519625 -59.435987,-34.529208 -59.441958,-34.521348</coordinates></LinearRing></outerBoundaryIs></Polygon></Placemark>
<Placemark><name></name><styleUrl>#s</styleUrl><ExtendedData><Data name="ha"><value>98.9</value></Data><Data name="sup_m2"><value>989358</value></Data></ExtendedData><Polygon><outerBoundaryIs><LinearRing><coordinates>-59.428582,-34.548038 -59.430942,-34.549231 -59.436527,-34.537863 -59.449343,-34.521431 -59.446759,-34.520025 -59.432219,-34.538982 -59.428582,-34.548038</coordinates></LinearRing></outerBoundaryIs></Polygon></Placemark>
<Placemark><name></name><styleUrl>#s</styleUrl><ExtendedData><Data name="ha"><value>105.7</value></Data><Data name="sup_m2"><value>1057132</value></Data></ExtendedData><Polygon><outerBoundaryIs><LinearRing><coordinates>-59.428582,-34.548038 -59.432219,-34.538982 -59.446759,-34.520025 -59.444074,-34.518563 -59.428573,-34.538965 -59.425527,-34.546493 -59.428582,-34.548038</coordinates></LinearRing></outerBoundaryIs></Polygon></Placemark>
<Placemark><name></name><styleUrl>#s</styleUrl><ExtendedData><Data name="ha"><value>35.4</value></Data><Data name="sup_m2"><value>354295</value></Data></ExtendedData><Polygon><outerBoundaryIs><LinearRing><coordinates>-59.460963,-34.500054 -59.464485,-34.502006 -59.469914,-34.495038 -59.466030,-34.493370 -59.460963,-34.500054</coordinates></LinearRing></outerBoundaryIs></Polygon></Placemark>
<Placemark><name></name><styleUrl>#s</styleUrl><ExtendedData><Data name="ha"><value>16.8</value></Data><Data name="sup_m2"><value>167866</value></Data></ExtendedData><Polygon><outerBoundaryIs><LinearRing><coordinates>-59.458421,-34.503407 -59.461949,-34.505260 -59.464485,-34.502006 -59.460963,-34.500054 -59.458421,-34.503407</coordinates></LinearRing></outerBoundaryIs></Polygon></Placemark>
<Placemark><name></name><styleUrl>#s</styleUrl><ExtendedData><Data name="ha"><value>16.6</value></Data><Data name="sup_m2"><value>165530</value></Data></ExtendedData><Polygon><outerBoundaryIs><LinearRing><coordinates>-59.455912,-34.506716 -59.459377,-34.508560 -59.461949,-34.505260 -59.458421,-34.503407 -59.455912,-34.506716</coordinates></LinearRing></outerBoundaryIs></Polygon></Placemark>
<Placemark><name></name><styleUrl>#s</styleUrl><ExtendedData><Data name="ha"><value>62.4</value></Data><Data name="sup_m2"><value>624095</value></Data></ExtendedData><Polygon><outerBoundaryIs><LinearRing><coordinates>-59.459377,-34.508560 -59.455912,-34.506716 -59.446093,-34.519662 -59.449343,-34.521431 -59.459377,-34.508560</coordinates></LinearRing></outerBoundaryIs></Polygon></Placemark>
<Placemark><name></name><styleUrl>#s</styleUrl><ExtendedData><Data name="ha"><value>55.5</value></Data><Data name="sup_m2"><value>555031</value></Data></ExtendedData><Polygon><outerBoundaryIs><LinearRing><coordinates>-59.444642,-34.518873 -59.446093,-34.519662 -59.466030,-34.493370 -59.464443,-34.492688 -59.444642,-34.518873</coordinates></LinearRing></outerBoundaryIs></Polygon></Placemark>
<Placemark><name></name><styleUrl>#s</styleUrl><ExtendedData><Data name="ha"><value>32.0</value></Data><Data name="sup_m2"><value>319731</value></Data></ExtendedData><Polygon><outerBoundaryIs><LinearRing><coordinates>-59.445642,-34.515825 -59.445780,-34.516416 -59.444074,-34.518563 -59.444642,-34.518873 -59.464443,-34.492688 -59.463552,-34.492305 -59.445642,-34.515825</coordinates></LinearRing></outerBoundaryIs></Polygon></Placemark>
<Placemark><name></name><styleUrl>#s</styleUrl><ExtendedData><Data name="ha"><value>45.1</value></Data><Data name="sup_m2"><value>451272</value></Data></ExtendedData><Polygon><outerBoundaryIs><LinearRing><coordinates>-59.445101,-34.514295 -59.445401,-34.514798 -59.445642,-34.515825 -59.463552,-34.492305 -59.461925,-34.491606 -59.445101,-34.514295</coordinates></LinearRing></outerBoundaryIs></Polygon></Placemark>
<Placemark><name></name><styleUrl>#s</styleUrl><ExtendedData><Data name="ha"><value>37.1</value></Data><Data name="sup_m2"><value>371282</value></Data></ExtendedData><Polygon><outerBoundaryIs><LinearRing><coordinates>-59.444507,-34.512100 -59.460258,-34.490890 -59.458852,-34.490286 -59.444156,-34.510298 -59.444507,-34.512100</coordinates></LinearRing></outerBoundaryIs></Polygon></Placemark>
<Placemark><name></name><styleUrl>#s</styleUrl><ExtendedData><Data name="ha"><value>49.7</value></Data><Data name="sup_m2"><value>497216</value></Data></ExtendedData><Polygon><outerBoundaryIs><LinearRing><coordinates>-59.444507,-34.512100 -59.444628,-34.513501 -59.445101,-34.514295 -59.461925,-34.491606 -59.460258,-34.490890 -59.444507,-34.512100</coordinates></LinearRing></outerBoundaryIs></Polygon></Placemark>
<Placemark><name></name><styleUrl>#s</styleUrl><ExtendedData><Data name="ha"><value>211.2</value></Data><Data name="sup_m2"><value>2112138</value></Data></ExtendedData><Polygon><outerBoundaryIs><LinearRing><coordinates>-59.337352,-34.420901 -59.339740,-34.422700 -59.399207,-34.375971 -59.398141,-34.373584 -59.337352,-34.420901</coordinates></LinearRing></outerBoundaryIs></Polygon></Placemark>
<Placemark><name></name><styleUrl>#s</styleUrl><ExtendedData><Data name="ha"><value>10.3</value></Data><Data name="sup_m2"><value>102984</value></Data></ExtendedData><Polygon><outerBoundaryIs><LinearRing><coordinates>-59.340706,-34.427725 -59.335127,-34.422631 -59.333850,-34.423624 -59.339842,-34.428398 -59.340706,-34.427725</coordinates></LinearRing></outerBoundaryIs></Polygon></Placemark>
<Placemark><name></name><styleUrl>#s</styleUrl><ExtendedData><Data name="ha"><value>11.4</value></Data><Data name="sup_m2"><value>113715</value></Data></ExtendedData><Polygon><outerBoundaryIs><LinearRing><coordinates>-59.342027,-34.426696 -59.336169,-34.421821 -59.335127,-34.422631 -59.340706,-34.427725 -59.342027,-34.426696</coordinates></LinearRing></outerBoundaryIs></Polygon></Placemark>
<Placemark><name></name><styleUrl>#s</styleUrl><ExtendedData><Data name="ha"><value>11.4</value></Data><Data name="sup_m2"><value>114112</value></Data></ExtendedData><Polygon><outerBoundaryIs><LinearRing><coordinates>-59.343030,-34.425916 -59.339740,-34.422700 -59.337352,-34.420901 -59.336169,-34.421821 -59.342027,-34.426696 -59.343030,-34.425916</coordinates></LinearRing></outerBoundaryIs></Polygon></Placemark>
<Placemark><name></name><styleUrl>#s</styleUrl><ExtendedData><Data name="ha"><value>62.6</value></Data><Data name="sup_m2"><value>626163</value></Data></ExtendedData><Polygon><outerBoundaryIs><LinearRing><coordinates>-59.339740,-34.422700 -59.343030,-34.425916 -59.353603,-34.417683 -59.350257,-34.414442 -59.339740,-34.422700</coordinates></LinearRing></outerBoundaryIs></Polygon></Placemark>
<Placemark><name></name><styleUrl>#s</styleUrl><ExtendedData><Data name="ha"><value>84.0</value></Data><Data name="sup_m2"><value>839681</value></Data></ExtendedData><Polygon><outerBoundaryIs><LinearRing><coordinates>-59.345816,-34.430086 -59.342027,-34.426696 -59.339842,-34.428398 -59.333850,-34.423624 -59.328356,-34.427896 -59.340596,-34.434163 -59.345816,-34.430086</coordinates></LinearRing></outerBoundaryIs></Polygon></Placemark>
<Placemark><name></name><styleUrl>#s</styleUrl><ExtendedData><Data name="ha"><value>13.9</value></Data><Data name="sup_m2"><value>138573</value></Data></ExtendedData><Polygon><outerBoundaryIs><LinearRing><coordinates>-59.347898,-34.428460 -59.344231,-34.424980 -59.342027,-34.426696 -59.345816,-34.430086 -59.347898,-34.428460</coordinates></LinearRing></outerBoundaryIs></Polygon></Placemark>
<Placemark><name></name><styleUrl>#s</styleUrl><ExtendedData><Data name="ha"><value>17.3</value></Data><Data name="sup_m2"><value>172718</value></Data></ExtendedData><Polygon><outerBoundaryIs><LinearRing><coordinates>-59.351009,-34.413851 -59.358605,-34.420095 -59.359921,-34.419067 -59.352470,-34.412704 -59.351009,-34.413851</coordinates></LinearRing></outerBoundaryIs></Polygon></Placemark>
<Placemark><name></name><styleUrl>#s</styleUrl><ExtendedData><Data name="ha"><value>73.6</value></Data><Data name="sup_m2"><value>736103</value></Data></ExtendedData><Polygon><outerBoundaryIs><LinearRing><coordinates>-59.358605,-34.420095 -59.351009,-34.413851 -59.350257,-34.414442 -59.353603,-34.417683 -59.344231,-34.424980 -59.347898,-34.428460 -59.358605,-34.420095</coordinates></LinearRing></outerBoundaryIs></Polygon></Placemark>
<Placemark><name></name><styleUrl>#s</styleUrl><ExtendedData><Data name="ha"><value>129.4</value></Data><Data name="sup_m2"><value>1293577</value></Data></ExtendedData><Polygon><outerBoundaryIs><LinearRing><coordinates>-59.370435,-34.409281 -59.363999,-34.403647 -59.352470,-34.412704 -59.359921,-34.419067 -59.363217,-34.416491 -59.362246,-34.415442 -59.370435,-34.409281</coordinates></LinearRing></outerBoundaryIs></Polygon></Placemark>
<Placemark><name></name><styleUrl>#s</styleUrl><ExtendedData><Data name="ha"><value>24.7</value></Data><Data name="sup_m2"><value>246582</value></Data></ExtendedData><Polygon><outerBoundaryIs><LinearRing><coordinates>-59.372746,-34.407542 -59.366241,-34.401886 -59.363999,-34.403647 -59.370435,-34.409281 -59.372746,-34.407542</coordinates></LinearRing></outerBoundaryIs></Polygon></Placemark>
<Placemark><name></name><styleUrl>#s</styleUrl><ExtendedData><Data name="ha"><value>63.4</value></Data><Data name="sup_m2"><value>633854</value></Data></ExtendedData><Polygon><outerBoundaryIs><LinearRing><coordinates>-59.378633,-34.403112 -59.371911,-34.397430 -59.366241,-34.401886 -59.372746,-34.407542 -59.378633,-34.403112</coordinates></LinearRing></outerBoundaryIs></Polygon></Placemark>
<Placemark><name></name><styleUrl>#s</styleUrl><ExtendedData><Data name="ha"><value>116.7</value></Data><Data name="sup_m2"><value>1166588</value></Data></ExtendedData><Polygon><outerBoundaryIs><LinearRing><coordinates>-59.389125,-34.395214 -59.382167,-34.389369 -59.371911,-34.397430 -59.378633,-34.403112 -59.389125,-34.395214</coordinates></LinearRing></outerBoundaryIs></Polygon></Placemark>
<Placemark><name></name><styleUrl>#s</styleUrl><ExtendedData><Data name="ha"><value>67.7</value></Data><Data name="sup_m2"><value>677214</value></Data></ExtendedData><Polygon><outerBoundaryIs><LinearRing><coordinates>-59.391364,-34.382139 -59.395557,-34.385844 -59.397761,-34.384279 -59.400548,-34.386613 -59.404829,-34.383389 -59.403389,-34.382052 -59.401485,-34.380943 -59.400749,-34.380326 -59.400137,-34.379633 -59.399503,-34.377686 -59.399264,-34.376662 -59.399207,-34.375971 -59.391364,-34.382139</coordinates></LinearRing></outerBoundaryIs></Polygon></Placemark>
<Placemark><name></name><styleUrl>#s</styleUrl><ExtendedData><Data name="ha"><value>116.5</value></Data><Data name="sup_m2"><value>1165100</value></Data></ExtendedData><Polygon><outerBoundaryIs><LinearRing><coordinates>-59.400548,-34.386613 -59.397761,-34.384279 -59.395557,-34.385844 -59.391364,-34.382139 -59.382167,-34.389369 -59.389125,-34.395214 -59.400548,-34.386613</coordinates></LinearRing></outerBoundaryIs></Polygon></Placemark>
<Placemark><name></name><styleUrl>#s</styleUrl><ExtendedData><Data name="ha"><value>167.5</value></Data><Data name="sup_m2"><value>1674722</value></Data></ExtendedData><Polygon><outerBoundaryIs><LinearRing><coordinates>-59.367742,-34.420495 -59.363217,-34.416491 -59.340596,-34.434163 -59.346326,-34.437096 -59.367742,-34.420495</coordinates></LinearRing></outerBoundaryIs></Polygon></Placemark>
<Placemark><name></name><styleUrl>#s</styleUrl><ExtendedData><Data name="ha"><value>66.4</value></Data><Data name="sup_m2"><value>663937</value></Data></ExtendedData><Polygon><outerBoundaryIs><LinearRing><coordinates>-59.365814,-34.418789 -59.367742,-34.420495 -59.388398,-34.404472 -59.386513,-34.402831 -59.365814,-34.418789</coordinates></LinearRing></outerBoundaryIs></Polygon></Placemark>
<Placemark><name></name><styleUrl>#s</styleUrl><ExtendedData><Data name="ha"><value>305.5</value></Data><Data name="sup_m2"><value>3055494</value></Data></ExtendedData><Polygon><outerBoundaryIs><LinearRing><coordinates>-59.365814,-34.418789 -59.386513,-34.402831 -59.388398,-34.404472 -59.408528,-34.388849 -59.408190,-34.387880 -59.407515,-34.387391 -59.406931,-34.387056 -59.406196,-34.386362 -59.405769,-34.385618 -59.404829,-34.383389 -59.362246,-34.415442 -59.363217,-34.416491 -59.365814,-34.418789</coordinates></LinearRing></outerBoundaryIs></Polygon></Placemark>
<Placemark><name></name><styleUrl>#s</styleUrl><ExtendedData><Data name="ha"><value>387.6</value></Data><Data name="sup_m2"><value>3875955</value></Data></ExtendedData><Polygon><outerBoundaryIs><LinearRing><coordinates>-59.350308,-34.439134 -59.412198,-34.393231 -59.411914,-34.392718 -59.411672,-34.392069 -59.411223,-34.391521 -59.410161,-34.390528 -59.409097,-34.389738 -59.408528,-34.388849 -59.346326,-34.437096 -59.350308,-34.439134</coordinates></LinearRing></outerBoundaryIs></Polygon></Placemark>
<Placemark><name></name><styleUrl>#s</styleUrl><ExtendedData><Data name="ha"><value>96.2</value></Data><Data name="sup_m2"><value>962372</value></Data></ExtendedData><Polygon><outerBoundaryIs><LinearRing><coordinates>-59.401960,-34.400830 -59.407563,-34.406009 -59.417383,-34.398847 -59.416483,-34.398161 -59.415953,-34.397442 -59.415547,-34.396690 -59.414892,-34.396176 -59.414362,-34.395491 -59.414120,-34.394911 -59.413589,-34.394294 -59.412198,-34.393231 -59.401960,-34.400830</coordinates></LinearRing></outerBoundaryIs></Polygon></Placemark>
<Placemark><name></name><styleUrl>#s</styleUrl><ExtendedData><Data name="ha"><value>175.8</value></Data><Data name="sup_m2"><value>1757806</value></Data></ExtendedData><Polygon><outerBoundaryIs><LinearRing><coordinates>-59.357900,-34.443019 -59.375146,-34.429661 -59.370043,-34.424506 -59.350308,-34.439134 -59.357900,-34.443019</coordinates></LinearRing></outerBoundaryIs></Polygon></Placemark>
<Placemark><name></name><styleUrl>#s</styleUrl><ExtendedData><Data name="ha"><value>143.5</value></Data><Data name="sup_m2"><value>1435026</value></Data></ExtendedData><Polygon><outerBoundaryIs><LinearRing><coordinates>-59.383997,-34.426776 -59.375870,-34.420185 -59.370043,-34.424506 -59.375146,-34.429661 -59.357900,-34.443019 -59.360572,-34.444386 -59.383997,-34.426776</coordinates></LinearRing></outerBoundaryIs></Polygon></Placemark>
<Placemark><name></name><styleUrl>#s</styleUrl><ExtendedData><Data name="ha"><value>555.6</value></Data><Data name="sup_m2"><value>5555585</value></Data></ExtendedData><Polygon><outerBoundaryIs><LinearRing><coordinates>-59.375870,-34.420185 -59.383997,-34.426776 -59.408587,-34.408277 -59.417634,-34.416078 -59.430739,-34.406649 -59.429024,-34.404766 -59.428495,-34.403945 -59.428008,-34.402954 -59.427190,-34.402235 -59.426002,-34.401479 -59.424609,-34.400790 -59.423336,-34.400478 -59.420788,-34.400159 -59.420172,-34.399951 -59.419189,-34.399333 -59.418780,-34.398990 -59.418164,-34.398851 -59.417383,-34.398847 -59.407563,-34.406009 -59.401960,-34.400830 -59.375870,-34.420185</coordinates></LinearRing></outerBoundaryIs></Polygon></Placemark>
<Placemark><name></name><styleUrl>#s</styleUrl><ExtendedData><Data name="ha"><value>188.2</value></Data><Data name="sup_m2"><value>1881909</value></Data></ExtendedData><Polygon><outerBoundaryIs><LinearRing><coordinates>-59.383203,-34.441501 -59.375385,-34.433252 -59.360572,-34.444386 -59.371629,-34.450043 -59.383203,-34.441501</coordinates></LinearRing></outerBoundaryIs></Polygon></Placemark>
<Placemark><name></name><styleUrl>#s</styleUrl><ExtendedData><Data name="ha"><value>493.5</value></Data><Data name="sup_m2"><value>4934683</value></Data></ExtendedData><Polygon><outerBoundaryIs><LinearRing><coordinates>-59.375385,-34.433252 -59.383203,-34.441501 -59.417634,-34.416078 -59.408587,-34.408277 -59.375385,-34.433252</coordinates></LinearRing></outerBoundaryIs></Polygon></Placemark>
<Placemark><name></name><styleUrl>#s</styleUrl><ExtendedData><Data name="ha"><value>141.7</value></Data><Data name="sup_m2"><value>1416885</value></Data></ExtendedData><Polygon><outerBoundaryIs><LinearRing><coordinates>-59.415398,-34.417730 -59.418905,-34.420287 -59.419848,-34.423977 -59.434770,-34.412805 -59.434570,-34.411883 -59.433717,-34.410243 -59.432944,-34.409046 -59.431843,-34.407541 -59.430739,-34.406649 -59.415398,-34.417730</coordinates></LinearRing></outerBoundaryIs></Polygon></Placemark>
<Placemark><name></name><styleUrl>#s</styleUrl><ExtendedData><Data name="ha"><value>194.7</value></Data><Data name="sup_m2"><value>1946774</value></Data></ExtendedData><Polygon><outerBoundaryIs><LinearRing><coordinates>-59.375777,-34.452164 -59.379576,-34.454107 -59.419848,-34.423977 -59.418905,-34.420287 -59.375777,-34.452164</coordinates></LinearRing></outerBoundaryIs></Polygon></Placemark>
<Placemark><name></name><styleUrl>#s</styleUrl><ExtendedData><Data name="ha"><value>228.9</value></Data><Data name="sup_m2"><value>2289004</value></Data></ExtendedData><Polygon><outerBoundaryIs><LinearRing><coordinates>-59.375777,-34.452164 -59.418905,-34.420287 -59.415398,-34.417730 -59.371629,-34.450043 -59.375777,-34.452164</coordinates></LinearRing></outerBoundaryIs></Polygon></Placemark>
<Placemark><name></name><styleUrl>#s</styleUrl><ExtendedData><Data name="ha"><value>114.4</value></Data><Data name="sup_m2"><value>1144430</value></Data></ExtendedData><Polygon><outerBoundaryIs><LinearRing><coordinates>-59.463570,-34.421583 -59.470936,-34.428122 -59.480321,-34.421323 -59.472808,-34.414694 -59.463570,-34.421583</coordinates></LinearRing></outerBoundaryIs></Polygon></Placemark>
<Placemark><name></name><styleUrl>#s</styleUrl><ExtendedData><Data name="ha"><value>106.7</value></Data><Data name="sup_m2"><value>1067472</value></Data></ExtendedData><Polygon><outerBoundaryIs><LinearRing><coordinates>-59.454868,-34.428072 -59.461982,-34.434608 -59.470936,-34.428122 -59.463570,-34.421583 -59.454868,-34.428072</coordinates></LinearRing></outerBoundaryIs></Polygon></Placemark>
<Placemark><name></name><styleUrl>#s</styleUrl><ExtendedData><Data name="ha"><value>88.1</value></Data><Data name="sup_m2"><value>881346</value></Data></ExtendedData><Polygon><outerBoundaryIs><LinearRing><coordinates>-59.454415,-34.440326 -59.458682,-34.436998 -59.461982,-34.434608 -59.454868,-34.428072 -59.448425,-34.432875 -59.449600,-34.434761 -59.450820,-34.437051 -59.452127,-34.438454 -59.453479,-34.439347 -59.454297,-34.440101 -59.454415,-34.440326</coordinates></LinearRing></outerBoundaryIs></Polygon></Placemark>
<Placemark><name></name><styleUrl>#s</styleUrl><ExtendedData><Data name="ha"><value>303.1</value></Data><Data name="sup_m2"><value>3030569</value></Data></ExtendedData><Polygon><outerBoundaryIs><LinearRing><coordinates>-59.454415,-34.440326 -59.454582,-34.440647 -59.454363,-34.442658 -59.454826,-34.443829 -59.455895,-34.444480 -59.456183,-34.445209 -59.456274,-34.446179 -59.457333,-34.448365 -59.458198,-34.450390 -59.458376,-34.453057 -59.460113,-34.455974 -59.462422,-34.460995 -59.465576,-34.463943 -59.478079,-34.454929 -59.458682,-34.436998 -59.454415,-34.440326</coordinates></LinearRing></outerBoundaryIs></Polygon></Placemark>
<Placemark><name></name><styleUrl>#s</styleUrl><ExtendedData><Data name="ha"><value>699.2</value></Data><Data name="sup_m2"><value>6991838</value></Data></ExtendedData><Polygon><outerBoundaryIs><LinearRing><coordinates>-59.442630,-34.425308 -59.444590,-34.427067 -59.446225,-34.428643 -59.446467,-34.429360 -59.447318,-34.431341 -59.448425,-34.432875 -59.472808,-34.414694 -59.480321,-34.421323 -59.497634,-34.408775 -59.483089,-34.395622 -59.442630,-34.425308</coordinates></LinearRing></outerBoundaryIs></Polygon></Placemark>
<Placemark><name></name><styleUrl>#s</styleUrl><ExtendedData><Data name="ha"><value>425.9</value></Data><Data name="sup_m2"><value>4259439</value></Data></ExtendedData><Polygon><outerBoundaryIs><LinearRing><coordinates>-59.468542,-34.395708 -59.438923,-34.418267 -59.439454,-34.419713 -59.440265,-34.421626 -59.441280,-34.423608 -59.442054,-34.424805 -59.442630,-34.425308 -59.483089,-34.395622 -59.484013,-34.394852 -59.477884,-34.388793 -59.468542,-34.395708</coordinates></LinearRing></outerBoundaryIs></Polygon></Placemark>
<Placemark><name></name><styleUrl>#s</styleUrl><ExtendedData><Data name="ha"><value>153.3</value></Data><Data name="sup_m2"><value>1532682</value></Data></ExtendedData><Polygon><outerBoundaryIs><LinearRing><coordinates>-59.436449,-34.414962 -59.438727,-34.417733 -59.438923,-34.418267 -59.468542,-34.395708 -59.465538,-34.392914 -59.436449,-34.414962</coordinates></LinearRing></outerBoundaryIs></Polygon></Placemark>
<Placemark><name></name><styleUrl>#s</styleUrl><ExtendedData><Data name="ha"><value>436.5</value></Data><Data name="sup_m2"><value>4365127</value></Data></ExtendedData><Polygon><outerBoundaryIs><LinearRing><coordinates>-59.429174,-34.404931 -59.430739,-34.406649 -59.431843,-34.407541 -59.432944,-34.409046 -59.433717,-34.410243 -59.434570,-34.411883 -59.434770,-34.412805 -59.435298,-34.413830 -59.436449,-34.414962 -59.465538,-34.392914 -59.456584,-34.384586 -59.429174,-34.404931</coordinates></LinearRing></outerBoundaryIs></Polygon></Placemark>
<Placemark><name></name><styleUrl>#s</styleUrl><ExtendedData><Data name="ha"><value>386.2</value></Data><Data name="sup_m2"><value>3861566</value></Data></ExtendedData><Polygon><outerBoundaryIs><LinearRing><coordinates>-59.418843,-34.399042 -59.419189,-34.399333 -59.420172,-34.399951 -59.420788,-34.400159 -59.423336,-34.400478 -59.424609,-34.400790 -59.426002,-34.401479 -59.427190,-34.402235 -59.428008,-34.402954 -59.428495,-34.403945 -59.429174,-34.404931 -59.456584,-34.384586 -59.448447,-34.377016 -59.418843,-34.399042</coordinates></LinearRing></outerBoundaryIs></Polygon></Placemark>
<Placemark><name></name><styleUrl>#s</styleUrl><ExtendedData><Data name="ha"><value>73.0</value></Data><Data name="sup_m2"><value>729510</value></Data></ExtendedData><Polygon><outerBoundaryIs><LinearRing><coordinates>-59.415968,-34.397463 -59.431401,-34.385589 -59.428636,-34.383037 -59.413716,-34.394442 -59.414120,-34.394911 -59.414362,-34.395491 -59.414892,-34.396176 -59.415547,-34.396690 -59.415968,-34.397463</coordinates></LinearRing></outerBoundaryIs></Polygon></Placemark>
<Placemark><name></name><styleUrl>#s</styleUrl><ExtendedData><Data name="ha"><value>255.5</value></Data><Data name="sup_m2"><value>2555074</value></Data></ExtendedData><Polygon><outerBoundaryIs><LinearRing><coordinates>-59.428636,-34.383037 -59.431401,-34.385589 -59.415968,-34.397463 -59.416483,-34.398161 -59.417383,-34.398847 -59.418164,-34.398851 -59.418843,-34.399042 -59.448447,-34.377016 -59.462694,-34.366566 -59.460271,-34.364524 -59.447592,-34.373924 -59.444144,-34.371178 -59.428636,-34.383037</coordinates></LinearRing></outerBoundaryIs></Polygon></Placemark>
<Placemark><name></name><styleUrl>#s</styleUrl><ExtendedData><Data name="ha"><value>495.9</value></Data><Data name="sup_m2"><value>4958947</value></Data></ExtendedData><Polygon><outerBoundaryIs><LinearRing><coordinates>-59.424977,-34.385628 -59.414742,-34.360452 -59.398012,-34.373476 -59.399078,-34.375863 -59.399134,-34.376554 -59.399374,-34.377578 -59.400008,-34.379524 -59.400620,-34.380218 -59.401355,-34.380835 -59.403260,-34.381944 -59.404700,-34.383280 -59.405640,-34.385510 -59.406067,-34.386253 -59.406802,-34.386947 -59.407386,-34.387282 -59.408061,-34.387772 -59.408398,-34.388741 -59.408968,-34.389630 -59.410032,-34.390419 -59.411094,-34.391413 -59.411543,-34.391961 -59.411785,-34.392610 -59.412069,-34.393122 -59.413587,-34.394333 -59.424977,-34.385628</coordinates></LinearRing></outerBoundaryIs></Polygon></Placemark>
<Placemark><name></name><styleUrl>#s</styleUrl><ExtendedData><Data name="ha"><value>159.8</value></Data><Data name="sup_m2"><value>1598245</value></Data></ExtendedData><Polygon><outerBoundaryIs><LinearRing><coordinates>-59.414742,-34.360452 -59.424977,-34.385628 -59.429802,-34.381939 -59.419402,-34.356874 -59.414742,-34.360452</coordinates></LinearRing></outerBoundaryIs></Polygon></Placemark>
<Placemark><name></name><styleUrl>#s</styleUrl><ExtendedData><Data name="ha"><value>151.3</value></Data><Data name="sup_m2"><value>1513078</value></Data></ExtendedData><Polygon><outerBoundaryIs><LinearRing><coordinates>-59.456356,-34.361223 -59.442377,-34.349434 -59.435675,-34.354934 -59.450024,-34.366098 -59.456356,-34.361223</coordinates></LinearRing></outerBoundaryIs></Polygon></Placemark>
<Placemark><name></name><styleUrl>#s</styleUrl><ExtendedData><Data name="ha"><value>496.8</value></Data><Data name="sup_m2"><value>4967578</value></Data></ExtendedData><Polygon><outerBoundaryIs><LinearRing><coordinates>-59.426517,-34.373821 -59.442852,-34.360518 -59.435675,-34.354934 -59.442377,-34.349434 -59.440144,-34.347551 -59.443785,-34.344916 -59.434602,-34.337176 -59.422141,-34.346132 -59.426839,-34.351371 -59.419532,-34.356982 -59.426517,-34.373821</coordinates></LinearRing></outerBoundaryIs></Polygon></Placemark>
<Placemark><name></name><styleUrl>#s</styleUrl><ExtendedData><Data name="ha"><value>135.1</value></Data><Data name="sup_m2"><value>1350720</value></Data></ExtendedData><Polygon><outerBoundaryIs><LinearRing><coordinates>-59.443429,-34.371725 -59.436662,-34.365560 -59.426517,-34.373821 -59.429931,-34.382048 -59.443429,-34.371725</coordinates></LinearRing></outerBoundaryIs></Polygon></Placemark>
<Placemark><name></name><styleUrl>#s</styleUrl><ExtendedData><Data name="ha"><value>153.0</value></Data><Data name="sup_m2"><value>1529986</value></Data></ExtendedData><Polygon><outerBoundaryIs><LinearRing><coordinates>-59.436662,-34.365560 -59.443429,-34.371725 -59.444144,-34.371178 -59.447592,-34.373924 -59.460271,-34.364524 -59.456356,-34.361223 -59.450024,-34.366098 -59.442852,-34.360518 -59.436662,-34.365560</coordinates></LinearRing></outerBoundaryIs></Polygon></Placemark>
<Placemark><name></name><styleUrl>#s</styleUrl><ExtendedData><Data name="ha"><value>392.3</value></Data><Data name="sup_m2"><value>3923147</value></Data></ExtendedData><Polygon><outerBoundaryIs><LinearRing><coordinates>-59.468487,-34.554839 -59.480022,-34.560284 -59.498872,-34.536575 -59.487068,-34.530690 -59.468487,-34.554839</coordinates></LinearRing></outerBoundaryIs></Polygon></Placemark>
<Placemark><name></name><styleUrl>#s</styleUrl><ExtendedData><Data name="ha"><value>98.5</value></Data><Data name="sup_m2"><value>985292</value></Data></ExtendedData><Polygon><outerBoundaryIs><LinearRing><coordinates>-59.465202,-34.562128 -59.476275,-34.567473 -59.476777,-34.564363 -59.480022,-34.560284 -59.468487,-34.554839 -59.465202,-34.562128</coordinates></LinearRing></outerBoundaryIs></Polygon></Placemark>
<Placemark><name></name><styleUrl>#s</styleUrl><ExtendedData><Data name="ha"><value>111.4</value></Data><Data name="sup_m2"><value>1113612</value></Data></ExtendedData><Polygon><outerBoundaryIs><LinearRing><coordinates>-59.461726,-34.569838 -59.465202,-34.562128 -59.452975,-34.556225 -59.450363,-34.564043 -59.461726,-34.569838</coordinates></LinearRing></outerBoundaryIs></Polygon></Placemark>
<Placemark><name></name><styleUrl>#s</styleUrl><ExtendedData><Data name="ha"><value>200.6</value></Data><Data name="sup_m2"><value>2006419</value></Data></ExtendedData><Polygon><outerBoundaryIs><LinearRing><coordinates>-59.443154,-34.549508 -59.453393,-34.554975 -59.454513,-34.551622 -59.463504,-34.540249 -59.453319,-34.534788 -59.443154,-34.549508</coordinates></LinearRing></outerBoundaryIs></Polygon></Placemark>
<Placemark><name></name><styleUrl>#s</styleUrl><ExtendedData><Data name="ha"><value>491.1</value></Data><Data name="sup_m2"><value>4911186</value></Data></ExtendedData><Polygon><outerBoundaryIs><LinearRing><coordinates>-59.433009,-34.483100 -59.441584,-34.487472 -59.444534,-34.484091 -59.453951,-34.488180 -59.469376,-34.476385 -59.465576,-34.463943 -59.462422,-34.460995 -59.433009,-34.483100</coordinates></LinearRing></outerBoundaryIs></Polygon></Placemark>
<Placemark><name></name><styleUrl>#s</styleUrl><ExtendedData><Data name="ha"><value>536.6</value></Data><Data name="sup_m2"><value>5366484</value></Data></ExtendedData><Polygon><outerBoundaryIs><LinearRing><coordinates>-59.420792,-34.476869 -59.433009,-34.483100 -59.462422,-34.460995 -59.460113,-34.455974 -59.458376,-34.453057 -59.458198,-34.450390 -59.457333,-34.448365 -59.420792,-34.476869</coordinates></LinearRing></outerBoundaryIs></Polygon></Placemark>
<Placemark><name></name><styleUrl>#s</styleUrl><ExtendedData><Data name="ha"><value>314.8</value></Data><Data name="sup_m2"><value>3148182</value></Data></ExtendedData><Polygon><outerBoundaryIs><LinearRing><coordinates>-59.414100,-34.473455 -59.420792,-34.476869 -59.457333,-34.448365 -59.456274,-34.446179 -59.456183,-34.445209 -59.447163,-34.447876 -59.448123,-34.450305 -59.443234,-34.451980 -59.443043,-34.451252 -59.440697,-34.451968 -59.441078,-34.453425 -59.438635,-34.453979 -59.414100,-34.473455</coordinates></LinearRing></outerBoundaryIs></Polygon></Placemark>
<Placemark><name></name><styleUrl>#s</styleUrl><ExtendedData><Data name="ha"><value>21.0</value></Data><Data name="sup_m2"><value>209859</value></Data></ExtendedData><Polygon><outerBoundaryIs><LinearRing><coordinates>-59.412919,-34.466096 -59.410439,-34.463931 -59.405759,-34.467481 -59.407375,-34.470024 -59.407641,-34.470159 -59.412919,-34.466096</coordinates></LinearRing></outerBoundaryIs></Polygon></Placemark>
<Placemark><name></name><styleUrl>#s</styleUrl><ExtendedData><Data name="ha"><value>10.3</value></Data><Data name="sup_m2"><value>103210</value></Data></ExtendedData><Polygon><outerBoundaryIs><LinearRing><coordinates>-59.415393,-34.464191 -59.412971,-34.462010 -59.410439,-34.463931 -59.412919,-34.466096 -59.415393,-34.464191</coordinates></LinearRing></outerBoundaryIs></Polygon></Placemark>
<Placemark><name></name><styleUrl>#s</styleUrl><ExtendedData><Data name="ha"><value>9.7</value></Data><Data name="sup_m2"><value>97318</value></Data></ExtendedData><Polygon><outerBoundaryIs><LinearRing><coordinates>-59.417829,-34.462315 -59.415284,-34.460255 -59.412971,-34.462010 -59.415393,-34.464191 -59.417829,-34.462315</coordinates></LinearRing></outerBoundaryIs></Polygon></Placemark>
<Placemark><name></name><styleUrl>#s</styleUrl><ExtendedData><Data name="ha"><value>10.1</value></Data><Data name="sup_m2"><value>100893</value></Data></ExtendedData><Polygon><outerBoundaryIs><LinearRing><coordinates>-59.420247,-34.460453 -59.417825,-34.458327 -59.415284,-34.460255 -59.417829,-34.462315 -59.420247,-34.460453</coordinates></LinearRing></outerBoundaryIs></Polygon></Placemark>
<Placemark><name></name><styleUrl>#s</styleUrl><ExtendedData><Data name="ha"><value>11.0</value></Data><Data name="sup_m2"><value>110377</value></Data></ExtendedData><Polygon><outerBoundaryIs><LinearRing><coordinates>-59.422329,-34.458850 -59.419277,-34.456080 -59.417146,-34.457677 -59.420247,-34.460453 -59.422329,-34.458850</coordinates></LinearRing></outerBoundaryIs></Polygon></Placemark>
<Placemark><name></name><styleUrl>#s</styleUrl><ExtendedData><Data name="ha"><value>10.5</value></Data><Data name="sup_m2"><value>104869</value></Data></ExtendedData><Polygon><outerBoundaryIs><LinearRing><coordinates>-59.424349,-34.457295 -59.421316,-34.454551 -59.419277,-34.456080 -59.422329,-34.458850 -59.424349,-34.457295</coordinates></LinearRing></outerBoundaryIs></Polygon></Placemark>
<Placemark><name></name><styleUrl>#s</styleUrl><ExtendedData><Data name="ha"><value>11.5</value></Data><Data name="sup_m2"><value>115348</value></Data></ExtendedData><Polygon><outerBoundaryIs><LinearRing><coordinates>-59.423493,-34.456521 -59.424349,-34.457295 -59.431528,-34.451764 -59.431079,-34.450494 -59.423493,-34.456521</coordinates></LinearRing></outerBoundaryIs></Polygon></Placemark>
<Placemark><name></name><styleUrl>#s</styleUrl><ExtendedData><Data name="ha"><value>29.0</value></Data><Data name="sup_m2"><value>290120</value></Data></ExtendedData><Polygon><outerBoundaryIs><LinearRing><coordinates>-59.423493,-34.456521 -59.431079,-34.450494 -59.430166,-34.447917 -59.421316,-34.454551 -59.423493,-34.456521</coordinates></LinearRing></outerBoundaryIs></Polygon></Placemark>
<Placemark><name></name><styleUrl>#s</styleUrl><ExtendedData><Data name="ha"><value>32.8</value></Data><Data name="sup_m2"><value>327910</value></Data></ExtendedData><Polygon><outerBoundaryIs><LinearRing><coordinates>-59.416177,-34.471807 -59.413342,-34.465770 -59.407641,-34.470159 -59.414100,-34.473455 -59.416177,-34.471807</coordinates></LinearRing></outerBoundaryIs></Polygon></Placemark>
<Placemark><name></name><styleUrl>#s</styleUrl><ExtendedData><Data name="ha"><value>18.3</value></Data><Data name="sup_m2"><value>182685</value></Data></ExtendedData><Polygon><outerBoundaryIs><LinearRing><coordinates>-59.418393,-34.461881 -59.419762,-34.464777 -59.424287,-34.461302 -59.422935,-34.458384 -59.418393,-34.461881</coordinates></LinearRing></outerBoundaryIs></Polygon></Placemark>
<Placemark><name></name><styleUrl>#s</styleUrl><ExtendedData><Data name="ha"><value>4.8</value></Data><Data name="sup_m2"><value>48267</value></Data></ExtendedData><Polygon><outerBoundaryIs><LinearRing><coordinates>-59.415795,-34.467822 -59.414652,-34.464762 -59.413342,-34.465770 -59.414700,-34.468662 -59.415795,-34.467822</coordinates></LinearRing></outerBoundaryIs></Polygon></Placemark>
<Placemark><name></name><styleUrl>#s</styleUrl><ExtendedData><Data name="ha"><value>15.5</value></Data><Data name="sup_m2"><value>154882</value></Data></ExtendedData><Polygon><outerBoundaryIs><LinearRing><coordinates>-59.414652,-34.464762 -59.415795,-34.467822 -59.419762,-34.464777 -59.418393,-34.461881 -59.414652,-34.464762</coordinates></LinearRing></outerBoundaryIs></Polygon></Placemark>
<Placemark><name></name><styleUrl>#s</styleUrl><ExtendedData><Data name="ha"><value>4.3</value></Data><Data name="sup_m2"><value>43168</value></Data></ExtendedData><Polygon><outerBoundaryIs><LinearRing><coordinates>-59.423219,-34.462122 -59.424649,-34.465083 -59.425666,-34.464276 -59.424287,-34.461302 -59.423219,-34.462122</coordinates></LinearRing></outerBoundaryIs></Polygon></Placemark>
<Placemark><name></name><styleUrl>#s</styleUrl><ExtendedData><Data name="ha"><value>6.2</value></Data><Data name="sup_m2"><value>61557</value></Data></ExtendedData><Polygon><outerBoundaryIs><LinearRing><coordinates>-59.421679,-34.463304 -59.423241,-34.466201 -59.424649,-34.465083 -59.423219,-34.462122 -59.421679,-34.463304</coordinates></LinearRing></outerBoundaryIs></Polygon></Placemark>
<Placemark><name></name><styleUrl>#s</styleUrl><ExtendedData><Data name="ha"><value>5.5</value></Data><Data name="sup_m2"><value>55149</value></Data></ExtendedData><Polygon><outerBoundaryIs><LinearRing><coordinates>-59.420407,-34.464281 -59.421894,-34.467269 -59.423241,-34.466201 -59.421679,-34.463304 -59.420407,-34.464281</coordinates></LinearRing></outerBoundaryIs></Polygon></Placemark>
<Placemark><name></name><styleUrl>#s</styleUrl><ExtendedData><Data name="ha"><value>6.4</value></Data><Data name="sup_m2"><value>64428</value></Data></ExtendedData><Polygon><outerBoundaryIs><LinearRing><coordinates>-59.418875,-34.465457 -59.420394,-34.468460 -59.421894,-34.467269 -59.420407,-34.464281 -59.418875,-34.465457</coordinates></LinearRing></outerBoundaryIs></Polygon></Placemark>
<Placemark><name></name><styleUrl>#s</styleUrl><ExtendedData><Data name="ha"><value>6.6</value></Data><Data name="sup_m2"><value>66118</value></Data></ExtendedData><Polygon><outerBoundaryIs><LinearRing><coordinates>-59.417419,-34.466575 -59.418768,-34.469750 -59.420394,-34.468460 -59.418875,-34.465457 -59.417419,-34.466575</coordinates></LinearRing></outerBoundaryIs></Polygon></Placemark>
<Placemark><name></name><styleUrl>#s</styleUrl><ExtendedData><Data name="ha"><value>11.5</value></Data><Data name="sup_m2"><value>115358</value></Data></ExtendedData><Polygon><outerBoundaryIs><LinearRing><coordinates>-59.418768,-34.469750 -59.417419,-34.466575 -59.414700,-34.468662 -59.416177,-34.471807 -59.418768,-34.469750</coordinates></LinearRing></outerBoundaryIs></Polygon></Placemark>
<Placemark><name></name><styleUrl>#s</styleUrl><ExtendedData><Data name="ha"><value>6.2</value></Data><Data name="sup_m2"><value>61735</value></Data></ExtendedData><Polygon><outerBoundaryIs><LinearRing><coordinates>-59.427108,-34.459986 -59.428124,-34.462325 -59.430535,-34.460411 -59.429884,-34.459008 -59.427108,-34.459986</coordinates></LinearRing></outerBoundaryIs></Polygon></Placemark>
<Placemark><name></name><styleUrl>#s</styleUrl><ExtendedData><Data name="ha"><value>9.6</value></Data><Data name="sup_m2"><value>96243</value></Data></ExtendedData><Polygon><outerBoundaryIs><LinearRing><coordinates>-59.428124,-34.462325 -59.427108,-34.459986 -59.424159,-34.461025 -59.425666,-34.464276 -59.428124,-34.462325</coordinates></LinearRing></outerBoundaryIs></Polygon></Placemark>
<Placemark><name></name><styleUrl>#s</styleUrl><ExtendedData><Data name="ha"><value>12.1</value></Data><Data name="sup_m2"><value>120827</value></Data></ExtendedData><Polygon><outerBoundaryIs><LinearRing><coordinates>-59.424349,-34.457295 -59.422935,-34.458384 -59.424159,-34.461025 -59.427572,-34.459823 -59.426112,-34.456774 -59.424349,-34.457295</coordinates></LinearRing></outerBoundaryIs></Polygon></Placemark>
<Placemark><name></name><styleUrl>#s</styleUrl><ExtendedData><Data name="ha"><value>7.0</value></Data><Data name="sup_m2"><value>70418</value></Data></ExtendedData><Polygon><outerBoundaryIs><LinearRing><coordinates>-59.432650,-34.455996 -59.433585,-34.457989 -59.438635,-34.453979 -59.432650,-34.455996</coordinates></LinearRing></outerBoundaryIs></Polygon></Placemark>
<Placemark><name></name><styleUrl>#s</styleUrl><ExtendedData><Data name="ha"><value>5.7</value></Data><Data name="sup_m2"><value>57117</value></Data></ExtendedData><Polygon><outerBoundaryIs><LinearRing><coordinates>-59.430682,-34.456659 -59.431752,-34.459445 -59.433585,-34.457989 -59.432650,-34.455996 -59.430682,-34.456659</coordinates></LinearRing></outerBoundaryIs></Polygon></Placemark>
<Placemark><name></name><styleUrl>#s</styleUrl><ExtendedData><Data name="ha"><value>15.3</value></Data><Data name="sup_m2"><value>153003</value></Data></ExtendedData><Polygon><outerBoundaryIs><LinearRing><coordinates>-59.431752,-34.459445 -59.430682,-34.456659 -59.428259,-34.455830 -59.426112,-34.456774 -59.427572,-34.459823 -59.429884,-34.459008 -59.430535,-34.460411 -59.431752,-34.459445</coordinates></LinearRing></outerBoundaryIs></Polygon></Placemark>
<Placemark><name></name><styleUrl>#s</styleUrl><ExtendedData><Data name="ha"><value>13.7</value></Data><Data name="sup_m2"><value>137428</value></Data></ExtendedData><Polygon><outerBoundaryIs><LinearRing><coordinates>-59.431306,-34.451137 -59.433059,-34.449675 -59.433871,-34.448588 -59.434823,-34.448471 -59.433628,-34.445322 -59.430166,-34.447917 -59.431306,-34.451137</coordinates></LinearRing></outerBoundaryIs></Polygon></Placemark>
<Placemark><name></name><styleUrl>#s</styleUrl><ExtendedData><Data name="ha"><value>280.0</value></Data><Data name="sup_m2"><value>2800158</value></Data></ExtendedData><Polygon><outerBoundaryIs><LinearRing><coordinates>-59.433628,-34.445322 -59.434823,-34.448471 -59.433871,-34.448588 -59.433059,-34.449675 -59.431306,-34.451137 -59.431528,-34.451764 -59.424349,-34.457295 -59.426112,-34.456774 -59.428259,-34.455830 -59.430682,-34.456659 -59.438635,-34.453979 -59.441078,-34.453425 -59.440697,-34.451968 -59.443043,-34.451252 -59.443234,-34.451980 -59.448123,-34.450305 -59.447163,-34.447876 -59.456183,-34.445209 -59.455895,-34.444480 -59.454826,-34.443829 -59.454363,-34.442658 -59.454582,-34.440647 -59.454297,-34.440101 -59.453479,-34.439347 -59.452127,-34.438454 -59.450820,-34.437051 -59.450088,-34.435615 -59.449031,-34.433770 -59.433628,-34.445322</coordinates></LinearRing></outerBoundaryIs></Polygon></Placemark>
<Placemark><name></name><styleUrl>#s</styleUrl><ExtendedData><Data name="ha"><value>6.9</value></Data><Data name="sup_m2"><value>68758</value></Data></ExtendedData><Polygon><outerBoundaryIs><LinearRing><coordinates>-59.295509,-34.411548 -59.300247,-34.413278 -59.300914,-34.412330 -59.300188,-34.412055 -59.297162,-34.410249 -59.295509,-34.411548</coordinates></LinearRing></outerBoundaryIs></Polygon></Placemark>
<Placemark><name></name><styleUrl>#s</styleUrl><ExtendedData><Data name="ha"><value>4.2</value></Data><Data name="sup_m2"><value>42017</value></Data></ExtendedData><Polygon><outerBoundaryIs><LinearRing><coordinates>-59.294724,-34.412165 -59.299805,-34.413906 -59.300247,-34.413278 -59.295509,-34.411548 -59.294724,-34.412165</coordinates></LinearRing></outerBoundaryIs></Polygon></Placemark>
<Placemark><name></name><styleUrl>#s</styleUrl><ExtendedData><Data name="ha"><value>5.2</value></Data><Data name="sup_m2"><value>52114</value></Data></ExtendedData><Polygon><outerBoundaryIs><LinearRing><coordinates>-59.293847,-34.412854 -59.299260,-34.414680 -59.299805,-34.413906 -59.294724,-34.412165 -59.293847,-34.412854</coordinates></LinearRing></outerBoundaryIs></Polygon></Placemark>
<Placemark><name></name><styleUrl>#s</styleUrl><ExtendedData><Data name="ha"><value>28.7</value></Data><Data name="sup_m2"><value>287331</value></Data></ExtendedData><Polygon><outerBoundaryIs><LinearRing><coordinates>-59.290652,-34.417759 -59.293847,-34.412854 -59.289955,-34.410629 -59.286242,-34.415904 -59.290652,-34.417759</coordinates></LinearRing></outerBoundaryIs></Polygon></Placemark>
<Placemark><name></name><styleUrl>#s</styleUrl><ExtendedData><Data name="ha"><value>5.6</value></Data><Data name="sup_m2"><value>56287</value></Data></ExtendedData><Polygon><outerBoundaryIs><LinearRing><coordinates>-59.293345,-34.413625 -59.298631,-34.415574 -59.299260,-34.414680 -59.293847,-34.412854 -59.293345,-34.413625</coordinates></LinearRing></outerBoundaryIs></Polygon></Placemark>
<Placemark><name></name><styleUrl>#s</styleUrl><ExtendedData><Data name="ha"><value>6.1</value></Data><Data name="sup_m2"><value>60942</value></Data></ExtendedData><Polygon><outerBoundaryIs><LinearRing><coordinates>-59.292785,-34.414485 -59.297959,-34.416529 -59.298631,-34.415574 -59.293345,-34.413625 -59.292785,-34.414485</coordinates></LinearRing></outerBoundaryIs></Polygon></Placemark>
<Placemark><name></name><styleUrl>#s</styleUrl><ExtendedData><Data name="ha"><value>6.0</value></Data><Data name="sup_m2"><value>59917</value></Data></ExtendedData><Polygon><outerBoundaryIs><LinearRing><coordinates>-59.292182,-34.415411 -59.297345,-34.417401 -59.297959,-34.416529 -59.292785,-34.414485 -59.292182,-34.415411</coordinates></LinearRing></outerBoundaryIs></Polygon></Placemark>
<Placemark><name>IVULICH SANTIAGO ROB</name><styleUrl>#s</styleUrl><ExtendedData><Data name="ha"><value>153.0</value></Data><Data name="circ"><value>VII</value></Data><Data name="parcela"><value>707 A</value></Data><Data name="titular"><value>IVULICH SANTIAGO ROB</value></Data><Data name="sup_m2"><value>1529510</value></Data></ExtendedData><Polygon><outerBoundaryIs><LinearRing><coordinates>-59.406078,-34.327573 -59.412609,-34.331874 -59.427048,-34.318388 -59.419368,-34.314626 -59.406078,-34.327573</coordinates></LinearRing></outerBoundaryIs></Polygon></Placemark>
</Document></kml>
