{"type": "FeatureCollection", "features": [{"type": "Feature", "geometry": {"type": "Point", "coordinates": [-59.554786, -34.511224]}, "properties": {"n": 3, "d": "PASCUALA ROMERO", "t": "CASA"}}, {"type": "Feature", "geometry": {"type": "Point", "coordinates": [-59.550202, -34.512723]}, "properties": {"n": 3, "d": "PASCUALA ROMERO", "t": "CASA"}}, {"type": "Feature", "geometry": {"type": "Point", "coordinates": [-59.552933, -34.481312]}, "properties": {"n": 3, "d": "BRAVO", "t": "CASA"}}, {"type": "Feature", "geometry": {"type": "Point", "coordinates": [-59.52974, -34.481395]}, "properties": {"n": 3, "d": "C. ALMIRON", "t": "CASA"}}, {"type": "Feature", "geometry": {"type": "Point", "coordinates": [-59.521929, -34.47949]}, "properties": {"n": 3, "d": "DON GUILLERMO AGUIRRE", "t": "CASA"}}, {"type": "Feature", "geometry": {"type": "Point", "coordinates": [-59.506815, -34.494259]}, "properties": {"n": 3, "d": "DON GUILLERMO AGUIRRE", "t": "CASA"}}, {"type": "Feature", "geometry": {"type": "Point", "coordinates": [-59.500106, -34.491562]}, "properties": {"n": 3, "d": "DON GUILLERMO AGUIRRE", "t": "CASA"}}, {"type": "Feature", "geometry": {"type": "Point", "coordinates": [-59.539221, -34.466715]}, "properties": {"n": 3, "d": "A. ROJAS", "t": "CASA"}}, {"type": "Feature", "geometry": {"type": "Point", "coordinates": [-59.542603, -34.462977]}, "properties": {"n": 3, "d": "D. ALVARRACIN", "t": "CASA"}}, {"type": "Feature", "geometry": {"type": "Point", "coordinates": [-59.551738, -34.460909]}, "properties": {"n": 0, "d": "E. ALMIRON", "t": "CASA"}}, {"type": "Feature", "geometry": {"type": "Point", "coordinates": [-59.528726, -34.466504]}, "properties": {"n": 3, "d": "L. GALEANO", "t": "CASA"}}, {"type": "Feature", "geometry": {"type": "Point", "coordinates": [-59.476628, -34.49343]}, "properties": {"n": 4, "d": "FELIX LESCANO", "t": "CASA"}}, {"type": "Feature", "geometry": {"type": "Point", "coordinates": [-59.487758, -34.502619]}, "properties": {"n": 4, "d": "GERONIMO LAVALLEN", "t": "CASA"}}, {"type": "Feature", "geometry": {"type": "Point", "coordinates": [-59.463417, -34.449175]}, "properties": {"n": 5, "d": "ANGELA CASCO DE SARAVI", "t": "CASA"}}, {"type": "Feature", "geometry": {"type": "Point", "coordinates": [-59.517094, -34.42358]}, "properties": {"n": 5, "d": "PUESTO", "t": "PUESTO"}}, {"type": "Feature", "geometry": {"type": "Point", "coordinates": [-59.519141, -34.402597]}, "properties": {"n": 5, "d": "RODRIGUEZ", "t": "CASA"}}, {"type": "Feature", "geometry": {"type": "Point", "coordinates": [-59.483653, -34.411232]}, "properties": {"n": 0, "d": "IGNACIO CASCO", "t": "CASA"}}, {"type": "Feature", "geometry": {"type": "Point", "coordinates": [-59.530268, -34.392983]}, "properties": {"n": 0, "d": "SAN JUAN", "t": "CASA"}}, {"type": "Feature", "geometry": {"type": "Point", "coordinates": [-59.504648, -34.394718]}, "properties": {"n": 5, "d": "CELESTINO ANDRADE", "t": "CASA"}}, {"type": "Feature", "geometry": {"type": "Point", "coordinates": [-59.472702, -34.461621]}, "properties": {"n": 5, "d": "M. C. DE GALEANO", "t": "CASA"}}, {"type": "Feature", "geometry": {"type": "Point", "coordinates": [-59.47413, -34.458574]}, "properties": {"n": 5, "d": "B. GALEANO", "t": "CASA"}}, {"type": "Feature", "geometry": {"type": "Point", "coordinates": [-59.549675, -34.419594]}, "properties": {"n": 5, "d": "MANUEL", "t": "CASA"}}, {"type": "Feature", "geometry": {"type": "Point", "coordinates": [-59.389213, -34.34636]}, "properties": {"n": 6, "d": "PALOMA", "t": "CASA"}}, {"type": "Feature", "geometry": {"type": "Point", "coordinates": [-59.387433, -34.339598]}, "properties": {"n": 6, "d": "TESEIRA", "t": "CASA"}}, {"type": "Feature", "geometry": {"type": "Point", "coordinates": [-59.341787, -34.390742]}, "properties": {"n": 6, "d": "PASCUAL SOSA", "t": "CASA"}}, {"type": "Feature", "geometry": {"type": "Point", "coordinates": [-59.334679, -34.401322]}, "properties": {"n": 6, "d": "J. J. SOSA", "t": "CASA"}}, {"type": "Feature", "geometry": {"type": "Point", "coordinates": [-59.305556, -34.410702]}, "properties": {"n": 6, "d": "CORONEL", "t": "CASA"}}, {"type": "Feature", "geometry": {"type": "Point", "coordinates": [-59.29661, -34.41437]}, "properties": {"n": 0, "d": "ANTONIO ORMAECHEA", "t": "CASA"}}, {"type": "Feature", "geometry": {"type": "Point", "coordinates": [-59.26694, -34.424705]}, "properties": {"n": 7, "d": "LORENZA LA MADRID", "t": "CASA"}}, {"type": "Feature", "geometry": {"type": "Point", "coordinates": [-59.297719, -34.41403]}, "properties": {"n": 9, "d": "POB. DE ANTONIO ORMECHEA", "t": "POBLACION"}}, {"type": "Feature", "geometry": {"type": "Point", "coordinates": [-59.291503, -34.404681]}, "properties": {"n": 0, "d": "POB. DE DON FRANCISCO MALDONADO", "t": "POBLACION"}}, {"type": "Feature", "geometry": {"type": "Point", "coordinates": [-59.312253, -34.379028]}, "properties": {"n": 9, "d": "ARRENDATARIO DE DOÑA AGUSTINA MONSALVO", "t": "ARRENDATARIO"}}, {"type": "Feature", "geometry": {"type": "Point", "coordinates": [-59.386831, -34.342835]}, "properties": {"n": 10, "d": "PEDRO A RODRIGUEZ", "t": "CASA"}}, {"type": "Feature", "geometry": {"type": "Point", "coordinates": [-59.421312, -34.328107]}, "properties": {"n": 10, "d": "R. DE DIOS", "t": "CASA"}}, {"type": "Feature", "geometry": {"type": "Point", "coordinates": [-59.406217, -34.324605]}, "properties": {"n": 10, "d": "J. CARRASCO", "t": "CASA"}}, {"type": "Feature", "geometry": {"type": "Point", "coordinates": [-59.391796, -34.326004]}, "properties": {"n": 10, "d": "REPRESENTADO POR JOSE FIGUEROA", "t": "CASA"}}, {"type": "Feature", "geometry": {"type": "Point", "coordinates": [-59.429983, -34.338437]}, "properties": {"n": 10, "d": "VICENTE MARFIL", "t": "CASA"}}, {"type": "Feature", "geometry": {"type": "Point", "coordinates": [-59.549275, -34.513125]}, "properties": {"n": 11, "d": "DON ZIRIACO MONSALVO", "t": "CASA"}}, {"type": "Feature", "geometry": {"type": "Point", "coordinates": [-59.521683, -34.500691]}, "properties": {"n": 11, "d": "FRANCISO AGUILAR", "t": "CASA"}}, {"type": "Feature", "geometry": {"type": "Point", "coordinates": [-59.501999, -34.527942]}, "properties": {"n": 11, "d": "CONCEPCION GANTA?", "t": "CASA"}}, {"type": "Feature", "geometry": {"type": "Point", "coordinates": [-59.536664, -34.461309]}, "properties": {"n": 11, "d": "JUAN ESCOBAR", "t": "CASA"}}, {"type": "Feature", "geometry": {"type": "Point", "coordinates": [-59.47483, -34.481363]}, "properties": {"n": 11, "d": "MARTIN GALEANO", "t": "CASA"}}, {"type": "Feature", "geometry": {"type": "Point", "coordinates": [-59.467407, -34.478502]}, "properties": {"n": 11, "d": "JOAQUIN RODRIGUEZ", "t": "CASA"}}, {"type": "Feature", "geometry": {"type": "Point", "coordinates": [-59.562001, -34.490292]}, "properties": {"n": 11, "d": "MICAELA MARFIL", "t": "CASA"}}, {"type": "Feature", "geometry": {"type": "Point", "coordinates": [-59.5636, -34.485986]}, "properties": {"n": 12, "d": "MARTA MARFIL", "t": "CASA"}}, {"type": "Feature", "geometry": {"type": "Point", "coordinates": [-59.539608, -34.458182]}, "properties": {"n": 12, "d": "JUAN ESCOBAR", "t": "CASA"}}, {"type": "Feature", "geometry": {"type": "Point", "coordinates": [-59.571198, -34.437941]}, "properties": {"n": 12, "d": "FINADO DON ANASTACIO GANTE?", "t": "CASA"}}, {"type": "Feature", "geometry": {"type": "Point", "coordinates": [-59.600754, -34.427227]}, "properties": {"n": 12, "d": "CELEDONIO FERNANDEZ", "t": "CASA"}}, {"type": "Feature", "geometry": {"type": "Point", "coordinates": [-59.61911, -34.418107]}, "properties": {"n": 12, "d": "JOAQUIN LEON", "t": "CASA"}}, {"type": "Feature", "geometry": {"type": "Point", "coordinates": [-59.629744, -34.418685]}, "properties": {"n": 12, "d": "GREGORIO BAZANDAN?", "t": "CASA"}}, {"type": "Feature", "geometry": {"type": "Point", "coordinates": [-59.631143, -34.517524]}, "properties": {"n": 15, "d": "JOSÉ MARIA ECHEVERRIA", "t": "CASA"}}, {"type": "Feature", "geometry": {"type": "Point", "coordinates": [-59.607741, -34.478406]}, "properties": {"n": 15, "d": "F. RODRIGUEZ", "t": "CASA"}}, {"type": "Feature", "geometry": {"type": "Point", "coordinates": [-59.435506, -34.434165]}, "properties": {"n": 17, "d": "SR. RAFAEL", "t": "CASA"}}, {"type": "Feature", "geometry": {"type": "Point", "coordinates": [-59.419797, -34.422737]}, "properties": {"n": 17, "d": "TRISTAN QUINTEROS", "t": "CASA"}}, {"type": "Feature", "geometry": {"type": "Point", "coordinates": [-59.3891, -34.445312]}, "properties": {"n": 17, "d": "MANUEL SILVA", "t": "CASA"}}, {"type": "Feature", "geometry": {"type": "Point", "coordinates": [-59.403952, -34.465363]}, "properties": {"n": 17, "d": "BERNARDINO GELVES", "t": "CASA"}}, {"type": "Feature", "geometry": {"type": "Point", "coordinates": [-59.42039, -34.470274]}, "properties": {"n": 17, "d": "MAN. LOPEZ", "t": "CASA"}}, {"type": "Feature", "geometry": {"type": "Point", "coordinates": [-59.665995, -34.513512]}, "properties": {"n": 19, "d": "FRAN. SOSA", "t": "CASA"}}, {"type": "Feature", "geometry": {"type": "Point", "coordinates": [-59.626059, -34.474757]}, "properties": {"n": 19, "d": "V. AYALA", "t": "CASA"}}, {"type": "Feature", "geometry": {"type": "Point", "coordinates": [-59.642274, -34.420552]}, "properties": {"n": 19, "d": "MATIAS ABARA", "t": "CASA"}}, {"type": "Feature", "geometry": {"type": "Point", "coordinates": [-59.66192, -34.407673]}, "properties": {"n": 19, "d": "M. MARTINEZ", "t": "CASA"}}, {"type": "Feature", "geometry": {"type": "Point", "coordinates": [-59.676196, -34.404975]}, "properties": {"n": 19, "d": "POSTA", "t": "POSTA"}}, {"type": "Feature", "geometry": {"type": "Point", "coordinates": [-59.720449, -34.432309]}, "properties": {"n": 19, "d": "N. MILLARES", "t": "CASA"}}, {"type": "Feature", "geometry": {"type": "Point", "coordinates": [-59.729579, -34.43537]}, "properties": {"n": 19, "d": "A. REINOSO", "t": "CASA"}}, {"type": "Feature", "geometry": {"type": "Point", "coordinates": [-59.752071, -34.446747]}, "properties": {"n": 19, "d": "B. ANTIVERO", "t": "CASA"}}, {"type": "Feature", "geometry": {"type": "Point", "coordinates": [-59.711365, -34.474886]}, "properties": {"n": 19, "d": "JOSE M. CASADO", "t": "CASA"}}, {"type": "Feature", "geometry": {"type": "Point", "coordinates": [-59.760309, -34.467353]}, "properties": {"n": 19, "d": "LORENZO ENRIQUE", "t": "CASA"}}, {"type": "Feature", "geometry": {"type": "Point", "coordinates": [-59.768028, -34.456635]}, "properties": {"n": 19, "d": "CAÑON", "t": "CAÑON"}}, {"type": "Feature", "geometry": {"type": "Point", "coordinates": [-59.691754, -34.513912]}, "properties": {"n": 19, "d": "CAÑON", "t": "CAÑON"}}, {"type": "Feature", "geometry": {"type": "Point", "coordinates": [-59.612744, -34.444972]}, "properties": {"n": 19, "d": "CAÑON", "t": "CAÑON"}}, {"type": "Feature", "geometry": {"type": "Point", "coordinates": [-59.528055, -34.345544]}, "properties": {"n": 20, "d": "JORGE MORGAN", "t": "CASA"}}, {"type": "Feature", "geometry": {"type": "Point", "coordinates": [-59.478493, -34.366594]}, "properties": {"n": 20, "d": "ESTANCIA DE MORGAN", "t": "CASA"}}, {"type": "Feature", "geometry": {"type": "Point", "coordinates": [-59.356131, -34.321866]}, "properties": {"n": 21, "d": "LAVALLEN", "t": "CASA"}}, {"type": "Feature", "geometry": {"type": "Point", "coordinates": [-59.352556, -34.314752]}, "properties": {"n": 21, "d": "ANTIGUA PULPERIA DE PASOS", "t": "PULPERIA"}}, {"type": "Feature", "geometry": {"type": "Point", "coordinates": [-59.378837, -34.322656]}, "properties": {"n": 21, "d": "PULPERIA DE LOS FIGUEROAS", "t": "PULPERIA"}}, {"type": "Feature", "geometry": {"type": "Point", "coordinates": [-59.363123, -34.294159]}, "properties": {"n": 21, "d": "LUIS D. CHAPEAUROUGE", "t": "CASA"}}, {"type": "Feature", "geometry": {"type": "Point", "coordinates": [-59.381015, -34.267965]}, "properties": {"n": 21, "d": "DIONISIA A. DE SOSA", "t": "CASA"}}, {"type": "Feature", "geometry": {"type": "Point", "coordinates": [-59.400284, -34.279487]}, "properties": {"n": 21, "d": "GREGORIO SOTA", "t": "CASA"}}, {"type": "Feature", "geometry": {"type": "Point", "coordinates": [-59.396337, -34.300434]}, "properties": {"n": 19, "d": "JOSE RODRIGUEZ", "t": "CASA"}}, {"type": "Feature", "geometry": {"type": "Point", "coordinates": [-59.381382, -34.307181]}, "properties": {"n": 21, "d": "SANTIAGO SOSA", "t": "CASA"}}, {"type": "Feature", "geometry": {"type": "Point", "coordinates": [-59.346813, -34.278893]}, "properties": {"n": 21, "d": "GERONIMA SOSA", "t": "CASA"}}, {"type": "Feature", "geometry": {"type": "Point", "coordinates": [-59.42937, -34.360409]}, "properties": {"n": 22, "d": "SAN CRISTOBAL", "t": "CASA"}}, {"type": "Feature", "geometry": {"type": "Point", "coordinates": [-59.456301, -34.351693]}, "properties": {"n": 22, "d": "SAN GUILLERMO", "t": "CASA"}}, {"type": "Feature", "geometry": {"type": "Point", "coordinates": [-59.434562, -34.351344]}, "properties": {"n": 22, "d": "POSTA", "t": "POSTA"}}, {"type": "Feature", "geometry": {"type": "Point", "coordinates": [-59.448619, -34.365325]}, "properties": {"n": 22, "d": "PUESTO", "t": "PUESTO"}}, {"type": "Feature", "geometry": {"type": "Point", "coordinates": [-59.454187, -34.369344]}, "properties": {"n": 22, "d": "PUEBLO...?", "t": "CASA"}}, {"type": "Feature", "geometry": {"type": "Point", "coordinates": [-59.406768, -34.383971]}, "properties": {"n": 22, "d": "PUESTO", "t": "PUESTO"}}, {"type": "Feature", "geometry": {"type": "Point", "coordinates": [-59.421015, -34.393401]}, "properties": {"n": 22, "d": "CARMEN BENITES", "t": "CASA"}}, {"type": "Feature", "geometry": {"type": "Point", "coordinates": [-59.417834, -34.372959]}, "properties": {"n": 22, "d": "PUESTO", "t": "PUESTO"}}, {"type": "Feature", "geometry": {"type": "Point", "coordinates": [-59.374868, -34.352562]}, "properties": {"n": 23, "d": "PALOMA", "t": "CASA"}}, {"type": "Feature", "geometry": {"type": "Point", "coordinates": [-59.390135, -34.358935]}, "properties": {"n": 23, "d": "ESTANCIA", "t": "CASA"}}, {"type": "Feature", "geometry": {"type": "Point", "coordinates": [-59.390533, -34.363517]}, "properties": {"n": 23, "d": "FELIX ROMERO", "t": "CASA"}}, {"type": "Feature", "geometry": {"type": "Point", "coordinates": [-59.374068, -34.388165]}, "properties": {"n": 0, "d": "MILTON RODRIGUEZ", "t": "CASA"}}, {"type": "Feature", "geometry": {"type": "Point", "coordinates": [-59.368238, -34.374361]}, "properties": {"n": 23, "d": "SIN IDENTIFICAR", "t": "CASA S/I"}}, {"type": "Feature", "geometry": {"type": "Point", "coordinates": [-59.360791, -34.37957]}, "properties": {"n": 23, "d": "SIN IDENTIFICAR", "t": "CASA S/I"}}, {"type": "Feature", "geometry": {"type": "Point", "coordinates": [-59.362399, -34.399911]}, "properties": {"n": 23, "d": "PABLO RODRIGUEZ", "t": "CASA"}}, {"type": "Feature", "geometry": {"type": "Point", "coordinates": [-59.351793, -34.393906]}, "properties": {"n": 23, "d": "SIN IDENTIFICAR", "t": "CASA S/I"}}, {"type": "Feature", "geometry": {"type": "Point", "coordinates": [-59.343502, -34.393771]}, "properties": {"n": 23, "d": "SIN IDENTIFICAR", "t": "CASA S/I"}}, {"type": "Feature", "geometry": {"type": "Point", "coordinates": [-59.32625, -34.397708]}, "properties": {"n": 23, "d": "SIN IDENTIFICAR", "t": "CASA S/I"}}, {"type": "Feature", "geometry": {"type": "Point", "coordinates": [-59.32065, -34.399919]}, "properties": {"n": 23, "d": "SIN IDENTIFICAR", "t": "CASA S/I"}}, {"type": "Feature", "geometry": {"type": "Point", "coordinates": [-59.341899, -34.416635]}, "properties": {"n": 23, "d": "GERVACIA RODRIGUEZ", "t": "CASA"}}, {"type": "Feature", "geometry": {"type": "Point", "coordinates": [-59.330897, -34.417673]}, "properties": {"n": 23, "d": "JOSE BELEN", "t": "CASA"}}, {"type": "Feature", "geometry": {"type": "Point", "coordinates": [-59.337868, -34.429994]}, "properties": {"n": 23, "d": "POSTA DE LOS RODRIGUEZ", "t": "POSTA"}}, {"type": "Feature", "geometry": {"type": "Point", "coordinates": [-59.308551, -34.412841]}, "properties": {"n": 23, "d": "SIN IDENTIFICAR", "t": "CASA S/I"}}, {"type": "Feature", "geometry": {"type": "Point", "coordinates": [-59.325409, -34.437406]}, "properties": {"n": 23, "d": "SIN IDENTIFICAR", "t": "CASA S/I"}}, {"type": "Feature", "geometry": {"type": "Point", "coordinates": [-59.674618, -34.402652]}, "properties": {"n": 24, "d": "ARRENDAMIENTO DE GUTIERRES", "t": "ARRENDATARIO"}}, {"type": "Feature", "geometry": {"type": "Point", "coordinates": [-59.66174, -34.408949]}, "properties": {"n": 24, "d": "POBL. DE DON CORNELIO GUTIERRES", "t": "CASA"}}, {"type": "Feature", "geometry": {"type": "Point", "coordinates": [-59.633991, -34.410623]}, "properties": {"n": 24, "d": "PUESTO DE GUTIERRES", "t": "PUESTO"}}, {"type": "Feature", "geometry": {"type": "Point", "coordinates": [-59.619599, -34.41636]}, "properties": {"n": 24, "d": "POB. DE D. P. RODRIGUEZ", "t": "CASA"}}, {"type": "Feature", "geometry": {"type": "Point", "coordinates": [-59.626629, -34.419816]}, "properties": {"n": 24, "d": "POB. DE D. B? GUTIERRES", "t": "CASA"}}, {"type": "Feature", "geometry": {"type": "Point", "coordinates": [-59.622508, -34.429936]}, "properties": {"n": 24, "d": "POB. DE D. NORBERTO GUTIERRES", "t": "CASA"}}, {"type": "Feature", "geometry": {"type": "Point", "coordinates": [-59.625785, -34.473597]}, "properties": {"n": 24, "d": "POB. DE D. MARIANO HEGSE", "t": "CASA"}}, {"type": "Feature", "geometry": {"type": "Point", "coordinates": [-59.664644, -34.487219]}, "properties": {"n": 24, "d": "POB. DE D. A...? CRAIG", "t": "CASA"}}, {"type": "Feature", "geometry": {"type": "Point", "coordinates": [-59.724026, -34.488016]}, "properties": {"n": 24, "d": "POB. DE D. GUILLERMO BECHAR", "t": "CASA"}}, {"type": "Feature", "geometry": {"type": "Point", "coordinates": [-59.755509, -34.517849]}, "properties": {"n": 24, "d": "POB. DE JOSE M. MONTOYA", "t": "CASA"}}, {"type": "Feature", "geometry": {"type": "Point", "coordinates": [-59.73795, -34.437429]}, "properties": {"n": 24, "d": "BLAS VELOZ", "t": "CASA"}}, {"type": "Feature", "geometry": {"type": "Point", "coordinates": [-59.485447, -34.324073]}, "properties": {"n": 25, "d": "LA PATRIA", "t": "CASA"}}, {"type": "Feature", "geometry": {"type": "Point", "coordinates": [-59.457582, -34.329773]}, "properties": {"n": 25, "d": "LA MARGARITA", "t": "CASA"}}, {"type": "Feature", "geometry": {"type": "Point", "coordinates": [-59.504662, -34.331976]}, "properties": {"n": 25, "d": "STA. MARIA", "t": "CASA"}}, {"type": "Feature", "geometry": {"type": "Point", "coordinates": [-59.473177, -34.355362]}, "properties": {"n": 25, "d": "EL ORIENTAL", "t": "CASA"}}, {"type": "Feature", "geometry": {"type": "Point", "coordinates": [-59.461051, -34.36275]}, "properties": {"n": 25, "d": "MOZO VIVO, INES VILLALVA", "t": "CASA"}}, {"type": "Feature", "geometry": {"type": "Point", "coordinates": [-59.458739, -34.346521]}, "properties": {"n": 25, "d": "SAN GUILLERMO", "t": "CASA"}}, {"type": "Feature", "geometry": {"type": "Point", "coordinates": [-59.445193, -34.333772]}, "properties": {"n": 25, "d": "CAÑON", "t": "CAÑON"}}, {"type": "Feature", "geometry": {"type": "Point", "coordinates": [-59.275128, -34.335973]}, "properties": {"n": 27, "d": "ESTANCIA", "t": "CASA"}}, {"type": "Feature", "geometry": {"type": "Point", "coordinates": [-59.278027, -34.319733]}, "properties": {"n": 27, "d": "MIC. GARY", "t": "CASA"}}, {"type": "Feature", "geometry": {"type": "Point", "coordinates": [-59.299916, -34.334171]}, "properties": {"n": 27, "d": "PUESTO", "t": "PUESTO"}}, {"type": "Feature", "geometry": {"type": "Point", "coordinates": [-59.548541, -34.353431]}, "properties": {"n": 29, "d": "BONIFACIA CASCO", "t": "CASA"}}, {"type": "Feature", "geometry": {"type": "Point", "coordinates": [-59.539788, -34.356571]}, "properties": {"n": 29, "d": "ROSALES", "t": "CASA"}}, {"type": "Feature", "geometry": {"type": "Point", "coordinates": [-59.542113, -34.352137]}, "properties": {"n": 29, "d": "MATIAS MARTINEZ", "t": "CASA"}}, {"type": "Feature", "geometry": {"type": "Point", "coordinates": [-59.548663, -34.364237]}, "properties": {"n": 29, "d": "F. DUBERTI", "t": "CASA"}}, {"type": "Feature", "geometry": {"type": "Point", "coordinates": [-59.520214, -34.371358]}, "properties": {"n": 29, "d": "PATRICIO AVARE", "t": "CASA"}}, {"type": "Feature", "geometry": {"type": "Point", "coordinates": [-59.513623, -34.382061]}, "properties": {"n": 29, "d": "LEON ROLDAN", "t": "CASA"}}, {"type": "Feature", "geometry": {"type": "Point", "coordinates": [-59.529771, -34.395791]}, "properties": {"n": 29, "d": "TOMAS WALLASE", "t": "CASA"}}, {"type": "Feature", "geometry": {"type": "Point", "coordinates": [-59.533934, -34.405204]}, "properties": {"n": 29, "d": "JOSE RODRIGUEZ", "t": "CASA"}}, {"type": "Feature", "geometry": {"type": "Point", "coordinates": [-59.531765, -34.417479]}, "properties": {"n": 29, "d": "TOMAS GAINOR", "t": "CASA"}}, {"type": "Feature", "geometry": {"type": "Point", "coordinates": [-59.538872, -34.425884]}, "properties": {"n": 29, "d": "SANTIAGO", "t": "CASA"}}, {"type": "Feature", "geometry": {"type": "Point", "coordinates": [-59.550939, -34.429841]}, "properties": {"n": 29, "d": "SANOLETI", "t": "CASA"}}, {"type": "Feature", "geometry": {"type": "Point", "coordinates": [-59.580364, -34.428467]}, "properties": {"n": 29, "d": "ANT. ROMERO", "t": "CASA"}}, {"type": "Feature", "geometry": {"type": "Point", "coordinates": [-59.571016, -34.441212]}, "properties": {"n": 29, "d": "PABLO BUSTOS", "t": "CASA"}}, {"type": "Feature", "geometry": {"type": "Point", "coordinates": [-59.558594, -34.443863]}, "properties": {"n": 29, "d": "PATRICIO SOR", "t": "CASA"}}, {"type": "Feature", "geometry": {"type": "Point", "coordinates": [-59.593547, -34.419756]}, "properties": {"n": 29, "d": "TOMAS....", "t": "CASA"}}, {"type": "Feature", "geometry": {"type": "Point", "coordinates": [-59.598573, -34.415861]}, "properties": {"n": 29, "d": "SARA", "t": "CASA"}}, {"type": "Feature", "geometry": {"type": "Point", "coordinates": [-59.598204, -34.397813]}, "properties": {"n": 29, "d": "MARIA DE LOS SANTOS", "t": "CASA"}}, {"type": "Feature", "geometry": {"type": "Point", "coordinates": [-59.587933, -34.388718]}, "properties": {"n": 29, "d": "PUESTO DE CASCO", "t": "PUESTO"}}, {"type": "Feature", "geometry": {"type": "Point", "coordinates": [-59.574971, -34.384896]}, "properties": {"n": 29, "d": "PUESTO DE DOFI", "t": "PUESTO"}}, {"type": "Feature", "geometry": {"type": "Point", "coordinates": [-59.353736, -34.324218]}, "properties": {"n": 30, "d": "GEGENA", "t": "CASA"}}, {"type": "Feature", "geometry": {"type": "Point", "coordinates": [-59.363032, -34.328512]}, "properties": {"n": 30, "d": "CARRISO", "t": "CASA"}}, {"type": "Feature", "geometry": {"type": "Point", "coordinates": [-59.332681, -34.329185]}, "properties": {"n": 30, "d": "PUESTO DE CHAPEAUROUGE", "t": "PUESTO"}}, {"type": "Feature", "geometry": {"type": "Point", "coordinates": [-59.340809, -34.348644]}, "properties": {"n": 30, "d": "ANTONIO SARATE", "t": "CASA"}}, {"type": "Feature", "geometry": {"type": "Point", "coordinates": [-59.333205, -34.357428]}, "properties": {"n": 30, "d": "JULIAN MONSALVO", "t": "CASA"}}, {"type": "Feature", "geometry": {"type": "Point", "coordinates": [-59.302652, -34.351724]}, "properties": {"n": 30, "d": "DIAZ", "t": "CASA"}}, {"type": "Feature", "geometry": {"type": "Point", "coordinates": [-59.301794, -34.3538]}, "properties": {"n": 30, "d": "JOSE MONSALVO", "t": "CASA"}}, {"type": "Feature", "geometry": {"type": "Point", "coordinates": [-59.302688, -34.370131]}, "properties": {"n": 30, "d": "J. SOSA", "t": "CASA"}}, {"type": "Feature", "geometry": {"type": "Point", "coordinates": [-59.297293, -34.375515]}, "properties": {"n": 30, "d": "J. MARMOL", "t": "CASA"}}, {"type": "Feature", "geometry": {"type": "Point", "coordinates": [-59.285199, -34.373608]}, "properties": {"n": 30, "d": "TERESA NAVARRO", "t": "CASA"}}, {"type": "Feature", "geometry": {"type": "Point", "coordinates": [-59.266825, -34.391489]}, "properties": {"n": 30, "d": "GREG. MONSALVO", "t": "CASA"}}, {"type": "Feature", "geometry": {"type": "Point", "coordinates": [-59.264628, -34.391804]}, "properties": {"n": 30, "d": "AGUIRRE", "t": "CASA"}}, {"type": "Feature", "geometry": {"type": "Point", "coordinates": [-59.276415, -34.399232]}, "properties": {"n": 30, "d": "BERA", "t": "CASA"}}, {"type": "Feature", "geometry": {"type": "Point", "coordinates": [-59.3943, -34.380849]}, "properties": {"n": 32, "d": "FELIX ROMERO", "t": "CASA"}}, {"type": "Feature", "geometry": {"type": "Point", "coordinates": [-59.395829, -34.376852]}, "properties": {"n": 32, "d": "LORENZO TORRES", "t": "CASA"}}, {"type": "Feature", "geometry": {"type": "Point", "coordinates": [-59.380203, -34.400456]}, "properties": {"n": 32, "d": "MELITON RODRIGUEZ", "t": "CASA"}}, {"type": "Feature", "geometry": {"type": "Point", "coordinates": [-59.363151, -34.406558]}, "properties": {"n": 32, "d": "PUESTO DE TORRES", "t": "PUESTO"}}, {"type": "Feature", "geometry": {"type": "Point", "coordinates": [-59.371115, -34.409425]}, "properties": {"n": 32, "d": "PABLO RODRIGUEZ", "t": "CASA"}}, {"type": "Feature", "geometry": {"type": "Point", "coordinates": [-59.356735, -34.409064]}, "properties": {"n": 32, "d": "TAPERA DE DUARTE", "t": "TAPERA"}}, {"type": "Feature", "geometry": {"type": "Point", "coordinates": [-59.354536, -34.416551]}, "properties": {"n": 0, "d": "PUESTO DE TORRES", "t": "PUESTO"}}, {"type": "Feature", "geometry": {"type": "Point", "coordinates": [-59.34061, -34.422029]}, "properties": {"n": 32, "d": "PUESTO DE TORRES", "t": "PUESTO"}}, {"type": "Feature", "geometry": {"type": "Point", "coordinates": [-59.353788, -34.423989]}, "properties": {"n": 0, "d": "DOÑA GERVACIA DUARTE", "t": "CASA"}}, {"type": "Feature", "geometry": {"type": "Point", "coordinates": [-59.344725, -34.425772]}, "properties": {"n": 0, "d": "PUESTO DE F. ROMERO", "t": "PUESTO"}}, {"type": "Feature", "geometry": {"type": "Point", "coordinates": [-59.354043, -34.426795]}, "properties": {"n": 32, "d": "TADEO RODRIGUEZ", "t": "CASA"}}, {"type": "Feature", "geometry": {"type": "Point", "coordinates": [-59.346526, -34.433968]}, "properties": {"n": 32, "d": "DOÑA MAURICIA DUARTE DE RODRIGUEZ", "t": "CASA"}}, {"type": "Feature", "geometry": {"type": "Point", "coordinates": [-59.337966, -34.441993]}, "properties": {"n": 32, "d": "PASCUAL RODRIGUEZ", "t": "CASA"}}, {"type": "Feature", "geometry": {"type": "Point", "coordinates": [-59.502368, -34.403278]}, "properties": {"n": 33, "d": "CASA ANDRADE", "t": "CASA"}}, {"type": "Feature", "geometry": {"type": "Point", "coordinates": [-59.49218, -34.393934]}, "properties": {"n": 33, "d": "CASA SILVA", "t": "CASA"}}, {"type": "Feature", "geometry": {"type": "Point", "coordinates": [-59.531464, -34.41923]}, "properties": {"n": 34, "d": "FLORES", "t": "CASA"}}, {"type": "Feature", "geometry": {"type": "Point", "coordinates": [-59.540336, -34.428446]}, "properties": {"n": 34, "d": "S. NISSON", "t": "CASA"}}, {"type": "Feature", "geometry": {"type": "Point", "coordinates": [-59.556737, -34.443175]}, "properties": {"n": 34, "d": "BUTERFIELD", "t": "CASA"}}, {"type": "Feature", "geometry": {"type": "Point", "coordinates": [-59.343177, -34.434418]}, "properties": {"n": 35, "d": "CASA DE LA SRA. RODRIGUEZ", "t": "CASA"}}, {"type": "Feature", "geometry": {"type": "Point", "coordinates": [-59.349926, -34.422469]}, "properties": {"n": 35, "d": "TADEO RODRIGUEZ", "t": "CASA"}}, {"type": "Feature", "geometry": {"type": "Point", "coordinates": [-59.29681, -34.415026]}, "properties": {"n": 36, "d": "JOSEFA AREVALO DE ORMACHEA", "t": "CASA"}}, {"type": "Feature", "geometry": {"type": "Point", "coordinates": [-59.28978, -34.421397]}, "properties": {"n": 36, "d": "ISIDORA ORMAECHEA", "t": "CASA"}}, {"type": "Feature", "geometry": {"type": "Point", "coordinates": [-59.341774, -34.432735]}, "properties": {"n": 36, "d": "MAURICIA DUARTE", "t": "CASA"}}, {"type": "Feature", "geometry": {"type": "Point", "coordinates": [-59.270793, -34.443923]}, "properties": {"n": 36, "d": "RAMONA M. DE ORMACHEA", "t": "CASA"}}, {"type": "Feature", "geometry": {"type": "Point", "coordinates": [-59.489343, -34.548642]}, "properties": {"n": 37, "d": "CASA DE ACUÑA", "t": "CASA"}}, {"type": "Feature", "geometry": {"type": "Point", "coordinates": [-59.474936, -34.483421]}, "properties": {"n": 37, "d": "CASA DE BUTTERFILL", "t": "CASA"}}, {"type": "Feature", "geometry": {"type": "Point", "coordinates": [-59.551829, -34.507148]}, "properties": {"n": 37, "d": "ESTANCIA PRINCIPAL", "t": "CASA"}}, {"type": "Feature", "geometry": {"type": "Point", "coordinates": [-59.539817, -34.356126]}, "properties": {"n": 38, "d": "TAPERA", "t": "TAPERA"}}, {"type": "Feature", "geometry": {"type": "Point", "coordinates": [-59.561522, -34.364643]}, "properties": {"n": 38, "d": "PUESTO", "t": "PUESTO"}}, {"type": "Feature", "geometry": {"type": "Point", "coordinates": [-59.582499, -34.385151]}, "properties": {"n": 38, "d": "JUAN ALARCK", "t": "CASA"}}, {"type": "Feature", "geometry": {"type": "Point", "coordinates": [-59.562832, -34.41437]}, "properties": {"n": 38, "d": "PUESTO DUBERTY", "t": "PUESTO"}}, {"type": "Feature", "geometry": {"type": "Point", "coordinates": [-59.565279, -34.408761]}, "properties": {"n": 38, "d": "L. LOURDES", "t": "CASA"}}, {"type": "Feature", "geometry": {"type": "Point", "coordinates": [-59.521361, -34.402324]}, "properties": {"n": 38, "d": "JOSE RODRIGUEZ", "t": "CASA"}}, {"type": "Feature", "geometry": {"type": "Point", "coordinates": [-59.529454, -34.398385]}, "properties": {"n": 38, "d": "J. MOROW", "t": "CASA"}}, {"type": "Feature", "geometry": {"type": "Point", "coordinates": [-59.542039, -34.351049]}, "properties": {"n": 40, "d": "MARTINEZ", "t": "CASA"}}, {"type": "Feature", "geometry": {"type": "Point", "coordinates": [-59.507662, -34.372704]}, "properties": {"n": 40, "d": "MARTINEZ", "t": "CASA"}}, {"type": "Feature", "geometry": {"type": "Point", "coordinates": [-59.443297, -34.423124]}, "properties": {"n": 40, "d": "SOSA", "t": "CASA"}}, {"type": "Feature", "geometry": {"type": "Point", "coordinates": [-59.443282, -34.405736]}, "properties": {"n": 40, "d": "FLORES", "t": "CASA"}}, {"type": "Feature", "geometry": {"type": "Point", "coordinates": [-59.478524, -34.365027]}, "properties": {"n": 40, "d": "MORGAN", "t": "CASA"}}, {"type": "Feature", "geometry": {"type": "Point", "coordinates": [-59.541729, -34.350667]}, "properties": {"n": 41, "d": "MARTINEZ", "t": "CASA"}}, {"type": "Feature", "geometry": {"type": "Point", "coordinates": [-59.37974, -34.337957]}, "properties": {"n": 43, "d": "ESTANCIA BUENA FE", "t": "CASA"}}, {"type": "Feature", "geometry": {"type": "Point", "coordinates": [-59.377853, -34.330673]}, "properties": {"n": 43, "d": "PTO. DE RUFINO CUFRE", "t": "PUESTO"}}, {"type": "Feature", "geometry": {"type": "Point", "coordinates": [-59.369537, -34.332508]}, "properties": {"n": 43, "d": "PUESTO DE REYES", "t": "PUESTO"}}, {"type": "Feature", "geometry": {"type": "Point", "coordinates": [-59.367598, -34.33709]}, "properties": {"n": 43, "d": "POB. DE VAL. CUFRE", "t": "CASA"}}, {"type": "Feature", "geometry": {"type": "Point", "coordinates": [-59.348903, -34.35175]}, "properties": {"n": 43, "d": "PTO. DE CHAIRE", "t": "PUESTO"}}, {"type": "Feature", "geometry": {"type": "Point", "coordinates": [-59.353561, -34.358482]}, "properties": {"n": 43, "d": "PTO. DE MIGUEL DILLON", "t": "PUESTO"}}, {"type": "Feature", "geometry": {"type": "Point", "coordinates": [-59.338077, -34.371697]}, "properties": {"n": 43, "d": "PTO. DE ENRIQUE BEARD", "t": "PUESTO"}}, {"type": "Feature", "geometry": {"type": "Point", "coordinates": [-59.356764, -34.365452]}, "properties": {"n": 43, "d": "PUESTO", "t": "PUESTO"}}, {"type": "Feature", "geometry": {"type": "Point", "coordinates": [-59.33763, -34.377323]}, "properties": {"n": 43, "d": "PUESTO DE  ARNULFO TISEIRA", "t": "PUESTO"}}, {"type": "Feature", "geometry": {"type": "Point", "coordinates": [-59.340823, -34.394283]}, "properties": {"n": 43, "d": "POB. DE T.B. SOSA", "t": "CASA"}}, {"type": "Feature", "geometry": {"type": "Point", "coordinates": [-59.331071, -34.399418]}, "properties": {"n": 43, "d": "PUESTO", "t": "PUESTO"}}, {"type": "Feature", "geometry": {"type": "Point", "coordinates": [-59.334284, -34.402536]}, "properties": {"n": 43, "d": "LA ADELINA", "t": "CASA"}}, {"type": "Feature", "geometry": {"type": "Point", "coordinates": [-59.370478, -34.353784]}, "properties": {"n": 43, "d": "PULPERIA DE FRANCISCO MAGADAN", "t": "PULPERIA"}}, {"type": "Feature", "geometry": {"type": "Point", "coordinates": [-59.392249, -34.366477]}, "properties": {"n": 44, "d": "STA. ELENA", "t": "CASA"}}, {"type": "Feature", "geometry": {"type": "Point", "coordinates": [-59.391734, -34.370882]}, "properties": {"n": 44, "d": "POBLACION DE ROMERO", "t": "CASA"}}, {"type": "Feature", "geometry": {"type": "Point", "coordinates": [-59.377704, -34.382489]}, "properties": {"n": 44, "d": "PTO. STA. ROSALIA", "t": "PUESTO"}}, {"type": "Feature", "geometry": {"type": "Point", "coordinates": [-59.357129, -34.400529]}, "properties": {"n": 44, "d": "STA. MARIA", "t": "CASA"}}, {"type": "Feature", "geometry": {"type": "Point", "coordinates": [-59.334143, -34.403567]}, "properties": {"n": 44, "d": "LA ADELINA", "t": "CASA"}}, {"type": "Feature", "geometry": {"type": "Point", "coordinates": [-59.340723, -34.395231]}, "properties": {"n": 44, "d": "POB. DE P.B. SOSA", "t": "CASA"}}, {"type": "Feature", "geometry": {"type": "Point", "coordinates": [-59.342793, -34.402779]}, "properties": {"n": 44, "d": "POB. DE FUENTES", "t": "CASA"}}, {"type": "Feature", "geometry": {"type": "Point", "coordinates": [-59.330066, -34.418308]}, "properties": {"n": 44, "d": "STA. CLARA", "t": "CASA"}}, {"type": "Feature", "geometry": {"type": "Point", "coordinates": [-59.319264, -34.423019]}, "properties": {"n": 44, "d": "POB. DE FLORES", "t": "CASA"}}, {"type": "Feature", "geometry": {"type": "Point", "coordinates": [-59.33682, -34.423067]}, "properties": {"n": 44, "d": "POB. DE BELEN", "t": "CASA"}}, {"type": "Feature", "geometry": {"type": "Point", "coordinates": [-59.347321, -34.412534]}, "properties": {"n": 44, "d": "SAN LORENZO", "t": "CASA"}}, {"type": "Feature", "geometry": {"type": "Point", "coordinates": [-59.443022, -34.418481]}, "properties": {"n": 46, "d": "SUSANA C.", "t": "CASA"}}, {"type": "Feature", "geometry": {"type": "Point", "coordinates": [-59.454717, -34.432594]}, "properties": {"n": 46, "d": "ESTANCIA", "t": "CASA"}}, {"type": "Feature", "geometry": {"type": "Point", "coordinates": [-59.461703, -34.436405]}, "properties": {"n": 46, "d": "PUESTO", "t": "PUESTO"}}, {"type": "Feature", "geometry": {"type": "Point", "coordinates": [-59.480704, -34.424622]}, "properties": {"n": 46, "d": "PUESTO", "t": "PUESTO"}}, {"type": "Feature", "geometry": {"type": "Point", "coordinates": [-59.476255, -34.422575]}, "properties": {"n": 46, "d": "PUESTO", "t": "PUESTO"}}, {"type": "Feature", "geometry": {"type": "Point", "coordinates": [-59.485682, -34.41069]}, "properties": {"n": 46, "d": "PUESTO DE IGNACIO C.", "t": "PUESTO"}}, {"type": "Feature", "geometry": {"type": "Point", "coordinates": [-59.490696, -34.390676]}, "properties": {"n": 46, "d": "J. SILVA", "t": "CASA"}}, {"type": "Feature", "geometry": {"type": "Point", "coordinates": [-59.50191, -34.40384]}, "properties": {"n": 46, "d": "S. ANDRADE", "t": "CASA"}}, {"type": "Feature", "geometry": {"type": "Point", "coordinates": [-59.51595, -34.396877]}, "properties": {"n": 46, "d": "IS. CUCULLO", "t": "CASA"}}, {"type": "Feature", "geometry": {"type": "Point", "coordinates": [-59.502146, -34.409761]}, "properties": {"n": 46, "d": "PUESTO", "t": "PUESTO"}}, {"type": "Feature", "geometry": {"type": "Point", "coordinates": [-59.350971, -34.479836]}, "properties": {"n": 47, "d": "ROMANA DIAZ", "t": "CASA"}}, {"type": "Feature", "geometry": {"type": "Point", "coordinates": [-59.357126, -34.469322]}, "properties": {"n": 47, "d": "ROM. DIAZ", "t": "CASA"}}, {"type": "Feature", "geometry": {"type": "Point", "coordinates": [-59.343925, -34.478182]}, "properties": {"n": 47, "d": "FACUNDO CASAS", "t": "CASA"}}, {"type": "Feature", "geometry": {"type": "Point", "coordinates": [-59.35147, -34.458931]}, "properties": {"n": 47, "d": "C. LUCERO", "t": "CASA"}}, {"type": "Feature", "geometry": {"type": "Point", "coordinates": [-59.360285, -34.453883]}, "properties": {"n": 47, "d": "FR. AREVALO", "t": "CASA"}}, {"type": "Feature", "geometry": {"type": "Point", "coordinates": [-59.324437, -34.49479]}, "properties": {"n": 47, "d": "GR. GONZALEZ", "t": "CASA"}}, {"type": "Feature", "geometry": {"type": "Point", "coordinates": [-59.315764, -34.486679]}, "properties": {"n": 47, "d": "PUESTO", "t": "PUESTO"}}, {"type": "Feature", "geometry": {"type": "Point", "coordinates": [-59.324838, -34.484526]}, "properties": {"n": 47, "d": "PRUDENCIO RODRIGUEZ", "t": "CASA"}}, {"type": "Feature", "geometry": {"type": "Point", "coordinates": [-59.340184, -34.449349]}, "properties": {"n": 47, "d": "REMIGIO R.", "t": "CASA"}}, {"type": "Feature", "geometry": {"type": "Point", "coordinates": [-59.297414, -34.475978]}, "properties": {"n": 47, "d": "GR. R. DE CASTRO", "t": "CASA"}}, {"type": "Feature", "geometry": {"type": "Point", "coordinates": [-59.287736, -34.471021]}, "properties": {"n": 47, "d": "P. A. QUEVEDO", "t": "CASA"}}, {"type": "Feature", "geometry": {"type": "Point", "coordinates": [-59.300613, -34.461042]}, "properties": {"n": 47, "d": "NICOL. CASTRO", "t": "CASA"}}, {"type": "Feature", "geometry": {"type": "Point", "coordinates": [-59.330177, -34.440504]}, "properties": {"n": 47, "d": "PASCUAL RODRIGUEZ", "t": "CASA"}}, {"type": "Feature", "geometry": {"type": "Point", "coordinates": [-59.340883, -34.433454]}, "properties": {"n": 47, "d": "M. DUARTE", "t": "CASA"}}, {"type": "Feature", "geometry": {"type": "Point", "coordinates": [-59.318858, -34.43064]}, "properties": {"n": 49, "d": "PASCUAL RODRIGUEZ", "t": "CASA"}}, {"type": "Feature", "geometry": {"type": "Point", "coordinates": [-59.313515, -34.429215]}, "properties": {"n": 49, "d": "R.P. RODRIGUEZ", "t": "CASA"}}, {"type": "Feature", "geometry": {"type": "Point", "coordinates": [-59.288681, -34.468352]}, "properties": {"n": 49, "d": "QUEVEDO", "t": "CASA"}}, {"type": "Feature", "geometry": {"type": "Point", "coordinates": [-59.280456, -34.467064]}, "properties": {"n": 49, "d": "SILVA", "t": "CASA"}}, {"type": "Feature", "geometry": {"type": "Point", "coordinates": [-59.298287, -34.415433]}, "properties": {"n": 51, "d": "JOSEFA ORMACHEA", "t": "CASA"}}, {"type": "Feature", "geometry": {"type": "Point", "coordinates": [-59.289854, -34.427477]}, "properties": {"n": 51, "d": "ISIDORA ORM...", "t": "CASA"}}, {"type": "Feature", "geometry": {"type": "Point", "coordinates": [-59.284047, -34.440108]}, "properties": {"n": 51, "d": "BRUNO TORRES", "t": "CASA"}}, {"type": "Feature", "geometry": {"type": "Point", "coordinates": [-59.304818, -34.434754]}, "properties": {"n": 51, "d": "PUESTO", "t": "PUESTO"}}, {"type": "Feature", "geometry": {"type": "Point", "coordinates": [-59.281626, -34.460557]}, "properties": {"n": 51, "d": "EL TALA", "t": "CASA"}}, {"type": "Feature", "geometry": {"type": "Point", "coordinates": [-59.675868, -34.463106]}, "properties": {"n": 52, "d": "ARRENDATARIO", "t": "ARRENDATARIO"}}, {"type": "Feature", "geometry": {"type": "Point", "coordinates": [-59.652535, -34.464903]}, "properties": {"n": 52, "d": "ARRENDATARIO", "t": "ARRENDATARIO"}}, {"type": "Feature", "geometry": {"type": "Point", "coordinates": [-59.636422, -34.455339]}, "properties": {"n": 52, "d": "PUESTO", "t": "PUESTO"}}, {"type": "Feature", "geometry": {"type": "Point", "coordinates": [-59.644518, -34.440552]}, "properties": {"n": 52, "d": "PUESTO", "t": "PUESTO"}}, {"type": "Feature", "geometry": {"type": "Point", "coordinates": [-59.664732, -34.439535]}, "properties": {"n": 52, "d": "PUESTO", "t": "PUESTO"}}, {"type": "Feature", "geometry": {"type": "Point", "coordinates": [-59.652508, -34.42977]}, "properties": {"n": 52, "d": "ESTANCIA DE CAPRILE Y PICASSO", "t": "CASA"}}, {"type": "Feature", "geometry": {"type": "Point", "coordinates": [-59.739092, -34.43943]}, "properties": {"n": 53, "d": "ARRENDATARIO", "t": "ARRENDATARIO"}}, {"type": "Feature", "geometry": {"type": "Point", "coordinates": [-59.746751, -34.463059]}, "properties": {"n": 53, "d": "ARRENDATARIO", "t": "ARRENDATARIO"}}, {"type": "Feature", "geometry": {"type": "Point", "coordinates": [-59.733555, -34.475159]}, "properties": {"n": 53, "d": "ARRENDATARIO", "t": "ARRENDATARIO"}}, {"type": "Feature", "geometry": {"type": "Point", "coordinates": [-59.714865, -34.467898]}, "properties": {"n": 53, "d": "ARRENDATARIO", "t": "ARRENDATARIO"}}, {"type": "Feature", "geometry": {"type": "Point", "coordinates": [-59.711933, -34.453652]}, "properties": {"n": 53, "d": "ARRENDATARIO", "t": "ARRENDATARIO"}}, {"type": "Feature", "geometry": {"type": "Point", "coordinates": [-59.7306, -34.43512]}, "properties": {"n": 53, "d": "ARRENDATARIO", "t": "ARRENDATARIO"}}, {"type": "Feature", "geometry": {"type": "Point", "coordinates": [-59.749877, -34.469434]}, "properties": {"n": 53, "d": "PUESTO DE CRAIG", "t": "PUESTO"}}, {"type": "Feature", "geometry": {"type": "Point", "coordinates": [-59.592165, -34.533369]}, "properties": {"n": 54, "d": "AZOTEA DE BERNAL", "t": "CASA"}}, {"type": "Feature", "geometry": {"type": "Point", "coordinates": [-59.549385, -34.541139]}, "properties": {"n": 54, "d": "GRASERIA", "t": "GRASERIA"}}, {"type": "Feature", "geometry": {"type": "Point", "coordinates": [-59.54782, -34.542672]}, "properties": {"n": 54, "d": "PULPERIA", "t": "PULPERIA"}}, {"type": "Feature", "geometry": {"type": "Point", "coordinates": [-59.539263, -34.570318]}, "properties": {"n": 54, "d": "MONTE DE AVILA", "t": "CASA"}}, {"type": "Feature", "geometry": {"type": "Point", "coordinates": [-59.421754, -34.336941]}, "properties": {"n": 56, "d": "ESTANCIA DE ROSENDO DE DIOS", "t": "CASA"}}, {"type": "Feature", "geometry": {"type": "Point", "coordinates": [-59.44321, -34.32792]}, "properties": {"n": 56, "d": "PUESTO DE DON JOSE FIGUEROA", "t": "PUESTO"}}, {"type": "Feature", "geometry": {"type": "Point", "coordinates": [-59.402318, -34.368238]}, "properties": {"n": 56, "d": "PUESTO DE DON ROSENDO DE DIOS", "t": "PUESTO"}}, {"type": "Feature", "geometry": {"type": "Point", "coordinates": [-59.646943, -34.61618]}, "properties": {"n": 55, "d": "DÑA. CARMEN", "t": "CASA"}}, {"type": "Feature", "geometry": {"type": "Point", "coordinates": [-59.643919, -34.606482]}, "properties": {"n": 55, "d": "DÑA. TEODORA", "t": "CASA"}}, {"type": "Feature", "geometry": {"type": "Point", "coordinates": [-59.627048, -34.54919]}, "properties": {"n": 55, "d": "LIMA", "t": "CASA"}}, {"type": "Feature", "geometry": {"type": "Point", "coordinates": [-59.584852, -34.556806]}, "properties": {"n": 55, "d": "DON CARLOS", "t": "CASA"}}, {"type": "Feature", "geometry": {"type": "Point", "coordinates": [-59.669101, -34.530082]}, "properties": {"n": 55, "d": "CARRASCO", "t": "CASA"}}, {"type": "Feature", "geometry": {"type": "Point", "coordinates": [-59.629529, -34.517745]}, "properties": {"n": 55, "d": "ECHEVERRIA", "t": "CASA"}}, {"type": "Feature", "geometry": {"type": "Point", "coordinates": [-59.557636, -34.558499]}, "properties": {"n": 55, "d": "COLMENERO", "t": "CASA"}}, {"type": "Feature", "geometry": {"type": "Point", "coordinates": [-59.401867, -34.397609]}, "properties": {"n": 57, "d": "TAPERA DE JOSEFA ROMERO", "t": "TAPERA"}}, {"type": "Feature", "geometry": {"type": "Point", "coordinates": [-59.407893, -34.397511]}, "properties": {"n": 57, "d": "AGUSTIN VELOZ", "t": "CASA"}}, {"type": "Feature", "geometry": {"type": "Point", "coordinates": [-59.419311, -34.405585]}, "properties": {"n": 57, "d": "PEDRO PABLO VELOZ", "t": "CASA"}}, {"type": "Feature", "geometry": {"type": "Point", "coordinates": [-59.403689, -34.419182]}, "properties": {"n": 57, "d": "PUESTO DE PEDRO PABLO", "t": "PUESTO"}}, {"type": "Feature", "geometry": {"type": "Point", "coordinates": [-59.398774, -34.407602]}, "properties": {"n": 57, "d": "SIN IDENTIFICAR", "t": "CASA S/I"}}, {"type": "Feature", "geometry": {"type": "Point", "coordinates": [-59.381842, -34.424833]}, "properties": {"n": 57, "d": "SIN IDENTIFICAR", "t": "CASA S/I"}}, {"type": "Feature", "geometry": {"type": "Point", "coordinates": [-59.377906, -34.427628]}, "properties": {"n": 57, "d": "SIN IDENTIFICAR", "t": "CASA S/I"}}, {"type": "Feature", "geometry": {"type": "Point", "coordinates": [-59.377118, -34.440742]}, "properties": {"n": 57, "d": "ALEJO VELOZ", "t": "CASA"}}, {"type": "Feature", "geometry": {"type": "Point", "coordinates": [-59.464075, -34.447763]}, "properties": {"n": 58, "d": "ESTANCIA PRINCIPAL", "t": "CASA"}}, {"type": "Feature", "geometry": {"type": "Point", "coordinates": [-59.471578, -34.456525]}, "properties": {"n": 58, "d": "PUESTO", "t": "PUESTO"}}, {"type": "Feature", "geometry": {"type": "Point", "coordinates": [-59.462117, -34.436557]}, "properties": {"n": 58, "d": "PUESTO", "t": "PUESTO"}}, {"type": "Feature", "geometry": {"type": "Point", "coordinates": [-59.501022, -34.436722]}, "properties": {"n": 58, "d": "PUESTO", "t": "PUESTO"}}, {"type": "Feature", "geometry": {"type": "Point", "coordinates": [-59.478592, -34.426002]}, "properties": {"n": 58, "d": "PUESTO", "t": "PUESTO"}}, {"type": "Feature", "geometry": {"type": "Point", "coordinates": [-59.516422, -34.424405]}, "properties": {"n": 58, "d": "PUESTO", "t": "PUESTO"}}, {"type": "Feature", "geometry": {"type": "Point", "coordinates": [-59.501483, -34.410034]}, "properties": {"n": 58, "d": "PUESTO", "t": "PUESTO"}}, {"type": "Feature", "geometry": {"type": "Point", "coordinates": [-59.521257, -34.401741]}, "properties": {"n": 58, "d": "PUESTO", "t": "PUESTO"}}, {"type": "Feature", "geometry": {"type": "Point", "coordinates": [-59.364062, -34.502143]}, "properties": {"n": 59, "d": "PUESTO", "t": "PUESTO"}}, {"type": "Feature", "geometry": {"type": "Point", "coordinates": [-59.349219, -34.493717]}, "properties": {"n": 59, "d": "PUESTO", "t": "PUESTO"}}, {"type": "Feature", "geometry": {"type": "Point", "coordinates": [-59.375985, -34.481431]}, "properties": {"n": 59, "d": "P. DE DON FERNANDO", "t": "PUESTO"}}, {"type": "Feature", "geometry": {"type": "Point", "coordinates": [-59.393949, -34.470597]}, "properties": {"n": 59, "d": "PUESTO", "t": "PUESTO"}}, {"type": "Feature", "geometry": {"type": "Point", "coordinates": [-59.695555, -34.562419]}, "properties": {"n": 61, "d": "J. A ARANGUREN", "t": "CASA"}}, {"type": "Feature", "geometry": {"type": "Point", "coordinates": [-59.657336, -34.52492]}, "properties": {"n": 61, "d": "J. F. MARTINEZ", "t": "CASA"}}, {"type": "Feature", "geometry": {"type": "Point", "coordinates": [-59.456093, -34.317383]}, "properties": {"n": 62, "d": "PUESTO DEL INGLES", "t": "PUESTO"}}, {"type": "Feature", "geometry": {"type": "Point", "coordinates": [-59.462373, -34.322017]}, "properties": {"n": 62, "d": "PUESTO", "t": "PUESTO"}}, {"type": "Feature", "geometry": {"type": "Point", "coordinates": [-59.430382, -34.318008]}, "properties": {"n": 62, "d": "PUESTO DE FIGUEROA", "t": "PUESTO"}}, {"type": "Feature", "geometry": {"type": "Point", "coordinates": [-59.443641, -34.328921]}, "properties": {"n": 62, "d": "PUESTO DE FIGUEROA", "t": "PUESTO"}}, {"type": "Feature", "geometry": {"type": "Point", "coordinates": [-59.430325, -34.293429]}, "properties": {"n": 62, "d": "PUESTO DE DURAND", "t": "PUESTO"}}, {"type": "Feature", "geometry": {"type": "Point", "coordinates": [-59.429262, -34.28606]}, "properties": {"n": 62, "d": "ESTANCIA DE DURAND", "t": "CASA"}}, {"type": "Feature", "geometry": {"type": "Point", "coordinates": [-59.448348, -34.298046]}, "properties": {"n": 62, "d": "PUESTO ALMADA", "t": "PUESTO"}}, {"type": "Feature", "geometry": {"type": "Point", "coordinates": [-59.742691, -34.492488]}, "properties": {"n": 63, "d": "PUESTO", "t": "PUESTO"}}, {"type": "Feature", "geometry": {"type": "Point", "coordinates": [-59.721354, -34.498464]}, "properties": {"n": 63, "d": "PUESTO", "t": "PUESTO"}}, {"type": "Feature", "geometry": {"type": "Point", "coordinates": [-59.767131, -34.508815]}, "properties": {"n": 63, "d": "PUESTO", "t": "PUESTO"}}, {"type": "Feature", "geometry": {"type": "Point", "coordinates": [-59.754832, -34.515066]}, "properties": {"n": 63, "d": "EST. DE J. DE ALFONSIN", "t": "CASA"}}, {"type": "Feature", "geometry": {"type": "Point", "coordinates": [-59.697825, -34.529295]}, "properties": {"n": 63, "d": "EST. DE CASADO", "t": "CASA"}}, {"type": "Feature", "geometry": {"type": "Point", "coordinates": [-59.713584, -34.487735]}, "properties": {"n": 63, "d": "EST. DE ALFONSIN", "t": "CASA"}}, {"type": "Feature", "geometry": {"type": "Point", "coordinates": [-59.770697, -34.507969]}, "properties": {"n": 63, "d": "EST. DE MARIA ROCHA", "t": "CASA"}}, {"type": "Feature", "geometry": {"type": "Point", "coordinates": [-59.467138, -34.565088]}, "properties": {"n": 65, "d": "ESTANCIA DE D. GUILLERMO (ACUÑA)", "t": "CASA"}}, {"type": "Feature", "geometry": {"type": "Point", "coordinates": [-59.493538, -34.540515]}, "properties": {"n": 65, "d": "EST. DE DÑA. VALENTINA A. DE ACUÑA", "t": "CASA"}}, {"type": "Feature", "geometry": {"type": "Point", "coordinates": [-59.477529, -34.528713]}, "properties": {"n": 65, "d": "ESTANCIA", "t": "CASA"}}, {"type": "Feature", "geometry": {"type": "Point", "coordinates": [-59.538731, -34.515722]}, "properties": {"n": 66, "d": "POB. DE JOSE MONSALVO", "t": "CASA"}}, {"type": "Feature", "geometry": {"type": "Point", "coordinates": [-59.55188, -34.511192]}, "properties": {"n": 66, "d": "POBLACION", "t": "CASA"}}, {"type": "Feature", "geometry": {"type": "Point", "coordinates": [-59.593098, -34.499791]}, "properties": {"n": 66, "d": "POB. DE FRIAS", "t": "CASA"}}, {"type": "Feature", "geometry": {"type": "Point", "coordinates": [-59.594381, -34.493678]}, "properties": {"n": 66, "d": "ESTANCIA DE CARRY", "t": "CASA"}}, {"type": "Feature", "geometry": {"type": "Point", "coordinates": [-59.543824, -34.478008]}, "properties": {"n": 66, "d": "POB. DE CRECENCIO MONSALVO", "t": "CASA"}}, {"type": "Feature", "geometry": {"type": "Point", "coordinates": [-59.505719, -34.492779]}, "properties": {"n": 66, "d": "ESTANCIA", "t": "CASA"}}, {"type": "Feature", "geometry": {"type": "Point", "coordinates": [-59.504012, -34.355664]}, "properties": {"n": 67, "d": "MORGAN", "t": "CASA"}}, {"type": "Feature", "geometry": {"type": "Point", "coordinates": [-59.436048, -34.526866]}, "properties": {"n": 68, "d": "PULPERIA", "t": "PULPERIA"}}, {"type": "Feature", "geometry": {"type": "Point", "coordinates": [-59.438203, -34.51507]}, "properties": {"n": 68, "d": "ESTANCIA DE NUGENT", "t": "CASA"}}, {"type": "Feature", "geometry": {"type": "Point", "coordinates": [-59.425115, -34.482382]}, "properties": {"n": 68, "d": "POB. DE DÑA ROMUALDA", "t": "CASA"}}, {"type": "Feature", "geometry": {"type": "Point", "coordinates": [-59.435331, -34.479388]}, "properties": {"n": 68, "d": "POB. DE CUCULLU", "t": "CASA"}}, {"type": "Feature", "geometry": {"type": "Point", "coordinates": [-59.363063, -34.292946]}, "properties": {"n": 69, "d": "ESTANCIA", "t": "CASA"}}, {"type": "Feature", "geometry": {"type": "Point", "coordinates": [-59.370473, -34.293485]}, "properties": {"n": 69, "d": "PUESTO", "t": "PUESTO"}}, {"type": "Feature", "geometry": {"type": "Point", "coordinates": [-59.343075, -34.302214]}, "properties": {"n": 69, "d": "PUESTO", "t": "PUESTO"}}, {"type": "Feature", "geometry": {"type": "Point", "coordinates": [-59.356016, -34.312587]}, "properties": {"n": 69, "d": "PUESTO", "t": "PUESTO"}}, {"type": "Feature", "geometry": {"type": "Point", "coordinates": [-59.318302, -34.305657]}, "properties": {"n": 68, "d": "PUESTO", "t": "PUESTO"}}, {"type": "Feature", "geometry": {"type": "Point", "coordinates": [-59.31082, -34.292663]}, "properties": {"n": 69, "d": "PUESTO", "t": "PUESTO"}}, {"type": "Feature", "geometry": {"type": "Point", "coordinates": [-59.341861, -34.30092]}, "properties": {"n": 69, "d": "SIN IDENTIFICAR", "t": "CASA S/I"}}, {"type": "Feature", "geometry": {"type": "Point", "coordinates": [-59.333106, -34.324796]}, "properties": {"n": 69, "d": "PUESTO", "t": "PUESTO"}}, {"type": "Feature", "geometry": {"type": "Point", "coordinates": [-59.295485, -34.320054]}, "properties": {"n": 69, "d": "PUESTO", "t": "PUESTO"}}, {"type": "Feature", "geometry": {"type": "Point", "coordinates": [-59.284346, -34.311582]}, "properties": {"n": 69, "d": "PUESTO", "t": "PUESTO"}}, {"type": "Feature", "geometry": {"type": "Point", "coordinates": [-59.294132, -34.301442]}, "properties": {"n": 69, "d": "PUESTO", "t": "PUESTO"}}, {"type": "Feature", "geometry": {"type": "Point", "coordinates": [-59.306725, -34.330541]}, "properties": {"n": 69, "d": "PUESTO", "t": "PUESTO"}}, {"type": "Feature", "geometry": {"type": "Point", "coordinates": [-59.325384, -34.334163]}, "properties": {"n": 69, "d": "PUESTO", "t": "PUESTO"}}, {"type": "Feature", "geometry": {"type": "Point", "coordinates": [-59.334417, -34.328131]}, "properties": {"n": 69, "d": "PUESTO", "t": "PUESTO"}}, {"type": "Feature", "geometry": {"type": "Point", "coordinates": [-59.311847, -34.337129]}, "properties": {"n": 69, "d": "PUESTO", "t": "PUESTO"}}, {"type": "Feature", "geometry": {"type": "Point", "coordinates": [-59.30894, -34.3474]}, "properties": {"n": 69, "d": "PUESTO", "t": "PUESTO"}}, {"type": "Feature", "geometry": {"type": "Point", "coordinates": [-59.290823, -34.356002]}, "properties": {"n": 69, "d": "PUESTO", "t": "PUESTO"}}, {"type": "Feature", "geometry": {"type": "Point", "coordinates": [-59.350333, -34.319358]}, "properties": {"n": 71, "d": "PUESTO", "t": "PUESTO"}}, {"type": "Feature", "geometry": {"type": "Point", "coordinates": [-59.354031, -34.315085]}, "properties": {"n": 71, "d": "PUESTO", "t": "PUESTO"}}, {"type": "Feature", "geometry": {"type": "Point", "coordinates": [-59.356994, -34.322315]}, "properties": {"n": 71, "d": "PULPERIA", "t": "PULPERIA"}}, {"type": "Feature", "geometry": {"type": "Point", "coordinates": [-59.304537, -34.435512]}, "properties": {"n": 73, "d": "PUESTO", "t": "PUESTO"}}, {"type": "Feature", "geometry": {"type": "Point", "coordinates": [-59.527874, -34.607089]}, "properties": {"n": 74, "d": "BELLO", "t": "CASA"}}, {"type": "Feature", "geometry": {"type": "Point", "coordinates": [-59.523777, -34.576926]}, "properties": {"n": 74, "d": "COLMENERO", "t": "CASA"}}, {"type": "Feature", "geometry": {"type": "Point", "coordinates": [-59.504731, -34.56006]}, "properties": {"n": 74, "d": "GANZETI", "t": "CASA"}}, {"type": "Feature", "geometry": {"type": "Point", "coordinates": [-59.469419, -34.563918]}, "properties": {"n": 74, "d": "CABALLERO", "t": "CASA"}}, {"type": "Feature", "geometry": {"type": "Point", "coordinates": [-59.472005, -34.532351]}, "properties": {"n": 74, "d": "ACUÑA", "t": "CASA"}}, {"type": "Feature", "geometry": {"type": "Point", "coordinates": [-59.583391, -34.55801]}, "properties": {"n": 74, "d": "D. CARLOS", "t": "CASA"}}, {"type": "Feature", "geometry": {"type": "Point", "coordinates": [-59.591645, -34.535618]}, "properties": {"n": 74, "d": "ACUÑA", "t": "CASA"}}, {"type": "Feature", "geometry": {"type": "Point", "coordinates": [-59.624911, -34.543875]}, "properties": {"n": 74, "d": "LIMA", "t": "CASA"}}, {"type": "Feature", "geometry": {"type": "Point", "coordinates": [-59.627639, -34.520187]}, "properties": {"n": 74, "d": "ECHEVERRIA", "t": "CASA"}}, {"type": "Feature", "geometry": {"type": "Point", "coordinates": [-59.54666, -34.515906]}, "properties": {"n": 74, "d": "GOMEZ", "t": "CASA"}}, {"type": "Feature", "geometry": {"type": "Point", "coordinates": [-59.554455, -34.513072]}, "properties": {"n": 74, "d": "ROMERO", "t": "CASA"}}, {"type": "Feature", "geometry": {"type": "Point", "coordinates": [-59.530722, -34.480606]}, "properties": {"n": 74, "d": "ALMIRON", "t": "CASA"}}, {"type": "Feature", "geometry": {"type": "Point", "coordinates": [-59.55362, -34.480513]}, "properties": {"n": 74, "d": "BRAVO", "t": "CASA"}}, {"type": "Feature", "geometry": {"type": "Point", "coordinates": [-59.532704, -34.53825]}, "properties": {"n": 75, "d": "DÑA. JOSEFA DIAZ DE MARTINEZ", "t": "CASA"}}, {"type": "Feature", "geometry": {"type": "Point", "coordinates": [-59.504547, -34.540381]}, "properties": {"n": 75, "d": "BRES", "t": "CASA"}}, {"type": "Feature", "geometry": {"type": "Point", "coordinates": [-59.502448, -34.558904]}, "properties": {"n": 75, "d": "NARCISO MARTINEZ", "t": "CASA"}}, {"type": "Feature", "geometry": {"type": "Point", "coordinates": [-59.512185, -34.579765]}, "properties": {"n": 75, "d": "CASTRO", "t": "CASA"}}, {"type": "Feature", "geometry": {"type": "Point", "coordinates": [-59.538701, -34.571926]}, "properties": {"n": 75, "d": "MONTE DE AVILA", "t": "CASA"}}, {"type": "Feature", "geometry": {"type": "Point", "coordinates": [-59.516586, -34.596597]}, "properties": {"n": 75, "d": "DÑA. CORNEJO", "t": "CASA"}}, {"type": "Feature", "geometry": {"type": "Point", "coordinates": [-59.498412, -34.573222]}, "properties": {"n": 75, "d": "PUESTO", "t": "PUESTO"}}, {"type": "Feature", "geometry": {"type": "Point", "coordinates": [-59.613646, -34.570407]}, "properties": {"n": 76, "d": "J.M. RODRIGUEZ", "t": "CASA"}}, {"type": "Feature", "geometry": {"type": "Point", "coordinates": [-59.65064, -34.556488]}, "properties": {"n": 76, "d": "M. PONCE", "t": "CASA"}}, {"type": "Feature", "geometry": {"type": "Point", "coordinates": [-59.610253, -34.571529]}, "properties": {"n": 77, "d": "POB. DE RODRIGUEZ", "t": "CASA"}}, {"type": "Feature", "geometry": {"type": "Point", "coordinates": [-59.594057, -34.581732]}, "properties": {"n": 77, "d": "POB. DE ACEYTIINO", "t": "CASA"}}, {"type": "Feature", "geometry": {"type": "Point", "coordinates": [-59.201123, -34.37426]}, "properties": {"n": 79, "d": "AZOTEA DE TORMY", "t": "CASA"}}, {"type": "Feature", "geometry": {"type": "Point", "coordinates": [-59.203796, -34.379973]}, "properties": {"n": 79, "d": "RANCHO DE DÑA. JUSTINA MARTINEZ", "t": "RANCHO"}}, {"type": "Feature", "geometry": {"type": "Point", "coordinates": [-59.200015, -34.354046]}, "properties": {"n": 77, "d": "DÑA. AGUEDA MONTENEGRO", "t": "CASA"}}, {"type": "Feature", "geometry": {"type": "Point", "coordinates": [-59.244115, -34.333278]}, "properties": {"n": 79, "d": "RANCHOS DE MAURICIO SANCHEZ", "t": "RANCHO"}}, {"type": "Feature", "geometry": {"type": "Point", "coordinates": [-59.259499, -34.328844]}, "properties": {"n": 79, "d": "RANCHO DE DN. JUAN HARINTON", "t": "RANCHO"}}, {"type": "Feature", "geometry": {"type": "Point", "coordinates": [-59.263334, -34.342343]}, "properties": {"n": 79, "d": "RANCHO DE DN. PEDRO EGUINO", "t": "RANCHO"}}, {"type": "Feature", "geometry": {"type": "Point", "coordinates": [-59.252995, -34.361945]}, "properties": {"n": 79, "d": "RANCHOS Y CORRAL DE DN. PEDRO TORRES", "t": "RANCHO"}}, {"type": "Feature", "geometry": {"type": "Point", "coordinates": [-59.255486, -34.325299]}, "properties": {"n": 81, "d": "PUESTO", "t": "PUESTO"}}, {"type": "Feature", "geometry": {"type": "Point", "coordinates": [-59.242518, -34.336787]}, "properties": {"n": 81, "d": "PUESTO", "t": "PUESTO"}}, {"type": "Feature", "geometry": {"type": "Point", "coordinates": [-59.24687, -34.340451]}, "properties": {"n": 81, "d": "PUESTO", "t": "PUESTO"}}, {"type": "Feature", "geometry": {"type": "Point", "coordinates": [-59.243403, -34.346278]}, "properties": {"n": 81, "d": "PUESTO", "t": "PUESTO"}}, {"type": "Feature", "geometry": {"type": "Point", "coordinates": [-59.235552, -34.35032]}, "properties": {"n": 81, "d": "PUESTO", "t": "PUESTO"}}, {"type": "Feature", "geometry": {"type": "Point", "coordinates": [-59.213866, -34.360181]}, "properties": {"n": 81, "d": "PUESTO", "t": "PUESTO"}}, {"type": "Feature", "geometry": {"type": "Point", "coordinates": [-59.492656, -34.504589]}, "properties": {"n": 82, "d": "PUESTO DE ACUÑA", "t": "PUESTO"}}, {"type": "Feature", "geometry": {"type": "Point", "coordinates": [-59.393694, -34.399784]}, "properties": {"n": 83, "d": "ANTONIO SILVA", "t": "CASA"}}, {"type": "Feature", "geometry": {"type": "Point", "coordinates": [-59.377997, -34.396002]}, "properties": {"n": 83, "d": "MELITON RODRIGUEZ", "t": "CASA"}}, {"type": "Feature", "geometry": {"type": "Point", "coordinates": [-59.666271, -34.48791]}, "properties": {"n": 84, "d": "NOLLAN", "t": "CASA"}}, {"type": "Feature", "geometry": {"type": "Point", "coordinates": [-59.647738, -34.502676]}, "properties": {"n": 84, "d": "MARTINEZ", "t": "CASA"}}, {"type": "Feature", "geometry": {"type": "Point", "coordinates": [-59.638546, -34.48807]}, "properties": {"n": 84, "d": "MARTINEZ", "t": "CASA"}}, {"type": "Feature", "geometry": {"type": "Point", "coordinates": [-59.65815, -34.475217]}, "properties": {"n": 84, "d": "PUESTO", "t": "PUESTO"}}, {"type": "Feature", "geometry": {"type": "Point", "coordinates": [-59.644299, -34.464445]}, "properties": {"n": 84, "d": "PUESTO", "t": "PUESTO"}}, {"type": "Feature", "geometry": {"type": "Point", "coordinates": [-59.638875, -34.461866]}, "properties": {"n": 84, "d": "RAIT", "t": "CASA"}}, {"type": "Feature", "geometry": {"type": "Point", "coordinates": [-59.625879, -34.473027]}, "properties": {"n": 84, "d": "ESTANCIA", "t": "CASA"}}, {"type": "Feature", "geometry": {"type": "Point", "coordinates": [-59.623888, -34.449106]}, "properties": {"n": 84, "d": "PUESTO", "t": "PUESTO"}}, {"type": "Feature", "geometry": {"type": "Point", "coordinates": [-59.610938, -34.454074]}, "properties": {"n": 84, "d": "CORNICK", "t": "CASA"}}, {"type": "Feature", "geometry": {"type": "Point", "coordinates": [-59.59747, -34.455555]}, "properties": {"n": 84, "d": "PUESTO", "t": "PUESTO"}}, {"type": "Feature", "geometry": {"type": "Point", "coordinates": [-59.634509, -34.605519]}, "properties": {"n": 85, "d": "POBLACION", "t": "CASA"}}, {"type": "Feature", "geometry": {"type": "Point", "coordinates": [-59.650907, -34.5912]}, "properties": {"n": 85, "d": "POBLACION", "t": "CASA"}}, {"type": "Feature", "geometry": {"type": "Point", "coordinates": [-59.654804, -34.586059]}, "properties": {"n": 85, "d": "POBLACION", "t": "CASA"}}, {"type": "Feature", "geometry": {"type": "Point", "coordinates": [-59.667089, -34.577507]}, "properties": {"n": 85, "d": "POBLACION", "t": "CASA"}}, {"type": "Feature", "geometry": {"type": "Point", "coordinates": [-59.679484, -34.564408]}, "properties": {"n": 85, "d": "POBLACION DE Z. COSTA", "t": "CASA"}}, {"type": "Feature", "geometry": {"type": "Point", "coordinates": [-59.656436, -34.560231]}, "properties": {"n": 85, "d": "PUESTO DE COSTA", "t": "PUESTO"}}, {"type": "Feature", "geometry": {"type": "Point", "coordinates": [-59.669762, -34.562236]}, "properties": {"n": 85, "d": "POBLACION", "t": "CASA"}}, {"type": "Feature", "geometry": {"type": "Point", "coordinates": [-59.650246, -34.565145]}, "properties": {"n": 85, "d": "POB. DE HERED. DE S. LIMA", "t": "CASA"}}, {"type": "Feature", "geometry": {"type": "Point", "coordinates": [-59.644946, -34.561225]}, "properties": {"n": 85, "d": "POBLACION", "t": "CASA"}}, {"type": "Feature", "geometry": {"type": "Point", "coordinates": [-59.672024, -34.55363]}, "properties": {"n": 85, "d": "PUESTO DE COSTA", "t": "PUESTO"}}, {"type": "Feature", "geometry": {"type": "Point", "coordinates": [-59.669494, -34.548492]}, "properties": {"n": 85, "d": "EVARISTO BUSTOS", "t": "CASA"}}, {"type": "Feature", "geometry": {"type": "Point", "coordinates": [-59.46907, -34.502064]}, "properties": {"n": 86, "d": "MARCOS SARMIENTO", "t": "CASA"}}, {"type": "Feature", "geometry": {"type": "Point", "coordinates": [-59.465227, -34.487224]}, "properties": {"n": 85, "d": "FELIS LESCANO", "t": "CASA"}}, {"type": "Feature", "geometry": {"type": "Point", "coordinates": [-59.475486, -34.487359]}, "properties": {"n": 85, "d": "PULPERIA", "t": "PULPERIA"}}, {"type": "Feature", "geometry": {"type": "Point", "coordinates": [-59.444143, -34.475346]}, "properties": {"n": 86, "d": "PUESTO DE MEZQUITA", "t": "PUESTO"}}, {"type": "Feature", "geometry": {"type": "Point", "coordinates": [-59.457715, -34.472223]}, "properties": {"n": 86, "d": "MONTE (SIN IDENTIFICAR)", "t": "MONTE"}}, {"type": "Feature", "geometry": {"type": "Point", "coordinates": [-59.46564, -34.469146]}, "properties": {"n": 86, "d": "PUESTO RODRIGUEZ", "t": "PUESTO"}}, {"type": "Feature", "geometry": {"type": "Point", "coordinates": [-59.454666, -34.466199]}, "properties": {"n": 86, "d": "PUESTO DE CUCULLO", "t": "PUESTO"}}, {"type": "Feature", "geometry": {"type": "Point", "coordinates": [-59.270093, -34.464986]}, "properties": {"n": 87, "d": "POB. DE QUEVEDO", "t": "CASA"}}, {"type": "Feature", "geometry": {"type": "Point", "coordinates": [-59.281242, -34.460211]}, "properties": {"n": 87, "d": "P. P. QUEVEDO", "t": "CASA"}}, {"type": "Feature", "geometry": {"type": "Point", "coordinates": [-59.283624, -34.451102]}, "properties": {"n": 87, "d": "P. DE P. FLORES DE QUEVEDO", "t": "CASA"}}, {"type": "Feature", "geometry": {"type": "Point", "coordinates": [-59.304567, -34.416603]}, "properties": {"n": 88, "d": "RODRIGUEZ", "t": "CASA"}}, {"type": "Feature", "geometry": {"type": "Point", "coordinates": [-59.304355, -34.414503]}, "properties": {"n": 88, "d": "CONTRERAS", "t": "CASA"}}, {"type": "Feature", "geometry": {"type": "Point", "coordinates": [-59.297024, -34.413579]}, "properties": {"n": 88, "d": "A. ORMAECHEA", "t": "CASA"}}, {"type": "Feature", "geometry": {"type": "Point", "coordinates": [-59.30835, -34.41164]}, "properties": {"n": 88, "d": "P. RONAN", "t": "CASA"}}, {"type": "Feature", "geometry": {"type": "Point", "coordinates": [-59.321004, -34.409103]}, "properties": {"n": 88, "d": "PUESTO", "t": "PUESTO"}}, {"type": "Feature", "geometry": {"type": "Point", "coordinates": [-59.333214, -34.400727]}, "properties": {"n": 88, "d": "V. GOMEZ", "t": "CASA"}}, {"type": "Feature", "geometry": {"type": "Point", "coordinates": [-59.340921, -34.393995]}, "properties": {"n": 88, "d": "PUESTO", "t": "PUESTO"}}, {"type": "Feature", "geometry": {"type": "Point", "coordinates": [-59.33317, -34.384556]}, "properties": {"n": 88, "d": "PUESTO DEL BASCO", "t": "PUESTO"}}, {"type": "Feature", "geometry": {"type": "Point", "coordinates": [-59.331157, -34.400337]}, "properties": {"n": 88, "d": "S. BYRNS", "t": "CASA"}}, {"type": "Feature", "geometry": {"type": "Point", "coordinates": [-59.340124, -34.376959]}, "properties": {"n": 88, "d": "ARNULFO TISEIRA", "t": "CASA"}}, {"type": "Feature", "geometry": {"type": "Point", "coordinates": [-59.354394, -34.382282]}, "properties": {"n": 88, "d": "PUESTO", "t": "PUESTO"}}, {"type": "Feature", "geometry": {"type": "Point", "coordinates": [-59.357945, -34.364064]}, "properties": {"n": 88, "d": "PUESTO (SAUCOS)", "t": "PUESTO"}}, {"type": "Feature", "geometry": {"type": "Point", "coordinates": [-59.373797, -34.367409]}, "properties": {"n": 88, "d": "PUESTO", "t": "PUESTO"}}, {"type": "Feature", "geometry": {"type": "Point", "coordinates": [-59.371499, -34.37003]}, "properties": {"n": 88, "d": "CHEYRA", "t": "CASA"}}, {"type": "Feature", "geometry": {"type": "Point", "coordinates": [-59.37124, -34.353119]}, "properties": {"n": 88, "d": "MAGADAN PULPERIA", "t": "PULPERIA"}}, {"type": "Feature", "geometry": {"type": "Point", "coordinates": [-59.386833, -34.340485]}, "properties": {"n": 88, "d": "LORENZO TISEIRA", "t": "CASA"}}, {"type": "Feature", "geometry": {"type": "Point", "coordinates": [-59.38819, -34.347599]}, "properties": {"n": 88, "d": "LA PALOMA", "t": "CASA"}}, {"type": "Feature", "geometry": {"type": "Point", "coordinates": [-59.633598, -34.409787]}, "properties": {"n": 89, "d": "PUESTO", "t": "PUESTO"}}, {"type": "Feature", "geometry": {"type": "Point", "coordinates": [-59.627338, -34.419642]}, "properties": {"n": 89, "d": "ESTANCIA SALA", "t": "CASA"}}, {"type": "Feature", "geometry": {"type": "Point", "coordinates": [-59.646495, -34.422514]}, "properties": {"n": 89, "d": "PUESTO", "t": "PUESTO"}}, {"type": "Feature", "geometry": {"type": "Point", "coordinates": [-59.651818, -34.429875]}, "properties": {"n": 89, "d": "ESTANCIA CAPRILE Y PICASO", "t": "CASA"}}, {"type": "Feature", "geometry": {"type": "Point", "coordinates": [-59.641267, -34.433422]}, "properties": {"n": 89, "d": "PUESTO", "t": "PUESTO"}}, {"type": "Feature", "geometry": {"type": "Point", "coordinates": [-59.61115, -34.434857]}, "properties": {"n": 89, "d": "PUESTO", "t": "PUESTO"}}, {"type": "Feature", "geometry": {"type": "Point", "coordinates": [-59.624157, -34.448731]}, "properties": {"n": 89, "d": "PUESTO", "t": "PUESTO"}}, {"type": "Feature", "geometry": {"type": "Point", "coordinates": [-59.602534, -34.442891]}, "properties": {"n": 89, "d": "ESTANCIA MAXWELL", "t": "CASA"}}, {"type": "Feature", "geometry": {"type": "Point", "coordinates": [-59.620387, -34.416495]}, "properties": {"n": 89, "d": "ESTANCIA RODRIGUEZ", "t": "CASA"}}, {"type": "Feature", "geometry": {"type": "Point", "coordinates": [-59.307079, -34.33515]}, "properties": {"n": 90, "d": "PUESTO", "t": "PUESTO"}}, {"type": "Feature", "geometry": {"type": "Point", "coordinates": [-59.306391, -34.338376]}, "properties": {"n": 90, "d": "PUESTO", "t": "PUESTO"}}, {"type": "Feature", "geometry": {"type": "Point", "coordinates": [-59.275143, -34.335884]}, "properties": {"n": 90, "d": "ESTANCIA", "t": "CASA"}}, {"type": "Feature", "geometry": {"type": "Point", "coordinates": [-59.277168, -34.32135]}, "properties": {"n": 90, "d": "PUESTO DE NOLA", "t": "PUESTO"}}, {"type": "Feature", "geometry": {"type": "Point", "coordinates": [-59.259842, -34.319462]}, "properties": {"n": 90, "d": "PUESTO DE LENNON", "t": "PUESTO"}}, {"type": "Feature", "geometry": {"type": "Point", "coordinates": [-59.257045, -34.323667]}, "properties": {"n": 90, "d": "PUESTO DE ROCCA", "t": "PUESTO"}}, {"type": "Feature", "geometry": {"type": "Point", "coordinates": [-59.275709, -34.314512]}, "properties": {"n": 90, "d": "PUESTO", "t": "PUESTO"}}, {"type": "Feature", "geometry": {"type": "Point", "coordinates": [-59.431649, -34.435688]}, "properties": {"n": 91, "d": "ESTANCIA", "t": "CASA"}}, {"type": "Feature", "geometry": {"type": "Point", "coordinates": [-59.389119, -34.445262]}, "properties": {"n": 91, "d": "J. SILVA", "t": "CASA"}}, {"type": "Feature", "geometry": {"type": "Point", "coordinates": [-59.707124, -34.555804]}, "properties": {"n": 92, "d": "RAMON GONZALEZ", "t": "CASA"}}, {"type": "Feature", "geometry": {"type": "Point", "coordinates": [-59.683476, -34.543056]}, "properties": {"n": 92, "d": "VICTOR GONZALEZ", "t": "CASA"}}, {"type": "Feature", "geometry": {"type": "Point", "coordinates": [-59.665294, -34.532973]}, "properties": {"n": 92, "d": "AGUSTIN CASADO", "t": "CASA"}}, {"type": "Feature", "geometry": {"type": "Point", "coordinates": [-59.673862, -34.534267]}, "properties": {"n": 92, "d": "JULIAN RIVAD...RA", "t": "CASA"}}, {"type": "Feature", "geometry": {"type": "Point", "coordinates": [-59.4199, -34.423554]}, "properties": {"n": 93, "d": "ANICETA VELOZ", "t": "CASA"}}, {"type": "Feature", "geometry": {"type": "Point", "coordinates": [-59.42831, -34.416815]}, "properties": {"n": 93, "d": "TAPERA", "t": "TAPERA"}}, {"type": "Feature", "geometry": {"type": "Point", "coordinates": [-59.437493, -34.536429]}, "properties": {"n": 95, "d": "PUESTO OJUEZ", "t": "PUESTO"}}, {"type": "Feature", "geometry": {"type": "Point", "coordinates": [-59.445711, -34.512382]}, "properties": {"n": 95, "d": "ESTANCIA", "t": "CASA"}}, {"type": "Feature", "geometry": {"type": "Point", "coordinates": [-59.459258, -34.508035]}, "properties": {"n": 95, "d": "C. NAVARRO", "t": "CASA"}}, {"type": "Feature", "geometry": {"type": "Point", "coordinates": [-59.516928, -34.42404]}, "properties": {"n": 96, "d": "POB. BOTANA", "t": "CASA"}}, {"type": "Feature", "geometry": {"type": "Point", "coordinates": [-59.502298, -34.410887]}, "properties": {"n": 96, "d": "PUESTO", "t": "PUESTO"}}, {"type": "Feature", "geometry": {"type": "Point", "coordinates": [-59.508136, -34.411459]}, "properties": {"n": 96, "d": "PUESTO", "t": "PUESTO"}}, {"type": "Feature", "geometry": {"type": "Point", "coordinates": [-59.251633, -34.421486]}, "properties": {"n": 97, "d": "PUESTO LA BONITA", "t": "PUESTO"}}, {"type": "Feature", "geometry": {"type": "Point", "coordinates": [-59.251593, -34.40841]}, "properties": {"n": 97, "d": "PUESTO DEL OMBU", "t": "PUESTO"}}, {"type": "Feature", "geometry": {"type": "Point", "coordinates": [-59.239053, -34.398172]}, "properties": {"n": 97, "d": "PUESTO DEL PESCADOR", "t": "PUESTO"}}, {"type": "Feature", "geometry": {"type": "Point", "coordinates": [-59.238471, -34.44616]}, "properties": {"n": 98, "d": "PUESTO DE CASTRO", "t": "PUESTO"}}, {"type": "Feature", "geometry": {"type": "Point", "coordinates": [-59.266767, -34.403879]}, "properties": {"n": 98, "d": "ESTANCIA DE S. SAUCE", "t": "CASA"}}, {"type": "Feature", "geometry": {"type": "Point", "coordinates": [-59.573123, -34.509157]}, "properties": {"n": 100, "d": "ESTANCIA DE ACUÑA", "t": "CASA"}}, {"type": "Feature", "geometry": {"type": "Point", "coordinates": [-59.562823, -34.473202]}, "properties": {"n": 100, "d": "E. BUSTOS", "t": "CASA"}}, {"type": "Feature", "geometry": {"type": "Point", "coordinates": [-59.602173, -34.471285]}, "properties": {"n": 100, "d": "ESTANCIA DE CAREY", "t": "CASA"}}, {"type": "Feature", "geometry": {"type": "Point", "coordinates": [-59.571856, -34.441416]}, "properties": {"n": 100, "d": "BUSTOS", "t": "CASA"}}, {"type": "Feature", "geometry": {"type": "Point", "coordinates": [-59.586674, -34.425582]}, "properties": {"n": 100, "d": "PUESTO", "t": "PUESTO"}}, {"type": "Feature", "geometry": {"type": "Point", "coordinates": [-59.602348, -34.434268]}, "properties": {"n": 100, "d": "PUESTO", "t": "PUESTO"}}, {"type": "Feature", "geometry": {"type": "Point", "coordinates": [-59.602135, -34.442878]}, "properties": {"n": 100, "d": "ESTANCIA MAXWELL", "t": "CASA"}}, {"type": "Feature", "geometry": {"type": "Point", "coordinates": [-59.290746, -34.404873]}, "properties": {"n": 101, "d": "SIN IDENTIFICAR", "t": "CASA S/I"}}, {"type": "Feature", "geometry": {"type": "Point", "coordinates": [-59.319283, -34.370452]}, "properties": {"n": 101, "d": "SIN IDENTIFICAR", "t": "CASA S/I"}}, {"type": "Feature", "geometry": {"type": "Point", "coordinates": [-59.23433, -34.418624]}, "properties": {"n": 104, "d": "SIN IDENTIFICAR", "t": "CASA S/I"}}, {"type": "Feature", "geometry": {"type": "Point", "coordinates": [-59.240074, -34.423096]}, "properties": {"n": 104, "d": "CATALANES", "t": "CASA"}}, {"type": "Feature", "geometry": {"type": "Point", "coordinates": [-59.227553, -34.437328]}, "properties": {"n": 104, "d": "ORMAECHEA", "t": "CASA"}}, {"type": "Feature", "geometry": {"type": "Point", "coordinates": [-59.388854, -34.445321]}, "properties": {"n": 105, "d": "SILVA", "t": "CASA"}}, {"type": "Feature", "geometry": {"type": "Point", "coordinates": [-59.318076, -34.439307]}, "properties": {"n": 106, "d": "SIN IDENTIFICAR", "t": "CASA S/I"}}, {"type": "Feature", "geometry": {"type": "Point", "coordinates": [-59.310608, -34.448481]}, "properties": {"n": 106, "d": "SIN IDENTIFICAR", "t": "CASA S/I"}}, {"type": "Feature", "geometry": {"type": "Point", "coordinates": [-59.303121, -34.459715]}, "properties": {"n": 106, "d": "SIN IDENTIFICAR", "t": "CASA S/I"}}, {"type": "Feature", "geometry": {"type": "Point", "coordinates": [-59.296747, -34.47811]}, "properties": {"n": 106, "d": "SIN IDENTIFICAR", "t": "CASA S/I"}}, {"type": "Feature", "geometry": {"type": "Point", "coordinates": [-59.671875, -34.553647]}, "properties": {"n": 107, "d": "COSTA", "t": "CASA"}}, {"type": "Feature", "geometry": {"type": "Point", "coordinates": [-59.679581, -34.56455]}, "properties": {"n": 107, "d": "COSTA", "t": "CASA"}}, {"type": "Feature", "geometry": {"type": "Point", "coordinates": [-59.670004, -34.56205]}, "properties": {"n": 107, "d": "COSTA", "t": "CASA"}}, {"type": "Feature", "geometry": {"type": "Point", "coordinates": [-59.650999, -34.565157]}, "properties": {"n": 107, "d": "HEREDEROS DE S. LIMA", "t": "CASA"}}, {"type": "Feature", "geometry": {"type": "Point", "coordinates": [-59.656253, -34.58458]}, "properties": {"n": 107, "d": "F. LIMA", "t": "CASA"}}, {"type": "Feature", "geometry": {"type": "Point", "coordinates": [-59.477085, -34.531807]}, "properties": {"n": 108, "d": "ESTANCIA", "t": "CASA"}}, {"type": "Feature", "geometry": {"type": "Point", "coordinates": [-59.463085, -34.55103]}, "properties": {"n": 108, "d": "PUESTO", "t": "PUESTO"}}, {"type": "Feature", "geometry": {"type": "Point", "coordinates": [-59.44224, -34.406651]}, "properties": {"n": 110, "d": "VASQUEZ", "t": "PUESTO"}}, {"type": "Feature", "geometry": {"type": "Point", "coordinates": [-59.422645, -34.393776]}, "properties": {"n": 110, "d": "SIN IDENTIFICAR", "t": "CASA S/I"}}, {"type": "Feature", "geometry": {"type": "Point", "coordinates": [-59.447977, -34.374383]}, "properties": {"n": 110, "d": "PONCE", "t": "CASA"}}, {"type": "Feature", "geometry": {"type": "Point", "coordinates": [-59.477592, -34.367358]}, "properties": {"n": 110, "d": "MORGAN", "t": "CASA"}}, {"type": "Feature", "geometry": {"type": "Point", "coordinates": [-59.610106, -34.435697]}, "properties": {"n": 111, "d": "PUESTO", "t": "PUESTO"}}, {"type": "Feature", "geometry": {"type": "Point", "coordinates": [-59.601959, -34.434525]}, "properties": {"n": 110, "d": "PUESTO", "t": "PUESTO"}}, {"type": "Feature", "geometry": {"type": "Point", "coordinates": [-59.607916, -34.436052]}, "properties": {"n": 111, "d": "PUESTO", "t": "PUESTO"}}, {"type": "Feature", "geometry": {"type": "Point", "coordinates": [-59.592093, -34.42147]}, "properties": {"n": 111, "d": "PUESTO", "t": "PUESTO"}}, {"type": "Feature", "geometry": {"type": "Point", "coordinates": [-59.588523, -34.424177]}, "properties": {"n": 111, "d": "PUESTO", "t": "PUESTO"}}, {"type": "Feature", "geometry": {"type": "Point", "coordinates": [-59.626423, -34.420191]}, "properties": {"n": 111, "d": "POBLACION DE A.H. SALA", "t": "CASA"}}, {"type": "Feature", "geometry": {"type": "Point", "coordinates": [-59.619071, -34.416676]}, "properties": {"n": 111, "d": "POBLACION DE PETRONA B. DE RODRIGUEZ", "t": "CASA"}}, {"type": "Feature", "geometry": {"type": "Point", "coordinates": [-59.6278, -34.406289]}, "properties": {"n": 111, "d": "PUESTO", "t": "PUESTO"}}, {"type": "Feature", "geometry": {"type": "Point", "coordinates": [-59.60764, -34.406763]}, "properties": {"n": 111, "d": "PUESTO", "t": "PUESTO"}}, {"type": "Feature", "geometry": {"type": "Point", "coordinates": [-59.588628, -34.415306]}, "properties": {"n": 111, "d": "POBLACION DE KENNY", "t": "CASA"}}, {"type": "Feature", "geometry": {"type": "Point", "coordinates": [-59.52752, -34.346455]}, "properties": {"n": 112, "d": "E. MORGAN", "t": "CASA"}}, {"type": "Feature", "geometry": {"type": "Point", "coordinates": [-59.481544, -34.366309]}, "properties": {"n": 112, "d": "J. MORGAN", "t": "CASA"}}, {"type": "Feature", "geometry": {"type": "Point", "coordinates": [-59.405368, -34.529702]}, "properties": {"n": 113, "d": "L. DE GELVES", "t": "CASA"}}, {"type": "Feature", "geometry": {"type": "Point", "coordinates": [-59.409357, -34.523878]}, "properties": {"n": 113, "d": "LUNA", "t": "CASA"}}, {"type": "Feature", "geometry": {"type": "Point", "coordinates": [-59.439339, -34.463044]}, "properties": {"n": 116, "d": "PUESTO", "t": "PUESTO"}}, {"type": "Feature", "geometry": {"type": "Point", "coordinates": [-59.437284, -34.464608]}, "properties": {"n": 116, "d": "PUESTO", "t": "PUESTO"}}, {"type": "Feature", "geometry": {"type": "Point", "coordinates": [-59.609942, -34.562818]}, "properties": {"n": 117, "d": "LIMA", "t": "CASA"}}, {"type": "Feature", "geometry": {"type": "Point", "coordinates": [-59.608858, -34.563411]}, "properties": {"n": 117, "d": "GUZMAN", "t": "CASA"}}, {"type": "Feature", "geometry": {"type": "Point", "coordinates": [-59.611995, -34.570874]}, "properties": {"n": 117, "d": "ESTANCIA", "t": "CASA"}}, {"type": "Feature", "geometry": {"type": "Point", "coordinates": [-59.560091, -34.534039]}, "properties": {"n": 118, "d": "SIN IDENTIFICAR", "t": "CASA S/I"}}, {"type": "Feature", "geometry": {"type": "Point", "coordinates": [-59.367477, -34.333472]}, "properties": {"n": 119, "d": "PUESTO", "t": "PUESTO"}}, {"type": "Feature", "geometry": {"type": "Point", "coordinates": [-59.362497, -34.336189]}, "properties": {"n": 119, "d": "PUESTO", "t": "PUESTO"}}, {"type": "Feature", "geometry": {"type": "Point", "coordinates": [-59.358573, -34.337003]}, "properties": {"n": 119, "d": "PUESTO", "t": "PUESTO"}}, {"type": "Feature", "geometry": {"type": "Point", "coordinates": [-59.341044, -34.349432]}, "properties": {"n": 119, "d": "ESTANCIA", "t": "CASA"}}, {"type": "Feature", "geometry": {"type": "Point", "coordinates": [-59.332874, -34.346287]}, "properties": {"n": 119, "d": "ESTANCIA", "t": "CASA"}}, {"type": "Feature", "geometry": {"type": "Point", "coordinates": [-59.333489, -34.359349]}, "properties": {"n": 119, "d": "ESTANCIA", "t": "CASA"}}, {"type": "Feature", "geometry": {"type": "Point", "coordinates": [-59.324715, -34.341711]}, "properties": {"n": 119, "d": "ESTANCIA", "t": "CASA"}}, {"type": "Feature", "geometry": {"type": "Point", "coordinates": [-59.319397, -34.341503]}, "properties": {"n": 119, "d": "SIN IDENTIFICAR", "t": "CASA S/I"}}, {"type": "Feature", "geometry": {"type": "Point", "coordinates": [-59.312666, -34.34707]}, "properties": {"n": 119, "d": "SIN IDENTIFICAR", "t": "CASA S/I"}}, {"type": "Feature", "geometry": {"type": "Point", "coordinates": [-59.314403, -34.358886]}, "properties": {"n": 119, "d": "PUESTO", "t": "PUESTO"}}, {"type": "Feature", "geometry": {"type": "Point", "coordinates": [-59.32077, -34.362857]}, "properties": {"n": 119, "d": "ESTANCIA", "t": "CASA"}}, {"type": "Feature", "geometry": {"type": "Point", "coordinates": [-59.321287, -34.370104]}, "properties": {"n": 119, "d": "A. ORTIZ", "t": "CASA"}}, {"type": "Feature", "geometry": {"type": "Point", "coordinates": [-59.299675, -34.366226]}, "properties": {"n": 119, "d": "PUESTO", "t": "PUESTO"}}, {"type": "Feature", "geometry": {"type": "Point", "coordinates": [-59.299187, -34.368668]}, "properties": {"n": 119, "d": "PULPERIA", "t": "PULPERIA"}}, {"type": "Feature", "geometry": {"type": "Point", "coordinates": [-59.305873, -34.373208]}, "properties": {"n": 119, "d": "SIN IDENTIFICAR", "t": "CASA S/I"}}, {"type": "Feature", "geometry": {"type": "Point", "coordinates": [-59.300476, -34.377948]}, "properties": {"n": 119, "d": "ESTANCIA", "t": "CASA"}}, {"type": "Feature", "geometry": {"type": "Point", "coordinates": [-59.288442, -34.372303]}, "properties": {"n": 119, "d": "ESTANCIA", "t": "CASA"}}, {"type": "Feature", "geometry": {"type": "Point", "coordinates": [-59.301967, -34.384575]}, "properties": {"n": 119, "d": "PUESTO", "t": "PUESTO"}}, {"type": "Feature", "geometry": {"type": "Point", "coordinates": [-59.291548, -34.391938]}, "properties": {"n": 119, "d": "F. GOMEZ", "t": "CASA"}}, {"type": "Feature", "geometry": {"type": "Point", "coordinates": [-59.281713, -34.398112]}, "properties": {"n": 119, "d": "PUESTO", "t": "PUESTO"}}, {"type": "Feature", "geometry": {"type": "Point", "coordinates": [-59.274179, -34.400155]}, "properties": {"n": 119, "d": "BERA", "t": "CASA"}}, {"type": "Feature", "geometry": {"type": "Point", "coordinates": [-59.260377, -34.390889]}, "properties": {"n": 119, "d": "SIN IDENTIFICAR", "t": "CASA S/I"}}, {"type": "Feature", "geometry": {"type": "Point", "coordinates": [-59.273611, -34.382591]}, "properties": {"n": 119, "d": "SIN IDENTIFICAR", "t": "CASA S/I"}}, {"type": "Feature", "geometry": {"type": "Point", "coordinates": [-59.298994, -34.357278]}, "properties": {"n": 119, "d": "SIN IDENTIFICAR", "t": "CASA S/I"}}, {"type": "Feature", "geometry": {"type": "Point", "coordinates": [-59.284142, -34.417609]}, "properties": {"n": 121, "d": "PUESTO", "t": "PUESTO"}}, {"type": "Feature", "geometry": {"type": "Point", "coordinates": [-59.283065, -34.416935]}, "properties": {"n": 121, "d": "POBLACION DE JUAN RODRIGUEZ", "t": "CASA"}}, {"type": "Feature", "geometry": {"type": "Point", "coordinates": [-59.264443, -34.437489]}, "properties": {"n": 121, "d": "PULPERIA", "t": "PULPERIA"}}, {"type": "Feature", "geometry": {"type": "Point", "coordinates": [-59.252566, -34.456314]}, "properties": {"n": 121, "d": "POBLACION DE N. GARIBOTTI", "t": "CASA"}}, {"type": "Feature", "geometry": {"type": "Point", "coordinates": [-59.377277, -34.381295]}, "properties": {"n": 122, "d": "PUESTO SANTA ROSALIA", "t": "PUESTO"}}, {"type": "Feature", "geometry": {"type": "Point", "coordinates": [-59.372349, -34.382462]}, "properties": {"n": 122, "d": "PUESTO", "t": "PUESTO"}}, {"type": "Feature", "geometry": {"type": "Point", "coordinates": [-59.3539, -34.394401]}, "properties": {"n": 122, "d": "POBLACION DE CATALINA", "t": "CASA"}}, {"type": "Feature", "geometry": {"type": "Point", "coordinates": [-59.341607, -34.393471]}, "properties": {"n": 122, "d": "P.B. SOSA", "t": "CASA"}}, {"type": "Feature", "geometry": {"type": "Point", "coordinates": [-59.348072, -34.39923]}, "properties": {"n": 122, "d": "PUESTO C. ESTRADA", "t": "PUESTO"}}, {"type": "Feature", "geometry": {"type": "Point", "coordinates": [-59.344063, -34.401355]}, "properties": {"n": 122, "d": "POBLACION DE FUENTES", "t": "CASA"}}, {"type": "Feature", "geometry": {"type": "Point", "coordinates": [-59.358073, -34.398985]}, "properties": {"n": 122, "d": "PUESTO SANTA MARIA", "t": "PUESTO"}}, {"type": "Feature", "geometry": {"type": "Point", "coordinates": [-59.335209, -34.402142]}, "properties": {"n": 122, "d": "ESTANCIA LA ADELINA", "t": "CASA"}}, {"type": "Feature", "geometry": {"type": "Point", "coordinates": [-59.330803, -34.399763]}, "properties": {"n": 122, "d": "PUESTO", "t": "PUESTO"}}, {"type": "Feature", "geometry": {"type": "Point", "coordinates": [-59.320512, -34.409217]}, "properties": {"n": 122, "d": "MARIA LERDON", "t": "CASA"}}, {"type": "Feature", "geometry": {"type": "Point", "coordinates": [-59.33295, -34.410329]}, "properties": {"n": 122, "d": "MONSALVO", "t": "CASA"}}, {"type": "Feature", "geometry": {"type": "Point", "coordinates": [-59.33135, -34.416968]}, "properties": {"n": 122, "d": "PUESTO SANTA CLARA", "t": "PUESTO"}}, {"type": "Feature", "geometry": {"type": "Point", "coordinates": [-59.324952, -34.416277]}, "properties": {"n": 122, "d": "ROMERO", "t": "CASA"}}, {"type": "Feature", "geometry": {"type": "Point", "coordinates": [-59.679758, -34.4333]}, "properties": {"n": 123, "d": "POBLACION DE MANCILLA", "t": "CASA"}}, {"type": "Feature", "geometry": {"type": "Point", "coordinates": [-59.680668, -34.421091]}, "properties": {"n": 123, "d": "PUESTO", "t": "PUESTO"}}, {"type": "Feature", "geometry": {"type": "Point", "coordinates": [-59.663152, -34.410931]}, "properties": {"n": 123, "d": "ESTANCIA", "t": "CASA"}}, {"type": "Feature", "geometry": {"type": "Point", "coordinates": [-59.652237, -34.430088]}, "properties": {"n": 123, "d": "ESTANCIA CAPRILE Y PICASO", "t": "CASA"}}, {"type": "Feature", "geometry": {"type": "Point", "coordinates": [-59.677917, -34.575757]}, "properties": {"n": 124, "d": "PUESTO", "t": "PUESTO"}}, {"type": "Feature", "geometry": {"type": "Point", "coordinates": [-59.654296, -34.592998]}, "properties": {"n": 124, "d": "PUESTO", "t": "PUESTO"}}, {"type": "Feature", "geometry": {"type": "Point", "coordinates": [-59.661198, -34.598055]}, "properties": {"n": 124, "d": "MONTOYA", "t": "CASA"}}, {"type": "Feature", "geometry": {"type": "Point", "coordinates": [-59.633812, -34.531123]}, "properties": {"n": 125, "d": "E. MARTINEZ", "t": "CASA"}}, {"type": "Feature", "geometry": {"type": "Point", "coordinates": [-59.625517, -34.533275]}, "properties": {"n": 125, "d": "ASPIN", "t": "CASA"}}, {"type": "Feature", "geometry": {"type": "Point", "coordinates": [-59.635045, -34.52102]}, "properties": {"n": 125, "d": "P. MARTINEZ", "t": "CASA"}}, {"type": "Feature", "geometry": {"type": "Point", "coordinates": [-59.626785, -34.541327]}, "properties": {"n": 125, "d": "M. LIMA", "t": "CASA"}}, {"type": "Feature", "geometry": {"type": "Point", "coordinates": [-59.613251, -34.546499]}, "properties": {"n": 125, "d": "D. MARTINEZ", "t": "CASA"}}, {"type": "Feature", "geometry": {"type": "Point", "coordinates": [-59.595327, -34.551402]}, "properties": {"n": 125, "d": "J. ACUÑA", "t": "CASA"}}, {"type": "Feature", "geometry": {"type": "Point", "coordinates": [-59.608115, -34.553757]}, "properties": {"n": 125, "d": "O. MARTINEZ", "t": "CASA"}}, {"type": "Feature", "geometry": {"type": "Point", "coordinates": [-59.647115, -34.540813]}, "properties": {"n": 125, "d": "C. LIMA", "t": "CASA"}}, {"type": "Feature", "geometry": {"type": "Point", "coordinates": [-59.397413, -34.281052]}, "properties": {"n": 126, "d": "ESTANCIA R. LASOTA", "t": "CASA"}}, {"type": "Feature", "geometry": {"type": "Point", "coordinates": [-59.690758, -34.517166]}, "properties": {"n": 128, "d": "P. CASADO", "t": "CASA"}}, {"type": "Feature", "geometry": {"type": "Point", "coordinates": [-59.669771, -34.504947]}, "properties": {"n": 128, "d": "R. CASADO", "t": "CASA"}}, {"type": "Feature", "geometry": {"type": "Point", "coordinates": [-59.662859, -34.49515]}, "properties": {"n": 128, "d": "C. CASADO", "t": "CASA"}}, {"type": "Feature", "geometry": {"type": "Point", "coordinates": [-59.646924, -34.541594]}, "properties": {"n": 129, "d": "SIN IDENTIFICAR", "t": "CASA S/I"}}, {"type": "Feature", "geometry": {"type": "Point", "coordinates": [-59.626296, -34.541454]}, "properties": {"n": 130, "d": "ESTANCIA", "t": "CASA"}}, {"type": "Feature", "geometry": {"type": "Point", "coordinates": [-59.606936, -34.555379]}, "properties": {"n": 130, "d": "SIN IDENTIFICAR", "t": "CASA S/I"}}, {"type": "Feature", "geometry": {"type": "Point", "coordinates": [-59.610361, -34.562769]}, "properties": {"n": 130, "d": "SIN IDENTIFICAR", "t": "CASA S/I"}}, {"type": "Feature", "geometry": {"type": "Point", "coordinates": [-59.310967, -34.340142]}, "properties": {"n": 133, "d": "BORDENAVE", "t": "CASA"}}, {"type": "Feature", "geometry": {"type": "Point", "coordinates": [-59.32377, -34.335634]}, "properties": {"n": 133, "d": "GUEVARA", "t": "CASA"}}, {"type": "Feature", "geometry": {"type": "Point", "coordinates": [-59.302256, -34.329646]}, "properties": {"n": 133, "d": "HIGUERET", "t": "CASA"}}, {"type": "Feature", "geometry": {"type": "Point", "coordinates": [-59.297058, -34.32196]}, "properties": {"n": 133, "d": "ROCHA", "t": "CASA"}}, {"type": "Feature", "geometry": {"type": "Point", "coordinates": [-59.338199, -34.321617]}, "properties": {"n": 133, "d": "SCULLY", "t": "CASA"}}, {"type": "Feature", "geometry": {"type": "Point", "coordinates": [-59.323477, -34.307727]}, "properties": {"n": 133, "d": "BERGARI", "t": "CASA"}}, {"type": "Feature", "geometry": {"type": "Point", "coordinates": [-59.350885, -34.32054]}, "properties": {"n": 133, "d": "VIVANCO", "t": "CASA"}}, {"type": "Feature", "geometry": {"type": "Point", "coordinates": [-59.357419, -34.32315]}, "properties": {"n": 133, "d": "F. DEVALIX", "t": "CASA"}}, {"type": "Feature", "geometry": {"type": "Point", "coordinates": [-59.341274, -34.303316]}, "properties": {"n": 133, "d": "ECHARTE", "t": "CASA"}}, {"type": "Feature", "geometry": {"type": "Point", "coordinates": [-59.366017, -34.292212]}, "properties": {"n": 133, "d": "ESTANCIA", "t": "CASA"}}, {"type": "Feature", "geometry": {"type": "Point", "coordinates": [-59.383996, -34.285864]}, "properties": {"n": 133, "d": "GREGORIO PEREZ", "t": "CASA"}}, {"type": "Feature", "geometry": {"type": "Point", "coordinates": [-59.309452, -34.293481]}, "properties": {"n": 133, "d": "T. DUFFY", "t": "CASA"}}, {"type": "Feature", "geometry": {"type": "Point", "coordinates": [-59.296608, -34.299758]}, "properties": {"n": 133, "d": "JUAN M. BEGARI", "t": "CASA"}}, {"type": "Feature", "geometry": {"type": "Point", "coordinates": [-59.282547, -34.310696]}, "properties": {"n": 133, "d": "PUESTO", "t": "PUESTO"}}, {"type": "Feature", "geometry": {"type": "Point", "coordinates": [-59.630316, -34.517092]}, "properties": {"n": 134, "d": "ESTANCIA DE ECHEVERRIA", "t": "CASA"}}, {"type": "Feature", "geometry": {"type": "Point", "coordinates": [-59.599784, -34.507187]}, "properties": {"n": 134, "d": "ARRENDATARIO", "t": "ARRENDATARIO"}}, {"type": "Feature", "geometry": {"type": "Point", "coordinates": [-59.614672, -34.511946]}, "properties": {"n": 134, "d": "ARRENDATARIO", "t": "ARRENDATARIO"}}, {"type": "Feature", "geometry": {"type": "Point", "coordinates": [-59.617824, -34.499851]}, "properties": {"n": 134, "d": "ARRENDATARIO", "t": "ARRENDATARIO"}}, {"type": "Feature", "geometry": {"type": "Point", "coordinates": [-59.645892, -34.504825]}, "properties": {"n": 134, "d": "ARRENDATARIO", "t": "ARRENDATARIO"}}, {"type": "Feature", "geometry": {"type": "Point", "coordinates": [-59.306025, -34.333954]}, "properties": {"n": 135, "d": "O´BRIEN", "t": "CASA"}}, {"type": "Feature", "geometry": {"type": "Point", "coordinates": [-59.294019, -34.345284]}, "properties": {"n": 135, "d": "PUESTO", "t": "PUESTO"}}, {"type": "Feature", "geometry": {"type": "Point", "coordinates": [-59.2849, -34.347449]}, "properties": {"n": 135, "d": "ANA", "t": "CASA"}}, {"type": "Feature", "geometry": {"type": "Point", "coordinates": [-59.275766, -34.336161]}, "properties": {"n": 135, "d": "ESTANCIA", "t": "CASA"}}, {"type": "Feature", "geometry": {"type": "Point", "coordinates": [-59.279417, -34.322838]}, "properties": {"n": 135, "d": "PUESTO", "t": "PUESTO"}}, {"type": "Feature", "geometry": {"type": "Point", "coordinates": [-59.648949, -34.601637]}, "properties": {"n": 136, "d": "SIN IDENTIFICAR", "t": "CASA S/I"}}, {"type": "Feature", "geometry": {"type": "Point", "coordinates": [-59.426173, -34.546498]}, "properties": {"n": 139, "d": "CASA DE NEGOCIO DE ADOLFO LOREA", "t": "NEGOCIO"}}, {"type": "Feature", "geometry": {"type": "Point", "coordinates": [-59.406456, -34.543509]}, "properties": {"n": 139, "d": "POBLACION DE LLERA", "t": "CASA"}}, {"type": "Feature", "geometry": {"type": "Point", "coordinates": [-59.671351, -34.55303]}, "properties": {"n": 140, "d": "PUESTO DE ELIZALDE", "t": "PUESTO"}}, {"type": "Feature", "geometry": {"type": "Point", "coordinates": [-59.68134, -34.56057]}, "properties": {"n": 140, "d": "PUESTO", "t": "PUESTO"}}, {"type": "Feature", "geometry": {"type": "Point", "coordinates": [-59.442003, -34.534855]}, "properties": {"n": 141, "d": "ESTANCIA DE GAYNOR", "t": "CASA"}}, {"type": "Feature", "geometry": {"type": "Point", "coordinates": [-59.438109, -34.535338]}, "properties": {"n": 141, "d": "SIN IDENTIFICAR", "t": "CASA S/I"}}, {"type": "Feature", "geometry": {"type": "Point", "coordinates": [-59.288328, -34.468824]}, "properties": {"n": 142, "d": "ESTANCIA", "t": "CASA"}}, {"type": "Feature", "geometry": {"type": "Point", "coordinates": [-59.419203, -34.406338]}, "properties": {"n": 144, "d": "SIN IDENTIFICAR", "t": "CASA S/I"}}, {"type": "Feature", "geometry": {"type": "Point", "coordinates": [-59.407451, -34.407963]}, "properties": {"n": 144, "d": "SIN IDENTIFICAR", "t": "CASA S/I"}}, {"type": "Feature", "geometry": {"type": "Point", "coordinates": [-59.390145, -34.413387]}, "properties": {"n": 144, "d": "PUESTO", "t": "PUESTO"}}, {"type": "Feature", "geometry": {"type": "Point", "coordinates": [-59.366855, -34.404969]}, "properties": {"n": 146, "d": "TORIBIO RODRIGUEZ", "t": "CASA"}}, {"type": "Feature", "geometry": {"type": "Point", "coordinates": [-59.331539, -34.426694]}, "properties": {"n": 146, "d": "F. LOPEZ", "t": "CASA"}}, {"type": "Feature", "geometry": {"type": "Point", "coordinates": [-59.342964, -34.433404]}, "properties": {"n": 146, "d": "ESTANCIA", "t": "CASA"}}, {"type": "Feature", "geometry": {"type": "Point", "coordinates": [-59.339685, -34.420249]}, "properties": {"n": 147, "d": "E. LOPEZ", "t": "CASA"}}, {"type": "Feature", "geometry": {"type": "Point", "coordinates": [-59.445256, -34.373129]}, "properties": {"n": 148, "d": "SIN IDENTIFICAR", "t": "CASA S/I"}}, {"type": "Feature", "geometry": {"type": "Point", "coordinates": [-59.422439, -34.391704]}, "properties": {"n": 148, "d": "SIN IDENTIFICAR", "t": "CASA S/I"}}, {"type": "Feature", "geometry": {"type": "Point", "coordinates": [-59.424046, -34.395661]}, "properties": {"n": 148, "d": "SIN IDENTIFICAR", "t": "CASA S/I"}}, {"type": "Feature", "geometry": {"type": "Point", "coordinates": [-59.361734, -34.246092]}, "properties": {"n": 150, "d": "ESTANCIA NUEVA", "t": "CASA"}}, {"type": "Feature", "geometry": {"type": "Point", "coordinates": [-59.347269, -34.278096]}, "properties": {"n": 150, "d": "ESTANCIA VIEJA", "t": "CASA"}}, {"type": "Feature", "geometry": {"type": "Point", "coordinates": [-59.250574, -34.422769]}, "properties": {"n": 151, "d": "PUESTO", "t": "PUESTO"}}, {"type": "Feature", "geometry": {"type": "Point", "coordinates": [-59.249026, -34.418884]}, "properties": {"n": 151, "d": "PUESTO", "t": "PUESTO"}}, {"type": "Feature", "geometry": {"type": "Point", "coordinates": [-59.251791, -34.389219]}, "properties": {"n": 151, "d": "ESTANCIA DEL SAR", "t": "CASA"}}, {"type": "Feature", "geometry": {"type": "Point", "coordinates": [-59.207405, -34.380582]}, "properties": {"n": 151, "d": "LA PATERNA", "t": "CASA"}}, {"type": "Feature", "geometry": {"type": "Point", "coordinates": [-59.270129, -34.336838]}, "properties": {"n": 151, "d": "PUESTO", "t": "PUESTO"}}, {"type": "Feature", "geometry": {"type": "Point", "coordinates": [-59.284154, -34.35106]}, "properties": {"n": 151, "d": "PUESTO", "t": "PUESTO"}}, {"type": "Feature", "geometry": {"type": "Point", "coordinates": [-59.285495, -34.36389]}, "properties": {"n": 151, "d": "PUESTO", "t": "PUESTO"}}, {"type": "Feature", "geometry": {"type": "Point", "coordinates": [-59.267423, -34.378833]}, "properties": {"n": 151, "d": "PUESTO", "t": "PUESTO"}}, {"type": "Feature", "geometry": {"type": "Point", "coordinates": [-59.716512, -34.478329]}, "properties": {"n": 152, "d": "ESTANCIA", "t": "CASA"}}, {"type": "Feature", "geometry": {"type": "Point", "coordinates": [-59.55844, -34.531786]}, "properties": {"n": 153, "d": "PUESTO", "t": "PUESTO"}}, {"type": "Feature", "geometry": {"type": "Point", "coordinates": [-59.560836, -34.53375]}, "properties": {"n": 153, "d": "SIN IDENTIFICAR", "t": "CASA S/I"}}, {"type": "Feature", "geometry": {"type": "Point", "coordinates": [-59.566323, -34.519813]}, "properties": {"n": 153, "d": "ESTANCIA", "t": "CASA"}}, {"type": "Feature", "geometry": {"type": "Point", "coordinates": [-59.36649, -34.404902]}, "properties": {"n": 154, "d": "SIN IDENTIFICAR", "t": "CASA S/I"}}, {"type": "Feature", "geometry": {"type": "Point", "coordinates": [-59.342784, -34.433703]}, "properties": {"n": 154, "d": "ESTANCIA DE G. RODRIGUEZ", "t": "CASA"}}, {"type": "Feature", "geometry": {"type": "Point", "coordinates": [-59.367477, -34.514925]}, "properties": {"n": 157, "d": "LESCANO", "t": "CASA"}}, {"type": "Feature", "geometry": {"type": "Point", "coordinates": [-59.376574, -34.509877]}, "properties": {"n": 157, "d": "PUESTO", "t": "PUESTO"}}, {"type": "Feature", "geometry": {"type": "Point", "coordinates": [-59.425204, -34.546115]}, "properties": {"n": 158, "d": "TAPERA", "t": "TAPERA"}}, {"type": "Feature", "geometry": {"type": "Point", "coordinates": [-59.420962, -34.546037]}, "properties": {"n": 158, "d": "MARGARITA CASEY", "t": "CASA"}}, {"type": "Feature", "geometry": {"type": "Point", "coordinates": [-59.422819, -34.54763]}, "properties": {"n": 158, "d": "TAPERA", "t": "TAPERA"}}, {"type": "Feature", "geometry": {"type": "Point", "coordinates": [-59.535808, -34.449531]}, "properties": {"n": 159, "d": "FACUNDO CANE", "t": "CASA"}}, {"type": "Feature", "geometry": {"type": "Point", "coordinates": [-59.526983, -34.452187]}, "properties": {"n": 159, "d": "BUTTERFILL", "t": "CASA"}}, {"type": "Feature", "geometry": {"type": "Point", "coordinates": [-59.54218, -34.470954]}, "properties": {"n": 159, "d": "J. Y. J. DE LA TORRE", "t": "CASA"}}, {"type": "Feature", "geometry": {"type": "Point", "coordinates": [-59.527693, -34.476034]}, "properties": {"n": 159, "d": "RAFAEL CANE", "t": "CASA"}}, {"type": "Feature", "geometry": {"type": "Point", "coordinates": [-59.517525, -34.471272]}, "properties": {"n": 159, "d": "DE LA TESTAMENTARIA (TORRE DE BUTTERFILL)", "t": "CASA"}}, {"type": "Feature", "geometry": {"type": "Point", "coordinates": [-59.507369, -34.469574]}, "properties": {"n": 159, "d": "L. CONTRERAS", "t": "CASA"}}, {"type": "Feature", "geometry": {"type": "Point", "coordinates": [-59.482237, -34.479809]}, "properties": {"n": 159, "d": "L. CONTRERAS", "t": "CASA"}}, {"type": "Feature", "geometry": {"type": "Point", "coordinates": [-59.495691, -34.487509]}, "properties": {"n": 159, "d": "L. CANE", "t": "CASA"}}, {"type": "Feature", "geometry": {"type": "Point", "coordinates": [-59.431519, -34.319074]}, "properties": {"n": 161, "d": "PUESTO DE FIGUEROA", "t": "PUESTO"}}, {"type": "Feature", "geometry": {"type": "Point", "coordinates": [-59.4561, -34.319039]}, "properties": {"n": 161, "d": "PUESTO DE FIGUEROA", "t": "PUESTO"}}, {"type": "Feature", "geometry": {"type": "Point", "coordinates": [-59.449341, -34.306326]}, "properties": {"n": 161, "d": "PUESTO DE FIGUEROA", "t": "PUESTO"}}, {"type": "Feature", "geometry": {"type": "Point", "coordinates": [-59.390449, -34.304076]}, "properties": {"n": 161, "d": "JOSE RODRIGUEZ", "t": "CASA"}}, {"type": "Feature", "geometry": {"type": "Point", "coordinates": [-59.407625, -34.283744]}, "properties": {"n": 161, "d": "PUESTO", "t": "PUESTO"}}, {"type": "Feature", "geometry": {"type": "Point", "coordinates": [-59.42973, -34.282584]}, "properties": {"n": 161, "d": "DURAN", "t": "CASA"}}, {"type": "Feature", "geometry": {"type": "Point", "coordinates": [-59.389201, -34.324613]}, "properties": {"n": 161, "d": "ESTANCIA DE FIGUEROA", "t": "CASA"}}, {"type": "Feature", "geometry": {"type": "Point", "coordinates": [-59.37268, -34.327153]}, "properties": {"n": 161, "d": "RABIRIAN", "t": "CASA"}}, {"type": "Feature", "geometry": {"type": "Point", "coordinates": [-59.477507, -34.242622]}, "properties": {"n": 161, "d": "IGLESIA DE ARECO", "t": "IGLESIA"}}, {"type": "Feature", "geometry": {"type": "Point", "coordinates": [-59.38377, -34.268516]}, "properties": {"n": 162, "d": "ESTANCIA", "t": "CASA"}}, {"type": "Feature", "geometry": {"type": "Point", "coordinates": [-59.38169, -34.476429]}, "properties": {"n": 164, "d": "SIN IDENTIFICAR", "t": "CASA S/I"}}, {"type": "Feature", "geometry": {"type": "Point", "coordinates": [-59.367441, -34.468504]}, "properties": {"n": 164, "d": "SIN IDENTIFICAR", "t": "CASA S/I"}}, {"type": "Feature", "geometry": {"type": "Point", "coordinates": [-59.371396, -34.484934]}, "properties": {"n": 164, "d": "SIN IDENTIFICAR", "t": "CASA S/I"}}, {"type": "Feature", "geometry": {"type": "Point", "coordinates": [-59.371899, -34.485471]}, "properties": {"n": 164, "d": "SIN IDENTIFICAR", "t": "CASA S/I"}}, {"type": "Feature", "geometry": {"type": "Point", "coordinates": [-59.360997, -34.488772]}, "properties": {"n": 164, "d": "SIN IDENTIFICAR", "t": "CASA S/I"}}, {"type": "Feature", "geometry": {"type": "Point", "coordinates": [-59.353898, -34.49196]}, "properties": {"n": 164, "d": "SIN IDENTIFICAR", "t": "CASA S/I"}}, {"type": "Feature", "geometry": {"type": "Point", "coordinates": [-59.732881, -34.447232]}, "properties": {"n": 166, "d": "ESTANCIA", "t": "CASA"}}, {"type": "Feature", "geometry": {"type": "Point", "coordinates": [-59.750187, -34.443849]}, "properties": {"n": 166, "d": "PUESTO", "t": "PUESTO"}}, {"type": "Feature", "geometry": {"type": "Point", "coordinates": [-59.755184, -34.448045]}, "properties": {"n": 166, "d": "TAPERA", "t": "TAPERA"}}, {"type": "Feature", "geometry": {"type": "Point", "coordinates": [-59.73879, -34.461177]}, "properties": {"n": 166, "d": "TAPERA", "t": "TAPERA"}}, {"type": "Feature", "geometry": {"type": "Point", "coordinates": [-59.736513, -34.46178]}, "properties": {"n": 166, "d": "TAPERA", "t": "TAPERA"}}, {"type": "Feature", "geometry": {"type": "Point", "coordinates": [-59.570475, -34.441837]}, "properties": {"n": 171, "d": "POBLACION", "t": "CASA"}}, {"type": "Feature", "geometry": {"type": "Point", "coordinates": [-59.59367, -34.455832]}, "properties": {"n": 171, "d": "PUESTO", "t": "PUESTO"}}, {"type": "Feature", "geometry": {"type": "Point", "coordinates": [-59.358513, -34.448317]}, "properties": {"n": 173, "d": "POBLACION", "t": "CASA"}}, {"type": "Feature", "geometry": {"type": "Point", "coordinates": [-59.345803, -34.465508]}, "properties": {"n": 173, "d": "POBLACION", "t": "CASA"}}, {"type": "Feature", "geometry": {"type": "Point", "coordinates": [-59.342442, -34.469988]}, "properties": {"n": 173, "d": "POBLACION", "t": "CASA"}}, {"type": "Feature", "geometry": {"type": "Point", "coordinates": [-59.336416, -34.478208]}, "properties": {"n": 173, "d": "POBLACION", "t": "CASA"}}, {"type": "Feature", "geometry": {"type": "Point", "coordinates": [-59.323975, -34.495563]}, "properties": {"n": 173, "d": "POBLACION", "t": "CASA"}}, {"type": "Feature", "geometry": {"type": "Point", "coordinates": [-59.46719, -34.565687]}, "properties": {"n": 174, "d": "ESTANCIA", "t": "CASA"}}, {"type": "Feature", "geometry": {"type": "Point", "coordinates": [-59.458672, -34.550982]}, "properties": {"n": 174, "d": "RANCHO", "t": "RANCHO"}}, {"type": "Feature", "geometry": {"type": "Point", "coordinates": [-59.506244, -34.332123]}, "properties": {"n": 179, "d": "PUESTO", "t": "PUESTO"}}, {"type": "Feature", "geometry": {"type": "Point", "coordinates": [-59.471276, -34.359567]}, "properties": {"n": 179, "d": "PUESTO", "t": "PUESTO"}}, {"type": "Feature", "geometry": {"type": "Point", "coordinates": [-59.458661, -34.347795]}, "properties": {"n": 179, "d": "EL PARAISO", "t": "CASA"}}, {"type": "Feature", "geometry": {"type": "Point", "coordinates": [-59.456731, -34.346117]}, "properties": {"n": 179, "d": "JAGUEL", "t": "JAGUEL"}}, {"type": "Feature", "geometry": {"type": "Point", "coordinates": [-59.445123, -34.334885]}, "properties": {"n": 179, "d": "PUESTO", "t": "PUESTO"}}, {"type": "Feature", "geometry": {"type": "Point", "coordinates": [-59.444625, -34.333988]}, "properties": {"n": 179, "d": "CAÑON", "t": "CAÑON"}}, {"type": "Feature", "geometry": {"type": "Point", "coordinates": [-59.482046, -34.31519]}, "properties": {"n": 179, "d": "PUESTO", "t": "PUESTO"}}, {"type": "Feature", "geometry": {"type": "Point", "coordinates": [-59.481405, -34.320137]}, "properties": {"n": 179, "d": "JAGUEL", "t": "JAGUEL"}}, {"type": "Feature", "geometry": {"type": "Point", "coordinates": [-59.714123, -34.486904]}, "properties": {"n": 181, "d": "ESTANCIA", "t": "CASA"}}, {"type": "Feature", "geometry": {"type": "Point", "coordinates": [-59.707958, -34.4789]}, "properties": {"n": 181, "d": "PUESTO", "t": "PUESTO"}}, {"type": "Feature", "geometry": {"type": "Point", "coordinates": [-59.670934, -34.482383]}, "properties": {"n": 181, "d": "PUESTO", "t": "PUESTO"}}, {"type": "Feature", "geometry": {"type": "Point", "coordinates": [-59.412015, -34.286867]}, "properties": {"n": 183, "d": "ESTANCIA", "t": "CASA"}}, {"type": "Feature", "geometry": {"type": "Point", "coordinates": [-59.396999, -34.280999]}, "properties": {"n": 183, "d": "ESTANCIA", "t": "CASA"}}, {"type": "Feature", "geometry": {"type": "Point", "coordinates": [-59.381421, -34.30983]}, "properties": {"n": 183, "d": "TAPERA MONSALVO", "t": "TAPERA"}}, {"type": "Feature", "geometry": {"type": "Point", "coordinates": [-59.390592, -34.320359]}, "properties": {"n": 183, "d": "ESTANCIA", "t": "CASA"}}, {"type": "Feature", "geometry": {"type": "Point", "coordinates": [-59.384557, -34.326017]}, "properties": {"n": 183, "d": "PUENTE", "t": "PUENTE"}}, {"type": "Feature", "geometry": {"type": "Point", "coordinates": [-59.382645, -34.322036]}, "properties": {"n": 183, "d": "PUESTO", "t": "PUESTO"}}, {"type": "Feature", "geometry": {"type": "Point", "coordinates": [-59.453272, -34.50744]}, "properties": {"n": 187, "d": "POBLACION", "t": "CASA"}}, {"type": "Feature", "geometry": {"type": "Point", "coordinates": [-59.449711, -34.524963]}, "properties": {"n": 188, "d": "POBLACION", "t": "CASA"}}, {"type": "Feature", "geometry": {"type": "Point", "coordinates": [-59.462385, -34.529446]}, "properties": {"n": 188, "d": "POBLACION", "t": "CASA"}}, {"type": "Feature", "geometry": {"type": "Point", "coordinates": [-59.428299, -34.546581]}, "properties": {"n": 188, "d": "POBLACION", "t": "CASA"}}, {"type": "Feature", "geometry": {"type": "Point", "coordinates": [-59.43075, -34.543864]}, "properties": {"n": 188, "d": "POBLACION", "t": "CASA"}}, {"type": "Feature", "geometry": {"type": "Point", "coordinates": [-59.438408, -34.53461]}, "properties": {"n": 188, "d": "PUESTO", "t": "PUESTO"}}, {"type": "Feature", "geometry": {"type": "Point", "coordinates": [-59.442505, -34.531754]}, "properties": {"n": 188, "d": "ESTANCIA SANTA  MARIA", "t": "CASA"}}, {"type": "Feature", "geometry": {"type": "Point", "coordinates": [-59.389241, -34.329522]}, "properties": {"n": 189, "d": "ESTANCIA SAN FELIPE", "t": "CASA"}}, {"type": "Feature", "geometry": {"type": "Point", "coordinates": [-59.384859, -34.329142]}, "properties": {"n": 189, "d": "PUENTE", "t": "PUENTE"}}, {"type": "Feature", "geometry": {"type": "Point", "coordinates": [-59.408038, -34.329227]}, "properties": {"n": 189, "d": "POBLACION DE I. FIGUEROA", "t": "CASA"}}, {"type": "Feature", "geometry": {"type": "Point", "coordinates": [-59.406567, -34.328951]}, "properties": {"n": 189, "d": "TRANQUERA", "t": "TRANQUERA"}}, {"type": "Feature", "geometry": {"type": "Point", "coordinates": [-59.418925, -34.319202]}, "properties": {"n": 189, "d": "POBLACION", "t": "CASA"}}, {"type": "Feature", "geometry": {"type": "Point", "coordinates": [-59.41649, -34.312721]}, "properties": {"n": 189, "d": "PUESTO", "t": "PUESTO"}}, {"type": "Feature", "geometry": {"type": "Point", "coordinates": [-59.40744, -34.307072]}, "properties": {"n": 189, "d": "POBLACION", "t": "CASA"}}, {"type": "Feature", "geometry": {"type": "Point", "coordinates": [-59.432017, -34.317355]}, "properties": {"n": 189, "d": "POBLACION", "t": "CASA"}}, {"type": "Feature", "geometry": {"type": "Point", "coordinates": [-59.433932, -34.326428]}, "properties": {"n": 189, "d": "POBLACION LABAYEN", "t": "CASA"}}, {"type": "Feature", "geometry": {"type": "Point", "coordinates": [-59.445026, -34.328148]}, "properties": {"n": 189, "d": "POBLACION", "t": "CASA"}}, {"type": "Feature", "geometry": {"type": "Point", "coordinates": [-59.440291, -34.332121]}, "properties": {"n": 189, "d": "POBLACION", "t": "CASA"}}, {"type": "Feature", "geometry": {"type": "Point", "coordinates": [-59.445887, -34.333697]}, "properties": {"n": 189, "d": "MOJON DE CAÑON", "t": "CAÑON"}}, {"type": "Feature", "geometry": {"type": "Point", "coordinates": [-59.448284, -34.335497]}, "properties": {"n": 189, "d": "POBLACION", "t": "CASA"}}, {"type": "Feature", "geometry": {"type": "Point", "coordinates": [-59.535912, -34.571326]}, "properties": {"n": 190, "d": "MONTE DE LOS GALLEGOS", "t": "CASA"}}, {"type": "Feature", "geometry": {"type": "Point", "coordinates": [-59.503953, -34.563615]}, "properties": {"n": 190, "d": "MARTINEZ", "t": "CASA"}}, {"type": "Feature", "geometry": {"type": "Point", "coordinates": [-59.503496, -34.582217]}, "properties": {"n": 190, "d": "MOLINA", "t": "CASA"}}, {"type": "Feature", "geometry": {"type": "Point", "coordinates": [-59.588237, -34.532016]}, "properties": {"n": 191, "d": "BERNAL", "t": "CASA"}}, {"type": "Feature", "geometry": {"type": "Point", "coordinates": [-59.536688, -34.569253]}, "properties": {"n": 191, "d": "MONTE DE AVILA", "t": "CASA"}}, {"type": "Feature", "geometry": {"type": "Point", "coordinates": [-59.503863, -34.573847]}, "properties": {"n": 191, "d": "CASTRO", "t": "CASA"}}]}