{"type": "FeatureCollection", "features": [{"type": "Feature", "geometry": {"type": "Polygon", "coordinates": [[[-59.25661, -34.324254], [-59.193661, -34.371086], [-59.196381, -34.373789], [-59.197805, -34.373844], [-59.197801, -34.374229], [-59.198014, -34.374889], [-59.198745, -34.37571], [-59.199374, -34.376144], [-59.199913, -34.377122], [-59.200482, -34.377693], [-59.200885, -34.378535], [-59.200881, -34.379012], [-59.20137, -34.379423], [-59.201557, -34.379946], [-59.201827, -34.380311], [-59.202824, -34.382064], [-59.205425, -34.384127], [-59.206493, -34.385373], [-59.207632, -34.387929], [-59.208945, -34.389659], [-59.210604, -34.389877], [-59.211933, -34.389954], [-59.21472, -34.394035], [-59.27819, -34.34266], [-59.263788, -34.329698], [-59.25661, -34.324254]]]}, "properties": {"ha": 2411.3, "c": "IV", "p": "295 B", "t": "LA PINTORESCA SA SA", "sup": 24113330}}, {"type": "Feature", "geometry": {"type": "Polygon", "coordinates": [[[-59.259946, -34.386056], [-59.268158, -34.393406], [-59.278768, -34.384882], [-59.270093, -34.377974], [-59.259946, -34.386056]]]}, "properties": {"ha": 147.0, "c": "IV", "p": "304", "t": "BURDET JOSE CLAUDIO", "sup": 1470222}}, {"type": "Feature", "geometry": {"type": "Polygon", "coordinates": [[[-59.288511, -34.396083], [-59.276763, -34.386494], [-59.263886, -34.396838], [-59.263967, -34.397405], [-59.267863, -34.398811], [-59.278609, -34.404142], [-59.288511, -34.396083]]]}, "properties": {"ha": 223.4, "c": "IV", "p": "328", "sup": 2234489}}, {"type": "Feature", "geometry": {"type": "Polygon", "coordinates": [[[-59.298798, -34.387708], [-59.311276, -34.399151], [-59.333288, -34.381928], [-59.329975, -34.378956], [-59.32473, -34.37409], [-59.320542, -34.37049], [-59.312599, -34.376469], [-59.298798, -34.387708]]]}, "properties": {"ha": 481.2, "c": "IV", "p": "350 E", "t": "CHANVILLARD JOSE REI", "sup": 4811803}}, {"type": "Feature", "geometry": {"type": "Polygon", "coordinates": [[[-59.408376, -34.339913], [-59.414187, -34.34391], [-59.440132, -34.325069], [-59.433658, -34.321763], [-59.408376, -34.339913]]]}, "properties": {"ha": 211.5, "c": "VI", "p": "537", "t": "PODESTA MARCELO", "sup": 2114679}}, {"type": "Feature", "geometry": {"type": "Polygon", "coordinates": [[[-59.444102, -34.35089], [-59.484665, -34.322287], [-59.48423, -34.321739], [-59.488957, -34.31824], [-59.481243, -34.314434], [-59.478908, -34.316077], [-59.468977, -34.311442], [-59.466904, -34.314389], [-59.452714, -34.331492], [-59.450228, -34.330223], [-59.436982, -34.339183], [-59.443785, -34.344916], [-59.440144, -34.347551], [-59.444102, -34.35089]]]}, "properties": {"ha": 709.2, "c": "VI", "p": "568 D", "t": "LYNCH SUSANA IVONA", "sup": 7092237}}, {"type": "Feature", "geometry": {"type": "Polygon", "coordinates": [[[-59.392332, -34.255868], [-59.390356, -34.252594], [-59.386337, -34.249216], [-59.38529, -34.247816], [-59.383843, -34.247299], [-59.383631, -34.246978], [-59.383026, -34.246673], [-59.381891, -34.245482], [-59.380776, -34.244728], [-59.379787, -34.24465], [-59.377835, -34.244651], [-59.375571, -34.24083], [-59.375293, -34.240538], [-59.375344, -34.239859], [-59.375868, -34.239243], [-59.300917, -34.264903], [-59.308432, -34.285573], [-59.318614, -34.295488], [-59.326483, -34.296086], [-59.335275, -34.293602], [-59.354687, -34.280654], [-59.392332, -34.255868]]]}, "properties": {"ha": 2701.0, "c": "VII", "p": "642 F", "t": "ROMERO ENRIQUE BLAS", "sup": 27009922}}, {"type": "Feature", "geometry": {"type": "Polygon", "coordinates": [[[-59.393116, -34.264316], [-59.394782, -34.262397], [-59.394141, -34.258619], [-59.392378, -34.255839], [-59.354734, -34.280625], [-59.335322, -34.293573], [-59.361244, -34.286966], [-59.393717, -34.278179], [-59.39262, -34.270038], [-59.392146, -34.268777], [-59.391839, -34.267671], [-59.391955, -34.266248], [-59.393116, -34.264316]]]}, "properties": {"ha": 690.9, "c": "VII", "p": "642 H", "t": "ROMERO ENRIQUE BLAS", "sup": 6908696}}, {"type": "Feature", "geometry": {"type": "Polygon", "coordinates": [[[-59.372292, -34.292989], [-59.393966, -34.279479], [-59.393717, -34.278179], [-59.361244, -34.286966], [-59.372292, -34.292989]]]}, "properties": {"ha": 165.6, "c": "VII", "p": "646 G", "t": "CEIBO TALA SA", "sup": 1655701}}, {"type": "Feature", "geometry": {"type": "Polygon", "coordinates": [[[-59.323786, -34.301307], [-59.33179, -34.309782], [-59.336519, -34.306716], [-59.34781, -34.319677], [-59.351717, -34.3214], [-59.363254, -34.326802], [-59.364242, -34.325894], [-59.365814, -34.326542], [-59.379603, -34.30992], [-59.378271, -34.309029], [-59.389763, -34.295474], [-59.390466, -34.289967], [-59.391961, -34.2864], [-59.394091, -34.280378], [-59.393966, -34.279479], [-59.372292, -34.292989], [-59.361244, -34.286966], [-59.335322, -34.293573], [-59.330729, -34.297006], [-59.323786, -34.301307]]]}, "properties": {"ha": 1588.8, "c": "VII", "p": "648 B", "t": "BENEDICTO RICARDO OS", "sup": 15887659}}, {"type": "Feature", "geometry": {"type": "Polygon", "coordinates": [[[-59.395377, -34.288164], [-59.4125, -34.26818], [-59.406606, -34.268703], [-59.404539, -34.267728], [-59.403395, -34.265243], [-59.401913, -34.263721], [-59.400509, -34.26275], [-59.398938, -34.262053], [-59.398112, -34.261567], [-59.397065, -34.26108], [-59.397051, -34.260347], [-59.396797, -34.259837], [-59.394353, -34.258501], [-59.394507, -34.260976], [-59.394735, -34.262426], [-59.393069, -34.264345], [-59.391908, -34.266277], [-59.391793, -34.2677], [-59.3921, -34.268805], [-59.392573, -34.270038], [-59.39367, -34.278179], [-59.394091, -34.280378], [-59.393261, -34.283318], [-59.391961, -34.2864], [-59.395377, -34.288164]]]}, "properties": {"ha": 288.3, "c": "VII", "p": "657", "t": "7 HERMANOS SRL", "sup": 2883400}}, {"type": "Feature", "geometry": {"type": "Polygon", "coordinates": [[[-59.410881, -34.278181], [-59.414831, -34.273697], [-59.414796, -34.272031], [-59.415084, -34.270871], [-59.414857, -34.269901], [-59.414152, -34.269105], [-59.4125, -34.26818], [-59.395377, -34.288164], [-59.412374, -34.296934], [-59.416249, -34.292047], [-59.419611, -34.288167], [-59.42276, -34.284315], [-59.410881, -34.278181]]]}, "properties": {"ha": 357.1, "c": "VII", "p": "671", "t": "CHACRAS DE SAN ANTON", "sup": 3571252}}, {"type": "Feature", "geometry": {"type": "Polygon", "coordinates": [[[-59.381785, -34.305038], [-59.398842, -34.31365], [-59.412374, -34.296934], [-59.391961, -34.2864], [-59.390466, -34.289967], [-59.389763, -34.295474], [-59.385277, -34.301072], [-59.381785, -34.305038]]]}, "properties": {"ha": 429.9, "c": "VII", "p": "687 B", "t": "VILLANUEVA MARIA GRA", "sup": 4298988}}, {"type": "Feature", "geometry": {"type": "Polygon", "coordinates": [[[-59.323887, -34.367963], [-59.312726, -34.358057], [-59.301404, -34.366707], [-59.312599, -34.376469], [-59.323887, -34.367963]]]}, "properties": {"ha": 211.3, "c": "VII", "p": "692 B", "t": "GARCIA MORENO EZEQUI", "sup": 2113404}}, {"type": "Feature", "geometry": {"type": "Polygon", "coordinates": [[[-59.419368, -34.314626], [-59.404196, -34.307193], [-59.398842, -34.31365], [-59.386441, -34.329257], [-59.386927, -34.333337], [-59.388884, -34.335134], [-59.3901, -34.338772], [-59.391741, -34.341535], [-59.419368, -34.314626]]]}, "properties": {"ha": 491.6, "c": "VII", "p": "697 E", "t": "LA MAJA SA", "sup": 4916008}}, {"type": "Feature", "geometry": {"type": "Polygon", "coordinates": [[[-59.412609, -34.331874], [-59.406078, -34.327573], [-59.391741, -34.341535], [-59.391745, -34.342481], [-59.392055, -34.345108], [-59.39266, -34.34668], [-59.393391, -34.347876], [-59.39433, -34.34894], [-59.412609, -34.331874]]]}, "properties": {"ha": 174.2, "c": "VII", "p": "707 A", "t": "IVULICH SANTIAGO ROB", "sup": 1741732}}, {"type": "Feature", "geometry": {"type": "Polygon", "coordinates": [[[-59.333288, -34.381928], [-59.297162, -34.410249], [-59.298233, -34.410998], [-59.300188, -34.412055], [-59.301539, -34.412567], [-59.304622, -34.412855], [-59.305273, -34.413246], [-59.305873, -34.41418], [-59.309357, -34.416795], [-59.395354, -34.350989], [-59.394073, -34.348822], [-59.394124, -34.348707], [-59.393391, -34.347876], [-59.39266, -34.34668], [-59.392055, -34.345108], [-59.391745, -34.342481], [-59.391741, -34.341535], [-59.3901, -34.338772], [-59.333288, -34.381928]]]}, "properties": {"ha": 1486.0, "c": "VII", "p": "711 A", "t": "LA PALOMA SCA", "sup": 14860039}}, {"type": "Feature", "geometry": {"type": "Polygon", "coordinates": [[[-59.302712, -34.295252], [-59.319384, -34.296179], [-59.312617, -34.289649], [-59.302712, -34.295252]]]}, "properties": {"ha": 52.4, "c": "XII", "p": "1513", "t": "ZEDONIA SA", "sup": 523892}}, {"type": "Feature", "geometry": {"type": "Polygon", "coordinates": [[[-59.319384, -34.296179], [-59.302712, -34.295252], [-59.279417, -34.308838], [-59.295032, -34.323358], [-59.307415, -34.314206], [-59.323786, -34.301307], [-59.324577, -34.300817], [-59.319384, -34.296179]]]}, "properties": {"ha": 657.0, "c": "XII", "p": "1514", "t": "HURE PROSPERO MARCEL", "sup": 6569985}}, {"type": "Feature", "geometry": {"type": "Polygon", "coordinates": [[[-59.295032, -34.323358], [-59.309535, -34.335647], [-59.2862, -34.35388], [-59.293137, -34.359609], [-59.328767, -34.332862], [-59.307415, -34.314206], [-59.295032, -34.323358]]]}, "properties": {"ha": 703.7, "c": "XII", "p": "1550 A", "t": "AGROMEL SA", "sup": 7036665}}, {"type": "Feature", "geometry": {"type": "Polygon", "coordinates": [[[-59.284688, -34.348249], [-59.295215, -34.340045], [-59.290825, -34.336301], [-59.280355, -34.344608], [-59.284688, -34.348249]]]}, "properties": {"ha": 76.3, "c": "XII", "p": "1567", "t": "GAMBETTA MARIA CLARA", "sup": 763322}}, {"type": "Feature", "geometry": {"type": "Polygon", "coordinates": [[[-59.295032, -34.323358], [-59.285324, -34.331465], [-59.295215, -34.340045], [-59.284688, -34.348249], [-59.288597, -34.351955], [-59.309535, -34.335647], [-59.295032, -34.323358]]]}, "properties": {"ha": 314.3, "c": "XII", "p": "1568 B", "t": "CIVERRA NESTOR HUGO", "sup": 3143438}}, {"type": "Feature", "geometry": {"type": "Polygon", "coordinates": [[[-59.307415, -34.314206], [-59.328767, -34.332862], [-59.340828, -34.323202], [-59.345118, -34.326668], [-59.351717, -34.3214], [-59.34781, -34.319677], [-59.336519, -34.306716], [-59.33179, -34.309782], [-59.323786, -34.301307], [-59.307415, -34.314206]]]}, "properties": {"ha": 680.6, "c": "XII", "p": "1549 D", "t": "LESLIE PATRICIA LUCI", "sup": 6806194}}, {"type": "Feature", "geometry": {"type": "Polygon", "coordinates": [[[-59.415805, -34.292607], [-59.404196, -34.307193], [-59.427048, -34.318388], [-59.452714, -34.331492], [-59.466904, -34.314389], [-59.438903, -34.299962], [-59.432058, -34.308624], [-59.423088, -34.304051], [-59.427704, -34.297829], [-59.415805, -34.292607]]]}, "properties": {"ha": 1055.0, "c": "VI", "p": "534 E", "t": "SOTILLO ROSA ELENA", "sup": 10549909}}, {"type": "Feature", "geometry": {"type": "Polygon", "coordinates": [[[-59.279417, -34.308838], [-59.279024, -34.309065], [-59.275407, -34.305856], [-59.273549, -34.307188], [-59.253868, -34.322175], [-59.263788, -34.329698], [-59.284045, -34.313142], [-59.279417, -34.308838]]]}, "properties": {"ha": 315.3, "c": "XII", "p": "1511 C", "t": "CHANVILLARD MYRTHA G", "sup": 3152848}}, {"type": "Feature", "geometry": {"type": "Polygon", "coordinates": [[[-59.263788, -34.329698], [-59.280355, -34.344608], [-59.290825, -34.336301], [-59.285324, -34.331465], [-59.295032, -34.323358], [-59.291012, -34.319805], [-59.284045, -34.313142], [-59.263788, -34.329698]]]}, "properties": {"ha": 493.5, "c": "XII", "p": "1539 A", "t": "AGUILAR OFELIA MARIA", "sup": 4934754}}, {"type": "Feature", "geometry": {"type": "Polygon", "coordinates": [[[-59.403009, -34.352024], [-59.413749, -34.361422], [-59.426839, -34.351371], [-59.422141, -34.346132], [-59.434602, -34.337176], [-59.436982, -34.339183], [-59.450228, -34.330223], [-59.440132, -34.325069], [-59.403009, -34.352024]]]}, "properties": {"ha": 487.7, "c": "VI", "p": "551", "t": "CERVIGNI ANTONIO RAU", "sup": 4877411}}, {"type": "Feature", "geometry": {"type": "Polygon", "coordinates": [[[-59.319384, -34.296179], [-59.324577, -34.300817], [-59.330729, -34.297006], [-59.319384, -34.296179]]]}, "properties": {"ha": 24.7, "t": "MUNICIPALIDAD S A DE", "sup": 246753}}, {"type": "Feature", "geometry": {"type": "Polygon", "coordinates": [[[-59.330729, -34.297006], [-59.335665, -34.293486], [-59.324662, -34.296564], [-59.330729, -34.297006]]]}, "properties": {"ha": 11.9, "c": "VII", "p": "646 F", "t": "CONGREGACION HIJAS D", "sup": 118873}}, {"type": "Feature", "geometry": {"type": "Polygon", "coordinates": [[[-59.27819, -34.34266], [-59.21472, -34.394035], [-59.216148, -34.39663], [-59.218026, -34.397648], [-59.22057, -34.399451], [-59.223667, -34.399806], [-59.225412, -34.400599], [-59.227013, -34.402397], [-59.229009, -34.405203], [-59.231574, -34.407953], [-59.235489, -34.410994], [-59.236642, -34.409304], [-59.241019, -34.411594], [-59.239635, -34.413722], [-59.24164, -34.418385], [-59.243885, -34.421792], [-59.247778, -34.42741], [-59.267863, -34.398811], [-59.263967, -34.397405], [-59.263886, -34.396838], [-59.253635, -34.391082], [-59.293137, -34.359609], [-59.2862, -34.35388], [-59.288597, -34.351955], [-59.27819, -34.34266]]]}, "properties": {"ha": 2411.5, "sup": 24115286}}, {"type": "Feature", "geometry": {"type": "Polygon", "coordinates": [[[-59.503496, -34.374021], [-59.539236, -34.348868], [-59.510537, -34.33171], [-59.479903, -34.354065], [-59.50253, -34.374651], [-59.503496, -34.374021]]]}, "properties": {"ha": 1279.8, "sup": 12798468}}, {"type": "Feature", "geometry": {"type": "Polygon", "coordinates": [[[-59.524903, -34.364519], [-59.558903, -34.396395], [-59.553813, -34.400175], [-59.565008, -34.410274], [-59.589137, -34.391764], [-59.543384, -34.351347], [-59.524903, -34.364519]]]}, "properties": {"ha": 1536.6, "sup": 15366165}}, {"type": "Feature", "geometry": {"type": "Polygon", "coordinates": [[[-59.479903, -34.354054], [-59.448447, -34.377005], [-59.456686, -34.3845], [-59.465628, -34.392835], [-59.468542, -34.395697], [-59.477884, -34.388782], [-59.484013, -34.394841], [-59.507762, -34.378526], [-59.506657, -34.377505], [-59.503496, -34.374021], [-59.50253, -34.374651], [-59.479903, -34.354054]]]}, "properties": {"ha": 1327.4, "sup": 13274298}}, {"type": "Feature", "geometry": {"type": "Polygon", "coordinates": [[[-59.229269, -34.442404], [-59.235605, -34.445672], [-59.241082, -34.437457], [-59.23493, -34.434338], [-59.229269, -34.442404]]]}, "properties": {"ha": 70.0, "sup": 699555}}, {"type": "Feature", "geometry": {"type": "Polygon", "coordinates": [[[-59.258477, -34.455329], [-59.267664, -34.459547], [-59.27352, -34.451236], [-59.264185, -34.447227], [-59.258477, -34.455329]]]}, "properties": {"ha": 101.7, "sup": 1017263}}, {"type": "Feature", "geometry": {"type": "Polygon", "coordinates": [[[-59.407375, -34.470024], [-59.405759, -34.467481], [-59.417825, -34.458327], [-59.417146, -34.457677], [-59.449031, -34.43377], [-59.447318, -34.431341], [-59.446467, -34.42936], [-59.446225, -34.428643], [-59.44459, -34.427067], [-59.442054, -34.424805], [-59.44128, -34.423608], [-59.440265, -34.421626], [-59.439454, -34.419713], [-59.438727, -34.417733], [-59.436279, -34.414755], [-59.435298, -34.41383], [-59.43477, -34.412805], [-59.379576, -34.454107], [-59.402928, -34.466045], [-59.401944, -34.467252], [-59.407375, -34.470024]]]}, "properties": {"ha": 1628.2, "sup": 16281831}}, {"type": "Feature", "geometry": {"type": "Polygon", "coordinates": [[[-59.468487, -34.554839], [-59.487068, -34.53069], [-59.475584, -34.524961], [-59.45646, -34.549159], [-59.468487, -34.554839]]]}, "properties": {"ha": 398.9, "sup": 3989196}}, {"type": "Feature", "geometry": {"type": "Polygon", "coordinates": [[[-59.47323, -34.483658], [-59.504917, -34.46098], [-59.508542, -34.463904], [-59.535446, -34.445152], [-59.547069, -34.455666], [-59.555768, -34.448881], [-59.524529, -34.421409], [-59.465576, -34.463943], [-59.469376, -34.476385], [-59.47323, -34.483658]]]}, "properties": {"ha": 2025.1, "sup": 20251186}}, {"type": "Feature", "geometry": {"type": "Polygon", "coordinates": [[[-59.524529, -34.421409], [-59.555768, -34.448881], [-59.562585, -34.443563], [-59.531864, -34.416111], [-59.524529, -34.421409]]]}, "properties": {"ha": 365.8, "sup": 3657838}}, {"type": "Feature", "geometry": {"type": "Polygon", "coordinates": [[[-59.513823, -34.469553], [-59.518691, -34.466286], [-59.525317, -34.47207], [-59.547578, -34.456395], [-59.547069, -34.455666], [-59.535446, -34.445152], [-59.508542, -34.463904], [-59.513823, -34.469553]]]}, "properties": {"ha": 499.3, "sup": 4992638}}, {"type": "Feature", "geometry": {"type": "Polygon", "coordinates": [[[-59.47323, -34.483658], [-59.474654, -34.486651], [-59.481498, -34.492621], [-59.513823, -34.469553], [-59.508542, -34.463904], [-59.504917, -34.46098], [-59.47323, -34.483658]]]}, "properties": {"ha": 494.8, "sup": 4948330}}, {"type": "Feature", "geometry": {"type": "Polygon", "coordinates": [[[-59.569268, -34.407007], [-59.587899, -34.423696], [-59.6077, -34.408146], [-59.589137, -34.391764], [-59.569268, -34.407007]]]}, "properties": {"ha": 626.6, "sup": 6265504}}, {"type": "Feature", "geometry": {"type": "Polygon", "coordinates": [[[-59.587899, -34.423696], [-59.569268, -34.407007], [-59.54365, -34.426647], [-59.562585, -34.443563], [-59.587899, -34.423696]]]}, "properties": {"ha": 814.7, "sup": 8146820}}, {"type": "Feature", "geometry": {"type": "Polygon", "coordinates": [[[-59.565008, -34.410274], [-59.553813, -34.400175], [-59.558903, -34.396395], [-59.524903, -34.364519], [-59.506657, -34.377505], [-59.507762, -34.378526], [-59.507071, -34.379001], [-59.540639, -34.409947], [-59.531864, -34.416111], [-59.54365, -34.426647], [-59.565008, -34.410274]]]}, "properties": {"ha": 1492.4, "sup": 14923909}}, {"type": "Feature", "geometry": {"type": "Polygon", "coordinates": [[[-59.503496, -34.374021], [-59.506657, -34.377505], [-59.543384, -34.351336], [-59.539236, -34.348858], [-59.503496, -34.374021]]]}, "properties": {"ha": 206.0, "sup": 2059623}}, {"type": "Feature", "geometry": {"type": "Polygon", "coordinates": [[[-59.453446, -34.358769], [-59.462694, -34.366566], [-59.510537, -34.33171], [-59.498922, -34.326082], [-59.496866, -34.327511], [-59.497357, -34.327877], [-59.453446, -34.358769]]]}, "properties": {"ha": 665.6, "c": "VI", "p": "568 D", "t": "LYNCH SUSANA IVONA", "sup": 6655553}}, {"type": "Feature", "geometry": {"type": "Polygon", "coordinates": [[[-59.444102, -34.35089], [-59.453446, -34.358769], [-59.497357, -34.327877], [-59.496866, -34.327511], [-59.498922, -34.326082], [-59.491049, -34.322266], [-59.492804, -34.320137], [-59.488957, -34.31824], [-59.48423, -34.321739], [-59.484665, -34.322287], [-59.444102, -34.35089]]]}, "properties": {"ha": 674.0, "c": "VI", "p": "568 D", "t": "LYNCH SUSANA IVONA", "sup": 6739620}}, {"type": "Feature", "geometry": {"type": "Polygon", "coordinates": [[[-59.398842, -34.31365], [-59.381785, -34.305038], [-59.378271, -34.309029], [-59.379603, -34.30992], [-59.365814, -34.326542], [-59.368676, -34.328047], [-59.370835, -34.326663], [-59.375018, -34.329319], [-59.385206, -34.321451], [-59.385238, -34.322762], [-59.385517, -34.32371], [-59.385728, -34.326875], [-59.386441, -34.329257], [-59.398842, -34.31365]]]}, "properties": {"ha": 396.8, "c": "VII", "p": "687 B", "t": "VILLANUEVA MARIA GRA", "sup": 3967891}}, {"type": "Feature", "geometry": {"type": "Polygon", "coordinates": [[[-59.375018, -34.329319], [-59.320542, -34.37049], [-59.32473, -34.37409], [-59.386118, -34.328178], [-59.385728, -34.326875], [-59.385606, -34.324538], [-59.385517, -34.32371], [-59.385238, -34.322762], [-59.385206, -34.321451], [-59.375018, -34.329319]]]}, "properties": {"ha": 450.6, "c": "VII", "p": "692 B", "t": "GARCIA MORENO EZEQUI", "sup": 4506156}}, {"type": "Feature", "geometry": {"type": "Polygon", "coordinates": [[[-59.32473, -34.37409], [-59.329975, -34.378956], [-59.388884, -34.335134], [-59.386927, -34.333337], [-59.386441, -34.329257], [-59.386118, -34.328178], [-59.32473, -34.37409]]]}, "properties": {"ha": 542.2, "c": "VII", "p": "692 B", "t": "GARCIA MORENO EZEQUI", "sup": 5422418}}, {"type": "Feature", "geometry": {"type": "Polygon", "coordinates": [[[-59.347125, -34.334686], [-59.356788, -34.343104], [-59.365199, -34.336744], [-59.355309, -34.328601], [-59.347125, -34.334686]]]}, "properties": {"ha": 132.2, "c": "VII", "p": "692 B", "t": "GARCIA MORENO EZEQUI", "sup": 1322463}}, {"type": "Feature", "geometry": {"type": "Polygon", "coordinates": [[[-59.340554, -34.339572], [-59.350308, -34.348002], [-59.356788, -34.343104], [-59.347125, -34.334686], [-59.340554, -34.339572]]]}, "properties": {"ha": 104.6, "c": "VII", "p": "692 B", "t": "GARCIA MORENO EZEQUI", "sup": 1045947}}, {"type": "Feature", "geometry": {"type": "Polygon", "coordinates": [[[-59.368676, -34.328047], [-59.361563, -34.33375], [-59.365199, -34.336744], [-59.375018, -34.329319], [-59.370835, -34.326663], [-59.368676, -34.328047]]]}, "properties": {"ha": 57.8, "c": "VII", "p": "692 B", "t": "GARCIA MORENO EZEQUI", "sup": 577525}}, {"type": "Feature", "geometry": {"type": "Polygon", "coordinates": [[[-59.361563, -34.33375], [-59.368676, -34.328047], [-59.364242, -34.325894], [-59.363254, -34.326802], [-59.359862, -34.325214], [-59.355309, -34.328601], [-59.361563, -34.33375]]]}, "properties": {"ha": 59.6, "c": "VII", "p": "692 B", "t": "GARCIA MORENO EZEQUI", "sup": 596279}}, {"type": "Feature", "geometry": {"type": "Polygon", "coordinates": [[[-59.341694, -34.354512], [-59.337837, -34.351199], [-59.328644, -34.35798], [-59.332516, -34.361446], [-59.341694, -34.354512]]]}, "properties": {"ha": 58.8, "c": "VII", "p": "692 B", "t": "GARCIA MORENO EZEQUI", "sup": 588194}}, {"type": "Feature", "geometry": {"type": "Polygon", "coordinates": [[[-59.337837, -34.351199], [-59.341694, -34.354512], [-59.350308, -34.348002], [-59.340554, -34.339572], [-59.333295, -34.344967], [-59.33923, -34.350171], [-59.337837, -34.351199]]]}, "properties": {"ha": 125.7, "c": "VII", "p": "692 B", "t": "GARCIA MORENO EZEQUI", "sup": 1257326}}, {"type": "Feature", "geometry": {"type": "Polygon", "coordinates": [[[-59.346549, -34.325526], [-59.352595, -34.330619], [-59.359862, -34.325214], [-59.351717, -34.3214], [-59.346549, -34.325526]]]}, "properties": {"ha": 62.8, "c": "VII", "p": "692 B", "t": "GARCIA MORENO EZEQUI", "sup": 627897}}, {"type": "Feature", "geometry": {"type": "Polygon", "coordinates": [[[-59.330445, -34.331518], [-59.340079, -34.339924], [-59.352595, -34.330619], [-59.346549, -34.325526], [-59.345118, -34.326668], [-59.340828, -34.323202], [-59.330445, -34.331518]]]}, "properties": {"ha": 191.4, "c": "VII", "p": "692 B", "t": "GARCIA MORENO EZEQUI", "sup": 1913973}}, {"type": "Feature", "geometry": {"type": "Polygon", "coordinates": [[[-59.323691, -34.336674], [-59.333295, -34.344967], [-59.340079, -34.339924], [-59.330445, -34.331518], [-59.328767, -34.332862], [-59.323691, -34.336674]]]}, "properties": {"ha": 107.5, "c": "VII", "p": "692 B", "t": "GARCIA MORENO EZEQUI", "sup": 1075466}}, {"type": "Feature", "geometry": {"type": "Polygon", "coordinates": [[[-59.325424, -34.348353], [-59.333037, -34.354739], [-59.33923, -34.350171], [-59.331679, -34.343571], [-59.325424, -34.348353]]]}, "properties": {"ha": 77.5, "c": "VII", "p": "692 B", "t": "GARCIA MORENO EZEQUI", "sup": 774928}}, {"type": "Feature", "geometry": {"type": "Polygon", "coordinates": [[[-59.312726, -34.358057], [-59.323887, -34.367963], [-59.332516, -34.361446], [-59.328644, -34.35798], [-59.333037, -34.354739], [-59.325424, -34.348353], [-59.312726, -34.358057]]]}, "properties": {"ha": 214.3, "c": "VII", "p": "692 B", "t": "GARCIA MORENO EZEQUI", "sup": 2142805}}, {"type": "Feature", "geometry": {"type": "Polygon", "coordinates": [[[-59.306309, -34.353406], [-59.311981, -34.358626], [-59.331679, -34.343571], [-59.323691, -34.336674], [-59.31277, -34.344875], [-59.314774, -34.346972], [-59.306309, -34.353406]]]}, "properties": {"ha": 230.3, "c": "VII", "p": "692 B", "t": "GARCIA MORENO EZEQUI", "sup": 2303399}}, {"type": "Feature", "geometry": {"type": "Polygon", "coordinates": [[[-59.311981, -34.358626], [-59.306309, -34.353406], [-59.295103, -34.362047], [-59.300958, -34.367047], [-59.311981, -34.358626]]]}, "properties": {"ha": 108.1, "c": "VII", "p": "692 B", "t": "GARCIA MORENO EZEQUI", "sup": 1081453}}, {"type": "Feature", "geometry": {"type": "Polygon", "coordinates": [[[-59.295103, -34.362047], [-59.314774, -34.346972], [-59.31277, -34.344875], [-59.292763, -34.359908], [-59.295103, -34.362047]]]}, "properties": {"ha": 76.3, "c": "VII", "p": "692 B", "t": "GARCIA MORENO EZEQUI", "sup": 762738}}, {"type": "Feature", "geometry": {"type": "Polygon", "coordinates": [[[-59.281093, -34.383014], [-59.272861, -34.375769], [-59.270093, -34.377974], [-59.278768, -34.384882], [-59.281093, -34.383014]]]}, "properties": {"ha": 36.0, "c": "IV", "p": "304", "t": "BURDET JOSE CLAUDIO", "sup": 359564}}, {"type": "Feature", "geometry": {"type": "Polygon", "coordinates": [[[-59.276879, -34.379305], [-59.281598, -34.37545], [-59.277639, -34.371961], [-59.272861, -34.375769], [-59.276879, -34.379305]]]}, "properties": {"ha": 32.6, "c": "IV", "p": "304", "t": "BURDET JOSE CLAUDIO", "sup": 326153}}, {"type": "Feature", "geometry": {"type": "Polygon", "coordinates": [[[-59.276879, -34.379305], [-59.281093, -34.383014], [-59.285847, -34.379194], [-59.281598, -34.37545], [-59.276879, -34.379305]]]}, "properties": {"ha": 34.6, "c": "IV", "p": "304", "t": "BURDET JOSE CLAUDIO", "sup": 345821}}, {"type": "Feature", "geometry": {"type": "Polygon", "coordinates": [[[-59.279927, -34.373977], [-59.295103, -34.362047], [-59.292763, -34.359908], [-59.277639, -34.371961], [-59.279927, -34.373977]]]}, "properties": {"ha": 60.4, "c": "IV", "p": "304", "t": "BURDET JOSE CLAUDIO", "sup": 604347}}, {"type": "Feature", "geometry": {"type": "Polygon", "coordinates": [[[-59.279927, -34.373977], [-59.285847, -34.379194], [-59.300958, -34.367047], [-59.295103, -34.362047], [-59.279927, -34.373977]]]}, "properties": {"ha": 151.3, "c": "IV", "p": "304", "t": "BURDET JOSE CLAUDIO", "sup": 1512700}}, {"type": "Feature", "geometry": {"type": "Polygon", "coordinates": [[[-59.268158, -34.393406], [-59.259946, -34.386056], [-59.253635, -34.391082], [-59.263886, -34.396838], [-59.268158, -34.393406]]]}, "properties": {"ha": 75.2, "c": "IV", "p": "304", "t": "BURDET JOSE CLAUDIO", "sup": 752068}}, {"type": "Feature", "geometry": {"type": "Polygon", "coordinates": [[[-59.290266, -34.375642], [-59.301594, -34.385432], [-59.306954, -34.381067], [-59.295751, -34.371233], [-59.290266, -34.375642]]]}, "properties": {"ha": 104.7, "c": "IV", "p": "328", "sup": 1047111}}, {"type": "Feature", "geometry": {"type": "Polygon", "coordinates": [[[-59.278754, -34.384894], [-59.290479, -34.394481], [-59.301594, -34.385432], [-59.290266, -34.375642], [-59.278754, -34.384894]]]}, "properties": {"ha": 219.4, "c": "IV", "p": "328", "sup": 2194410}}, {"type": "Feature", "geometry": {"type": "Polygon", "coordinates": [[[-59.276763, -34.386494], [-59.288511, -34.396083], [-59.290479, -34.394481], [-59.278754, -34.384894], [-59.276763, -34.386494]]]}, "properties": {"ha": 38.5, "c": "IV", "p": "328", "sup": 385264}}, {"type": "Feature", "geometry": {"type": "Polygon", "coordinates": [[[-59.303508, -34.378042], [-59.306954, -34.381067], [-59.312599, -34.376469], [-59.309059, -34.373383], [-59.303508, -34.378042]]]}, "properties": {"ha": 33.9, "c": "IV", "p": "328", "sup": 339469}}, {"type": "Feature", "geometry": {"type": "Polygon", "coordinates": [[[-59.306389, -34.375624], [-59.309059, -34.373383], [-59.305243, -34.370055], [-59.302382, -34.372342], [-59.306389, -34.375624]]]}, "properties": {"ha": 18.4, "c": "IV", "p": "328", "sup": 183631}}, {"type": "Feature", "geometry": {"type": "Polygon", "coordinates": [[[-59.306389, -34.375624], [-59.302382, -34.372342], [-59.305243, -34.370055], [-59.301404, -34.366707], [-59.295751, -34.371233], [-59.303508, -34.378042], [-59.306389, -34.375624]]]}, "properties": {"ha": 56.3, "c": "IV", "p": "328", "sup": 563445}}, {"type": "Feature", "geometry": {"type": "Polygon", "coordinates": [[[-59.290014, -34.394859], [-59.302152, -34.406326], [-59.311276, -34.399151], [-59.298798, -34.387708], [-59.290014, -34.394859]]]}, "properties": {"ha": 194.6, "c": "IV", "p": "350 E", "t": "CHANVILLARD JOSE REI", "sup": 1945624}}, {"type": "Feature", "geometry": {"type": "Polygon", "coordinates": [[[-59.302152, -34.406326], [-59.290014, -34.394859], [-59.278609, -34.404142], [-59.293847, -34.412854], [-59.302152, -34.406326]]]}, "properties": {"ha": 211.8, "c": "IV", "p": "350 E", "t": "CHANVILLARD JOSE REI", "sup": 2118100}}, {"type": "Feature", "geometry": {"type": "Polygon", "coordinates": [[[-59.250343, -34.461237], [-59.253006, -34.462584], [-59.254118, -34.460909], [-59.254224, -34.461364], [-59.289955, -34.410629], [-59.287324, -34.409125], [-59.250343, -34.461237]]]}, "properties": {"ha": 203.1, "sup": 2030707}}, {"type": "Feature", "geometry": {"type": "Polygon", "coordinates": [[[-59.24899, -34.460553], [-59.250343, -34.461237], [-59.287324, -34.409125], [-59.285979, -34.408356], [-59.24899, -34.460553]]]}, "properties": {"ha": 99.1, "sup": 991461}}, {"type": "Feature", "geometry": {"type": "Polygon", "coordinates": [[[-59.247319, -34.459707], [-59.24899, -34.460553], [-59.285979, -34.408356], [-59.284233, -34.407358], [-59.247319, -34.459707]]]}, "properties": {"ha": 125.8, "sup": 1258305}}, {"type": "Feature", "geometry": {"type": "Polygon", "coordinates": [[[-59.237498, -34.454738], [-59.247319, -34.459707], [-59.284233, -34.407358], [-59.278609, -34.404142], [-59.274176, -34.401943], [-59.237498, -34.454738]]]}, "properties": {"ha": 728.6, "sup": 7285769}}, {"type": "Feature", "geometry": {"type": "Polygon", "coordinates": [[[-59.235238, -34.453594], [-59.237498, -34.454738], [-59.274176, -34.401943], [-59.27211, -34.400918], [-59.235238, -34.453594]]]}, "properties": {"ha": 157.0, "sup": 1569980}}, {"type": "Feature", "geometry": {"type": "Polygon", "coordinates": [[[-59.247778, -34.42741], [-59.231563, -34.451734], [-59.235238, -34.453594], [-59.27211, -34.400918], [-59.267863, -34.398811], [-59.247778, -34.42741]]]}, "properties": {"ha": 300.1, "sup": 3001360}}, {"type": "Feature", "geometry": {"type": "Polygon", "coordinates": [[[-59.218282, -34.44501], [-59.239635, -34.413722], [-59.241019, -34.411594], [-59.236642, -34.409304], [-59.213967, -34.442825], [-59.218282, -34.44501]]]}, "properties": {"ha": 201.4, "sup": 2013907}}, {"type": "Feature", "geometry": {"type": "Polygon", "coordinates": [[[-59.22196, -34.446872], [-59.24164, -34.418385], [-59.239635, -34.413722], [-59.218282, -34.44501], [-59.22196, -34.446872]]]}, "properties": {"ha": 154.9, "sup": 1548597}}, {"type": "Feature", "geometry": {"type": "Polygon", "coordinates": [[[-59.225038, -34.448431], [-59.243847, -34.42163], [-59.24164, -34.418385], [-59.22196, -34.446872], [-59.225038, -34.448431]]]}, "properties": {"ha": 121.6, "sup": 1216241}}, {"type": "Feature", "geometry": {"type": "Polygon", "coordinates": [[[-59.238364, -34.429446], [-59.244378, -34.432512], [-59.247778, -34.42741], [-59.243847, -34.42163], [-59.238364, -34.429446]]]}, "properties": {"ha": 52.8, "sup": 527826}}, {"type": "Feature", "geometry": {"type": "Polygon", "coordinates": [[[-59.23493, -34.434338], [-59.241082, -34.437457], [-59.244378, -34.432512], [-59.238364, -34.429446], [-59.23493, -34.434338]]]}, "properties": {"ha": 41.1, "sup": 411188}}, {"type": "Feature", "geometry": {"type": "Polygon", "coordinates": [[[-59.235605, -34.445672], [-59.229269, -34.442404], [-59.225038, -34.448431], [-59.231563, -34.451734], [-59.235605, -34.445672]]]}, "properties": {"ha": 53.5, "sup": 534872}}, {"type": "Feature", "geometry": {"type": "Polygon", "coordinates": [[[-59.40408, -34.339839], [-59.412262, -34.345308], [-59.414187, -34.34391], [-59.405857, -34.33818], [-59.40408, -34.339839]]]}, "properties": {"ha": 23.5, "c": "VI", "p": "537", "t": "PODESTA MARCELO", "sup": 234616}}, {"type": "Feature", "geometry": {"type": "Polygon", "coordinates": [[[-59.403327, -34.340542], [-59.411253, -34.34604], [-59.412262, -34.345308], [-59.40408, -34.339839], [-59.403327, -34.340542]]]}, "properties": {"ha": 10.8, "c": "VI", "p": "537", "t": "PODESTA MARCELO", "sup": 108312}}, {"type": "Feature", "geometry": {"type": "Polygon", "coordinates": [[[-59.401111, -34.34261], [-59.40882, -34.347806], [-59.411253, -34.34604], [-59.403327, -34.340542], [-59.401111, -34.34261]]]}, "properties": {"ha": 28.0, "c": "VI", "p": "537", "t": "PODESTA MARCELO", "sup": 279859}}, {"type": "Feature", "geometry": {"type": "Polygon", "coordinates": [[[-59.398489, -34.345058], [-59.405701, -34.35007], [-59.40882, -34.347806], [-59.401111, -34.34261], [-59.398489, -34.345058]]]}, "properties": {"ha": 32.9, "c": "VI", "p": "537", "t": "PODESTA MARCELO", "sup": 328965}}, {"type": "Feature", "geometry": {"type": "Polygon", "coordinates": [[[-59.39568, -34.347679], [-59.402415, -34.352455], [-59.405701, -34.35007], [-59.398489, -34.345058], [-59.39568, -34.347679]]]}, "properties": {"ha": 33.0, "c": "VI", "p": "537", "t": "PODESTA MARCELO", "sup": 330411}}, {"type": "Feature", "geometry": {"type": "Polygon", "coordinates": [[[-59.420558, -34.32445], [-59.425607, -34.327544], [-59.433658, -34.321763], [-59.427048, -34.318388], [-59.420558, -34.32445]]]}, "properties": {"ha": 59.3, "c": "VI", "p": "537", "t": "PODESTA MARCELO", "sup": 592597}}, {"type": "Feature", "geometry": {"type": "Polygon", "coordinates": [[[-59.406921, -34.338912], [-59.422097, -34.325393], [-59.420558, -34.32445], [-59.405857, -34.33818], [-59.406921, -34.338912]]]}, "properties": {"ha": 30.9, "c": "VI", "p": "537", "t": "PODESTA MARCELO", "sup": 308808}}, {"type": "Feature", "geometry": {"type": "Polygon", "coordinates": [[[-59.406921, -34.338912], [-59.408376, -34.339913], [-59.425607, -34.327544], [-59.422097, -34.325393], [-59.406921, -34.338912]]]}, "properties": {"ha": 58.9, "c": "VI", "p": "537", "t": "PODESTA MARCELO", "sup": 588771}}, {"type": "Feature", "geometry": {"type": "Polygon", "coordinates": [[[-59.402415, -34.352455], [-59.39568, -34.347679], [-59.394319, -34.34895], [-59.395566, -34.351348], [-59.396337, -34.356865], [-59.402415, -34.352455]]]}, "properties": {"ha": 34.2, "c": "VI", "p": "537", "t": "PODESTA MARCELO", "sup": 342121}}, {"type": "Feature", "geometry": {"type": "Polygon", "coordinates": [[[-59.333288, -34.381928], [-59.3901, -34.338772], [-59.388884, -34.335134], [-59.329975, -34.378956], [-59.333288, -34.381928]]]}, "properties": {"ha": 295.6, "c": "VII", "p": "711 A", "t": "LA PALOMA SCA", "sup": 2956473}}, {"type": "Feature", "geometry": {"type": "Polygon", "coordinates": [[[-59.676497, -34.449143], [-59.711391, -34.423001], [-59.698808, -34.416239], [-59.666429, -34.440086], [-59.676497, -34.449143]]]}, "properties": {"ha": 559.9, "sup": 5598973}}, {"type": "Feature", "geometry": {"type": "Polygon", "coordinates": [[[-59.682402, -34.454453], [-59.719252, -34.427223], [-59.711391, -34.423001], [-59.676497, -34.449143], [-59.682402, -34.454453]]]}, "properties": {"ha": 361.6, "sup": 3616023}}, {"type": "Feature", "geometry": {"type": "Polygon", "coordinates": [[[-59.724909, -34.471556], [-59.734133, -34.479417], [-59.768441, -34.453626], [-59.757675, -34.44785], [-59.724909, -34.471556]]]}, "properties": {"ha": 485.2, "sup": 4852100}}, {"type": "Feature", "geometry": {"type": "Polygon", "coordinates": [[[-59.730883, -34.467235], [-59.757675, -34.44785], [-59.733811, -34.435042], [-59.712978, -34.450245], [-59.730883, -34.467235]]]}, "properties": {"ha": 729.9, "sup": 7298715}}, {"type": "Feature", "geometry": {"type": "Polygon", "coordinates": [[[-59.69148, -34.462616], [-59.71322, -34.446989], [-59.704117, -34.43841], [-59.682402, -34.454453], [-59.69148, -34.462616]]]}, "properties": {"ha": 332.1, "sup": 3321471}}, {"type": "Feature", "geometry": {"type": "Polygon", "coordinates": [[[-59.704117, -34.43841], [-59.71322, -34.446989], [-59.69148, -34.462616], [-59.710111, -34.479362], [-59.722857, -34.469807], [-59.724909, -34.471556], [-59.730883, -34.467235], [-59.712978, -34.450245], [-59.733811, -34.435042], [-59.719252, -34.427223], [-59.704117, -34.43841]]]}, "properties": {"ha": 934.6, "sup": 9345958}}, {"type": "Feature", "geometry": {"type": "Polygon", "coordinates": [[[-59.726414, -34.494006], [-59.739356, -34.484092], [-59.734133, -34.479417], [-59.722857, -34.469807], [-59.710111, -34.479362], [-59.726414, -34.494006]]]}, "properties": {"ha": 353.0, "sup": 3530023}}, {"type": "Feature", "geometry": {"type": "Polygon", "coordinates": [[[-59.727197, -34.493362], [-59.755917, -34.518924], [-59.767823, -34.509561], [-59.739356, -34.484092], [-59.727197, -34.493362]]]}, "properties": {"ha": 584.2, "sup": 5842010}}, {"type": "Feature", "geometry": {"type": "Polygon", "coordinates": [[[-59.705256, -34.510059], [-59.734286, -34.535927], [-59.744264, -34.528086], [-59.7174, -34.500847], [-59.705256, -34.510059]]]}, "properties": {"ha": 541.9, "sup": 5418925}}, {"type": "Feature", "geometry": {"type": "Polygon", "coordinates": [[[-59.670224, -34.487913], [-59.681258, -34.479722], [-59.672418, -34.471721], [-59.661628, -34.48055], [-59.670224, -34.487913]]]}, "properties": {"ha": 161.0, "sup": 1610263}}, {"type": "Feature", "geometry": {"type": "Polygon", "coordinates": [[[-59.681258, -34.479722], [-59.697275, -34.467826], [-59.687696, -34.459214], [-59.672418, -34.471721], [-59.681258, -34.479722]]]}, "properties": {"ha": 247.0, "sup": 2469964}}, {"type": "Feature", "geometry": {"type": "Polygon", "coordinates": [[[-59.67478, -34.500195], [-59.69074, -34.488301], [-59.681258, -34.479722], [-59.670224, -34.487913], [-59.665177, -34.491779], [-59.67478, -34.500195]]]}, "properties": {"ha": 255.8, "sup": 2558256}}, {"type": "Feature", "geometry": {"type": "Polygon", "coordinates": [[[-59.69074, -34.488301], [-59.706764, -34.476353], [-59.697275, -34.467826], [-59.681258, -34.479722], [-59.69074, -34.488301]]]}, "properties": {"ha": 254.9, "sup": 2548882}}, {"type": "Feature", "geometry": {"type": "Polygon", "coordinates": [[[-59.69074, -34.488301], [-59.710445, -34.506123], [-59.726414, -34.494006], [-59.706764, -34.476353], [-59.69074, -34.488301]]]}, "properties": {"ha": 530.3, "sup": 5303456}}, {"type": "Feature", "geometry": {"type": "Polygon", "coordinates": [[[-59.684769, -34.508947], [-59.700394, -34.497034], [-59.69074, -34.488301], [-59.67478, -34.500195], [-59.684769, -34.508947]]]}, "properties": {"ha": 259.8, "sup": 2597680}}, {"type": "Feature", "geometry": {"type": "Polygon", "coordinates": [[[-59.684769, -34.508947], [-59.694957, -34.51787], [-59.710445, -34.506123], [-59.700394, -34.497034], [-59.684769, -34.508947]]]}, "properties": {"ha": 264.7, "sup": 2646754}}, {"type": "Feature", "geometry": {"type": "Polygon", "coordinates": [[[-59.669791, -34.420393], [-59.658465, -34.410198], [-59.644607, -34.420445], [-59.656125, -34.430813], [-59.669791, -34.420393]]]}, "properties": {"ha": 264.9, "sup": 2648504}}, {"type": "Feature", "geometry": {"type": "Polygon", "coordinates": [[[-59.658465, -34.410198], [-59.669791, -34.420393], [-59.684981, -34.408807], [-59.677957, -34.40503], [-59.677096, -34.400906], [-59.6733, -34.39926], [-59.658465, -34.410198]]]}, "properties": {"ha": 278.8, "sup": 2788464}}, {"type": "Feature", "geometry": {"type": "Polygon", "coordinates": [[[-59.681694, -34.428847], [-59.6708, -34.419624], [-59.656125, -34.430813], [-59.666429, -34.440086], [-59.681694, -34.428847]]]}, "properties": {"ha": 262.4, "sup": 2623531}}, {"type": "Feature", "geometry": {"type": "Polygon", "coordinates": [[[-59.6708, -34.419624], [-59.681694, -34.428847], [-59.698808, -34.416239], [-59.684981, -34.408807], [-59.6708, -34.419624]]]}, "properties": {"ha": 280.5, "sup": 2805257}}, {"type": "Feature", "geometry": {"type": "Polygon", "coordinates": [[[-59.62444, -34.448674], [-59.661628, -34.48055], [-59.687696, -34.459214], [-59.652887, -34.427899], [-59.62444, -34.448674]]]}, "properties": {"ha": 1650.6, "sup": 16505893}}, {"type": "Feature", "geometry": {"type": "Polygon", "coordinates": [[[-59.607725, -34.436829], [-59.61449, -34.442776], [-59.616251, -34.441651], [-59.62444, -34.448674], [-59.652887, -34.427899], [-59.644607, -34.420445], [-59.646661, -34.418898], [-59.630693, -34.405072], [-59.629008, -34.407954], [-59.625745, -34.410854], [-59.625733, -34.413548], [-59.624805, -34.417424], [-59.622959, -34.423129], [-59.623861, -34.425072], [-59.607725, -34.436829]]]}, "properties": {"ha": 897.5, "sup": 8975263}}, {"type": "Feature", "geometry": {"type": "Polygon", "coordinates": [[[-59.671454, -34.551105], [-59.681227, -34.543412], [-59.643691, -34.509392], [-59.633252, -34.517811], [-59.671454, -34.551105]]]}, "properties": {"ha": 657.1, "sup": 6571010}}, {"type": "Feature", "geometry": {"type": "Polygon", "coordinates": [[[-59.716495, -34.549904], [-59.657977, -34.497698], [-59.650152, -34.504129], [-59.709165, -34.55566], [-59.716495, -34.549904]]]}, "properties": {"ha": 765.0, "sup": 7650252}}, {"type": "Feature", "geometry": {"type": "Polygon", "coordinates": [[[-59.663348, -34.502494], [-59.670665, -34.496589], [-59.665177, -34.491779], [-59.657977, -34.497698], [-59.663348, -34.502494]]]}, "properties": {"ha": 68.2, "sup": 682294}}, {"type": "Feature", "geometry": {"type": "Polygon", "coordinates": [[[-59.668746, -34.507312], [-59.676164, -34.501408], [-59.670665, -34.496589], [-59.663348, -34.502494], [-59.668746, -34.507312]]]}, "properties": {"ha": 68.9, "sup": 689441}}, {"type": "Feature", "geometry": {"type": "Polygon", "coordinates": [[[-59.674578, -34.512518], [-59.682, -34.506521], [-59.676164, -34.501408], [-59.668746, -34.507312], [-59.674578, -34.512518]]]}, "properties": {"ha": 74.4, "sup": 743620}}, {"type": "Feature", "geometry": {"type": "Polygon", "coordinates": [[[-59.680196, -34.517531], [-59.687644, -34.511465], [-59.682, -34.506521], [-59.674578, -34.512518], [-59.680196, -34.517531]]]}, "properties": {"ha": 72.3, "sup": 723053}}, {"type": "Feature", "geometry": {"type": "Polygon", "coordinates": [[[-59.686006, -34.522715], [-59.693475, -34.516573], [-59.687644, -34.511465], [-59.680196, -34.517531], [-59.686006, -34.522715]]]}, "properties": {"ha": 75.3, "sup": 752902}}, {"type": "Feature", "geometry": {"type": "Polygon", "coordinates": [[[-59.686006, -34.522715], [-59.716495, -34.549904], [-59.724431, -34.54367], [-59.693475, -34.516573], [-59.686006, -34.522715]]]}, "properties": {"ha": 406.5, "sup": 4065469}}, {"type": "Feature", "geometry": {"type": "Polygon", "coordinates": [[[-59.660248, -34.524403], [-59.667221, -34.519044], [-59.650152, -34.504129], [-59.643691, -34.509392], [-59.660248, -34.524403]]]}, "properties": {"ha": 193.2, "sup": 1932062}}, {"type": "Feature", "geometry": {"type": "Polygon", "coordinates": [[[-59.660248, -34.524403], [-59.701445, -34.561721], [-59.709165, -34.55566], [-59.667221, -34.519044], [-59.660248, -34.524403]]]}, "properties": {"ha": 518.3, "sup": 5182756}}, {"type": "Feature", "geometry": {"type": "Polygon", "coordinates": [[[-59.7174, -34.500847], [-59.744264, -34.528086], [-59.755917, -34.518924], [-59.727197, -34.493362], [-59.7174, -34.500847]]]}, "properties": {"ha": 523.9, "sup": 5238556}}, {"type": "Feature", "geometry": {"type": "Polygon", "coordinates": [[[-59.734286, -34.535927], [-59.705256, -34.510059], [-59.694957, -34.51787], [-59.724431, -34.54367], [-59.734286, -34.535927]]]}, "properties": {"ha": 496.8, "sup": 4968432}}, {"type": "Feature", "geometry": {"type": "Polygon", "coordinates": [[[-59.583508, -34.427143], [-59.59869, -34.43993], [-59.605377, -34.434764], [-59.590484, -34.421666], [-59.583508, -34.427143]]]}, "properties": {"ha": 171.8, "sup": 1717516}}, {"type": "Feature", "geometry": {"type": "Polygon", "coordinates": [[[-59.581367, -34.441223], [-59.591055, -34.433501], [-59.583508, -34.427143], [-59.573951, -34.434644], [-59.581367, -34.441223]]]}, "properties": {"ha": 121.5, "sup": 1215322}}, {"type": "Feature", "geometry": {"type": "Polygon", "coordinates": [[[-59.581367, -34.441223], [-59.584071, -34.443507], [-59.588697, -34.447645], [-59.59869, -34.43993], [-59.591055, -34.433501], [-59.581367, -34.441223]]]}, "properties": {"ha": 123.0, "sup": 1230275}}, {"type": "Feature", "geometry": {"type": "Polygon", "coordinates": [[[-59.597672, -34.455507], [-59.61449, -34.442776], [-59.605377, -34.434764], [-59.588697, -34.447645], [-59.597672, -34.455507]]]}, "properties": {"ha": 253.6, "sup": 2535889}}, {"type": "Feature", "geometry": {"type": "Polygon", "coordinates": [[[-59.606136, -34.469232], [-59.627441, -34.451248], [-59.616251, -34.441651], [-59.61449, -34.442776], [-59.597672, -34.455507], [-59.593884, -34.458835], [-59.606136, -34.469232]]]}, "properties": {"ha": 439.2, "sup": 4391670}}, {"type": "Feature", "geometry": {"type": "Polygon", "coordinates": [[[-59.618328, -34.479576], [-59.639627, -34.461696], [-59.627441, -34.451248], [-59.606136, -34.469232], [-59.618328, -34.479576]]]}, "properties": {"ha": 448.5, "sup": 4484927}}, {"type": "Feature", "geometry": {"type": "Polygon", "coordinates": [[[-59.625739, -34.485861], [-59.64687, -34.467904], [-59.639627, -34.461696], [-59.618328, -34.479576], [-59.625739, -34.485861]]]}, "properties": {"ha": 268.8, "sup": 2688485}}, {"type": "Feature", "geometry": {"type": "Polygon", "coordinates": [[[-59.636921, -34.495341], [-59.658551, -34.477914], [-59.64687, -34.467904], [-59.625739, -34.485861], [-59.636921, -34.495341]]]}, "properties": {"ha": 418.4, "sup": 4184150}}, {"type": "Feature", "geometry": {"type": "Polygon", "coordinates": [[[-59.636921, -34.495341], [-59.648717, -34.505339], [-59.665177, -34.491779], [-59.670224, -34.487913], [-59.658551, -34.477914], [-59.636921, -34.495341]]]}, "properties": {"ha": 425.4, "sup": 4253910}}, {"type": "Feature", "geometry": {"type": "Polygon", "coordinates": [[[-59.615144, -34.600406], [-59.653649, -34.568024], [-59.64509, -34.560893], [-59.606155, -34.592731], [-59.615144, -34.600406]]]}, "properties": {"ha": 578.5, "sup": 5785146}}, {"type": "Feature", "geometry": {"type": "Polygon", "coordinates": [[[-59.638445, -34.580815], [-59.651326, -34.591335], [-59.684982, -34.562887], [-59.664476, -34.545026], [-59.64509, -34.560893], [-59.653649, -34.568024], [-59.638445, -34.580815]]]}, "properties": {"ha": 1009.0, "sup": 10090010}}, {"type": "Feature", "geometry": {"type": "Polygon", "coordinates": [[[-59.634132, -34.584442], [-59.646778, -34.595177], [-59.651326, -34.591335], [-59.638445, -34.580815], [-59.634132, -34.584442]]]}, "properties": {"ha": 96.4, "sup": 964420}}, {"type": "Feature", "geometry": {"type": "Polygon", "coordinates": [[[-59.629287, -34.588516], [-59.642024, -34.599193], [-59.646778, -34.595177], [-59.634132, -34.584442], [-59.629287, -34.588516]]]}, "properties": {"ha": 104.5, "sup": 1045324}}, {"type": "Feature", "geometry": {"type": "Polygon", "coordinates": [[[-59.624391, -34.592633], [-59.63706, -34.603385], [-59.642024, -34.599193], [-59.629287, -34.588516], [-59.624391, -34.592633]]]}, "properties": {"ha": 107.5, "sup": 1074706}}, {"type": "Feature", "geometry": {"type": "Polygon", "coordinates": [[[-59.619693, -34.596583], [-59.632526, -34.607213], [-59.63706, -34.603385], [-59.624391, -34.592633], [-59.619693, -34.596583]]]}, "properties": {"ha": 100.7, "sup": 1006827}}, {"type": "Feature", "geometry": {"type": "Polygon", "coordinates": [[[-59.632526, -34.607213], [-59.619693, -34.596583], [-59.615144, -34.600406], [-59.627797, -34.611206], [-59.632526, -34.607213]]]}, "properties": {"ha": 101.3, "sup": 1012593}}, {"type": "Feature", "geometry": {"type": "Polygon", "coordinates": [[[-59.652748, -34.599922], [-59.646778, -34.595177], [-59.627797, -34.611206], [-59.632848, -34.615517], [-59.652748, -34.599922]]]}, "properties": {"ha": 178.2, "sup": 1782230}}, {"type": "Feature", "geometry": {"type": "Polygon", "coordinates": [[[-59.646778, -34.595177], [-59.652748, -34.599922], [-59.692083, -34.569069], [-59.684982, -34.562887], [-59.646778, -34.595177]]]}, "properties": {"ha": 425.6, "sup": 4255998}}, {"type": "Feature", "geometry": {"type": "Polygon", "coordinates": [[[-59.576579, -34.449568], [-59.584071, -34.443507], [-59.581367, -34.441223], [-59.573951, -34.434644], [-59.565454, -34.441388], [-59.575697, -34.450373], [-59.576579, -34.449568]]]}, "properties": {"ha": 146.6, "sup": 1465944}}, {"type": "Feature", "geometry": {"type": "Polygon", "coordinates": [[[-59.576579, -34.449568], [-59.590375, -34.461572], [-59.593884, -34.458835], [-59.597672, -34.455507], [-59.588697, -34.447645], [-59.584071, -34.443507], [-59.576579, -34.449568]]]}, "properties": {"ha": 175.4, "sup": 1754144}}, {"type": "Feature", "geometry": {"type": "Polygon", "coordinates": [[[-59.571548, -34.460541], [-59.577032, -34.4566], [-59.586597, -34.464518], [-59.590375, -34.461572], [-59.576579, -34.449568], [-59.575697, -34.450373], [-59.567079, -34.456808], [-59.571548, -34.460541]]]}, "properties": {"ha": 130.8, "sup": 1307704}}, {"type": "Feature", "geometry": {"type": "Polygon", "coordinates": [[[-59.571548, -34.460541], [-59.57252, -34.461353], [-59.566111, -34.466616], [-59.574736, -34.473768], [-59.586597, -34.464518], [-59.577032, -34.4566], [-59.571548, -34.460541]]]}, "properties": {"ha": 177.6, "sup": 1775776}}, {"type": "Feature", "geometry": {"type": "Polygon", "coordinates": [[[-59.55702, -34.447904], [-59.567079, -34.456808], [-59.575697, -34.450373], [-59.565357, -34.441388], [-59.55702, -34.447904]]]}, "properties": {"ha": 144.6, "sup": 1446016}}, {"type": "Feature", "geometry": {"type": "Polygon", "coordinates": [[[-59.567079, -34.456808], [-59.55702, -34.447904], [-59.553232, -34.450859], [-59.554391, -34.456893], [-59.566111, -34.466616], [-59.57252, -34.461353], [-59.567079, -34.456808]]]}, "properties": {"ha": 164.2, "sup": 1642292}}, {"type": "Feature", "geometry": {"type": "Polygon", "coordinates": [[[-59.58012, -34.46957], [-59.593819, -34.480941], [-59.606987, -34.469954], [-59.593884, -34.458835], [-59.58012, -34.46957]]]}, "properties": {"ha": 302.7, "sup": 3026843}}, {"type": "Feature", "geometry": {"type": "Polygon", "coordinates": [[[-59.572625, -34.485678], [-59.586404, -34.474787], [-59.58012, -34.46957], [-59.574736, -34.473768], [-59.578573, -34.476949], [-59.571604, -34.482672], [-59.572625, -34.485678]]]}, "properties": {"ha": 86.6, "sup": 866136}}, {"type": "Feature", "geometry": {"type": "Polygon", "coordinates": [[[-59.57845, -34.481075], [-59.586048, -34.487423], [-59.593819, -34.480941], [-59.586404, -34.474787], [-59.57845, -34.481075]]]}, "properties": {"ha": 98.9, "sup": 989266}}, {"type": "Feature", "geometry": {"type": "Polygon", "coordinates": [[[-59.586048, -34.487423], [-59.57845, -34.481075], [-59.572625, -34.485678], [-59.576049, -34.495761], [-59.586048, -34.487423]]]}, "properties": {"ha": 102.6, "sup": 1025770}}, {"type": "Feature", "geometry": {"type": "Polygon", "coordinates": [[[-59.605106, -34.471524], [-59.618678, -34.482727], [-59.620387, -34.481322], [-59.606987, -34.469954], [-59.605106, -34.471524]]]}, "properties": {"ha": 41.1, "sup": 410810}}, {"type": "Feature", "geometry": {"type": "Polygon", "coordinates": [[[-59.584962, -34.488329], [-59.598472, -34.499327], [-59.618678, -34.482727], [-59.605106, -34.471524], [-59.584962, -34.488329]]]}, "properties": {"ha": 458.7, "sup": 4586856}}, {"type": "Feature", "geometry": {"type": "Polygon", "coordinates": [[[-59.57518, -34.496475], [-59.588976, -34.507126], [-59.598472, -34.499327], [-59.584962, -34.488329], [-59.57518, -34.496475]]]}, "properties": {"ha": 217.2, "sup": 2171567}}, {"type": "Feature", "geometry": {"type": "Polygon", "coordinates": [[[-59.579303, -34.515066], [-59.565816, -34.504162], [-59.562804, -34.506634], [-59.576317, -34.517517], [-59.579303, -34.515066]]]}, "properties": {"ha": 67.1, "sup": 671349}}, {"type": "Feature", "geometry": {"type": "Polygon", "coordinates": [[[-59.565816, -34.504162], [-59.579303, -34.515066], [-59.588976, -34.507126], [-59.57518, -34.496475], [-59.565816, -34.504162]]]}, "properties": {"ha": 213.1, "sup": 2131029}}, {"type": "Feature", "geometry": {"type": "Polygon", "coordinates": [[[-59.598038, -34.585799], [-59.61253, -34.573793], [-59.605282, -34.567609], [-59.590842, -34.579652], [-59.598038, -34.585799]]]}, "properties": {"ha": 179.2, "sup": 1791715}}, {"type": "Feature", "geometry": {"type": "Polygon", "coordinates": [[[-59.605282, -34.567609], [-59.61253, -34.573793], [-59.598038, -34.585799], [-59.606155, -34.592731], [-59.631151, -34.572295], [-59.615898, -34.558752], [-59.605282, -34.567609]]]}, "properties": {"ha": 481.4, "sup": 4814442}}, {"type": "Feature", "geometry": {"type": "Polygon", "coordinates": [[[-59.629664, -34.547263], [-59.615898, -34.558752], [-59.631151, -34.572295], [-59.664476, -34.545026], [-59.654656, -34.53647], [-59.635378, -34.552026], [-59.629664, -34.547263]]]}, "properties": {"ha": 700.3, "sup": 7003190}}, {"type": "Feature", "geometry": {"type": "Polygon", "coordinates": [[[-59.640477, -34.547913], [-59.634815, -34.542963], [-59.629664, -34.547263], [-59.635378, -34.552026], [-59.640477, -34.547913]]]}, "properties": {"ha": 49.7, "sup": 497075}}, {"type": "Feature", "geometry": {"type": "Polygon", "coordinates": [[[-59.634815, -34.542963], [-59.640477, -34.547913], [-59.654656, -34.53647], [-59.648752, -34.531324], [-59.634815, -34.542963]]]}, "properties": {"ha": 140.2, "sup": 1402261}}, {"type": "Feature", "geometry": {"type": "Polygon", "coordinates": [[[-59.6051, -34.540685], [-59.633252, -34.517811], [-59.648717, -34.505339], [-59.620387, -34.481322], [-59.576317, -34.517517], [-59.6051, -34.540685]]]}, "properties": {"ha": 2092.8, "sup": 20927896}}, {"type": "Feature", "geometry": {"type": "Polygon", "coordinates": [[[-59.631651, -34.53503], [-59.633044, -34.534029], [-59.639204, -34.539299], [-59.648752, -34.531324], [-59.638171, -34.5221], [-59.627156, -34.530707], [-59.631651, -34.53503]]]}, "properties": {"ha": 188.8, "sup": 1887945}}, {"type": "Feature", "geometry": {"type": "Polygon", "coordinates": [[[-59.631651, -34.53503], [-59.604459, -34.557932], [-59.61034, -34.56339], [-59.639204, -34.539299], [-59.633044, -34.534029], [-59.631651, -34.53503]]]}, "properties": {"ha": 306.4, "sup": 3063722}}, {"type": "Feature", "geometry": {"type": "Polygon", "coordinates": [[[-59.604459, -34.557932], [-59.598751, -34.553316], [-59.57907, -34.569592], [-59.590842, -34.579652], [-59.61034, -34.56339], [-59.604459, -34.557932]]]}, "properties": {"ha": 396.2, "sup": 3962102}}, {"type": "Feature", "geometry": {"type": "Polygon", "coordinates": [[[-59.597991, -34.553945], [-59.59349, -34.550159], [-59.574478, -34.565667], [-59.57907, -34.569592], [-59.597991, -34.553945]]]}, "properties": {"ha": 146.5, "sup": 1465492}}, {"type": "Feature", "geometry": {"type": "Polygon", "coordinates": [[[-59.59349, -34.550159], [-59.597991, -34.553945], [-59.598751, -34.553316], [-59.59927, -34.553749], [-59.622278, -34.534571], [-59.617867, -34.530314], [-59.59349, -34.550159]]]}, "properties": {"ha": 198.8, "sup": 1987759}}, {"type": "Feature", "geometry": {"type": "Polygon", "coordinates": [[[-59.62411, -34.541384], [-59.619231, -34.537112], [-59.59927, -34.553749], [-59.604459, -34.557932], [-59.62411, -34.541384]]]}, "properties": {"ha": 170.3, "sup": 1703221}}, {"type": "Feature", "geometry": {"type": "Polygon", "coordinates": [[[-59.619231, -34.537112], [-59.62411, -34.541384], [-59.631651, -34.53503], [-59.627156, -34.530707], [-59.638171, -34.5221], [-59.633252, -34.517811], [-59.617867, -34.530314], [-59.622278, -34.534571], [-59.619231, -34.537112]]]}, "properties": {"ha": 191.7, "sup": 1917103}}, {"type": "Feature", "geometry": {"type": "Polygon", "coordinates": [[[-59.671454, -34.551105], [-59.692083, -34.569069], [-59.701445, -34.561721], [-59.681227, -34.543412], [-59.671454, -34.551105]]]}, "properties": {"ha": 333.0, "sup": 3330389}}, {"type": "Feature", "geometry": {"type": "Polygon", "coordinates": [[[-59.607725, -34.436829], [-59.623861, -34.425072], [-59.622959, -34.423129], [-59.624805, -34.417424], [-59.625733, -34.413548], [-59.625745, -34.410854], [-59.629008, -34.407954], [-59.630693, -34.405072], [-59.622023, -34.397561], [-59.6077, -34.408146], [-59.590484, -34.421666], [-59.607725, -34.436829]]]}, "properties": {"ha": 781.8, "sup": 7818243}}, {"type": "Feature", "geometry": {"type": "Polygon", "coordinates": [[[-59.556977, -34.472187], [-59.56895, -34.46897], [-59.554391, -34.456893], [-59.556977, -34.472187]]]}, "properties": {"ha": 97.6, "sup": 975615}}, {"type": "Feature", "geometry": {"type": "Polygon", "coordinates": [[[-59.558189, -34.479356], [-59.574736, -34.473768], [-59.56895, -34.46897], [-59.556977, -34.472187], [-59.558189, -34.479356]]]}, "properties": {"ha": 102.7, "sup": 1026641}}, {"type": "Feature", "geometry": {"type": "Polygon", "coordinates": [[[-59.558952, -34.483868], [-59.571035, -34.482067], [-59.571604, -34.482672], [-59.578573, -34.476949], [-59.574736, -34.473768], [-59.558189, -34.479356], [-59.558952, -34.483868]]]}, "properties": {"ha": 113.9, "sup": 1139444}}, {"type": "Feature", "geometry": {"type": "Polygon", "coordinates": [[[-59.558952, -34.483868], [-59.562804, -34.506634], [-59.576049, -34.495761], [-59.571604, -34.482672], [-59.571035, -34.482067], [-59.558952, -34.483868]]]}, "properties": {"ha": 266.3, "sup": 2662762}}, {"type": "Feature", "geometry": {"type": "Polygon", "coordinates": [[[-59.546643, -34.471723], [-59.544403, -34.458631], [-59.525317, -34.47207], [-59.528908, -34.474842], [-59.528675, -34.473409], [-59.546643, -34.471723]]]}, "properties": {"ha": 160.1, "sup": 1601113}}, {"type": "Feature", "geometry": {"type": "Polygon", "coordinates": [[[-59.544403, -34.458631], [-59.546643, -34.471723], [-59.556738, -34.470775], [-59.554391, -34.456893], [-59.553232, -34.450859], [-59.547069, -34.455666], [-59.547578, -34.456395], [-59.544403, -34.458631]]]}, "properties": {"ha": 173.9, "sup": 1739470}}, {"type": "Feature", "geometry": {"type": "Polygon", "coordinates": [[[-59.547271, -34.471665], [-59.550419, -34.492479], [-59.55459, -34.514995], [-59.564327, -34.513861], [-59.562804, -34.506634], [-59.556738, -34.470775], [-59.547271, -34.471665]]]}, "properties": {"ha": 433.0, "sup": 4330313}}, {"type": "Feature", "geometry": {"type": "Polygon", "coordinates": [[[-59.54417, -34.471956], [-59.551644, -34.515338], [-59.55459, -34.514995], [-59.550419, -34.492479], [-59.547271, -34.471665], [-59.54417, -34.471956]]]}, "properties": {"ha": 127.9, "sup": 1278747}}, {"type": "Feature", "geometry": {"type": "Polygon", "coordinates": [[[-59.530552, -34.485238], [-59.546186, -34.483664], [-59.54417, -34.471956], [-59.528675, -34.473409], [-59.530552, -34.485238]]]}, "properties": {"ha": 189.6, "sup": 1896395}}, {"type": "Feature", "geometry": {"type": "Polygon", "coordinates": [[[-59.531573, -34.491688], [-59.547691, -34.492398], [-59.546186, -34.483664], [-59.530552, -34.485238], [-59.531573, -34.491688]]]}, "properties": {"ha": 123.4, "sup": 1233827}}, {"type": "Feature", "geometry": {"type": "Polygon", "coordinates": [[[-59.533475, -34.503707], [-59.549344, -34.501993], [-59.547691, -34.492398], [-59.531573, -34.491688], [-59.533475, -34.503707]]]}, "properties": {"ha": 177.0, "sup": 1770002}}, {"type": "Feature", "geometry": {"type": "Polygon", "coordinates": [[[-59.535205, -34.51463], [-59.535612, -34.517203], [-59.551644, -34.515338], [-59.551218, -34.512869], [-59.535205, -34.51463]]]}, "properties": {"ha": 41.9, "sup": 419111}}, {"type": "Feature", "geometry": {"type": "Polygon", "coordinates": [[[-59.535205, -34.51463], [-59.551218, -34.512869], [-59.549344, -34.501993], [-59.533475, -34.503707], [-59.535205, -34.51463]]]}, "properties": {"ha": 180.2, "sup": 1801964}}, {"type": "Feature", "geometry": {"type": "Polygon", "coordinates": [[[-59.542244, -34.547884], [-59.552416, -34.55649], [-59.590105, -34.528618], [-59.579431, -34.520024], [-59.54829, -34.543568], [-59.542244, -34.547884]]]}, "properties": {"ha": 619.7, "sup": 6196690}}, {"type": "Feature", "geometry": {"type": "Polygon", "coordinates": [[[-59.517071, -34.590887], [-59.556564, -34.560336], [-59.552416, -34.55649], [-59.542244, -34.547884], [-59.518651, -34.564718], [-59.502571, -34.575555], [-59.498265, -34.577818], [-59.506602, -34.581917], [-59.517071, -34.590887]]]}, "properties": {"ha": 1015.1, "sup": 10150817}}, {"type": "Feature", "geometry": {"type": "Polygon", "coordinates": [[[-59.52132, -34.594527], [-59.52467, -34.597396], [-59.570368, -34.562154], [-59.574478, -34.565667], [-59.6051, -34.540685], [-59.599248, -34.535976], [-59.52132, -34.594527]]]}, "properties": {"ha": 558.1, "sup": 5581419}}, {"type": "Feature", "geometry": {"type": "Polygon", "coordinates": [[[-59.52132, -34.594527], [-59.599248, -34.535976], [-59.590105, -34.528618], [-59.552416, -34.55649], [-59.556564, -34.560336], [-59.517071, -34.590887], [-59.52132, -34.594527]]]}, "properties": {"ha": 851.7, "sup": 8516886}}, {"type": "Feature", "geometry": {"type": "Polygon", "coordinates": [[[-59.482733, -34.570181], [-59.497298, -34.552403], [-59.492825, -34.549915], [-59.479356, -34.566299], [-59.479197, -34.568441], [-59.482733, -34.570181]]]}, "properties": {"ha": 117.7, "sup": 1177156}}, {"type": "Feature", "geometry": {"type": "Polygon", "coordinates": [[[-59.487257, -34.572406], [-59.501853, -34.554938], [-59.497298, -34.552403], [-59.482733, -34.570181], [-59.487257, -34.572406]]]}, "properties": {"ha": 116.8, "sup": 1167766}}, {"type": "Feature", "geometry": {"type": "Polygon", "coordinates": [[[-59.491641, -34.574561], [-59.506499, -34.557523], [-59.501853, -34.554938], [-59.487257, -34.572406], [-59.491641, -34.574561]]]}, "properties": {"ha": 114.8, "sup": 1148387}}, {"type": "Feature", "geometry": {"type": "Polygon", "coordinates": [[[-59.496664, -34.577031], [-59.498265, -34.577818], [-59.502571, -34.575555], [-59.518994, -34.564474], [-59.511475, -34.560292], [-59.496664, -34.577031]]]}, "properties": {"ha": 120.3, "sup": 1202570}}, {"type": "Feature", "geometry": {"type": "Polygon", "coordinates": [[[-59.496664, -34.577031], [-59.511475, -34.560292], [-59.506499, -34.557523], [-59.491641, -34.574561], [-59.496664, -34.577031]]]}, "properties": {"ha": 125.5, "sup": 1255102}}, {"type": "Feature", "geometry": {"type": "Polygon", "coordinates": [[[-59.513617, -34.524608], [-59.548398, -34.543486], [-59.561568, -34.533532], [-59.531601, -34.517483], [-59.518184, -34.519047], [-59.513617, -34.524608]]]}, "properties": {"ha": 593.0, "sup": 5929883}}, {"type": "Feature", "geometry": {"type": "Polygon", "coordinates": [[[-59.548398, -34.543486], [-59.513617, -34.524608], [-59.492825, -34.549915], [-59.518994, -34.564474], [-59.548398, -34.543486]]]}, "properties": {"ha": 1145.7, "sup": 11456520}}, {"type": "Feature", "geometry": {"type": "Polygon", "coordinates": [[[-59.535612, -34.517203], [-59.531601, -34.517483], [-59.561568, -34.533532], [-59.579431, -34.520024], [-59.562804, -34.506634], [-59.564327, -34.513861], [-59.535612, -34.517203]]]}, "properties": {"ha": 530.9, "sup": 5308521}}, {"type": "Feature", "geometry": {"type": "Polygon", "coordinates": [[[-59.485578, -34.497023], [-59.491955, -34.504233], [-59.518184, -34.519047], [-59.522388, -34.518557], [-59.5179, -34.489253], [-59.505356, -34.497823], [-59.497764, -34.490608], [-59.485578, -34.497023]]]}, "properties": {"ha": 581.9, "sup": 5819294}}, {"type": "Feature", "geometry": {"type": "Polygon", "coordinates": [[[-59.520335, -34.505157], [-59.522388, -34.518557], [-59.531601, -34.517483], [-59.535612, -34.517203], [-59.533475, -34.503707], [-59.520335, -34.505157]]]}, "properties": {"ha": 182.7, "sup": 1826984}}, {"type": "Feature", "geometry": {"type": "Polygon", "coordinates": [[[-59.518788, -34.495055], [-59.520335, -34.505157], [-59.533475, -34.503707], [-59.531895, -34.493726], [-59.518788, -34.495055]]]}, "properties": {"ha": 136.5, "sup": 1364852}}, {"type": "Feature", "geometry": {"type": "Polygon", "coordinates": [[[-59.497764, -34.490608], [-59.505356, -34.497823], [-59.5179, -34.489253], [-59.527133, -34.48268], [-59.519544, -34.474892], [-59.497764, -34.490608]]]}, "properties": {"ha": 287.5, "sup": 2874925}}, {"type": "Feature", "geometry": {"type": "Polygon", "coordinates": [[[-59.522886, -34.485703], [-59.5179, -34.489253], [-59.518788, -34.495055], [-59.531895, -34.493726], [-59.530552, -34.485238], [-59.522886, -34.485703]]]}, "properties": {"ha": 109.5, "sup": 1094920}}, {"type": "Feature", "geometry": {"type": "Polygon", "coordinates": [[[-59.525109, -34.480603], [-59.527133, -34.48268], [-59.522886, -34.485703], [-59.530552, -34.485238], [-59.529767, -34.480272], [-59.525109, -34.480603]]]}, "properties": {"ha": 23.7, "sup": 236997}}, {"type": "Feature", "geometry": {"type": "Polygon", "coordinates": [[[-59.525109, -34.480603], [-59.529767, -34.480272], [-59.528908, -34.474842], [-59.525317, -34.47207], [-59.518691, -34.466286], [-59.513842, -34.469539], [-59.481498, -34.492621], [-59.485578, -34.497023], [-59.497764, -34.490608], [-59.519544, -34.474892], [-59.525109, -34.480603]]]}, "properties": {"ha": 406.8, "sup": 4067854}}, {"type": "Feature", "geometry": {"type": "Polygon", "coordinates": [[[-59.446898, -34.524566], [-59.44871, -34.528159], [-59.472925, -34.497314], [-59.491393, -34.503598], [-59.485578, -34.497023], [-59.481498, -34.492621], [-59.474654, -34.486651], [-59.469376, -34.476385], [-59.453951, -34.48818], [-59.469914, -34.495038], [-59.446898, -34.524566]]]}, "properties": {"ha": 475.0, "sup": 4749723}}, {"type": "Feature", "geometry": {"type": "Polygon", "coordinates": [[[-59.453393, -34.554975], [-59.433373, -34.544283], [-59.429015, -34.553153], [-59.450363, -34.564043], [-59.453393, -34.554975]]]}, "properties": {"ha": 229.5, "sup": 2294843}}, {"type": "Feature", "geometry": {"type": "Polygon", "coordinates": [[[-59.443154, -34.549508], [-59.453319, -34.534788], [-59.443171, -34.529345], [-59.436527, -34.537863], [-59.433373, -34.544283], [-59.443154, -34.549508]]]}, "properties": {"ha": 212.7, "sup": 2127474}}, {"type": "Feature", "geometry": {"type": "Polygon", "coordinates": [[[-59.469285, -34.532934], [-59.452102, -34.523839], [-59.44871, -34.528159], [-59.446898, -34.524566], [-59.443171, -34.529345], [-59.463504, -34.540249], [-59.469285, -34.532934]]]}, "properties": {"ha": 198.5, "sup": 1984710}}, {"type": "Feature", "geometry": {"type": "Polygon", "coordinates": [[[-59.469775, -34.501328], [-59.48695, -34.510572], [-59.491955, -34.504233], [-59.491393, -34.503598], [-59.472925, -34.497314], [-59.469775, -34.501328]]]}, "properties": {"ha": 133.2, "sup": 1332213}}, {"type": "Feature", "geometry": {"type": "Polygon", "coordinates": [[[-59.48695, -34.510572], [-59.469775, -34.501328], [-59.452102, -34.523839], [-59.469285, -34.532934], [-59.48695, -34.510572]]]}, "properties": {"ha": 557.6, "sup": 5576329}}, {"type": "Feature", "geometry": {"type": "Polygon", "coordinates": [[[-59.474817, -34.576511], [-59.477575, -34.577917], [-59.479197, -34.568441], [-59.479356, -34.566299], [-59.518184, -34.519047], [-59.514467, -34.516949], [-59.476777, -34.564363], [-59.474817, -34.576511]]]}, "properties": {"ha": 266.8, "sup": 2667884}}, {"type": "Feature", "geometry": {"type": "Polygon", "coordinates": [[[-59.485239, -34.512739], [-59.508368, -34.524626], [-59.514467, -34.516949], [-59.491955, -34.504233], [-59.485239, -34.512739]]]}, "properties": {"ha": 268.4, "sup": 2683966}}, {"type": "Feature", "geometry": {"type": "Polygon", "coordinates": [[[-59.508368, -34.524626], [-59.485239, -34.512739], [-59.475584, -34.524961], [-59.498872, -34.536575], [-59.508368, -34.524626]]]}, "properties": {"ha": 400.3, "sup": 4003095}}, {"type": "Feature", "geometry": {"type": "Polygon", "coordinates": [[[-59.465202, -34.562128], [-59.468487, -34.554839], [-59.45646, -34.549159], [-59.454513, -34.551622], [-59.452975, -34.556225], [-59.465202, -34.562128]]]}, "properties": {"ha": 111.2, "sup": 1112190}}, {"type": "Feature", "geometry": {"type": "Polygon", "coordinates": [[[-59.461726, -34.569838], [-59.474817, -34.576511], [-59.476275, -34.567473], [-59.465202, -34.562128], [-59.461726, -34.569838]]]}, "properties": {"ha": 118.1, "sup": 1180905}}, {"type": "Feature", "geometry": {"type": "Polygon", "coordinates": [[[-59.491193, -34.402952], [-59.514427, -34.385785], [-59.507071, -34.379001], [-59.484013, -34.394852], [-59.483089, -34.395622], [-59.491193, -34.402952]]]}, "properties": {"ha": 304.8, "sup": 3047594}}, {"type": "Feature", "geometry": {"type": "Polygon", "coordinates": [[[-59.497634, -34.408775], [-59.521384, -34.3922], [-59.514427, -34.385785], [-59.491193, -34.402952], [-59.497634, -34.408775]]]}, "properties": {"ha": 261.9, "sup": 2619183}}, {"type": "Feature", "geometry": {"type": "Polygon", "coordinates": [[[-59.515366, -34.396401], [-59.534698, -34.414121], [-59.540639, -34.409947], [-59.521384, -34.3922], [-59.515366, -34.396401]]]}, "properties": {"ha": 190.6, "sup": 1905565}}, {"type": "Feature", "geometry": {"type": "Polygon", "coordinates": [[[-59.500946, -34.406464], [-59.520541, -34.424288], [-59.534698, -34.414121], [-59.515366, -34.396401], [-59.500946, -34.406464]]]}, "properties": {"ha": 459.5, "sup": 4594726}}, {"type": "Feature", "geometry": {"type": "Polygon", "coordinates": [[[-59.481648, -34.420362], [-59.501273, -34.438197], [-59.510162, -34.431781], [-59.490561, -34.413902], [-59.481648, -34.420362]]]}, "properties": {"ha": 290.8, "sup": 2908443}}, {"type": "Feature", "geometry": {"type": "Polygon", "coordinates": [[[-59.472447, -34.427028], [-59.491757, -34.445063], [-59.501273, -34.438197], [-59.481648, -34.420362], [-59.472447, -34.427028]]]}, "properties": {"ha": 305.4, "sup": 3054435}}, {"type": "Feature", "geometry": {"type": "Polygon", "coordinates": [[[-59.491757, -34.445063], [-59.472447, -34.427028], [-59.458682, -34.436998], [-59.478079, -34.454929], [-59.491757, -34.445063]]]}, "properties": {"ha": 447.3, "sup": 4472784}}, {"type": "Feature", "geometry": {"type": "Polygon", "coordinates": [[[-59.500799, -34.423242], [-59.510162, -34.431781], [-59.520541, -34.424288], [-59.511012, -34.415622], [-59.500799, -34.423242]]]}, "properties": {"ha": 163.1, "sup": 1631051}}, {"type": "Feature", "geometry": {"type": "Polygon", "coordinates": [[[-59.499106, -34.407748], [-59.504463, -34.412667], [-59.50626, -34.411299], [-59.500946, -34.406464], [-59.499106, -34.407748]]]}, "properties": {"ha": 16.3, "sup": 162619}}, {"type": "Feature", "geometry": {"type": "Polygon", "coordinates": [[[-59.497105, -34.409159], [-59.502583, -34.414097], [-59.504463, -34.412667], [-59.499106, -34.407748], [-59.497105, -34.409159]]]}, "properties": {"ha": 17.6, "sup": 176140}}, {"type": "Feature", "geometry": {"type": "Polygon", "coordinates": [[[-59.497918, -34.417648], [-59.492619, -34.412411], [-59.490561, -34.413902], [-59.496145, -34.418996], [-59.497918, -34.417648]]]}, "properties": {"ha": 18.0, "sup": 179692}}, {"type": "Feature", "geometry": {"type": "Polygon", "coordinates": [[[-59.492619, -34.412411], [-59.497918, -34.417648], [-59.502583, -34.414097], [-59.497105, -34.409159], [-59.492619, -34.412411]]]}, "properties": {"ha": 42.4, "sup": 424333}}, {"type": "Feature", "geometry": {"type": "Polygon", "coordinates": [[[-59.50376, -34.413202], [-59.508508, -34.41749], [-59.511012, -34.415622], [-59.50626, -34.411299], [-59.50376, -34.413202]]]}, "properties": {"ha": 20.1, "sup": 201205}}, {"type": "Feature", "geometry": {"type": "Polygon", "coordinates": [[[-59.50125, -34.415112], [-59.506086, -34.419298], [-59.508508, -34.41749], [-59.50376, -34.413202], [-59.50125, -34.415112]]]}, "properties": {"ha": 19.7, "sup": 197432}}, {"type": "Feature", "geometry": {"type": "Polygon", "coordinates": [[[-59.498721, -34.417036], [-59.503453, -34.421262], [-59.506086, -34.419298], [-59.50125, -34.415112], [-59.498721, -34.417036]]]}, "properties": {"ha": 20.6, "sup": 205526}}, {"type": "Feature", "geometry": {"type": "Polygon", "coordinates": [[[-59.503453, -34.421262], [-59.498721, -34.417036], [-59.496145, -34.418996], [-59.500799, -34.423242], [-59.503453, -34.421262]]]}, "properties": {"ha": 20.7, "sup": 207262}}, {"type": "Feature", "geometry": {"type": "Polygon", "coordinates": [[[-59.270819, -34.458233], [-59.274153, -34.45989], [-59.298476, -34.425756], [-59.302192, -34.427414], [-59.309357, -34.416795], [-59.305873, -34.41418], [-59.305273, -34.413246], [-59.304622, -34.412855], [-59.302664, -34.41268], [-59.270819, -34.458233]]]}, "properties": {"ha": 276.1, "sup": 2761065}}, {"type": "Feature", "geometry": {"type": "Polygon", "coordinates": [[[-59.261657, -34.46807], [-59.263206, -34.469052], [-59.302664, -34.41268], [-59.301539, -34.412567], [-59.300914, -34.41233], [-59.261657, -34.46807]]]}, "properties": {"ha": 121.9, "sup": 1219107}}, {"type": "Feature", "geometry": {"type": "Polygon", "coordinates": [[[-59.297345, -34.417401], [-59.292182, -34.415411], [-59.290652, -34.417759], [-59.295622, -34.419849], [-59.297345, -34.417401]]]}, "properties": {"ha": 15.8, "sup": 157776}}, {"type": "Feature", "geometry": {"type": "Polygon", "coordinates": [[[-59.281034, -34.423302], [-59.290226, -34.427514], [-59.295622, -34.419849], [-59.286242, -34.415904], [-59.281034, -34.423302]]]}, "properties": {"ha": 93.4, "sup": 933807}}, {"type": "Feature", "geometry": {"type": "Polygon", "coordinates": [[[-59.275195, -34.431596], [-59.284585, -34.435526], [-59.290226, -34.427514], [-59.281034, -34.423302], [-59.275195, -34.431596]]]}, "properties": {"ha": 101.1, "sup": 1010763}}, {"type": "Feature", "geometry": {"type": "Polygon", "coordinates": [[[-59.269838, -34.439203], [-59.279122, -34.443283], [-59.284585, -34.435526], [-59.275195, -34.431596], [-59.269838, -34.439203]]]}, "properties": {"ha": 95.2, "sup": 952342}}, {"type": "Feature", "geometry": {"type": "Polygon", "coordinates": [[[-59.264185, -34.447227], [-59.27352, -34.451236], [-59.279122, -34.443283], [-59.269838, -34.439203], [-59.264185, -34.447227]]]}, "properties": {"ha": 99.0, "sup": 990329}}, {"type": "Feature", "geometry": {"type": "Polygon", "coordinates": [[[-59.267664, -34.459547], [-59.258477, -34.455329], [-59.254224, -34.461364], [-59.254118, -34.460909], [-59.253006, -34.462584], [-59.261657, -34.46807], [-59.267664, -34.459547]]]}, "properties": {"ha": 99.4, "sup": 993648}}, {"type": "Feature", "geometry": {"type": "Polygon", "coordinates": [[[-59.320785, -34.423845], [-59.328356, -34.427896], [-59.413749, -34.361422], [-59.406679, -34.355236], [-59.320785, -34.423845]]]}, "properties": {"ha": 951.6, "sup": 9516230}}, {"type": "Feature", "geometry": {"type": "Polygon", "coordinates": [[[-59.363721, -34.375214], [-59.372243, -34.382762], [-59.406679, -34.355236], [-59.403009, -34.352024], [-59.396337, -34.356865], [-59.395566, -34.351348], [-59.395354, -34.350989], [-59.363721, -34.375214]]]}, "properties": {"ha": 449.5, "sup": 4494855}}, {"type": "Feature", "geometry": {"type": "Polygon", "coordinates": [[[-59.316683, -34.421649], [-59.34954, -34.395349], [-59.343738, -34.390507], [-59.309357, -34.416795], [-59.311072, -34.418668], [-59.313311, -34.419085], [-59.31447, -34.420465], [-59.316683, -34.421649]]]}, "properties": {"ha": 343.7, "sup": 3437031}}, {"type": "Feature", "geometry": {"type": "Polygon", "coordinates": [[[-59.318819, -34.422793], [-59.320785, -34.423845], [-59.352936, -34.398183], [-59.35116, -34.396701], [-59.318819, -34.422793]]]}, "properties": {"ha": 91.0, "sup": 910345}}, {"type": "Feature", "geometry": {"type": "Polygon", "coordinates": [[[-59.318819, -34.422793], [-59.35116, -34.396701], [-59.34954, -34.395349], [-59.316683, -34.421649], [-59.318819, -34.422793]]]}, "properties": {"ha": 91.7, "sup": 916754}}, {"type": "Feature", "geometry": {"type": "Polygon", "coordinates": [[[-59.372243, -34.382762], [-59.363721, -34.375214], [-59.343738, -34.390507], [-59.352936, -34.398183], [-59.372243, -34.382762]]]}, "properties": {"ha": 291.4, "sup": 2913946}}, {"type": "Feature", "geometry": {"type": "Polygon", "coordinates": [[[-59.423508, -34.511934], [-59.441958, -34.521348], [-59.44578, -34.516416], [-59.445401, -34.514798], [-59.444628, -34.513501], [-59.444507, -34.5121], [-59.444156, -34.510298], [-59.430244, -34.503203], [-59.423508, -34.511934]]]}, "properties": {"ha": 215.8, "sup": 2158306}}, {"type": "Feature", "geometry": {"type": "Polygon", "coordinates": [[[-59.387934, -34.532352], [-59.393947, -34.520221], [-59.397714, -34.515815], [-59.395819, -34.514594], [-59.403285, -34.50463], [-59.413378, -34.509592], [-59.433354, -34.483275], [-59.420539, -34.47674], [-59.389283, -34.51852], [-59.383837, -34.530277], [-59.387934, -34.532352]]]}, "properties": {"ha": 606.3, "sup": 6062559}}, {"type": "Feature", "geometry": {"type": "Polygon", "coordinates": [[[-59.384137, -34.51335], [-59.390345, -34.517101], [-59.400518, -34.503507], [-59.394078, -34.500119], [-59.384137, -34.51335]]]}, "properties": {"ha": 123.0, "sup": 1229887}}, {"type": "Feature", "geometry": {"type": "Polygon", "coordinates": [[[-59.370475, -34.523505], [-59.377088, -34.526857], [-59.382141, -34.516006], [-59.4141, -34.473455], [-59.407641, -34.470159], [-59.374871, -34.513383], [-59.370475, -34.523505]]]}, "properties": {"ha": 486.1, "sup": 4860938}}, {"type": "Feature", "geometry": {"type": "Polygon", "coordinates": [[[-59.364653, -34.520554], [-59.370475, -34.523505], [-59.374871, -34.513383], [-59.407641, -34.470159], [-59.401944, -34.467252], [-59.368376, -34.511625], [-59.364653, -34.520554]]]}, "properties": {"ha": 420.4, "sup": 4203884}}, {"type": "Feature", "geometry": {"type": "Polygon", "coordinates": [[[-59.368843, -34.490259], [-59.355563, -34.483508], [-59.349336, -34.491673], [-59.362831, -34.498477], [-59.368843, -34.490259]]]}, "properties": {"ha": 154.1, "sup": 1541400}}, {"type": "Feature", "geometry": {"type": "Polygon", "coordinates": [[[-59.332765, -34.504381], [-59.33935, -34.507722], [-59.345715, -34.496421], [-59.378421, -34.453516], [-59.370828, -34.449633], [-59.337132, -34.495513], [-59.332765, -34.504381]]]}, "properties": {"ha": 536.5, "sup": 5364832}}, {"type": "Feature", "geometry": {"type": "Polygon", "coordinates": [[[-59.329513, -34.49792], [-59.334667, -34.500519], [-59.337132, -34.495513], [-59.332336, -34.492941], [-59.329513, -34.49792]]]}, "properties": {"ha": 32.4, "sup": 323563}}, {"type": "Feature", "geometry": {"type": "Polygon", "coordinates": [[[-59.352128, -34.459104], [-59.356204, -34.461098], [-59.366463, -34.4474], [-59.362403, -34.445323], [-59.352128, -34.459104]]]}, "properties": {"ha": 78.3, "sup": 782880}}, {"type": "Feature", "geometry": {"type": "Polygon", "coordinates": [[[-59.32129, -34.498558], [-59.32358, -34.49972], [-59.328056, -34.491368], [-59.362403, -34.445323], [-59.360294, -34.444244], [-59.324273, -34.492425], [-59.32129, -34.498558]]]}, "properties": {"ha": 164.4, "sup": 1644186}}, {"type": "Feature", "geometry": {"type": "Polygon", "coordinates": [[[-59.311519, -34.493598], [-59.32129, -34.498558], [-59.324273, -34.492425], [-59.360294, -34.444244], [-59.358548, -34.443351], [-59.351518, -34.452812], [-59.344131, -34.449325], [-59.342025, -34.452546], [-59.341118, -34.45211], [-59.314679, -34.487954], [-59.311519, -34.493598]]]}, "properties": {"ha": 611.9, "sup": 6118972}}, {"type": "Feature", "geometry": {"type": "Polygon", "coordinates": [[[-59.318809, -34.460177], [-59.314967, -34.457757], [-59.298873, -34.479567], [-59.295398, -34.485411], [-59.301746, -34.488635], [-59.304041, -34.484015], [-59.320622, -34.461157], [-59.318809, -34.460177]]]}, "properties": {"ha": 230.2, "sup": 2301885}}, {"type": "Feature", "geometry": {"type": "Polygon", "coordinates": [[[-59.27258, -34.473817], [-59.279392, -34.477279], [-59.281488, -34.473648], [-59.318819, -34.422793], [-59.31447, -34.420465], [-59.313311, -34.419085], [-59.311072, -34.418668], [-59.274228, -34.470696], [-59.27258, -34.473817]]]}, "properties": {"ha": 559.1, "sup": 5590774}}, {"type": "Feature", "geometry": {"type": "Polygon", "coordinates": [[[-59.296693, -34.428259], [-59.302444, -34.430858], [-59.311072, -34.418668], [-59.309357, -34.416795], [-59.302192, -34.427414], [-59.298476, -34.425756], [-59.296693, -34.428259]]]}, "properties": {"ha": 48.9, "sup": 488563}}, {"type": "Feature", "geometry": {"type": "Polygon", "coordinates": [[[-59.286664, -34.442337], [-59.292265, -34.445234], [-59.302444, -34.430858], [-59.296693, -34.428259], [-59.286664, -34.442337]]]}, "properties": {"ha": 110.7, "sup": 1106588}}, {"type": "Feature", "geometry": {"type": "Polygon", "coordinates": [[[-59.276255, -34.45694], [-59.281936, -34.459817], [-59.292265, -34.445234], [-59.286664, -34.442337], [-59.276255, -34.45694]]]}, "properties": {"ha": 114.4, "sup": 1144446}}, {"type": "Feature", "geometry": {"type": "Polygon", "coordinates": [[[-59.269298, -34.460395], [-59.278238, -34.465036], [-59.281936, -34.459817], [-59.276255, -34.45694], [-59.274153, -34.45989], [-59.270819, -34.458233], [-59.269298, -34.460395]]]}, "properties": {"ha": 50.9, "sup": 509388}}, {"type": "Feature", "geometry": {"type": "Polygon", "coordinates": [[[-59.266864, -34.470912], [-59.272722, -34.462173], [-59.269298, -34.460395], [-59.263206, -34.469052], [-59.266864, -34.470912]]]}, "properties": {"ha": 42.5, "sup": 424730}}, {"type": "Feature", "geometry": {"type": "Polygon", "coordinates": [[[-59.266864, -34.470912], [-59.27258, -34.473817], [-59.274228, -34.470696], [-59.278238, -34.465036], [-59.272722, -34.462173], [-59.266864, -34.470912]]]}, "properties": {"ha": 65.4, "sup": 654432}}, {"type": "Feature", "geometry": {"type": "Polygon", "coordinates": [[[-59.313359, -34.430236], [-59.320925, -34.433875], [-59.326204, -34.426744], [-59.318819, -34.422793], [-59.313359, -34.430236]]]}, "properties": {"ha": 76.3, "sup": 763268}}, {"type": "Feature", "geometry": {"type": "Polygon", "coordinates": [[[-59.30798, -34.437567], [-59.315433, -34.441292], [-59.320925, -34.433875], [-59.313359, -34.430236], [-59.30798, -34.437567]]]}, "properties": {"ha": 76.9, "sup": 768729}}, {"type": "Feature", "geometry": {"type": "Polygon", "coordinates": [[[-59.302367, -34.445214], [-59.30981, -34.448885], [-59.315433, -34.441292], [-59.30798, -34.437567], [-59.302367, -34.445214]]]}, "properties": {"ha": 79.0, "sup": 790481}}, {"type": "Feature", "geometry": {"type": "Polygon", "coordinates": [[[-59.299088, -34.449681], [-59.306288, -34.45364], [-59.30981, -34.448885], [-59.302367, -34.445214], [-59.299088, -34.449681]]]}, "properties": {"ha": 47.6, "sup": 476463}}, {"type": "Feature", "geometry": {"type": "Polygon", "coordinates": [[[-59.306288, -34.45364], [-59.299088, -34.449681], [-59.281488, -34.473648], [-59.279392, -34.477279], [-59.286951, -34.48112], [-59.288875, -34.477139], [-59.306288, -34.45364]]]}, "properties": {"ha": 279.4, "sup": 2794017}}, {"type": "Feature", "geometry": {"type": "Polygon", "coordinates": [[[-59.324202, -34.435091], [-59.326801, -34.436472], [-59.331819, -34.429669], [-59.329138, -34.428296], [-59.324202, -34.435091]]]}, "properties": {"ha": 25.3, "sup": 252851}}, {"type": "Feature", "geometry": {"type": "Polygon", "coordinates": [[[-59.324202, -34.435091], [-59.329138, -34.428296], [-59.326204, -34.426744], [-59.321204, -34.433498], [-59.324202, -34.435091]]]}, "properties": {"ha": 28.4, "sup": 284349}}, {"type": "Feature", "geometry": {"type": "Polygon", "coordinates": [[[-59.310128, -34.448456], [-59.314539, -34.45089], [-59.316907, -34.447691], [-59.320806, -34.449841], [-59.33462, -34.431104], [-59.331819, -34.429669], [-59.326801, -34.436472], [-59.321204, -34.433498], [-59.310128, -34.448456]]]}, "properties": {"ha": 187.9, "sup": 1879389}}, {"type": "Feature", "geometry": {"type": "Polygon", "coordinates": [[[-59.308566, -34.450565], [-59.317018, -34.454977], [-59.320806, -34.449841], [-59.316907, -34.447691], [-59.314539, -34.45089], [-59.310128, -34.448456], [-59.308566, -34.450565]]]}, "properties": {"ha": 42.1, "sup": 420506}}, {"type": "Feature", "geometry": {"type": "Polygon", "coordinates": [[[-59.293531, -34.470858], [-59.302032, -34.475288], [-59.30696, -34.468609], [-59.298455, -34.464213], [-59.293531, -34.470858]]]}, "properties": {"ha": 79.9, "sup": 798982}}, {"type": "Feature", "geometry": {"type": "Polygon", "coordinates": [[[-59.302032, -34.475288], [-59.293531, -34.470858], [-59.288875, -34.477139], [-59.286951, -34.48112], [-59.295398, -34.485411], [-59.298873, -34.479567], [-59.302032, -34.475288]]]}, "properties": {"ha": 118.9, "sup": 1188545}}, {"type": "Feature", "geometry": {"type": "Polygon", "coordinates": [[[-59.300953, -34.460841], [-59.298455, -34.464213], [-59.30696, -34.468609], [-59.317018, -34.454977], [-59.3145, -34.453663], [-59.307043, -34.463818], [-59.300953, -34.460841]]]}, "properties": {"ha": 77.2, "sup": 772274}}, {"type": "Feature", "geometry": {"type": "Polygon", "coordinates": [[[-59.300953, -34.460841], [-59.307043, -34.463818], [-59.3145, -34.453663], [-59.308566, -34.450565], [-59.300953, -34.460841]]]}, "properties": {"ha": 85.9, "sup": 859375}}, {"type": "Feature", "geometry": {"type": "Polygon", "coordinates": [[[-59.32707, -34.47116], [-59.317268, -34.465782], [-59.304041, -34.484015], [-59.301746, -34.488635], [-59.311519, -34.493598], [-59.314679, -34.487954], [-59.32707, -34.47116]]]}, "properties": {"ha": 309.0, "sup": 3089680}}, {"type": "Feature", "geometry": {"type": "Polygon", "coordinates": [[[-59.334338, -34.461305], [-59.3226, -34.4551], [-59.318809, -34.460177], [-59.320622, -34.461157], [-59.317268, -34.465782], [-59.32707, -34.47116], [-59.334338, -34.461305]]]}, "properties": {"ha": 150.8, "sup": 1508163}}, {"type": "Feature", "geometry": {"type": "Polygon", "coordinates": [[[-59.3226, -34.4551], [-59.334338, -34.461305], [-59.341118, -34.45211], [-59.342025, -34.452546], [-59.344131, -34.449325], [-59.351518, -34.452812], [-59.358548, -34.443351], [-59.342969, -34.435378], [-59.334924, -34.445827], [-59.330906, -34.443973], [-59.3226, -34.4551]]]}, "properties": {"ha": 413.8, "sup": 4137909}}, {"type": "Feature", "geometry": {"type": "Polygon", "coordinates": [[[-59.314967, -34.457757], [-59.318809, -34.460177], [-59.330906, -34.443973], [-59.334924, -34.445827], [-59.342969, -34.435378], [-59.33462, -34.431104], [-59.314967, -34.457757]]]}, "properties": {"ha": 217.0, "sup": 2169792}}, {"type": "Feature", "geometry": {"type": "Polygon", "coordinates": [[[-59.360373, -34.455532], [-59.36478, -34.457873], [-59.370828, -34.449633], [-59.366463, -34.4474], [-59.360373, -34.455532]]]}, "properties": {"ha": 50.7, "sup": 507488}}, {"type": "Feature", "geometry": {"type": "Polygon", "coordinates": [[[-59.359033, -34.457322], [-59.363447, -34.459689], [-59.36478, -34.457873], [-59.360373, -34.455532], [-59.359033, -34.457322]]]}, "properties": {"ha": 11.3, "sup": 113147}}, {"type": "Feature", "geometry": {"type": "Polygon", "coordinates": [[[-59.357618, -34.45921], [-59.361926, -34.46176], [-59.363447, -34.459689], [-59.359033, -34.457322], [-59.357618, -34.45921]]]}, "properties": {"ha": 12.5, "sup": 124821}}, {"type": "Feature", "geometry": {"type": "Polygon", "coordinates": [[[-59.356204, -34.461098], [-59.360576, -34.463599], [-59.361926, -34.46176], [-59.357618, -34.45921], [-59.356204, -34.461098]]]}, "properties": {"ha": 11.8, "sup": 117995}}, {"type": "Feature", "geometry": {"type": "Polygon", "coordinates": [[[-59.35452, -34.463345], [-59.359106, -34.465601], [-59.360576, -34.463599], [-59.356204, -34.461098], [-59.35452, -34.463345]]]}, "properties": {"ha": 13.5, "sup": 135213}}, {"type": "Feature", "geometry": {"type": "Polygon", "coordinates": [[[-59.35323, -34.465066], [-59.357706, -34.467507], [-59.359106, -34.465601], [-59.35452, -34.463345], [-59.35323, -34.465066]]]}, "properties": {"ha": 11.6, "sup": 115979}}, {"type": "Feature", "geometry": {"type": "Polygon", "coordinates": [[[-59.351571, -34.467281], [-59.356181, -34.469584], [-59.357706, -34.467507], [-59.35323, -34.465066], [-59.351571, -34.467281]]]}, "properties": {"ha": 13.8, "sup": 137862}}, {"type": "Feature", "geometry": {"type": "Polygon", "coordinates": [[[-59.343738, -34.477733], [-59.348389, -34.480193], [-59.356181, -34.469584], [-59.351571, -34.467281], [-59.343738, -34.477733]]]}, "properties": {"ha": 68.7, "sup": 686598}}, {"type": "Feature", "geometry": {"type": "Polygon", "coordinates": [[[-59.335807, -34.488313], [-59.340559, -34.490849], [-59.348389, -34.480193], [-59.343738, -34.477733], [-59.335807, -34.488313]]]}, "properties": {"ha": 70.9, "sup": 709361}}, {"type": "Feature", "geometry": {"type": "Polygon", "coordinates": [[[-59.332336, -34.492941], [-59.337132, -34.495513], [-59.340559, -34.490849], [-59.335807, -34.488313], [-59.332336, -34.492941]]]}, "properties": {"ha": 31.6, "sup": 315751}}, {"type": "Feature", "geometry": {"type": "Polygon", "coordinates": [[[-59.334667, -34.500519], [-59.329513, -34.49792], [-59.327414, -34.501666], [-59.332765, -34.504381], [-59.334667, -34.500519]]]}, "properties": {"ha": 25.8, "sup": 257744}}, {"type": "Feature", "geometry": {"type": "Polygon", "coordinates": [[[-59.335448, -34.488792], [-59.33164, -34.486566], [-59.328056, -34.491368], [-59.32358, -34.49972], [-59.327414, -34.501666], [-59.332206, -34.493115], [-59.335448, -34.488792]]]}, "properties": {"ha": 68.5, "sup": 685031}}, {"type": "Feature", "geometry": {"type": "Polygon", "coordinates": [[[-59.346068, -34.474624], [-59.341993, -34.472691], [-59.33164, -34.486566], [-59.335448, -34.488792], [-59.346068, -34.474624]]]}, "properties": {"ha": 78.5, "sup": 785424}}, {"type": "Feature", "geometry": {"type": "Polygon", "coordinates": [[[-59.356204, -34.461098], [-59.352128, -34.459104], [-59.341993, -34.472691], [-59.346068, -34.474624], [-59.356204, -34.461098]]]}, "properties": {"ha": 76.6, "sup": 765984}}, {"type": "Feature", "geometry": {"type": "Polygon", "coordinates": [[[-59.374048, -34.504131], [-59.349336, -34.491673], [-59.345715, -34.496421], [-59.33935, -34.507722], [-59.364653, -34.520554], [-59.368376, -34.511625], [-59.374048, -34.504131]]]}, "properties": {"ha": 532.4, "sup": 5323748}}, {"type": "Feature", "geometry": {"type": "Polygon", "coordinates": [[[-59.369946, -34.502063], [-59.374048, -34.504131], [-59.401944, -34.467252], [-59.402928, -34.466045], [-59.398797, -34.463933], [-59.369946, -34.502063]]]}, "properties": {"ha": 220.0, "sup": 2199805}}, {"type": "Feature", "geometry": {"type": "Polygon", "coordinates": [[[-59.380625, -34.487956], [-59.398797, -34.463933], [-59.394346, -34.461658], [-59.37665, -34.485938], [-59.380625, -34.487956]]]}, "properties": {"ha": 142.9, "sup": 1429432}}, {"type": "Feature", "geometry": {"type": "Polygon", "coordinates": [[[-59.372084, -34.461833], [-59.388274, -34.469991], [-59.394346, -34.461658], [-59.378421, -34.453516], [-59.372084, -34.461833]]]}, "properties": {"ha": 187.8, "sup": 1878101}}, {"type": "Feature", "geometry": {"type": "Polygon", "coordinates": [[[-59.376541, -34.493351], [-59.368843, -34.490259], [-59.362831, -34.498477], [-59.369946, -34.502063], [-59.376541, -34.493351]]]}, "properties": {"ha": 85.3, "sup": 853277}}, {"type": "Feature", "geometry": {"type": "Polygon", "coordinates": [[[-59.378915, -34.482831], [-59.373968, -34.480376], [-59.366984, -34.489295], [-59.368843, -34.490259], [-59.376541, -34.493351], [-59.380625, -34.487956], [-59.37665, -34.485938], [-59.378915, -34.482831]]]}, "properties": {"ha": 94.9, "sup": 949421}}, {"type": "Feature", "geometry": {"type": "Polygon", "coordinates": [[[-59.375671, -34.472005], [-59.383728, -34.476229], [-59.388274, -34.469991], [-59.380305, -34.465976], [-59.375671, -34.472005]]]}, "properties": {"ha": 69.4, "sup": 693606}}, {"type": "Feature", "geometry": {"type": "Polygon", "coordinates": [[[-59.383728, -34.476229], [-59.375671, -34.472005], [-59.370578, -34.478631], [-59.378915, -34.482831], [-59.383728, -34.476229]]]}, "properties": {"ha": 76.7, "sup": 766654}}, {"type": "Feature", "geometry": {"type": "Polygon", "coordinates": [[[-59.366788, -34.468783], [-59.374971, -34.472916], [-59.380305, -34.465976], [-59.372084, -34.461833], [-59.366788, -34.468783]]]}, "properties": {"ha": 80.5, "sup": 804783}}, {"type": "Feature", "geometry": {"type": "Polygon", "coordinates": [[[-59.3618, -34.475326], [-59.369968, -34.479401], [-59.374971, -34.472916], [-59.366788, -34.468783], [-59.3618, -34.475326]]]}, "properties": {"ha": 75.2, "sup": 752220}}, {"type": "Feature", "geometry": {"type": "Polygon", "coordinates": [[[-59.355563, -34.483508], [-59.366984, -34.489295], [-59.373968, -34.480376], [-59.370578, -34.478631], [-59.369968, -34.479401], [-59.3618, -34.475326], [-59.355563, -34.483508]]]}, "properties": {"ha": 136.9, "sup": 1369096}}, {"type": "Feature", "geometry": {"type": "Polygon", "coordinates": [[[-59.404292, -34.486519], [-59.410784, -34.489785], [-59.420539, -34.47674], [-59.4141, -34.473455], [-59.404292, -34.486519]]]}, "properties": {"ha": 118.7, "sup": 1186619}}, {"type": "Feature", "geometry": {"type": "Polygon", "coordinates": [[[-59.394078, -34.500119], [-59.400518, -34.503507], [-59.410784, -34.489785], [-59.404292, -34.486519], [-59.394078, -34.500119]]]}, "properties": {"ha": 124.7, "sup": 1247157}}, {"type": "Feature", "geometry": {"type": "Polygon", "coordinates": [[[-59.390345, -34.517101], [-59.384137, -34.51335], [-59.382141, -34.516006], [-59.377088, -34.526857], [-59.383837, -34.530277], [-59.389283, -34.51852], [-59.390345, -34.517101]]]}, "properties": {"ha": 114.6, "sup": 1145625}}, {"type": "Feature", "geometry": {"type": "Polygon", "coordinates": [[[-59.402264, -34.524225], [-59.393947, -34.520221], [-59.387934, -34.532352], [-59.396439, -34.536661], [-59.402264, -34.524225]]]}, "properties": {"ha": 130.2, "sup": 1302105}}, {"type": "Feature", "geometry": {"type": "Polygon", "coordinates": [[[-59.405558, -34.519888], [-59.397714, -34.515815], [-59.393947, -34.520221], [-59.402264, -34.524225], [-59.405558, -34.519888]]]}, "properties": {"ha": 50.5, "sup": 504989}}, {"type": "Feature", "geometry": {"type": "Polygon", "coordinates": [[[-59.397714, -34.515815], [-59.405558, -34.519888], [-59.413378, -34.509592], [-59.403285, -34.50463], [-59.395819, -34.514594], [-59.397714, -34.515815]]]}, "properties": {"ha": 143.2, "sup": 1432101}}, {"type": "Feature", "geometry": {"type": "Polygon", "coordinates": [[[-59.43043, -34.487129], [-59.452557, -34.498858], [-59.458852, -34.490286], [-59.444534, -34.484091], [-59.441584, -34.487472], [-59.433354, -34.483275], [-59.43043, -34.487129]]]}, "properties": {"ha": 203.5, "sup": 2035274}}, {"type": "Feature", "geometry": {"type": "Polygon", "coordinates": [[[-59.425286, -34.493906], [-59.447583, -34.505632], [-59.452557, -34.498858], [-59.43043, -34.487129], [-59.425286, -34.493906]]]}, "properties": {"ha": 213.8, "sup": 2137972}}, {"type": "Feature", "geometry": {"type": "Polygon", "coordinates": [[[-59.418868, -34.502361], [-59.427412, -34.506874], [-59.430244, -34.503203], [-59.444156, -34.510298], [-59.447583, -34.505632], [-59.425286, -34.493906], [-59.418868, -34.502361]]]}, "properties": {"ha": 195.7, "sup": 1956655}}, {"type": "Feature", "geometry": {"type": "Polygon", "coordinates": [[[-59.412894, -34.510228], [-59.417474, -34.512261], [-59.407355, -34.52579], [-59.401583, -34.539266], [-59.405377, -34.541187], [-59.41123, -34.527842], [-59.427412, -34.506874], [-59.418868, -34.502361], [-59.412894, -34.510228]]]}, "properties": {"ha": 234.0, "sup": 2339846}}, {"type": "Feature", "geometry": {"type": "Polygon", "coordinates": [[[-59.407355, -34.52579], [-59.403014, -34.523237], [-59.402233, -34.524265], [-59.396439, -34.536661], [-59.401583, -34.539266], [-59.407355, -34.52579]]]}, "properties": {"ha": 83.1, "sup": 830795}}, {"type": "Feature", "geometry": {"type": "Polygon", "coordinates": [[[-59.403014, -34.523237], [-59.407355, -34.52579], [-59.417474, -34.512261], [-59.412894, -34.510228], [-59.403014, -34.523237]]]}, "properties": {"ha": 83.6, "sup": 836400}}, {"type": "Feature", "geometry": {"type": "Polygon", "coordinates": [[[-59.430942, -34.549231], [-59.407098, -34.537263], [-59.405377, -34.541187], [-59.429015, -34.553153], [-59.430942, -34.549231]]]}, "properties": {"ha": 117.3, "sup": 1173165}}, {"type": "Feature", "geometry": {"type": "Polygon", "coordinates": [[[-59.429735, -34.537436], [-59.41125, -34.527817], [-59.407098, -34.537263], [-59.425527, -34.546493], [-59.428573, -34.538965], [-59.429735, -34.537436]]]}, "properties": {"ha": 212.0, "sup": 2119762}}, {"type": "Feature", "geometry": {"type": "Polygon", "coordinates": [[[-59.435987, -34.529208], [-59.417573, -34.519625], [-59.41125, -34.527817], [-59.429735, -34.537436], [-59.435987, -34.529208]]]}, "properties": {"ha": 215.8, "sup": 2157733}}, {"type": "Feature", "geometry": {"type": "Polygon", "coordinates": [[[-59.441958, -34.521348], [-59.423508, -34.511934], [-59.417573, -34.519625], [-59.435987, -34.529208], [-59.441958, -34.521348]]]}, "properties": {"ha": 203.6, "sup": 2035813}}, {"type": "Feature", "geometry": {"type": "Polygon", "coordinates": [[[-59.428582, -34.548038], [-59.430942, -34.549231], [-59.436527, -34.537863], [-59.449343, -34.521431], [-59.446759, -34.520025], [-59.432219, -34.538982], [-59.428582, -34.548038]]]}, "properties": {"ha": 98.9, "sup": 989358}}, {"type": "Feature", "geometry": {"type": "Polygon", "coordinates": [[[-59.428582, -34.548038], [-59.432219, -34.538982], [-59.446759, -34.520025], [-59.444074, -34.518563], [-59.428573, -34.538965], [-59.425527, -34.546493], [-59.428582, -34.548038]]]}, "properties": {"ha": 105.7, "sup": 1057132}}, {"type": "Feature", "geometry": {"type": "Polygon", "coordinates": [[[-59.460963, -34.500054], [-59.464485, -34.502006], [-59.469914, -34.495038], [-59.46603, -34.49337], [-59.460963, -34.500054]]]}, "properties": {"ha": 35.4, "sup": 354295}}, {"type": "Feature", "geometry": {"type": "Polygon", "coordinates": [[[-59.458421, -34.503407], [-59.461949, -34.50526], [-59.464485, -34.502006], [-59.460963, -34.500054], [-59.458421, -34.503407]]]}, "properties": {"ha": 16.8, "sup": 167866}}, {"type": "Feature", "geometry": {"type": "Polygon", "coordinates": [[[-59.455912, -34.506716], [-59.459377, -34.50856], [-59.461949, -34.50526], [-59.458421, -34.503407], [-59.455912, -34.506716]]]}, "properties": {"ha": 16.6, "sup": 165530}}, {"type": "Feature", "geometry": {"type": "Polygon", "coordinates": [[[-59.459377, -34.50856], [-59.455912, -34.506716], [-59.446093, -34.519662], [-59.449343, -34.521431], [-59.459377, -34.50856]]]}, "properties": {"ha": 62.4, "sup": 624095}}, {"type": "Feature", "geometry": {"type": "Polygon", "coordinates": [[[-59.444642, -34.518873], [-59.446093, -34.519662], [-59.46603, -34.49337], [-59.464443, -34.492688], [-59.444642, -34.518873]]]}, "properties": {"ha": 55.5, "sup": 555031}}, {"type": "Feature", "geometry": {"type": "Polygon", "coordinates": [[[-59.445642, -34.515825], [-59.44578, -34.516416], [-59.444074, -34.518563], [-59.444642, -34.518873], [-59.464443, -34.492688], [-59.463552, -34.492305], [-59.445642, -34.515825]]]}, "properties": {"ha": 32.0, "sup": 319731}}, {"type": "Feature", "geometry": {"type": "Polygon", "coordinates": [[[-59.445101, -34.514295], [-59.445401, -34.514798], [-59.445642, -34.515825], [-59.463552, -34.492305], [-59.461925, -34.491606], [-59.445101, -34.514295]]]}, "properties": {"ha": 45.1, "sup": 451272}}, {"type": "Feature", "geometry": {"type": "Polygon", "coordinates": [[[-59.444507, -34.5121], [-59.460258, -34.49089], [-59.458852, -34.490286], [-59.444156, -34.510298], [-59.444507, -34.5121]]]}, "properties": {"ha": 37.1, "sup": 371282}}, {"type": "Feature", "geometry": {"type": "Polygon", "coordinates": [[[-59.444507, -34.5121], [-59.444628, -34.513501], [-59.445101, -34.514295], [-59.461925, -34.491606], [-59.460258, -34.49089], [-59.444507, -34.5121]]]}, "properties": {"ha": 49.7, "sup": 497216}}, {"type": "Feature", "geometry": {"type": "Polygon", "coordinates": [[[-59.337352, -34.420901], [-59.33974, -34.4227], [-59.399207, -34.375971], [-59.398141, -34.373584], [-59.337352, -34.420901]]]}, "properties": {"ha": 211.2, "sup": 2112138}}, {"type": "Feature", "geometry": {"type": "Polygon", "coordinates": [[[-59.340706, -34.427725], [-59.335127, -34.422631], [-59.33385, -34.423624], [-59.339842, -34.428398], [-59.340706, -34.427725]]]}, "properties": {"ha": 10.3, "sup": 102984}}, {"type": "Feature", "geometry": {"type": "Polygon", "coordinates": [[[-59.342027, -34.426696], [-59.336169, -34.421821], [-59.335127, -34.422631], [-59.340706, -34.427725], [-59.342027, -34.426696]]]}, "properties": {"ha": 11.4, "sup": 113715}}, {"type": "Feature", "geometry": {"type": "Polygon", "coordinates": [[[-59.34303, -34.425916], [-59.33974, -34.4227], [-59.337352, -34.420901], [-59.336169, -34.421821], [-59.342027, -34.426696], [-59.34303, -34.425916]]]}, "properties": {"ha": 11.4, "sup": 114112}}, {"type": "Feature", "geometry": {"type": "Polygon", "coordinates": [[[-59.33974, -34.4227], [-59.34303, -34.425916], [-59.353603, -34.417683], [-59.350257, -34.414442], [-59.33974, -34.4227]]]}, "properties": {"ha": 62.6, "sup": 626163}}, {"type": "Feature", "geometry": {"type": "Polygon", "coordinates": [[[-59.345816, -34.430086], [-59.342027, -34.426696], [-59.339842, -34.428398], [-59.33385, -34.423624], [-59.328356, -34.427896], [-59.340596, -34.434163], [-59.345816, -34.430086]]]}, "properties": {"ha": 84.0, "sup": 839681}}, {"type": "Feature", "geometry": {"type": "Polygon", "coordinates": [[[-59.347898, -34.42846], [-59.344231, -34.42498], [-59.342027, -34.426696], [-59.345816, -34.430086], [-59.347898, -34.42846]]]}, "properties": {"ha": 13.9, "sup": 138573}}, {"type": "Feature", "geometry": {"type": "Polygon", "coordinates": [[[-59.351009, -34.413851], [-59.358605, -34.420095], [-59.359921, -34.419067], [-59.35247, -34.412704], [-59.351009, -34.413851]]]}, "properties": {"ha": 17.3, "sup": 172718}}, {"type": "Feature", "geometry": {"type": "Polygon", "coordinates": [[[-59.358605, -34.420095], [-59.351009, -34.413851], [-59.350257, -34.414442], [-59.353603, -34.417683], [-59.344231, -34.42498], [-59.347898, -34.42846], [-59.358605, -34.420095]]]}, "properties": {"ha": 73.6, "sup": 736103}}, {"type": "Feature", "geometry": {"type": "Polygon", "coordinates": [[[-59.370435, -34.409281], [-59.363999, -34.403647], [-59.35247, -34.412704], [-59.359921, -34.419067], [-59.363217, -34.416491], [-59.362246, -34.415442], [-59.370435, -34.409281]]]}, "properties": {"ha": 129.4, "sup": 1293577}}, {"type": "Feature", "geometry": {"type": "Polygon", "coordinates": [[[-59.372746, -34.407542], [-59.366241, -34.401886], [-59.363999, -34.403647], [-59.370435, -34.409281], [-59.372746, -34.407542]]]}, "properties": {"ha": 24.7, "sup": 246582}}, {"type": "Feature", "geometry": {"type": "Polygon", "coordinates": [[[-59.378633, -34.403112], [-59.371911, -34.39743], [-59.366241, -34.401886], [-59.372746, -34.407542], [-59.378633, -34.403112]]]}, "properties": {"ha": 63.4, "sup": 633854}}, {"type": "Feature", "geometry": {"type": "Polygon", "coordinates": [[[-59.389125, -34.395214], [-59.382167, -34.389369], [-59.371911, -34.39743], [-59.378633, -34.403112], [-59.389125, -34.395214]]]}, "properties": {"ha": 116.7, "sup": 1166588}}, {"type": "Feature", "geometry": {"type": "Polygon", "coordinates": [[[-59.391364, -34.382139], [-59.395557, -34.385844], [-59.397761, -34.384279], [-59.400548, -34.386613], [-59.404829, -34.383389], [-59.403389, -34.382052], [-59.401485, -34.380943], [-59.400749, -34.380326], [-59.400137, -34.379633], [-59.399503, -34.377686], [-59.399264, -34.376662], [-59.399207, -34.375971], [-59.391364, -34.382139]]]}, "properties": {"ha": 67.7, "sup": 677214}}, {"type": "Feature", "geometry": {"type": "Polygon", "coordinates": [[[-59.400548, -34.386613], [-59.397761, -34.384279], [-59.395557, -34.385844], [-59.391364, -34.382139], [-59.382167, -34.389369], [-59.389125, -34.395214], [-59.400548, -34.386613]]]}, "properties": {"ha": 116.5, "sup": 1165100}}, {"type": "Feature", "geometry": {"type": "Polygon", "coordinates": [[[-59.367742, -34.420495], [-59.363217, -34.416491], [-59.340596, -34.434163], [-59.346326, -34.437096], [-59.367742, -34.420495]]]}, "properties": {"ha": 167.5, "sup": 1674722}}, {"type": "Feature", "geometry": {"type": "Polygon", "coordinates": [[[-59.365814, -34.418789], [-59.367742, -34.420495], [-59.388398, -34.404472], [-59.386513, -34.402831], [-59.365814, -34.418789]]]}, "properties": {"ha": 66.4, "sup": 663937}}, {"type": "Feature", "geometry": {"type": "Polygon", "coordinates": [[[-59.365814, -34.418789], [-59.386513, -34.402831], [-59.388398, -34.404472], [-59.408528, -34.388849], [-59.40819, -34.38788], [-59.407515, -34.387391], [-59.406931, -34.387056], [-59.406196, -34.386362], [-59.405769, -34.385618], [-59.404829, -34.383389], [-59.362246, -34.415442], [-59.363217, -34.416491], [-59.365814, -34.418789]]]}, "properties": {"ha": 305.5, "sup": 3055494}}, {"type": "Feature", "geometry": {"type": "Polygon", "coordinates": [[[-59.350308, -34.439134], [-59.412198, -34.393231], [-59.411914, -34.392718], [-59.411672, -34.392069], [-59.411223, -34.391521], [-59.410161, -34.390528], [-59.409097, -34.389738], [-59.408528, -34.388849], [-59.346326, -34.437096], [-59.350308, -34.439134]]]}, "properties": {"ha": 387.6, "sup": 3875955}}, {"type": "Feature", "geometry": {"type": "Polygon", "coordinates": [[[-59.40196, -34.40083], [-59.407563, -34.406009], [-59.417383, -34.398847], [-59.416483, -34.398161], [-59.415953, -34.397442], [-59.415547, -34.39669], [-59.414892, -34.396176], [-59.414362, -34.395491], [-59.41412, -34.394911], [-59.413589, -34.394294], [-59.412198, -34.393231], [-59.40196, -34.40083]]]}, "properties": {"ha": 96.2, "sup": 962372}}, {"type": "Feature", "geometry": {"type": "Polygon", "coordinates": [[[-59.3579, -34.443019], [-59.375146, -34.429661], [-59.370043, -34.424506], [-59.350308, -34.439134], [-59.3579, -34.443019]]]}, "properties": {"ha": 175.8, "sup": 1757806}}, {"type": "Feature", "geometry": {"type": "Polygon", "coordinates": [[[-59.383997, -34.426776], [-59.37587, -34.420185], [-59.370043, -34.424506], [-59.375146, -34.429661], [-59.3579, -34.443019], [-59.360572, -34.444386], [-59.383997, -34.426776]]]}, "properties": {"ha": 143.5, "sup": 1435026}}, {"type": "Feature", "geometry": {"type": "Polygon", "coordinates": [[[-59.37587, -34.420185], [-59.383997, -34.426776], [-59.408587, -34.408277], [-59.417634, -34.416078], [-59.430739, -34.406649], [-59.429024, -34.404766], [-59.428495, -34.403945], [-59.428008, -34.402954], [-59.42719, -34.402235], [-59.426002, -34.401479], [-59.424609, -34.40079], [-59.423336, -34.400478], [-59.420788, -34.400159], [-59.420172, -34.399951], [-59.419189, -34.399333], [-59.41878, -34.39899], [-59.418164, -34.398851], [-59.417383, -34.398847], [-59.407563, -34.406009], [-59.40196, -34.40083], [-59.37587, -34.420185]]]}, "properties": {"ha": 555.6, "sup": 5555585}}, {"type": "Feature", "geometry": {"type": "Polygon", "coordinates": [[[-59.383203, -34.441501], [-59.375385, -34.433252], [-59.360572, -34.444386], [-59.371629, -34.450043], [-59.383203, -34.441501]]]}, "properties": {"ha": 188.2, "sup": 1881909}}, {"type": "Feature", "geometry": {"type": "Polygon", "coordinates": [[[-59.375385, -34.433252], [-59.383203, -34.441501], [-59.417634, -34.416078], [-59.408587, -34.408277], [-59.375385, -34.433252]]]}, "properties": {"ha": 493.5, "sup": 4934683}}, {"type": "Feature", "geometry": {"type": "Polygon", "coordinates": [[[-59.415398, -34.41773], [-59.418905, -34.420287], [-59.419848, -34.423977], [-59.43477, -34.412805], [-59.43457, -34.411883], [-59.433717, -34.410243], [-59.432944, -34.409046], [-59.431843, -34.407541], [-59.430739, -34.406649], [-59.415398, -34.41773]]]}, "properties": {"ha": 141.7, "sup": 1416885}}, {"type": "Feature", "geometry": {"type": "Polygon", "coordinates": [[[-59.375777, -34.452164], [-59.379576, -34.454107], [-59.419848, -34.423977], [-59.418905, -34.420287], [-59.375777, -34.452164]]]}, "properties": {"ha": 194.7, "sup": 1946774}}, {"type": "Feature", "geometry": {"type": "Polygon", "coordinates": [[[-59.375777, -34.452164], [-59.418905, -34.420287], [-59.415398, -34.41773], [-59.371629, -34.450043], [-59.375777, -34.452164]]]}, "properties": {"ha": 228.9, "sup": 2289004}}, {"type": "Feature", "geometry": {"type": "Polygon", "coordinates": [[[-59.46357, -34.421583], [-59.470936, -34.428122], [-59.480321, -34.421323], [-59.472808, -34.414694], [-59.46357, -34.421583]]]}, "properties": {"ha": 114.4, "sup": 1144430}}, {"type": "Feature", "geometry": {"type": "Polygon", "coordinates": [[[-59.454868, -34.428072], [-59.461982, -34.434608], [-59.470936, -34.428122], [-59.46357, -34.421583], [-59.454868, -34.428072]]]}, "properties": {"ha": 106.7, "sup": 1067472}}, {"type": "Feature", "geometry": {"type": "Polygon", "coordinates": [[[-59.454415, -34.440326], [-59.458682, -34.436998], [-59.461982, -34.434608], [-59.454868, -34.428072], [-59.448425, -34.432875], [-59.4496, -34.434761], [-59.45082, -34.437051], [-59.452127, -34.438454], [-59.453479, -34.439347], [-59.454297, -34.440101], [-59.454415, -34.440326]]]}, "properties": {"ha": 88.1, "sup": 881346}}, {"type": "Feature", "geometry": {"type": "Polygon", "coordinates": [[[-59.454415, -34.440326], [-59.454582, -34.440647], [-59.454363, -34.442658], [-59.454826, -34.443829], [-59.455895, -34.44448], [-59.456183, -34.445209], [-59.456274, -34.446179], [-59.457333, -34.448365], [-59.458198, -34.45039], [-59.458376, -34.453057], [-59.460113, -34.455974], [-59.462422, -34.460995], [-59.465576, -34.463943], [-59.478079, -34.454929], [-59.458682, -34.436998], [-59.454415, -34.440326]]]}, "properties": {"ha": 303.1, "sup": 3030569}}, {"type": "Feature", "geometry": {"type": "Polygon", "coordinates": [[[-59.44263, -34.425308], [-59.44459, -34.427067], [-59.446225, -34.428643], [-59.446467, -34.42936], [-59.447318, -34.431341], [-59.448425, -34.432875], [-59.472808, -34.414694], [-59.480321, -34.421323], [-59.497634, -34.408775], [-59.483089, -34.395622], [-59.44263, -34.425308]]]}, "properties": {"ha": 699.2, "sup": 6991838}}, {"type": "Feature", "geometry": {"type": "Polygon", "coordinates": [[[-59.468542, -34.395708], [-59.438923, -34.418267], [-59.439454, -34.419713], [-59.440265, -34.421626], [-59.44128, -34.423608], [-59.442054, -34.424805], [-59.44263, -34.425308], [-59.483089, -34.395622], [-59.484013, -34.394852], [-59.477884, -34.388793], [-59.468542, -34.395708]]]}, "properties": {"ha": 425.9, "sup": 4259439}}, {"type": "Feature", "geometry": {"type": "Polygon", "coordinates": [[[-59.436449, -34.414962], [-59.438727, -34.417733], [-59.438923, -34.418267], [-59.468542, -34.395708], [-59.465538, -34.392914], [-59.436449, -34.414962]]]}, "properties": {"ha": 153.3, "sup": 1532682}}, {"type": "Feature", "geometry": {"type": "Polygon", "coordinates": [[[-59.429174, -34.404931], [-59.430739, -34.406649], [-59.431843, -34.407541], [-59.432944, -34.409046], [-59.433717, -34.410243], [-59.43457, -34.411883], [-59.43477, -34.412805], [-59.435298, -34.41383], [-59.436449, -34.414962], [-59.465538, -34.392914], [-59.456584, -34.384586], [-59.429174, -34.404931]]]}, "properties": {"ha": 436.5, "sup": 4365127}}, {"type": "Feature", "geometry": {"type": "Polygon", "coordinates": [[[-59.418843, -34.399042], [-59.419189, -34.399333], [-59.420172, -34.399951], [-59.420788, -34.400159], [-59.423336, -34.400478], [-59.424609, -34.40079], [-59.426002, -34.401479], [-59.42719, -34.402235], [-59.428008, -34.402954], [-59.428495, -34.403945], [-59.429174, -34.404931], [-59.456584, -34.384586], [-59.448447, -34.377016], [-59.418843, -34.399042]]]}, "properties": {"ha": 386.2, "sup": 3861566}}, {"type": "Feature", "geometry": {"type": "Polygon", "coordinates": [[[-59.415968, -34.397463], [-59.431401, -34.385589], [-59.428636, -34.383037], [-59.413716, -34.394442], [-59.41412, -34.394911], [-59.414362, -34.395491], [-59.414892, -34.396176], [-59.415547, -34.39669], [-59.415968, -34.397463]]]}, "properties": {"ha": 73.0, "sup": 729510}}, {"type": "Feature", "geometry": {"type": "Polygon", "coordinates": [[[-59.428636, -34.383037], [-59.431401, -34.385589], [-59.415968, -34.397463], [-59.416483, -34.398161], [-59.417383, -34.398847], [-59.418164, -34.398851], [-59.418843, -34.399042], [-59.448447, -34.377016], [-59.462694, -34.366566], [-59.460271, -34.364524], [-59.447592, -34.373924], [-59.444144, -34.371178], [-59.428636, -34.383037]]]}, "properties": {"ha": 255.5, "sup": 2555074}}, {"type": "Feature", "geometry": {"type": "Polygon", "coordinates": [[[-59.424977, -34.385628], [-59.414742, -34.360452], [-59.398012, -34.373476], [-59.399078, -34.375863], [-59.399134, -34.376554], [-59.399374, -34.377578], [-59.400008, -34.379524], [-59.40062, -34.380218], [-59.401355, -34.380835], [-59.40326, -34.381944], [-59.4047, -34.38328], [-59.40564, -34.38551], [-59.406067, -34.386253], [-59.406802, -34.386947], [-59.407386, -34.387282], [-59.408061, -34.387772], [-59.408398, -34.388741], [-59.408968, -34.38963], [-59.410032, -34.390419], [-59.411094, -34.391413], [-59.411543, -34.391961], [-59.411785, -34.39261], [-59.412069, -34.393122], [-59.413587, -34.394333], [-59.424977, -34.385628]]]}, "properties": {"ha": 495.9, "sup": 4958947}}, {"type": "Feature", "geometry": {"type": "Polygon", "coordinates": [[[-59.414742, -34.360452], [-59.424977, -34.385628], [-59.429802, -34.381939], [-59.419402, -34.356874], [-59.414742, -34.360452]]]}, "properties": {"ha": 159.8, "sup": 1598245}}, {"type": "Feature", "geometry": {"type": "Polygon", "coordinates": [[[-59.456356, -34.361223], [-59.442377, -34.349434], [-59.435675, -34.354934], [-59.450024, -34.366098], [-59.456356, -34.361223]]]}, "properties": {"ha": 151.3, "sup": 1513078}}, {"type": "Feature", "geometry": {"type": "Polygon", "coordinates": [[[-59.426517, -34.373821], [-59.442852, -34.360518], [-59.435675, -34.354934], [-59.442377, -34.349434], [-59.440144, -34.347551], [-59.443785, -34.344916], [-59.434602, -34.337176], [-59.422141, -34.346132], [-59.426839, -34.351371], [-59.419532, -34.356982], [-59.426517, -34.373821]]]}, "properties": {"ha": 496.8, "sup": 4967578}}, {"type": "Feature", "geometry": {"type": "Polygon", "coordinates": [[[-59.443429, -34.371725], [-59.436662, -34.36556], [-59.426517, -34.373821], [-59.429931, -34.382048], [-59.443429, -34.371725]]]}, "properties": {"ha": 135.1, "sup": 1350720}}, {"type": "Feature", "geometry": {"type": "Polygon", "coordinates": [[[-59.436662, -34.36556], [-59.443429, -34.371725], [-59.444144, -34.371178], [-59.447592, -34.373924], [-59.460271, -34.364524], [-59.456356, -34.361223], [-59.450024, -34.366098], [-59.442852, -34.360518], [-59.436662, -34.36556]]]}, "properties": {"ha": 153.0, "sup": 1529986}}, {"type": "Feature", "geometry": {"type": "Polygon", "coordinates": [[[-59.468487, -34.554839], [-59.480022, -34.560284], [-59.498872, -34.536575], [-59.487068, -34.53069], [-59.468487, -34.554839]]]}, "properties": {"ha": 392.3, "sup": 3923147}}, {"type": "Feature", "geometry": {"type": "Polygon", "coordinates": [[[-59.465202, -34.562128], [-59.476275, -34.567473], [-59.476777, -34.564363], [-59.480022, -34.560284], [-59.468487, -34.554839], [-59.465202, -34.562128]]]}, "properties": {"ha": 98.5, "sup": 985292}}, {"type": "Feature", "geometry": {"type": "Polygon", "coordinates": [[[-59.461726, -34.569838], [-59.465202, -34.562128], [-59.452975, -34.556225], [-59.450363, -34.564043], [-59.461726, -34.569838]]]}, "properties": {"ha": 111.4, "sup": 1113612}}, {"type": "Feature", "geometry": {"type": "Polygon", "coordinates": [[[-59.443154, -34.549508], [-59.453393, -34.554975], [-59.454513, -34.551622], [-59.463504, -34.540249], [-59.453319, -34.534788], [-59.443154, -34.549508]]]}, "properties": {"ha": 200.6, "sup": 2006419}}, {"type": "Feature", "geometry": {"type": "Polygon", "coordinates": [[[-59.433009, -34.4831], [-59.441584, -34.487472], [-59.444534, -34.484091], [-59.453951, -34.48818], [-59.469376, -34.476385], [-59.465576, -34.463943], [-59.462422, -34.460995], [-59.433009, -34.4831]]]}, "properties": {"ha": 491.1, "sup": 4911186}}, {"type": "Feature", "geometry": {"type": "Polygon", "coordinates": [[[-59.420792, -34.476869], [-59.433009, -34.4831], [-59.462422, -34.460995], [-59.460113, -34.455974], [-59.458376, -34.453057], [-59.458198, -34.45039], [-59.457333, -34.448365], [-59.420792, -34.476869]]]}, "properties": {"ha": 536.6, "sup": 5366484}}, {"type": "Feature", "geometry": {"type": "Polygon", "coordinates": [[[-59.4141, -34.473455], [-59.420792, -34.476869], [-59.457333, -34.448365], [-59.456274, -34.446179], [-59.456183, -34.445209], [-59.447163, -34.447876], [-59.448123, -34.450305], [-59.443234, -34.45198], [-59.443043, -34.451252], [-59.440697, -34.451968], [-59.441078, -34.453425], [-59.438635, -34.453979], [-59.4141, -34.473455]]]}, "properties": {"ha": 314.8, "sup": 3148182}}, {"type": "Feature", "geometry": {"type": "Polygon", "coordinates": [[[-59.412919, -34.466096], [-59.410439, -34.463931], [-59.405759, -34.467481], [-59.407375, -34.470024], [-59.407641, -34.470159], [-59.412919, -34.466096]]]}, "properties": {"ha": 21.0, "sup": 209859}}, {"type": "Feature", "geometry": {"type": "Polygon", "coordinates": [[[-59.415393, -34.464191], [-59.412971, -34.46201], [-59.410439, -34.463931], [-59.412919, -34.466096], [-59.415393, -34.464191]]]}, "properties": {"ha": 10.3, "sup": 103210}}, {"type": "Feature", "geometry": {"type": "Polygon", "coordinates": [[[-59.417829, -34.462315], [-59.415284, -34.460255], [-59.412971, -34.46201], [-59.415393, -34.464191], [-59.417829, -34.462315]]]}, "properties": {"ha": 9.7, "sup": 97318}}, {"type": "Feature", "geometry": {"type": "Polygon", "coordinates": [[[-59.420247, -34.460453], [-59.417825, -34.458327], [-59.415284, -34.460255], [-59.417829, -34.462315], [-59.420247, -34.460453]]]}, "properties": {"ha": 10.1, "sup": 100893}}, {"type": "Feature", "geometry": {"type": "Polygon", "coordinates": [[[-59.422329, -34.45885], [-59.419277, -34.45608], [-59.417146, -34.457677], [-59.420247, -34.460453], [-59.422329, -34.45885]]]}, "properties": {"ha": 11.0, "sup": 110377}}, {"type": "Feature", "geometry": {"type": "Polygon", "coordinates": [[[-59.424349, -34.457295], [-59.421316, -34.454551], [-59.419277, -34.45608], [-59.422329, -34.45885], [-59.424349, -34.457295]]]}, "properties": {"ha": 10.5, "sup": 104869}}, {"type": "Feature", "geometry": {"type": "Polygon", "coordinates": [[[-59.423493, -34.456521], [-59.424349, -34.457295], [-59.431528, -34.451764], [-59.431079, -34.450494], [-59.423493, -34.456521]]]}, "properties": {"ha": 11.5, "sup": 115348}}, {"type": "Feature", "geometry": {"type": "Polygon", "coordinates": [[[-59.423493, -34.456521], [-59.431079, -34.450494], [-59.430166, -34.447917], [-59.421316, -34.454551], [-59.423493, -34.456521]]]}, "properties": {"ha": 29.0, "sup": 290120}}, {"type": "Feature", "geometry": {"type": "Polygon", "coordinates": [[[-59.416177, -34.471807], [-59.413342, -34.46577], [-59.407641, -34.470159], [-59.4141, -34.473455], [-59.416177, -34.471807]]]}, "properties": {"ha": 32.8, "sup": 327910}}, {"type": "Feature", "geometry": {"type": "Polygon", "coordinates": [[[-59.418393, -34.461881], [-59.419762, -34.464777], [-59.424287, -34.461302], [-59.422935, -34.458384], [-59.418393, -34.461881]]]}, "properties": {"ha": 18.3, "sup": 182685}}, {"type": "Feature", "geometry": {"type": "Polygon", "coordinates": [[[-59.415795, -34.467822], [-59.414652, -34.464762], [-59.413342, -34.46577], [-59.4147, -34.468662], [-59.415795, -34.467822]]]}, "properties": {"ha": 4.8, "sup": 48267}}, {"type": "Feature", "geometry": {"type": "Polygon", "coordinates": [[[-59.414652, -34.464762], [-59.415795, -34.467822], [-59.419762, -34.464777], [-59.418393, -34.461881], [-59.414652, -34.464762]]]}, "properties": {"ha": 15.5, "sup": 154882}}, {"type": "Feature", "geometry": {"type": "Polygon", "coordinates": [[[-59.423219, -34.462122], [-59.424649, -34.465083], [-59.425666, -34.464276], [-59.424287, -34.461302], [-59.423219, -34.462122]]]}, "properties": {"ha": 4.3, "sup": 43168}}, {"type": "Feature", "geometry": {"type": "Polygon", "coordinates": [[[-59.421679, -34.463304], [-59.423241, -34.466201], [-59.424649, -34.465083], [-59.423219, -34.462122], [-59.421679, -34.463304]]]}, "properties": {"ha": 6.2, "sup": 61557}}, {"type": "Feature", "geometry": {"type": "Polygon", "coordinates": [[[-59.420407, -34.464281], [-59.421894, -34.467269], [-59.423241, -34.466201], [-59.421679, -34.463304], [-59.420407, -34.464281]]]}, "properties": {"ha": 5.5, "sup": 55149}}, {"type": "Feature", "geometry": {"type": "Polygon", "coordinates": [[[-59.418875, -34.465457], [-59.420394, -34.46846], [-59.421894, -34.467269], [-59.420407, -34.464281], [-59.418875, -34.465457]]]}, "properties": {"ha": 6.4, "sup": 64428}}, {"type": "Feature", "geometry": {"type": "Polygon", "coordinates": [[[-59.417419, -34.466575], [-59.418768, -34.46975], [-59.420394, -34.46846], [-59.418875, -34.465457], [-59.417419, -34.466575]]]}, "properties": {"ha": 6.6, "sup": 66118}}, {"type": "Feature", "geometry": {"type": "Polygon", "coordinates": [[[-59.418768, -34.46975], [-59.417419, -34.466575], [-59.4147, -34.468662], [-59.416177, -34.471807], [-59.418768, -34.46975]]]}, "properties": {"ha": 11.5, "sup": 115358}}, {"type": "Feature", "geometry": {"type": "Polygon", "coordinates": [[[-59.427108, -34.459986], [-59.428124, -34.462325], [-59.430535, -34.460411], [-59.429884, -34.459008], [-59.427108, -34.459986]]]}, "properties": {"ha": 6.2, "sup": 61735}}, {"type": "Feature", "geometry": {"type": "Polygon", "coordinates": [[[-59.428124, -34.462325], [-59.427108, -34.459986], [-59.424159, -34.461025], [-59.425666, -34.464276], [-59.428124, -34.462325]]]}, "properties": {"ha": 9.6, "sup": 96243}}, {"type": "Feature", "geometry": {"type": "Polygon", "coordinates": [[[-59.424349, -34.457295], [-59.422935, -34.458384], [-59.424159, -34.461025], [-59.427572, -34.459823], [-59.426112, -34.456774], [-59.424349, -34.457295]]]}, "properties": {"ha": 12.1, "sup": 120827}}, {"type": "Feature", "geometry": {"type": "Polygon", "coordinates": [[[-59.43265, -34.455996], [-59.433585, -34.457989], [-59.438635, -34.453979], [-59.43265, -34.455996]]]}, "properties": {"ha": 7.0, "sup": 70418}}, {"type": "Feature", "geometry": {"type": "Polygon", "coordinates": [[[-59.430682, -34.456659], [-59.431752, -34.459445], [-59.433585, -34.457989], [-59.43265, -34.455996], [-59.430682, -34.456659]]]}, "properties": {"ha": 5.7, "sup": 57117}}, {"type": "Feature", "geometry": {"type": "Polygon", "coordinates": [[[-59.431752, -34.459445], [-59.430682, -34.456659], [-59.428259, -34.45583], [-59.426112, -34.456774], [-59.427572, -34.459823], [-59.429884, -34.459008], [-59.430535, -34.460411], [-59.431752, -34.459445]]]}, "properties": {"ha": 15.3, "sup": 153003}}, {"type": "Feature", "geometry": {"type": "Polygon", "coordinates": [[[-59.431306, -34.451137], [-59.433059, -34.449675], [-59.433871, -34.448588], [-59.434823, -34.448471], [-59.433628, -34.445322], [-59.430166, -34.447917], [-59.431306, -34.451137]]]}, "properties": {"ha": 13.7, "sup": 137428}}, {"type": "Feature", "geometry": {"type": "Polygon", "coordinates": [[[-59.433628, -34.445322], [-59.434823, -34.448471], [-59.433871, -34.448588], [-59.433059, -34.449675], [-59.431306, -34.451137], [-59.431528, -34.451764], [-59.424349, -34.457295], [-59.426112, -34.456774], [-59.428259, -34.45583], [-59.430682, -34.456659], [-59.438635, -34.453979], [-59.441078, -34.453425], [-59.440697, -34.451968], [-59.443043, -34.451252], [-59.443234, -34.45198], [-59.448123, -34.450305], [-59.447163, -34.447876], [-59.456183, -34.445209], [-59.455895, -34.44448], [-59.454826, -34.443829], [-59.454363, -34.442658], [-59.454582, -34.440647], [-59.454297, -34.440101], [-59.453479, -34.439347], [-59.452127, -34.438454], [-59.45082, -34.437051], [-59.450088, -34.435615], [-59.449031, -34.43377], [-59.433628, -34.445322]]]}, "properties": {"ha": 280.0, "sup": 2800158}}, {"type": "Feature", "geometry": {"type": "Polygon", "coordinates": [[[-59.295509, -34.411548], [-59.300247, -34.413278], [-59.300914, -34.41233], [-59.300188, -34.412055], [-59.297162, -34.410249], [-59.295509, -34.411548]]]}, "properties": {"ha": 6.9, "sup": 68758}}, {"type": "Feature", "geometry": {"type": "Polygon", "coordinates": [[[-59.294724, -34.412165], [-59.299805, -34.413906], [-59.300247, -34.413278], [-59.295509, -34.411548], [-59.294724, -34.412165]]]}, "properties": {"ha": 4.2, "sup": 42017}}, {"type": "Feature", "geometry": {"type": "Polygon", "coordinates": [[[-59.293847, -34.412854], [-59.29926, -34.41468], [-59.299805, -34.413906], [-59.294724, -34.412165], [-59.293847, -34.412854]]]}, "properties": {"ha": 5.2, "sup": 52114}}, {"type": "Feature", "geometry": {"type": "Polygon", "coordinates": [[[-59.290652, -34.417759], [-59.293847, -34.412854], [-59.289955, -34.410629], [-59.286242, -34.415904], [-59.290652, -34.417759]]]}, "properties": {"ha": 28.7, "sup": 287331}}, {"type": "Feature", "geometry": {"type": "Polygon", "coordinates": [[[-59.293345, -34.413625], [-59.298631, -34.415574], [-59.29926, -34.41468], [-59.293847, -34.412854], [-59.293345, -34.413625]]]}, "properties": {"ha": 5.6, "sup": 56287}}, {"type": "Feature", "geometry": {"type": "Polygon", "coordinates": [[[-59.292785, -34.414485], [-59.297959, -34.416529], [-59.298631, -34.415574], [-59.293345, -34.413625], [-59.292785, -34.414485]]]}, "properties": {"ha": 6.1, "sup": 60942}}, {"type": "Feature", "geometry": {"type": "Polygon", "coordinates": [[[-59.292182, -34.415411], [-59.297345, -34.417401], [-59.297959, -34.416529], [-59.292785, -34.414485], [-59.292182, -34.415411]]]}, "properties": {"ha": 6.0, "sup": 59917}}, {"type": "Feature", "geometry": {"type": "Polygon", "coordinates": [[[-59.406078, -34.327573], [-59.412609, -34.331874], [-59.427048, -34.318388], [-59.419368, -34.314626], [-59.406078, -34.327573]]]}, "properties": {"ha": 153.0, "c": "VII", "p": "707 A", "t": "IVULICH SANTIAGO ROB", "sup": 1529510}}]}